Month,Instalment,Total invested,Equity value,Bonds value,Gold value,Portfolio value,Monthly return (TWR),Equity target weight,Bonds target weight,Gold target weight,Equity actual weight,Bonds actual weight,Gold actual weight,Bought,Sold,Costs
1983-02,10000.000000,10000.000000,6121.673039,1984.161293,2039.538460,10145.372792,0.014537,0.600000,0.200000,0.200000,0.603396,0.195573,0.201031,10000.000000,0.000000,10.000000
1983-03,10000.000000,20000.000000,12584.000552,4068.512549,3453.694449,20106.207549,-0.001944,0.600000,0.200000,0.200000,0.625876,0.202351,0.171773,10000.000000,0.000000,10.000000
1983-04,10000.000000,30000.000000,19357.611436,6160.316616,5620.631717,31138.559770,0.034290,0.600000,0.200000,0.200000,0.621660,0.197836,0.180504,10000.000000,0.000000,10.000000
1983-05,10000.000000,40000.000000,26472.998563,8238.995416,7706.755921,42418.749901,0.031119,0.600000,0.200000,0.200000,0.624087,0.194230,0.181683,10000.000000,0.000000,10.000000
1983-06,10000.000000,50000.000000,33036.110343,10037.667524,9150.971221,52224.749088,-0.003701,0.600000,0.200000,0.200000,0.632576,0.192201,0.175223,10000.000000,0.000000,10.000000
1983-07,10000.000000,60000.000000,39306.220093,11771.056377,10879.223206,61956.499676,-0.004311,0.600000,0.200000,0.200000,0.634416,0.189989,0.175595,10000.000000,0.000000,10.000000
1983-08,10000.000000,70000.000000,44209.470335,13527.976730,13292.834361,71030.281427,-0.012872,0.600000,0.200000,0.200000,0.622403,0.190454,0.187143,10000.000000,0.000000,10.000000
1983-09,10000.000000,80000.000000,51866.927113,15859.206351,15143.918796,82870.052260,0.022705,0.600000,0.200000,0.200000,0.625883,0.191374,0.182743,10000.000000,0.000000,10.000000
1983-10,10000.000000,90000.000000,58235.591229,18144.912903,16393.147281,92773.651414,-0.001038,0.600000,0.200000,0.200000,0.627717,0.195583,0.176700,10000.000000,0.000000,10.000000
1983-11,10000.000000,100000.000000,63496.212558,20161.970143,17831.214786,101489.397487,-0.012496,0.600000,0.200000,0.200000,0.625644,0.198661,0.175695,10000.000000,0.000000,10.000000
1983-12,10000.000000,110000.000000,69400.943000,22197.501621,20140.893217,111739.337838,0.002242,0.600000,0.200000,0.200000,0.621097,0.198654,0.180249,10000.000000,0.000000,10.000000
1984-01,10000.000000,120000.000000,74185.752998,24810.316087,23278.265635,122274.334721,0.004395,0.600000,0.200000,0.200000,0.606716,0.202907,0.190377,12357.340297,2357.340297,14.714681
1984-02,10000.000000,130000.000000,76080.761597,26807.101876,26298.309704,129186.173177,-0.023347,0.600000,0.200000,0.200000,0.588923,0.207508,0.203569,10000.000000,0.000000,10.000000
1984-03,10000.000000,140000.000000,82437.931596,28309.899616,28882.727945,139630.559157,0.003193,0.600000,0.200000,0.200000,0.590400,0.202749,0.206851,10000.000000,0.000000,10.000000
1984-04,10000.000000,150000.000000,88880.548388,30095.964646,29861.758975,148838.272009,-0.005295,0.600000,0.200000,0.200000,0.597162,0.202206,0.200632,10000.000000,0.000000,10.000000
1984-05,10000.000000,160000.000000,94634.947422,31080.307465,31525.267379,157240.522266,-0.010059,0.600000,0.200000,0.200000,0.601848,0.197661,0.200491,10000.000000,0.000000,10.000000
1984-06,10000.000000,170000.000000,98769.001505,33181.684020,33612.183890,165562.869415,-0.010031,0.600000,0.200000,0.200000,0.596565,0.200417,0.203018,10000.000000,0.000000,10.000000
1984-07,10000.000000,180000.000000,103811.316212,35957.790932,32783.952598,172553.059742,-0.017144,0.600000,0.200000,0.200000,0.601620,0.208387,0.189993,10000.000000,0.000000,10.000000
1984-08,10000.000000,190000.000000,119914.590716,39725.838138,34782.047182,194422.476036,0.065019,0.600000,0.200000,0.200000,0.616773,0.204327,0.178899,10000.000000,0.000000,10.000000
1984-09,10000.000000,200000.000000,127679.922524,42632.685644,35934.724771,206247.332939,0.008927,0.600000,0.200000,0.200000,0.619062,0.206707,0.174231,10000.000000,0.000000,10.000000
1984-10,10000.000000,210000.000000,133122.467537,46007.738786,38044.538237,217174.744560,0.004289,0.600000,0.200000,0.200000,0.612974,0.211847,0.175179,10000.000000,0.000000,10.000000
1984-11,10000.000000,220000.000000,140905.243352,50137.662897,40160.202958,231203.109207,0.017732,0.600000,0.200000,0.200000,0.609444,0.216855,0.173701,10000.000000,0.000000,10.000000
1984-12,10000.000000,230000.000000,145859.757593,52850.814485,39446.507450,238157.079528,-0.012628,0.600000,0.200000,0.200000,0.612452,0.221916,0.165632,10000.000000,0.000000,10.000000
1985-01,10000.000000,240000.000000,155872.091117,50450.410821,46989.753152,253312.255089,0.020774,0.600000,0.200000,0.200000,0.615336,0.199163,0.185501,18184.908456,8184.908456,26.369817
1985-02,10000.000000,250000.000000,171233.710075,52548.693432,48341.187785,272123.591292,0.033463,0.600000,0.200000,0.200000,0.629250,0.193106,0.177644,10000.000000,0.000000,10.000000
1985-03,10000.000000,260000.000000,176379.717256,53973.729851,52864.791345,283218.238452,0.003880,0.600000,0.200000,0.200000,0.622770,0.190573,0.186657,10000.000000,0.000000,10.000000
1985-04,10000.000000,270000.000000,184242.300437,57931.355737,57134.314793,299307.970967,0.020769,0.600000,0.200000,0.200000,0.615561,0.193551,0.190888,10000.000000,0.000000,10.000000
1985-05,10000.000000,280000.000000,195440.314654,62580.301864,57143.239785,315163.856303,0.018932,0.600000,0.200000,0.200000,0.620123,0.198564,0.181313,10000.000000,0.000000,10.000000
1985-06,10000.000000,290000.000000,206492.063884,67906.494251,59328.577485,333727.135621,0.026335,0.600000,0.200000,0.200000,0.618745,0.203479,0.177776,10000.000000,0.000000,10.000000
1985-07,10000.000000,300000.000000,217260.909246,69854.578048,61326.793262,348442.280555,0.013718,0.600000,0.200000,0.200000,0.623521,0.200477,0.176003,10000.000000,0.000000,10.000000
1985-08,10000.000000,310000.000000,219134.939656,72382.030597,65921.951683,357438.921935,-0.002799,0.600000,0.200000,0.200000,0.613070,0.202502,0.184429,10000.000000,0.000000,10.000000
1985-09,10000.000000,320000.000000,220885.147908,74838.663130,66479.373781,362203.184819,-0.014249,0.600000,0.200000,0.200000,0.609838,0.206621,0.183542,10000.000000,0.000000,10.000000
1985-10,10000.000000,330000.000000,230272.173603,78113.717482,69113.548484,377499.439568,0.014229,0.600000,0.200000,0.200000,0.609993,0.206924,0.183083,10000.000000,0.000000,10.000000
1985-11,10000.000000,340000.000000,251435.577475,83101.500123,70239.176838,404776.254436,0.044585,0.600000,0.200000,0.200000,0.621172,0.205302,0.173526,10000.000000,0.000000,10.000000
1985-12,10000.000000,350000.000000,271059.007517,88624.342418,72237.435195,431920.785130,0.041334,0.600000,0.200000,0.200000,0.627566,0.205187,0.167247,10000.000000,0.000000,10.000000
1986-01,10000.000000,360000.000000,267122.550313,89455.477284,95238.027574,451816.055171,0.022392,0.600000,0.200000,0.200000,0.591220,0.197991,0.210789,24146.721831,14146.721831,38.293444
1986-02,10000.000000,370000.000000,288676.762847,95091.051550,94994.171171,478761.985568,0.036694,0.600000,0.200000,0.200000,0.602965,0.198619,0.198416,10000.000000,0.000000,10.000000
1986-03,10000.000000,380000.000000,312889.550478,103887.935605,98994.975437,515772.461520,0.055263,0.600000,0.200000,0.200000,0.606643,0.201422,0.191935,10000.000000,0.000000,10.000000
1986-04,10000.000000,390000.000000,327625.440092,110115.255256,99241.729951,536982.425299,0.021321,0.600000,0.200000,0.200000,0.610123,0.205063,0.184814,10000.000000,0.000000,10.000000
1986-05,10000.000000,400000.000000,335260.180714,109648.938234,101835.407440,546744.526388,-0.000435,0.600000,0.200000,0.200000,0.613193,0.200549,0.186258,10000.000000,0.000000,10.000000
1986-06,10000.000000,410000.000000,351946.359581,111679.218905,104137.149595,567762.728081,0.019790,0.600000,0.200000,0.200000,0.619883,0.196701,0.183417,10000.000000,0.000000,10.000000
1986-07,10000.000000,420000.000000,351483.231460,118378.164892,107682.474605,577543.870957,-0.000379,0.600000,0.200000,0.200000,0.608583,0.204968,0.186449,10000.000000,0.000000,10.000000
1986-08,10000.000000,430000.000000,365630.678902,122205.588655,118820.658093,606656.925651,0.032530,0.600000,0.200000,0.200000,0.602698,0.201441,0.195861,10000.000000,0.000000,10.000000
1986-09,10000.000000,440000.000000,362496.673868,122537.666711,133958.133422,618992.474001,0.003787,0.600000,0.200000,0.200000,0.585624,0.197963,0.216413,10000.000000,0.000000,10.000000
1986-10,10000.000000,450000.000000,368159.641594,125481.460576,137907.493437,631548.595607,0.004064,0.600000,0.200000,0.200000,0.582947,0.198689,0.218364,10000.000000,0.000000,10.000000
1986-11,10000.000000,460000.000000,387372.476473,129871.862918,131326.213958,648570.553349,0.010945,0.600000,0.200000,0.200000,0.597271,0.200243,0.202486,10000.000000,0.000000,10.000000
1986-12,10000.000000,470000.000000,400088.900870,133964.461607,130979.291634,665032.654110,0.009812,0.600000,0.200000,0.200000,0.601608,0.201440,0.196952,10000.000000,0.000000,10.000000
1987-01,10000.000000,480000.000000,432039.057063,136088.728623,140873.446762,709001.232448,0.050321,0.600000,0.200000,0.200000,0.609363,0.191944,0.198693,12027.239188,2027.239188,14.054478
1987-02,10000.000000,490000.000000,466338.120517,137261.522585,140420.234021,744019.877123,0.034796,0.600000,0.200000,0.200000,0.626782,0.184486,0.188732,10000.000000,0.000000,10.000000
1987-03,10000.000000,500000.000000,493003.030117,140101.036669,145259.608286,778363.675072,0.032285,0.600000,0.200000,0.200000,0.633384,0.179994,0.186622,10000.000000,0.000000,10.000000
1987-04,10000.000000,510000.000000,494723.242870,135570.162308,157698.998912,787992.404090,-0.000471,0.600000,0.200000,0.200000,0.627827,0.172045,0.200128,10000.000000,0.000000,10.000000
1987-05,10000.000000,520000.000000,501582.362226,133147.146950,167718.307956,802447.817132,0.005583,0.600000,0.200000,0.200000,0.625065,0.165926,0.209008,10000.000000,0.000000,10.000000
1987-06,10000.000000,530000.000000,530409.136857,137999.739887,166026.736034,834435.612778,0.027064,0.600000,0.200000,0.200000,0.635650,0.165381,0.198969,10000.000000,0.000000,10.000000
1987-07,10000.000000,540000.000000,553149.799822,140514.257707,168398.134174,862062.191703,0.020874,0.600000,0.200000,0.200000,0.641659,0.162998,0.195343,10000.000000,0.000000,10.000000
1987-08,10000.000000,550000.000000,595230.563779,140627.998074,174174.366190,910032.928043,0.043541,0.600000,0.200000,0.200000,0.654076,0.154531,0.191393,10000.000000,0.000000,10.000000
1987-09,10000.000000,560000.000000,583004.379608,137685.764981,175790.298039,896480.442628,-0.025600,0.600000,0.200000,0.200000,0.650326,0.153585,0.196089,10000.000000,0.000000,10.000000
1987-10,10000.000000,570000.000000,519178.744439,139896.873688,179720.819485,838796.437612,-0.074667,0.600000,0.200000,0.200000,0.618957,0.166783,0.214260,10000.000000,0.000000,10.000000
1987-11,10000.000000,580000.000000,460558.403189,149116.831963,182891.056605,792566.291757,-0.066247,0.600000,0.200000,0.200000,0.581098,0.188144,0.230758,10000.000000,0.000000,10.000000
1987-12,10000.000000,590000.000000,460325.540434,150959.096640,191999.859020,803284.496094,0.000895,0.600000,0.200000,0.200000,0.573054,0.187927,0.239019,10000.000000,0.000000,10.000000
1988-01,10000.000000,600000.000000,508647.114745,167276.537362,159630.466201,835554.118308,0.027382,0.600000,0.200000,0.200000,0.608754,0.200198,0.191047,41342.959802,31342.959802,72.685920
1988-02,10000.000000,610000.000000,531771.189380,175711.289326,149769.017445,857251.496152,0.013834,0.600000,0.200000,0.200000,0.620321,0.204971,0.174708,10000.000000,0.000000,10.000000
1988-03,10000.000000,620000.000000,555145.870222,177034.494203,152453.997636,884634.362061,0.020044,0.600000,0.200000,0.200000,0.627543,0.200122,0.172336,10000.000000,0.000000,10.000000
1988-04,10000.000000,630000.000000,556167.766363,176177.721431,157235.195299,889580.683093,-0.005649,0.600000,0.200000,0.200000,0.625202,0.198046,0.176752,10000.000000,0.000000,10.000000
1988-05,10000.000000,640000.000000,549859.922176,175221.579847,158881.138757,883962.640781,-0.017361,0.600000,0.200000,0.200000,0.622040,0.198223,0.179737,10000.000000,0.000000,10.000000
1988-06,10000.000000,650000.000000,589194.921132,180518.017428,160879.339116,930592.277677,0.040974,0.600000,0.200000,0.200000,0.633140,0.193982,0.172878,10000.000000,0.000000,10.000000
1988-07,10000.000000,660000.000000,593361.840428,182223.799375,158182.688103,933768.327906,-0.007255,0.600000,0.200000,0.200000,0.635449,0.195149,0.169402,10000.000000,0.000000,10.000000
1988-08,10000.000000,670000.000000,589055.655510,183255.329292,157621.019888,929932.004690,-0.014661,0.600000,0.200000,0.200000,0.633439,0.197063,0.169497,10000.000000,0.000000,10.000000
1988-09,10000.000000,680000.000000,606516.930793,190041.861256,152953.085667,949511.877716,0.010192,0.600000,0.200000,0.200000,0.638767,0.200147,0.161086,10000.000000,0.000000,10.000000
1988-10,10000.000000,690000.000000,635795.852250,195732.847759,152700.359027,984229.059036,0.025760,0.600000,0.200000,0.200000,0.645984,0.198869,0.155147,10000.000000,0.000000,10.000000
1988-11,10000.000000,700000.000000,628823.659581,197130.433382,159640.042153,985594.135116,-0.008685,0.600000,0.200000,0.200000,0.638015,0.200012,0.161973,10000.000000,0.000000,10.000000
1988-12,10000.000000,710000.000000,649582.834895,198691.820280,161253.565607,1009528.220782,0.013996,0.600000,0.200000,0.200000,0.643452,0.196817,0.159732,10000.000000,0.000000,10.000000
1989-01,10000.000000,720000.000000,633143.757362,205696.744986,196587.073360,1035427.575708,0.015595,0.600000,0.200000,0.200000,0.611480,0.198659,0.189861,53865.902426,43865.902426,97.731805
1989-02,10000.000000,730000.000000,660228.239972,208200.833549,190720.414503,1059149.488024,0.013126,0.600000,0.200000,0.200000,0.623357,0.196574,0.180069,10000.000000,0.000000,10.000000
1989-03,10000.000000,740000.000000,665145.000750,209260.720519,193712.007011,1068117.728280,-0.000965,0.600000,0.200000,0.200000,0.622726,0.195915,0.181358,10000.000000,0.000000,10.000000
1989-04,10000.000000,750000.000000,695063.523956,215347.965843,192699.264769,1103110.754567,0.023182,0.600000,0.200000,0.200000,0.630094,0.195219,0.174687,10000.000000,0.000000,10.000000
1989-05,10000.000000,760000.000000,729907.847750,223535.912488,188106.192831,1141549.953069,0.025549,0.600000,0.200000,0.200000,0.639401,0.195818,0.164781,10000.000000,0.000000,10.000000
1989-06,10000.000000,770000.000000,760867.811898,235931.080500,188567.309107,1185366.201505,0.029366,0.600000,0.200000,0.200000,0.641884,0.199036,0.159079,10000.000000,0.000000,10.000000
1989-07,10000.000000,780000.000000,788334.857672,243747.576952,194190.606371,1226273.040995,0.025856,0.600000,0.200000,0.200000,0.642871,0.198771,0.158358,10000.000000,0.000000,10.000000
1989-08,10000.000000,790000.000000,831588.417208,245900.573513,190957.311581,1268446.302302,0.026024,0.600000,0.200000,0.200000,0.655596,0.193860,0.150544,10000.000000,0.000000,10.000000
1989-09,10000.000000,800000.000000,841397.360899,248244.956266,191369.863799,1281012.180963,0.002007,0.600000,0.200000,0.200000,0.656822,0.193788,0.149390,10000.000000,0.000000,10.000000
1989-10,10000.000000,810000.000000,849816.504077,254993.531258,196039.198859,1300849.234194,0.007620,0.600000,0.200000,0.200000,0.653278,0.196021,0.150701,10000.000000,0.000000,10.000000
1989-11,10000.000000,820000.000000,840289.424993,261152.307965,212607.217822,1314048.950780,0.002441,0.600000,0.200000,0.200000,0.639466,0.198739,0.161796,10000.000000,0.000000,10.000000
1989-12,10000.000000,830000.000000,869443.311865,265413.413239,222988.286891,1357845.011995,0.025525,0.600000,0.200000,0.200000,0.640311,0.195467,0.164222,10000.000000,0.000000,10.000000
1990-01,10000.000000,840000.000000,802489.221990,268555.368829,273952.695559,1344997.286378,-0.016703,0.600000,0.200000,0.200000,0.596647,0.199670,0.203683,64736.304668,54736.304668,119.472609
1990-02,10000.000000,850000.000000,788051.395798,267747.503667,280662.011516,1336460.910981,-0.013680,0.600000,0.200000,0.200000,0.589655,0.200341,0.210004,10000.000000,0.000000,10.000000
1990-03,10000.000000,860000.000000,815541.636176,269517.684026,266391.714939,1351451.035140,0.003706,0.600000,0.200000,0.200000,0.603456,0.199428,0.197115,10000.000000,0.000000,10.000000
1990-04,10000.000000,870000.000000,823145.696631,269913.880174,255414.156927,1348473.733732,-0.009532,0.600000,0.200000,0.200000,0.610428,0.200163,0.189410,10000.000000,0.000000,10.000000
1990-05,10000.000000,880000.000000,861069.136998,274436.912085,253970.922666,1389476.971750,0.022822,0.600000,0.200000,0.200000,0.619707,0.197511,0.182782,10000.000000,0.000000,10.000000
1990-06,10000.000000,890000.000000,894548.463736,283574.833799,244176.479731,1422299.777265,0.016308,0.600000,0.200000,0.200000,0.628945,0.199378,0.171677,10000.000000,0.000000,10.000000
1990-07,10000.000000,900000.000000,902070.612509,287779.943931,253867.722262,1443718.278702,0.007972,0.600000,0.200000,0.200000,0.624825,0.199332,0.175843,10000.000000,0.000000,10.000000
1990-08,10000.000000,910000.000000,836679.364856,286516.699674,278421.639283,1401617.703813,-0.035840,0.600000,0.200000,0.200000,0.596938,0.204419,0.198643,10000.000000,0.000000,10.000000
1990-09,10000.000000,920000.000000,806092.429137,287992.608727,276160.114685,1370245.152550,-0.029309,0.600000,0.200000,0.200000,0.588283,0.210176,0.201541,10000.000000,0.000000,10.000000
1990-10,10000.000000,930000.000000,793280.496982,295367.271006,272437.625089,1361085.393078,-0.013881,0.600000,0.200000,0.200000,0.582829,0.217009,0.200162,10000.000000,0.000000,10.000000
1990-11,10000.000000,940000.000000,823123.544854,306045.070547,275155.926429,1404324.541830,0.024243,0.600000,0.200000,0.200000,0.586135,0.217930,0.195935,10000.000000,0.000000,10.000000
1990-12,10000.000000,950000.000000,867146.035608,316627.179243,273526.295751,1457299.510603,0.030386,0.600000,0.200000,0.200000,0.595036,0.217270,0.187694,10000.000000,0.000000,10.000000
1991-01,10000.000000,960000.000000,874311.647228,295226.196584,298896.468973,1468434.312785,0.000773,0.600000,0.200000,0.200000,0.595404,0.201048,0.203548,35167.277123,25167.277123,60.334554
1991-02,10000.000000,970000.000000,982480.793962,304080.488309,285222.849648,1571784.131919,0.063141,0.600000,0.200000,0.200000,0.625074,0.193462,0.181464,10000.000000,0.000000,10.000000
1991-03,10000.000000,980000.000000,1018569.838497,302728.893866,286431.965847,1607730.698210,0.016403,0.600000,0.200000,0.200000,0.633545,0.188296,0.178159,10000.000000,0.000000,10.000000
1991-04,10000.000000,990000.000000,1047706.632451,308225.413388,284457.316723,1640389.362563,0.014006,0.600000,0.200000,0.200000,0.638694,0.187898,0.173408,10000.000000,0.000000,10.000000
1991-05,10000.000000,1000000.000000,1051815.399391,311675.038570,285655.424653,1649145.862614,-0.000753,0.600000,0.200000,0.200000,0.637794,0.188992,0.173214,10000.000000,0.000000,10.000000
1991-06,10000.000000,1010000.000000,1061479.737400,311385.492079,295711.215963,1668576.445442,0.005684,0.600000,0.200000,0.200000,0.636159,0.186617,0.177224,10000.000000,0.000000,10.000000
1991-07,10000.000000,1020000.000000,1075804.858234,315755.255973,298520.641059,1690080.755265,0.006854,0.600000,0.200000,0.200000,0.636541,0.186829,0.176631,10000.000000,0.000000,10.000000
1991-08,10000.000000,1030000.000000,1110779.151853,327923.293779,290719.343588,1729421.789220,0.017259,0.600000,0.200000,0.200000,0.642284,0.189614,0.168102,10000.000000,0.000000,10.000000
1991-09,10000.000000,1040000.000000,1113387.782132,337753.978444,286961.976788,1738103.737364,-0.000758,0.600000,0.200000,0.200000,0.640576,0.194323,0.165101,10000.000000,0.000000,10.000000
1991-10,10000.000000,1050000.000000,1121414.690191,344730.937877,297239.990631,1763385.618699,0.008742,0.600000,0.200000,0.200000,0.635944,0.195494,0.168562,10000.000000,0.000000,10.000000
1991-11,10000.000000,1060000.000000,1127586.406923,351549.132722,300071.837516,1779207.377161,0.003283,0.600000,0.200000,0.200000,0.633758,0.197587,0.168655,10000.000000,0.000000,10.000000
1991-12,10000.000000,1070000.000000,1144180.631911,363942.705283,303748.318054,1811871.655248,0.012667,0.600000,0.200000,0.200000,0.631491,0.200866,0.167643,10000.000000,0.000000,10.000000
1992-01,10000.000000,1080000.000000,1173473.298039,368043.953965,356296.970774,1897814.222778,0.041684,0.600000,0.200000,0.200000,0.618329,0.193930,0.187741,68626.012996,58626.012996,127.252026
1992-02,10000.000000,1090000.000000,1172380.334725,364227.880910,358295.092724,1894903.308359,-0.006767,0.600000,0.200000,0.200000,0.618702,0.192214,0.189084,10000.000000,0.000000,10.000000
1992-03,10000.000000,1100000.000000,1166444.548048,363414.657747,350115.426392,1879974.632187,-0.013087,0.600000,0.200000,0.200000,0.620458,0.193308,0.186234,10000.000000,0.000000,10.000000
1992-04,10000.000000,1110000.000000,1175537.134273,369224.819474,346995.634933,1891757.588680,0.000943,0.600000,0.200000,0.200000,0.621399,0.195176,0.183425,10000.000000,0.000000,10.000000
1992-05,10000.000000,1120000.000000,1205969.116216,375856.385915,346934.837601,1928760.339732,0.014199,0.600000,0.200000,0.200000,0.625256,0.194869,0.179875,10000.000000,0.000000,10.000000
1992-06,10000.000000,1130000.000000,1195854.387768,383611.563186,353074.677574,1932540.628528,-0.003208,0.600000,0.200000,0.200000,0.618799,0.198501,0.182700,10000.000000,0.000000,10.000000
1992-07,10000.000000,1140000.000000,1224829.136802,399467.271922,367568.083411,1991864.492135,0.025391,0.600000,0.200000,0.200000,0.614916,0.200549,0.184535,10000.000000,0.000000,10.000000
1992-08,10000.000000,1150000.000000,1242413.894634,410976.833739,359096.939487,2012487.667859,0.005307,0.600000,0.200000,0.200000,0.617352,0.204213,0.178434,10000.000000,0.000000,10.000000
1992-09,10000.000000,1160000.000000,1253129.037680,420334.469265,363200.663811,2036664.170756,0.007009,0.600000,0.200000,0.200000,0.615285,0.206384,0.178331,10000.000000,0.000000,10.000000
1992-10,10000.000000,1170000.000000,1244239.347960,419424.794942,364140.332229,2027804.475131,-0.009215,0.600000,0.200000,0.200000,0.613589,0.206837,0.179574,10000.000000,0.000000,10.000000
1992-11,10000.000000,1180000.000000,1284700.929682,415351.647891,356559.329874,2056611.907447,0.009229,0.600000,0.200000,0.200000,0.624669,0.201959,0.173372,10000.000000,0.000000,10.000000
1992-12,10000.000000,1190000.000000,1332915.888699,422718.201166,358557.594864,2114191.684728,0.023023,0.600000,0.200000,0.200000,0.630461,0.199943,0.169596,10000.000000,0.000000,10.000000
1993-01,10000.000000,1200000.000000,1276252.803515,432402.268702,417202.028003,2125857.100220,0.000784,0.600000,0.200000,0.200000,0.600347,0.203401,0.196251,74400.877862,64400.877862,138.801756
1993-02,10000.000000,1210000.000000,1304355.902040,447579.664301,419200.065315,2171135.631656,0.016517,0.600000,0.200000,0.200000,0.600771,0.206150,0.193079,10000.000000,0.000000,10.000000
1993-03,10000.000000,1220000.000000,1338524.421927,461238.090568,422478.370152,2222240.882646,0.018846,0.600000,0.200000,0.200000,0.602331,0.207555,0.190114,10000.000000,0.000000,10.000000
1993-04,10000.000000,1230000.000000,1326478.390333,465887.425437,439911.978064,2232277.793833,0.000017,0.600000,0.200000,0.200000,0.594226,0.208705,0.197069,10000.000000,0.000000,10.000000
1993-05,10000.000000,1240000.000000,1342129.195434,467796.099005,474213.372468,2284138.666907,0.018669,0.600000,0.200000,0.200000,0.587587,0.204802,0.207611,10000.000000,0.000000,10.000000
1993-06,10000.000000,1250000.000000,1359787.039321,474942.402055,482699.189867,2317428.631244,0.010152,0.600000,0.200000,0.200000,0.586765,0.204944,0.208291,10000.000000,0.000000,10.000000
1993-07,10000.000000,1260000.000000,1366614.352244,484644.728055,510756.091162,2362015.171461,0.014860,0.600000,0.200000,0.200000,0.578580,0.205183,0.216237,10000.000000,0.000000,10.000000
1993-08,10000.000000,1270000.000000,1396800.324823,493745.459897,495749.332466,2386295.117186,0.006020,0.600000,0.200000,0.200000,0.585343,0.206909,0.207749,10000.000000,0.000000,10.000000
1993-09,10000.000000,1280000.000000,1421801.943082,510170.356627,466227.639326,2398199.939034,0.000795,0.600000,0.200000,0.200000,0.592862,0.212731,0.194407,10000.000000,0.000000,10.000000
1993-10,10000.000000,1290000.000000,1445527.912809,515627.613821,480096.204345,2441251.730975,0.013725,0.600000,0.200000,0.200000,0.592126,0.211214,0.196660,10000.000000,0.000000,10.000000
1993-11,10000.000000,1300000.000000,1451631.508565,504806.108002,495338.586016,2451776.202583,0.000214,0.600000,0.200000,0.200000,0.592073,0.205894,0.202033,10000.000000,0.000000,10.000000
1993-12,10000.000000,1310000.000000,1470557.350196,507326.437575,509304.557439,2487188.345210,0.010323,0.600000,0.200000,0.200000,0.591253,0.203976,0.204771,10000.000000,0.000000,10.000000
1994-01,10000.000000,1320000.000000,1524289.258830,502575.394332,504642.912100,2531507.565263,0.013743,0.600000,0.200000,0.200000,0.602127,0.198528,0.199345,31755.656929,21755.656929,53.511314
1994-02,10000.000000,1330000.000000,1529124.797930,498772.979410,500095.168622,2527992.945961,-0.005318,0.600000,0.200000,0.200000,0.604877,0.197300,0.197823,10000.000000,0.000000,10.000000
1994-03,10000.000000,1340000.000000,1513261.452277,484790.086464,504721.949413,2502773.488155,-0.013877,0.600000,0.200000,0.200000,0.604634,0.193701,0.201665,10000.000000,0.000000,10.000000
1994-04,10000.000000,1350000.000000,1468415.392642,472542.386506,497482.849031,2438440.628178,-0.029582,0.600000,0.200000,0.200000,0.602194,0.193789,0.204017,10000.000000,0.000000,10.000000
1994-05,10000.000000,1360000.000000,1490012.190000,470312.900381,504780.340369,2465105.430751,0.006806,0.600000,0.200000,0.200000,0.604442,0.190788,0.204770,10000.000000,0.000000,10.000000
1994-06,10000.000000,1370000.000000,1512583.285145,477794.503854,513428.926837,2503806.715835,0.011596,0.600000,0.200000,0.200000,0.604113,0.190827,0.205059,10000.000000,0.000000,10.000000
1994-07,10000.000000,1380000.000000,1510697.726499,475942.451557,514091.575499,2500731.753554,-0.005201,0.600000,0.200000,0.200000,0.604102,0.190321,0.205576,10000.000000,0.000000,10.000000
1994-08,10000.000000,1390000.000000,1563437.306410,482852.314294,509387.060200,2555676.680903,0.017901,0.600000,0.200000,0.200000,0.611751,0.188933,0.199316,10000.000000,0.000000,10.000000
1994-09,10000.000000,1400000.000000,1582260.740032,480393.146092,527534.070476,2590187.956600,0.009554,0.600000,0.200000,0.200000,0.610867,0.185467,0.203666,10000.000000,0.000000,10.000000
1994-10,10000.000000,1410000.000000,1581202.670036,476157.237266,526830.340335,2584190.247636,-0.006153,0.600000,0.200000,0.200000,0.611875,0.184258,0.203867,10000.000000,0.000000,10.000000
1994-11,10000.000000,1420000.000000,1581325.765645,474118.213331,520692.479348,2576136.458325,-0.006959,0.600000,0.200000,0.200000,0.613836,0.184042,0.202121,10000.000000,0.000000,10.000000
1994-12,10000.000000,1430000.000000,1571038.395157,484141.399447,515884.594617,2571064.389220,-0.005828,0.600000,0.200000,0.200000,0.611046,0.188304,0.200650,10000.000000,0.000000,10.000000
1995-01,10000.000000,1440000.000000,1586555.343701,520615.142050,516198.849253,2623369.335004,0.016391,0.600000,0.200000,0.200000,0.604778,0.198453,0.196769,40071.478397,30071.478397,70.142957
1995-02,10000.000000,1450000.000000,1653370.250720,537209.330086,515462.335765,2706041.916570,0.027597,0.600000,0.200000,0.200000,0.610992,0.198522,0.190486,10000.000000,0.000000,10.000000
1995-03,10000.000000,1460000.000000,1701813.496855,552757.625385,524323.301263,2778894.423503,0.023141,0.600000,0.200000,0.200000,0.612407,0.198913,0.188681,10000.000000,0.000000,10.000000
1995-04,10000.000000,1470000.000000,1762722.824457,563556.434962,538721.657095,2865000.916514,0.027289,0.600000,0.200000,0.200000,0.615261,0.196704,0.188035,10000.000000,0.000000,10.000000
1995-05,10000.000000,1480000.000000,1827929.061651,586352.037732,532422.285362,2946703.384745,0.024940,0.600000,0.200000,0.200000,0.620330,0.198986,0.180684,10000.000000,0.000000,10.000000
1995-06,10000.000000,1490000.000000,1892212.666651,611454.371830,538584.794460,3042251.832942,0.028934,0.600000,0.200000,0.200000,0.621978,0.200987,0.177035,10000.000000,0.000000,10.000000
1995-07,10000.000000,1500000.000000,1965544.941682,611681.159387,537796.512483,3115022.613552,0.020565,0.600000,0.200000,0.200000,0.630989,0.196365,0.172646,10000.000000,0.000000,10.000000
1995-08,10000.000000,1510000.000000,1981655.070678,607573.830177,536997.919437,3126226.820292,0.000385,0.600000,0.200000,0.200000,0.633881,0.194347,0.171772,10000.000000,0.000000,10.000000
1995-09,10000.000000,1520000.000000,2061542.834342,625818.806015,537592.563082,3224954.203438,0.028291,0.600000,0.200000,0.200000,0.639247,0.194055,0.166698,10000.000000,0.000000,10.000000
1995-10,10000.000000,1530000.000000,2086404.098376,638473.453864,539590.895075,3264468.447315,0.009124,0.600000,0.200000,0.200000,0.639125,0.195583,0.165292,10000.000000,0.000000,10.000000
1995-11,10000.000000,1540000.000000,2141744.502012,648920.604307,544417.382199,3335082.488519,0.018511,0.600000,0.200000,0.200000,0.642186,0.194574,0.163240,10000.000000,0.000000,10.000000
1995-12,10000.000000,1550000.000000,2220527.888867,664864.766409,549254.274700,3434646.929976,0.026775,0.600000,0.200000,0.200000,0.646508,0.193576,0.159916,10000.000000,0.000000,10.000000
1996-01,10000.000000,1560000.000000,2069950.333095,695246.733416,710223.596988,3475420.663499,0.008934,0.600000,0.200000,0.200000,0.595597,0.200047,0.204356,169739.730881,159739.730881,329.479462
1996-02,10000.000000,1570000.000000,2198516.312237,692207.446541,722931.649263,3613655.408042,0.036792,0.600000,0.200000,0.200000,0.608391,0.191553,0.200056,10000.000000,0.000000,10.000000
1996-03,10000.000000,1580000.000000,2200085.842663,674247.670188,708820.102571,3583153.615423,-0.011177,0.600000,0.200000,0.200000,0.614008,0.188172,0.197820,10000.000000,0.000000,10.000000
1996-04,10000.000000,1590000.000000,2210426.606539,668056.282587,705433.136796,3583916.025922,-0.002571,0.600000,0.200000,0.200000,0.616763,0.186404,0.196833,10000.000000,0.000000,10.000000
1996-05,10000.000000,1600000.000000,2268613.284151,662673.246111,705631.088546,3636917.618808,0.011965,0.600000,0.200000,0.200000,0.623774,0.182207,0.194019,10000.000000,0.000000,10.000000
1996-06,10000.000000,1610000.000000,2303690.013548,660389.337723,694992.915425,3659072.266696,0.003333,0.600000,0.200000,0.200000,0.629583,0.180480,0.189937,10000.000000,0.000000,10.000000
1996-07,10000.000000,1620000.000000,2229386.085852,668084.648071,693370.279883,3590841.013805,-0.021322,0.600000,0.200000,0.200000,0.620853,0.186052,0.193094,10000.000000,0.000000,10.000000
1996-08,10000.000000,1630000.000000,2304134.641552,684985.636071,702630.678432,3691750.956056,0.025247,0.600000,0.200000,0.200000,0.624131,0.185545,0.190325,10000.000000,0.000000,10.000000
1996-09,10000.000000,1640000.000000,2356879.093082,681492.636438,697345.788279,3735717.517798,0.009176,0.600000,0.200000,0.200000,0.630904,0.182426,0.186670,10000.000000,0.000000,10.000000
1996-10,10000.000000,1650000.000000,2460211.281982,702178.175000,695691.996222,3858081.453203,0.029998,0.600000,0.200000,0.200000,0.637677,0.182002,0.180321,10000.000000,0.000000,10.000000
1996-11,10000.000000,1660000.000000,2590799.600331,725031.685062,692196.565976,4008027.851369,0.036180,0.600000,0.200000,0.200000,0.646403,0.180895,0.172703,10000.000000,0.000000,10.000000
1996-12,10000.000000,1670000.000000,2627908.613967,725484.420961,677666.392386,4031059.427313,0.003243,0.600000,0.200000,0.200000,0.651915,0.179974,0.168111,10000.000000,0.000000,10.000000
1997-01,10000.000000,1680000.000000,2503353.629167,796076.748310,777465.562064,4076895.939540,0.008868,0.600000,0.200000,0.200000,0.614034,0.195265,0.190700,219272.957579,209272.957579,428.545915
1997-02,10000.000000,1690000.000000,2618784.248501,811711.922551,761898.277683,4192394.448735,0.025814,0.600000,0.200000,0.200000,0.624651,0.193615,0.181733,10000.000000,0.000000,10.000000
1997-03,10000.000000,1700000.000000,2608407.655890,802323.156537,774903.612062,4185634.424489,-0.003988,0.600000,0.200000,0.200000,0.623181,0.191685,0.185134,10000.000000,0.000000,10.000000
1997-04,10000.000000,1710000.000000,2525374.624697,797384.025101,759244.904296,4082003.554093,-0.027083,0.600000,0.200000,0.200000,0.618661,0.195341,0.185998,10000.000000,0.000000,10.000000
1997-05,10000.000000,1720000.000000,2764705.703200,814271.218150,761243.043973,4340219.965322,0.060659,0.600000,0.200000,0.200000,0.636997,0.187611,0.175393,10000.000000,0.000000,10.000000
1997-06,10000.000000,1730000.000000,2918566.708820,833816.479732,756585.115621,4508968.304172,0.036492,0.600000,0.200000,0.200000,0.647280,0.184924,0.167796,10000.000000,0.000000,10.000000
1997-07,10000.000000,1740000.000000,3092310.818840,856851.900520,720765.496194,4669928.215553,0.033406,0.600000,0.200000,0.200000,0.662175,0.183483,0.154342,10000.000000,0.000000,10.000000
1997-08,10000.000000,1750000.000000,3109079.759605,858291.323251,722763.951800,4690135.034655,0.002181,0.600000,0.200000,0.200000,0.662898,0.182999,0.154103,10000.000000,0.000000,10.000000
1997-09,10000.000000,1760000.000000,3152205.052905,870475.458139,722525.488596,4745205.999639,0.009589,0.600000,0.200000,0.200000,0.664293,0.183443,0.152264,10000.000000,0.000000,10.000000
1997-10,10000.000000,1770000.000000,3210162.650023,888583.316606,729010.181114,4827756.147743,0.015257,0.600000,0.200000,0.200000,0.664939,0.184057,0.151004,10000.000000,0.000000,10.000000
1997-11,10000.000000,1780000.000000,3179104.501887,904987.592902,688272.777457,4772364.872245,-0.013517,0.600000,0.200000,0.200000,0.666149,0.189631,0.144220,10000.000000,0.000000,10.000000
1997-12,10000.000000,1790000.000000,3269012.970990,916164.972094,651922.923568,4837100.866653,0.011445,0.600000,0.200000,0.200000,0.675821,0.189404,0.134776,10000.000000,0.000000,10.000000
1998-01,10000.000000,1800000.000000,2914708.496096,993727.441958,969271.472350,4877707.410404,0.006314,0.600000,0.200000,0.200000,0.597557,0.203728,0.198715,376752.450998,366752.450998,743.504902
1998-02,10000.000000,1810000.000000,3107690.510546,998069.641071,998155.836835,5103915.988452,0.044235,0.600000,0.200000,0.200000,0.608884,0.195550,0.195567,10000.000000,0.000000,10.000000
1998-03,10000.000000,1820000.000000,3279110.489703,998698.582824,996786.362964,5274595.435491,0.031420,0.600000,0.200000,0.200000,0.621680,0.189341,0.188979,10000.000000,0.000000,10.000000
1998-04,10000.000000,1830000.000000,3396984.248273,1006160.513146,1039275.734846,5442420.496266,0.029865,0.600000,0.200000,0.200000,0.624168,0.184874,0.190958,10000.000000,0.000000,10.000000
1998-05,10000.000000,1840000.000000,3395428.228090,1012139.539922,1010846.991734,5418414.759747,-0.006237,0.600000,0.200000,0.200000,0.626646,0.186796,0.186558,10000.000000,0.000000,10.000000
1998-06,10000.000000,1850000.000000,3405383.156095,1030421.609322,989133.033914,5424937.799331,-0.000641,0.600000,0.200000,0.200000,0.627728,0.189942,0.182331,10000.000000,0.000000,10.000000
1998-07,10000.000000,1860000.000000,3563785.804299,1040281.843915,994525.497692,5598593.145905,0.030112,0.600000,0.200000,0.200000,0.636550,0.185811,0.177638,10000.000000,0.000000,10.000000
1998-08,10000.000000,1870000.000000,3320929.864840,1056555.719290,965913.780800,5343399.364930,-0.047283,0.600000,0.200000,0.200000,0.621501,0.197731,0.180768,10000.000000,0.000000,10.000000
1998-09,10000.000000,1880000.000000,3163955.958683,1107101.726441,984952.672829,5256010.357953,-0.018192,0.600000,0.200000,0.200000,0.601969,0.210635,0.187395,10000.000000,0.000000,10.000000
1998-10,10000.000000,1890000.000000,3210869.459714,1138133.474875,1010856.178056,5359859.112645,0.017822,0.600000,0.200000,0.200000,0.599059,0.212344,0.188598,10000.000000,0.000000,10.000000
1998-11,10000.000000,1900000.000000,3569894.418967,1117734.588591,1006010.678504,5693639.686061,0.060296,0.600000,0.200000,0.200000,0.626997,0.196313,0.176690,10000.000000,0.000000,10.000000
1998-12,10000.000000,1910000.000000,3722646.353808,1140107.470604,1001151.708812,5863905.533224,0.028099,0.600000,0.200000,0.200000,0.634841,0.194428,0.170731,10000.000000,0.000000,10.000000
1999-01,10000.000000,1920000.000000,3701977.297935,1172796.924760,1154582.701438,6029356.924133,0.026465,0.600000,0.200000,0.200000,0.613992,0.194514,0.191494,214303.033874,204303.033874,418.606068
1999-02,10000.000000,1930000.000000,3705497.570686,1153941.710753,1156580.786362,6016020.067802,-0.003864,0.600000,0.200000,0.200000,0.615938,0.191811,0.192250,10000.000000,0.000000,10.000000
1999-03,10000.000000,1940000.000000,3819997.234133,1140387.200564,1154542.004226,6114926.438924,0.014754,0.600000,0.200000,0.200000,0.624700,0.186492,0.188807,10000.000000,0.000000,10.000000
1999-04,10000.000000,1950000.000000,3988596.446221,1151750.576128,1144408.576859,6284755.599208,0.026095,0.600000,0.200000,0.200000,0.634646,0.183261,0.182093,10000.000000,0.000000,10.000000
1999-05,10000.000000,1960000.000000,3990642.167021,1127363.086369,1118050.407474,6236055.660864,-0.009325,0.600000,0.200000,0.200000,0.639930,0.180781,0.179288,10000.000000,0.000000,10.000000
1999-06,10000.000000,1970000.000000,3972185.669614,1104378.338602,1059176.402582,6135740.410798,-0.017662,0.600000,0.200000,0.200000,0.647385,0.179991,0.172624,10000.000000,0.000000,10.000000
1999-07,10000.000000,1980000.000000,4158087.855357,1120901.160199,1040845.657124,6319834.672681,0.028328,0.600000,0.200000,0.200000,0.657943,0.177362,0.164695,10000.000000,0.000000,10.000000
1999-08,10000.000000,1990000.000000,4006912.776105,1115830.341566,1046917.619028,6169660.736700,-0.025305,0.600000,0.200000,0.200000,0.649454,0.180858,0.169688,10000.000000,0.000000,10.000000
1999-09,10000.000000,2000000.000000,3988908.420600,1125020.730886,1081566.996033,6195496.147519,0.002563,0.600000,0.200000,0.200000,0.643840,0.181587,0.174573,10000.000000,0.000000,10.000000
1999-10,10000.000000,2010000.000000,3944068.013695,1116827.271404,1271655.826274,6332551.111374,0.020475,0.600000,0.200000,0.200000,0.622825,0.176363,0.200813,10000.000000,0.000000,10.000000
1999-11,10000.000000,2020000.000000,4230751.201279,1131130.417462,1199937.524468,6561819.143209,0.034571,0.600000,0.200000,0.200000,0.644753,0.172381,0.182867,10000.000000,0.000000,10.000000
1999-12,10000.000000,2030000.000000,4355743.517740,1118145.808439,1160914.002853,6634803.329032,0.009584,0.600000,0.200000,0.200000,0.656499,0.168527,0.174973,10000.000000,0.000000,10.000000
2000-01,10000.000000,2040000.000000,3981684.987366,1299537.536655,1333504.159831,6614726.683852,-0.004526,0.600000,0.200000,0.200000,0.601942,0.196461,0.201596,384861.520321,374861.520321,759.723041
2000-02,10000.000000,2050000.000000,3888861.212631,1321914.547422,1410741.703741,6621517.463794,-0.000484,0.600000,0.200000,0.200000,0.587307,0.199639,0.213054,10000.000000,0.000000,10.000000
2000-03,10000.000000,2060000.000000,4048349.796665,1356253.285408,1346811.721928,6751414.804001,0.018080,0.600000,0.200000,0.200000,0.599630,0.200884,0.199486,10000.000000,0.000000,10.000000
2000-04,10000.000000,2070000.000000,4112104.617464,1392462.067616,1320513.020822,6825079.705903,0.009416,0.600000,0.200000,0.200000,0.602499,0.204021,0.193480,10000.000000,0.000000,10.000000
2000-05,10000.000000,2080000.000000,4001194.256751,1355951.358407,1298894.820319,6656040.435477,-0.026194,0.600000,0.200000,0.200000,0.601137,0.203717,0.195145,10000.000000,0.000000,10.000000
2000-06,10000.000000,2090000.000000,4133954.844101,1399215.269182,1352928.583545,6886098.696827,0.033012,0.600000,0.200000,0.200000,0.600333,0.203194,0.196472,10000.000000,0.000000,10.000000
2000-07,10000.000000,2100000.000000,4175152.564543,1413503.909137,1335976.601530,6924633.075210,0.004138,0.600000,0.200000,0.200000,0.602942,0.204127,0.192931,10000.000000,0.000000,10.000000
2000-08,10000.000000,2110000.000000,4220437.229082,1445842.131305,1302247.898486,6968527.258873,0.004888,0.600000,0.200000,0.200000,0.605643,0.207482,0.186876,10000.000000,0.000000,10.000000
2000-09,10000.000000,2120000.000000,4180800.466316,1458115.058952,1302012.651683,6940928.176950,-0.005388,0.600000,0.200000,0.200000,0.602340,0.210075,0.187585,10000.000000,0.000000,10.000000
2000-10,10000.000000,2130000.000000,3968485.351064,1473725.065817,1284974.122188,6727184.539069,-0.032189,0.600000,0.200000,0.200000,0.589918,0.219070,0.191012,10000.000000,0.000000,10.000000
2000-11,10000.000000,2140000.000000,3943774.054306,1484992.112138,1267905.963137,6696672.129581,-0.006013,0.600000,0.200000,0.200000,0.588916,0.221751,0.189334,10000.000000,0.000000,10.000000
2000-12,10000.000000,2150000.000000,3818632.939080,1548735.856661,1293774.443739,6661143.239480,-0.006789,0.600000,0.200000,0.200000,0.573270,0.232503,0.194227,10000.000000,0.000000,10.000000
2001-01,10000.000000,2160000.000000,4020631.466846,1348169.648263,1304601.890905,6673403.006014,0.000339,0.600000,0.200000,0.200000,0.602486,0.202021,0.195493,226507.208765,216507.208765,443.014418
2001-02,10000.000000,2170000.000000,3940606.333888,1362217.644633,1291808.244686,6594632.223207,-0.013282,0.600000,0.200000,0.200000,0.597548,0.206565,0.195888,10000.000000,0.000000,10.000000
2001-03,10000.000000,2180000.000000,3588252.874037,1392314.491074,1298744.472639,6279311.837750,-0.049256,0.600000,0.200000,0.200000,0.571440,0.221730,0.206829,10000.000000,0.000000,10.000000
2001-04,10000.000000,2190000.000000,3610374.330527,1373175.713092,1285905.043967,6269455.087586,-0.003157,0.600000,0.200000,0.200000,0.575867,0.219026,0.205106,10000.000000,0.000000,10.000000
2001-05,10000.000000,2200000.000000,3865150.608008,1354920.118752,1347344.674538,6567415.401298,0.045858,0.600000,0.200000,0.200000,0.588535,0.206309,0.205156,10000.000000,0.000000,10.000000
2001-06,10000.000000,2210000.000000,3778676.546652,1374421.688059,1339420.987709,6492519.222420,-0.012907,0.600000,0.200000,0.200000,0.582005,0.211693,0.206302,10000.000000,0.000000,10.000000
2001-07,10000.000000,2220000.000000,3683989.893806,1386691.955738,1331482.484827,6402164.334371,-0.015433,0.600000,0.200000,0.200000,0.575429,0.216597,0.207974,10000.000000,0.000000,10.000000
2001-08,10000.000000,2230000.000000,3614493.004522,1423831.390600,1353383.093649,6391707.488771,-0.003190,0.600000,0.200000,0.200000,0.565497,0.222762,0.211740,10000.000000,0.000000,10.000000
2001-09,10000.000000,2240000.000000,3213279.370284,1458573.829109,1410194.182464,6082047.381856,-0.049934,0.600000,0.200000,0.200000,0.528322,0.239816,0.231862,10000.000000,0.000000,10.000000
2001-10,10000.000000,2250000.000000,3321776.802949,1484796.469365,1412191.864369,6218765.136683,0.020801,0.600000,0.200000,0.200000,0.534154,0.238761,0.227086,10000.000000,0.000000,10.000000
2001-11,10000.000000,2260000.000000,3495928.610793,1483092.009719,1379209.642626,6358230.263137,0.020785,0.600000,0.200000,0.200000,0.549827,0.233255,0.216917,10000.000000,0.000000,10.000000
2001-12,10000.000000,2270000.000000,3553263.020492,1440453.332254,1381207.473719,6374923.826465,0.001051,0.600000,0.200000,0.200000,0.557381,0.225956,0.216663,10000.000000,0.000000,10.000000
2002-01,10000.000000,2280000.000000,3819218.925230,1287225.119659,1304632.220593,6411076.265482,0.004096,0.600000,0.200000,0.200000,0.595722,0.200781,0.203497,281691.275387,271691.275387,553.382551
2002-02,10000.000000,2290000.000000,3696962.413371,1307672.075078,1371498.350835,6376132.839284,-0.006999,0.600000,0.200000,0.200000,0.579813,0.205089,0.215099,10000.000000,0.000000,10.000000
2002-03,10000.000000,2300000.000000,3886077.854549,1277989.879090,1364215.815899,6528283.549538,0.022259,0.600000,0.200000,0.200000,0.595268,0.195762,0.208970,10000.000000,0.000000,10.000000
2002-04,10000.000000,2310000.000000,3755287.681418,1292490.805022,1408036.588817,6455815.075257,-0.012613,0.600000,0.200000,0.200000,0.581691,0.200206,0.218104,10000.000000,0.000000,10.000000
2002-05,10000.000000,2320000.000000,3655199.761300,1305084.064372,1461223.775499,6421507.601171,-0.006853,0.600000,0.200000,0.200000,0.569212,0.203236,0.227552,10000.000000,0.000000,10.000000
2002-06,10000.000000,2330000.000000,3444416.305594,1336060.524329,1495841.082688,6276317.912612,-0.024130,0.600000,0.200000,0.200000,0.548796,0.212873,0.238331,10000.000000,0.000000,10.000000
2002-07,10000.000000,2340000.000000,3079198.403599,1373051.807430,1460509.384166,5912759.595196,-0.059424,0.600000,0.200000,0.200000,0.520772,0.232218,0.247010,10000.000000,0.000000,10.000000
2002-08,10000.000000,2350000.000000,3120327.096976,1423385.954091,1448489.283336,5992202.334402,0.011725,0.600000,0.200000,0.200000,0.520731,0.237540,0.241729,10000.000000,0.000000,10.000000
2002-09,10000.000000,2360000.000000,2977579.933964,1475865.605587,1492597.778583,5946043.318133,-0.009356,0.600000,0.200000,0.200000,0.500767,0.248210,0.251024,10000.000000,0.000000,10.000000
2002-10,10000.000000,2370000.000000,2942788.172475,1474204.762807,1485224.769648,5902217.704930,-0.009037,0.600000,0.200000,0.200000,0.498590,0.249771,0.251638,10000.000000,0.000000,10.000000
2002-11,10000.000000,2380000.000000,3144157.085333,1467895.055780,1496605.362422,6108657.503535,0.033226,0.600000,0.200000,0.200000,0.514705,0.240297,0.244997,10000.000000,0.000000,10.000000
2002-12,10000.000000,2390000.000000,3117545.942749,1477237.251386,1559674.503612,6154457.697748,0.005851,0.600000,0.200000,0.200000,0.506551,0.240027,0.253422,10000.000000,0.000000,10.000000
2003-01,10000.000000,2400000.000000,3689749.796518,1234802.096801,1325480.226723,6250032.120043,0.013882,0.600000,0.200000,0.200000,0.590357,0.197567,0.212076,585128.675900,575128.675900,1160.257352
2003-02,10000.000000,2410000.000000,3458667.983092,1256111.134772,1334914.957104,6049694.074968,-0.033600,0.600000,0.200000,0.200000,0.571710,0.207632,0.220658,10000.000000,0.000000,10.000000
2003-03,10000.000000,2420000.000000,3509976.514007,1271476.505067,1269880.908111,6051333.927185,-0.001380,0.600000,0.200000,0.200000,0.580034,0.210115,0.209851,10000.000000,0.000000,10.000000
2003-04,10000.000000,2430000.000000,3701819.967731,1261976.827691,1223390.757676,6187187.553098,0.020763,0.600000,0.200000,0.200000,0.598304,0.203966,0.197730,10000.000000,0.000000,10.000000
2003-05,10000.000000,2440000.000000,3904780.924093,1309010.728023,1329995.135156,6543786.787272,0.055928,0.600000,0.200000,0.200000,0.596716,0.200039,0.203245,10000.000000,0.000000,10.000000
2003-06,10000.000000,2450000.000000,4133852.795360,1341297.434234,1331993.102751,6807143.332345,0.038658,0.600000,0.200000,0.200000,0.607282,0.197043,0.195676,10000.000000,0.000000,10.000000
2003-07,10000.000000,2460000.000000,4164516.110669,1276055.157072,1315255.320325,6755826.588066,-0.008994,0.600000,0.200000,0.200000,0.616433,0.188882,0.194685,10000.000000,0.000000,10.000000
2003-08,10000.000000,2470000.000000,4163573.387616,1234551.082655,1351029.106665,6749153.576936,-0.002464,0.600000,0.200000,0.200000,0.616903,0.182919,0.200178,10000.000000,0.000000,10.000000
2003-09,10000.000000,2480000.000000,4301374.785540,1258976.843786,1424436.871768,6984788.501094,0.033382,0.600000,0.200000,0.200000,0.615820,0.180246,0.203934,10000.000000,0.000000,10.000000
2003-10,10000.000000,2490000.000000,4394714.697729,1263442.327862,1426434.832483,7084591.858074,0.012839,0.600000,0.200000,0.200000,0.620320,0.178337,0.201343,10000.000000,0.000000,10.000000
2003-11,10000.000000,2500000.000000,4453982.855754,1268951.559598,1469891.296102,7192825.711453,0.013846,0.600000,0.200000,0.200000,0.619226,0.176419,0.204355,10000.000000,0.000000,10.000000
2003-12,10000.000000,2510000.000000,4596621.874785,1278560.433095,1536048.522440,7411230.830321,0.028934,0.600000,0.200000,0.200000,0.620224,0.172517,0.207260,10000.000000,0.000000,10.000000
2004-01,10000.000000,2520000.000000,4672216.625359,1503802.334680,1509688.835590,7685707.795630,0.035638,0.600000,0.200000,0.200000,0.607910,0.195662,0.196428,213685.732969,203685.732969,417.371466
2004-02,10000.000000,2530000.000000,4729046.882652,1519534.301394,1478824.113849,7727405.297895,0.004119,0.600000,0.200000,0.200000,0.611984,0.196642,0.191374,10000.000000,0.000000,10.000000
2004-03,10000.000000,2540000.000000,4660928.046998,1557846.001615,1488134.899844,7706908.948457,-0.003941,0.600000,0.200000,0.200000,0.604773,0.202136,0.193091,10000.000000,0.000000,10.000000
2004-04,10000.000000,2550000.000000,4712104.197970,1500049.732258,1475487.927125,7687641.857353,-0.003793,0.600000,0.200000,0.200000,0.612945,0.195125,0.191930,10000.000000,0.000000,10.000000
2004-05,10000.000000,2560000.000000,4597114.097415,1463882.954843,1407827.861407,7468824.913666,-0.029726,0.600000,0.200000,0.200000,0.615507,0.195999,0.188494,10000.000000,0.000000,10.000000
2004-06,10000.000000,2570000.000000,4734649.899512,1470497.068710,1439197.346121,7644344.314344,0.022132,0.600000,0.200000,0.200000,0.619366,0.192364,0.188270,10000.000000,0.000000,10.000000
2004-07,10000.000000,2580000.000000,4634511.122938,1505152.510419,1463254.573977,7602918.207334,-0.006719,0.600000,0.200000,0.200000,0.609570,0.197970,0.192460,10000.000000,0.000000,10.000000
2004-08,10000.000000,2590000.000000,4576114.771755,1539368.797154,1476297.269524,7591780.838433,-0.002777,0.600000,0.200000,0.200000,0.602772,0.202768,0.194460,10000.000000,0.000000,10.000000
2004-09,10000.000000,2600000.000000,4709611.601688,1565522.005981,1493041.409415,7768175.017083,0.021889,0.600000,0.200000,0.200000,0.606270,0.201530,0.192200,10000.000000,0.000000,10.000000
2004-10,10000.000000,2610000.000000,4720443.514571,1576715.172690,1550411.324610,7847570.011871,0.008922,0.600000,0.200000,0.200000,0.601517,0.200918,0.197566,10000.000000,0.000000,10.000000
2004-11,10000.000000,2620000.000000,4952072.710152,1572674.033126,1622637.398289,8147384.141566,0.036883,0.600000,0.200000,0.200000,0.607811,0.193028,0.199161,10000.000000,0.000000,10.000000
2004-12,10000.000000,2630000.000000,5093295.271750,1575111.640983,1635737.693898,8304144.606631,0.017991,0.600000,0.200000,0.200000,0.613344,0.189678,0.196978,10000.000000,0.000000,10.000000
2005-01,10000.000000,2640000.000000,4921043.907899,1669979.985654,1595067.472661,8186091.366214,-0.015402,0.600000,0.200000,0.200000,0.601147,0.204002,0.194851,120808.507771,110808.507771,231.617016
2005-02,10000.000000,2650000.000000,5009871.602451,1684591.096507,1593298.861021,8287761.559980,0.011185,0.600000,0.200000,0.200000,0.604490,0.203262,0.192247,10000.000000,0.000000,10.000000
2005-03,10000.000000,2660000.000000,5003045.607141,1648319.464169,1636782.204610,8288147.275920,-0.001159,0.600000,0.200000,0.200000,0.603639,0.198877,0.197485,10000.000000,0.000000,10.000000
2005-04,10000.000000,2670000.000000,4888375.914951,1677602.240222,1619900.268789,8185878.423961,-0.013529,0.600000,0.200000,0.200000,0.597172,0.204939,0.197890,10000.000000,0.000000,10.000000
2005-05,10000.000000,2680000.000000,4959752.411902,1712769.758470,1595433.743033,8267955.913405,0.008794,0.600000,0.200000,0.200000,0.599876,0.207158,0.192966,10000.000000,0.000000,10.000000
2005-06,10000.000000,2690000.000000,5074034.296194,1740177.354634,1631500.257546,8445711.908374,0.020265,0.600000,0.200000,0.200000,0.600782,0.206043,0.193175,10000.000000,0.000000,10.000000
2005-07,10000.000000,2700000.000000,5171864.582575,1722736.781793,1606968.189358,8501569.553726,0.005423,0.600000,0.200000,0.200000,0.608342,0.202637,0.189020,10000.000000,0.000000,10.000000
2005-08,10000.000000,2710000.000000,5193910.792612,1719676.850047,1662092.548089,8575680.190748,0.007532,0.600000,0.200000,0.200000,0.605656,0.200529,0.193815,10000.000000,0.000000,10.000000
2005-09,10000.000000,2720000.000000,5214448.349676,1736095.093972,1732477.894523,8683021.338172,0.011338,0.600000,0.200000,0.200000,0.600534,0.199941,0.199525,10000.000000,0.000000,10.000000
2005-10,10000.000000,2730000.000000,5083446.452255,1708277.150377,1787727.344710,8579450.947342,-0.013065,0.600000,0.200000,0.200000,0.592514,0.199113,0.208373,10000.000000,0.000000,10.000000
2005-11,10000.000000,2740000.000000,5291060.851069,1705803.679042,1816380.749019,8813245.279130,0.026055,0.600000,0.200000,0.200000,0.600353,0.193550,0.206097,10000.000000,0.000000,10.000000
2005-12,10000.000000,2750000.000000,5410630.642613,1723755.173455,1944178.471691,9078564.287759,0.028937,0.600000,0.200000,0.200000,0.595979,0.189871,0.214150,10000.000000,0.000000,10.000000
2006-01,10000.000000,2760000.000000,5532961.065400,1831663.719586,1960220.993834,9324845.778820,0.025998,0.600000,0.200000,0.200000,0.593357,0.196428,0.210215,138465.614139,128465.614139,266.931228
2006-02,10000.000000,2770000.000000,5538033.449627,1818679.400151,1980057.247141,9336770.096918,0.000206,0.600000,0.200000,0.200000,0.593142,0.194787,0.212071,10000.000000,0.000000,10.000000
2006-03,10000.000000,2780000.000000,5626419.417808,1806181.181939,1989197.660415,9421798.260162,0.008027,0.600000,0.200000,0.200000,0.597170,0.191702,0.211127,10000.000000,0.000000,10.000000
2006-04,10000.000000,2790000.000000,5677378.748661,1777465.640326,2184237.855899,9639082.244886,0.021977,0.600000,0.200000,0.200000,0.588996,0.184402,0.226602,10000.000000,0.000000,10.000000
2006-05,10000.000000,2800000.000000,5638665.401670,1770411.646019,2415235.722874,9824312.770562,0.018160,0.600000,0.200000,0.200000,0.573950,0.180207,0.245843,10000.000000,0.000000,10.000000
2006-06,10000.000000,2810000.000000,5491926.855898,1779957.349756,2134327.438598,9406211.644252,-0.043531,0.600000,0.200000,0.200000,0.583862,0.189232,0.226906,10000.000000,0.000000,10.000000
2006-07,10000.000000,2820000.000000,5537508.302580,1792291.992883,2272533.823166,9602334.118629,0.019766,0.600000,0.200000,0.200000,0.576684,0.186652,0.236665,10000.000000,0.000000,10.000000
2006-08,10000.000000,2830000.000000,5670546.253775,1831246.168983,2270943.861179,9772736.283936,0.016687,0.600000,0.200000,0.200000,0.580241,0.187383,0.232375,10000.000000,0.000000,10.000000
2006-09,10000.000000,2840000.000000,5820223.567158,1863715.950054,2147265.463285,9831204.980496,0.004955,0.600000,0.200000,0.200000,0.592015,0.189571,0.218413,10000.000000,0.000000,10.000000
2006-10,10000.000000,2850000.000000,6036888.608227,1871589.206447,2106134.249532,10014612.064206,0.017621,0.600000,0.200000,0.200000,0.602808,0.186886,0.210306,10000.000000,0.000000,10.000000
2006-11,10000.000000,2860000.000000,6163839.516339,1900193.439274,2259226.931629,10323259.887242,0.029791,0.600000,0.200000,0.200000,0.597083,0.184069,0.218848,10000.000000,0.000000,10.000000
2006-12,10000.000000,2870000.000000,6302377.920100,1915499.159654,2268426.088382,10486303.168135,0.014811,0.600000,0.200000,0.200000,0.601010,0.182667,0.216323,10000.000000,0.000000,10.000000
2007-01,10000.000000,2880000.000000,6341188.967802,2074280.704363,2102517.966863,10517987.639028,0.002066,0.600000,0.200000,0.200000,0.602890,0.197213,0.199897,191761.473974,181761.473974,373.522948
2007-02,10000.000000,2890000.000000,6448487.025283,2091031.585401,2217913.033566,10757431.644251,0.021794,0.600000,0.200000,0.200000,0.599445,0.194380,0.206175,10000.000000,0.000000,10.000000
2007-03,10000.000000,2900000.000000,6294804.205511,2127739.712562,2186528.860843,10609072.778916,-0.014707,0.600000,0.200000,0.200000,0.593342,0.200558,0.206100,10000.000000,0.000000,10.000000
2007-04,10000.000000,2910000.000000,6564188.021879,2116074.545103,2268717.091852,10948979.658834,0.031067,0.600000,0.200000,0.200000,0.599525,0.193267,0.207208,10000.000000,0.000000,10.000000
2007-05,10000.000000,2920000.000000,6793026.372617,2116392.663080,2230584.559756,11140003.595453,0.016518,0.600000,0.200000,0.200000,0.609787,0.189981,0.200232,10000.000000,0.000000,10.000000
2007-06,10000.000000,2930000.000000,6822470.163756,2069625.683200,2195763.364047,11087859.211002,-0.005573,0.600000,0.200000,0.200000,0.615310,0.186657,0.198033,10000.000000,0.000000,10.000000
2007-07,10000.000000,2940000.000000,6867701.730693,2096471.390471,2227913.592979,11192086.714144,0.008491,0.600000,0.200000,0.200000,0.613621,0.187317,0.199062,10000.000000,0.000000,10.000000
2007-08,10000.000000,2950000.000000,6584924.219082,2161680.917033,2229911.602356,10976516.738471,-0.020136,0.600000,0.200000,0.200000,0.599910,0.196937,0.203153,10000.000000,0.000000,10.000000
2007-09,10000.000000,2960000.000000,6793572.016584,2197808.429894,2393009.808039,11384390.254517,0.036215,0.600000,0.200000,0.200000,0.596744,0.193055,0.210201,10000.000000,0.000000,10.000000
2007-10,10000.000000,2970000.000000,7002984.110893,2206350.703642,2536088.101905,11745422.916440,0.030807,0.600000,0.200000,0.200000,0.596231,0.187848,0.215921,10000.000000,0.000000,10.000000
2007-11,10000.000000,2980000.000000,6672104.930900,2284339.941062,2709532.810697,11665977.682658,-0.007609,0.600000,0.200000,0.200000,0.571928,0.195812,0.232259,10000.000000,0.000000,10.000000
2007-12,10000.000000,2990000.000000,6760788.838211,2303483.231438,2701437.954979,11765710.024628,0.007685,0.600000,0.200000,0.200000,0.574618,0.195779,0.229603,10000.000000,0.000000,10.000000
2008-01,10000.000000,3000000.000000,6596225.254926,2432754.189913,2610150.197978,11639129.642817,-0.011598,0.600000,0.200000,0.200000,0.566728,0.209015,0.224256,358295.950053,348295.950053,706.591900
2008-02,10000.000000,3010000.000000,6498963.117765,2442340.418666,2706067.892095,11647371.428526,-0.000151,0.600000,0.200000,0.200000,0.557977,0.209690,0.232333,10000.000000,0.000000,10.000000
2008-03,10000.000000,3020000.000000,6334095.981168,2498697.301815,2843175.130704,11675968.413686,0.001595,0.600000,0.200000,0.200000,0.542490,0.214003,0.243507,10000.000000,0.000000,10.000000
2008-04,10000.000000,3030000.000000,6609151.508985,2472954.700400,2674697.459321,11756803.668705,0.006062,0.600000,0.200000,0.200000,0.562155,0.210342,0.227502,10000.000000,0.000000,10.000000
2008-05,10000.000000,3040000.000000,6784665.880217,2442116.757470,2614925.303896,11841707.941584,0.006366,0.600000,0.200000,0.200000,0.572947,0.206230,0.220823,10000.000000,0.000000,10.000000
2008-06,10000.000000,3050000.000000,6502289.198890,2408563.556070,2616923.095839,11527775.850798,-0.027332,0.600000,0.200000,0.200000,0.564054,0.208936,0.227010,10000.000000,0.000000,10.000000
2008-07,10000.000000,3060000.000000,6112679.364281,2436405.723022,2769162.630698,11318247.718002,-0.019027,0.600000,0.200000,0.200000,0.540073,0.215264,0.244664,10000.000000,0.000000,10.000000
2008-08,10000.000000,3070000.000000,6247810.718548,2470437.658517,2473407.862638,11191656.239703,-0.012058,0.600000,0.200000,0.200000,0.558256,0.220739,0.221005,10000.000000,0.000000,10.000000
2008-09,10000.000000,3080000.000000,5950649.680296,2521205.724048,2448851.827818,10920707.232161,-0.025081,0.600000,0.200000,0.200000,0.544896,0.230865,0.224239,10000.000000,0.000000,10.000000
2008-10,10000.000000,3090000.000000,4753784.214931,2506150.648183,2382934.484914,9642869.348028,-0.117818,0.600000,0.200000,0.200000,0.492984,0.259897,0.247119,10000.000000,0.000000,10.000000
2008-11,10000.000000,3100000.000000,4350183.712560,2574442.190096,2248987.932088,9173613.834745,-0.049649,0.600000,0.200000,0.200000,0.474206,0.280636,0.245158,10000.000000,0.000000,10.000000
2008-12,10000.000000,3110000.000000,4340879.328039,2834816.680787,2413671.674980,9589367.683806,0.044182,0.600000,0.200000,0.200000,0.452676,0.295621,0.251703,10000.000000,0.000000,10.000000
2009-01,10000.000000,3120000.000000,5694838.032572,1906428.469826,2020446.365968,9621712.868367,0.002328,0.600000,0.200000,0.200000,0.591874,0.198138,0.209988,1422741.282245,1412741.282245,2835.482564
2009-02,10000.000000,3130000.000000,5318733.499278,1855142.323908,2220215.309010,9394091.132195,-0.024671,0.600000,0.200000,0.200000,0.566179,0.197480,0.236342,10000.000000,0.000000,10.000000
2009-03,10000.000000,3140000.000000,5021887.349221,1869566.178017,2177438.777326,9068892.304564,-0.035644,0.600000,0.200000,0.200000,0.553749,0.206152,0.240100,10000.000000,0.000000,10.000000
2009-04,10000.000000,3150000.000000,5647404.838299,1858355.927130,2099240.658955,9605001.424383,0.057949,0.600000,0.200000,0.200000,0.587965,0.193478,0.218557,10000.000000,0.000000,10.000000
2009-05,10000.000000,3160000.000000,6029905.266111,1808618.236088,2193315.205762,10031838.707961,0.043353,0.600000,0.200000,0.200000,0.601077,0.180288,0.218635,10000.000000,0.000000,10.000000
2009-06,10000.000000,3170000.000000,6209060.815090,1751504.188168,2235485.601367,10196050.604625,0.015357,0.600000,0.200000,0.200000,0.608967,0.171783,0.219250,10000.000000,0.000000,10.000000
2009-07,10000.000000,3180000.000000,6294460.875002,1782207.603595,2209100.954385,10285769.432982,0.007811,0.600000,0.200000,0.200000,0.611958,0.173269,0.214773,10000.000000,0.000000,10.000000
2009-08,10000.000000,3190000.000000,6812098.620073,1785066.054136,2246608.965196,10843773.639405,0.053226,0.600000,0.200000,0.200000,0.628204,0.164617,0.207180,10000.000000,0.000000,10.000000
2009-09,10000.000000,3200000.000000,7066976.094701,1820790.887900,2361368.952629,11249135.935229,0.036426,0.600000,0.200000,0.200000,0.628224,0.161861,0.209916,10000.000000,0.000000,10.000000
2009-10,10000.000000,3210000.000000,7242940.916119,1829478.140002,2473426.011891,11545845.068012,0.025465,0.600000,0.200000,0.200000,0.627320,0.158453,0.214227,10000.000000,0.000000,10.000000
2009-11,10000.000000,3220000.000000,7400750.966109,1835119.655013,2674786.859159,11910657.480281,0.030704,0.600000,0.200000,0.200000,0.621355,0.154074,0.224571,10000.000000,0.000000,10.000000
2009-12,10000.000000,3230000.000000,7571608.373353,1813415.322046,2695785.742468,12080809.437867,0.013435,0.600000,0.200000,0.200000,0.626747,0.150107,0.223146,10000.000000,0.000000,10.000000
2010-01,10000.000000,3240000.000000,7352187.519537,2397306.369780,2381703.273864,12131197.163181,0.003340,0.600000,0.200000,0.200000,0.606056,0.197615,0.196329,612746.565528,602746.565528,1215.493131
2010-02,10000.000000,3250000.000000,7144906.556144,2414672.226168,2334662.734520,11894241.516832,-0.020340,0.600000,0.200000,0.200000,0.600703,0.203012,0.196285,10000.000000,0.000000,10.000000
2010-03,10000.000000,3260000.000000,7575881.143079,2416149.548648,2375071.642599,12367102.334325,0.038882,0.600000,0.200000,0.200000,0.612583,0.195369,0.192048,10000.000000,0.000000,10.000000
2010-04,10000.000000,3270000.000000,7891816.760743,2401931.134426,2453956.065990,12747703.961159,0.029943,0.600000,0.200000,0.200000,0.619078,0.188421,0.192502,10000.000000,0.000000,10.000000
2010-05,10000.000000,3280000.000000,7433229.998075,2497957.668664,2575652.507512,12506840.174251,-0.019664,0.600000,0.200000,0.200000,0.594333,0.199727,0.205940,10000.000000,0.000000,10.000000
2010-06,10000.000000,3290000.000000,7175610.389217,2553499.846956,2637546.048579,12366656.284753,-0.011999,0.600000,0.200000,0.200000,0.580239,0.206483,0.213279,10000.000000,0.000000,10.000000
2010-07,10000.000000,3300000.000000,7170180.592808,2603674.333032,2553913.943814,12327768.869654,-0.003950,0.600000,0.200000,0.200000,0.581628,0.211204,0.207168,10000.000000,0.000000,10.000000
2010-08,10000.000000,3310000.000000,7238149.082884,2682073.032050,2605187.629449,12525409.744383,0.015209,0.600000,0.200000,0.200000,0.577877,0.214131,0.207992,10000.000000,0.000000,10.000000
2010-09,10000.000000,3320000.000000,7488354.603134,2701746.249213,2725109.229867,12915210.082213,0.030298,0.600000,0.200000,0.200000,0.579809,0.209191,0.211000,10000.000000,0.000000,10.000000
2010-10,10000.000000,3330000.000000,7837397.899992,2735642.525381,2879447.496146,13452487.921519,0.040795,0.600000,0.200000,0.200000,0.582598,0.203356,0.214046,10000.000000,0.000000,10.000000
2010-11,10000.000000,3340000.000000,8038764.225122,2691496.028278,2941564.926646,13671825.180046,0.015550,0.600000,0.200000,0.200000,0.587980,0.196864,0.215155,10000.000000,0.000000,10.000000
2010-12,10000.000000,3350000.000000,8343519.432010,2579729.947608,2988683.088897,13911932.468516,0.016818,0.600000,0.200000,0.200000,0.599738,0.185433,0.214829,10000.000000,0.000000,10.000000
2011-01,10000.000000,3360000.000000,8642099.649434,2768652.081896,2722250.659289,14133002.390619,0.015161,0.600000,0.200000,0.200000,0.611484,0.195900,0.192617,216296.595194,206296.595194,422.593190
2011-02,10000.000000,3370000.000000,8920583.200549,2734858.587517,2754295.589290,14409737.377356,0.018860,0.600000,0.200000,0.200000,0.619066,0.189792,0.191141,10000.000000,0.000000,10.000000
2011-03,10000.000000,3380000.000000,8827272.322147,2783891.405425,2852513.381882,14463677.109454,0.003047,0.600000,0.200000,0.200000,0.610306,0.192475,0.197219,10000.000000,0.000000,10.000000
2011-04,10000.000000,3390000.000000,9029451.560228,2782197.118427,2970858.326038,14782507.004692,0.021337,0.600000,0.200000,0.200000,0.610820,0.188209,0.200971,10000.000000,0.000000,10.000000
2011-05,10000.000000,3400000.000000,9095010.270927,2860468.849438,3037090.882216,14992570.002581,0.013525,0.600000,0.200000,0.200000,0.606635,0.190792,0.202573,10000.000000,0.000000,10.000000
2011-06,10000.000000,3410000.000000,8767670.824627,2911502.374144,3071227.281942,14750400.480713,-0.016808,0.600000,0.200000,0.200000,0.594402,0.197385,0.208213,10000.000000,0.000000,10.000000
2011-07,10000.000000,3420000.000000,9045800.802687,2920784.151280,3161663.339978,15128248.293945,0.024921,0.600000,0.200000,0.200000,0.597941,0.193068,0.208991,10000.000000,0.000000,10.000000
2011-08,10000.000000,3430000.000000,8110349.596531,3110582.084795,3537749.608480,14758681.289806,-0.025073,0.600000,0.200000,0.200000,0.549531,0.210763,0.239706,10000.000000,0.000000,10.000000
2011-09,10000.000000,3440000.000000,8052286.260882,3207826.667587,3565907.925838,14826020.854308,0.003883,0.600000,0.200000,0.200000,0.543119,0.216365,0.240517,10000.000000,0.000000,10.000000
2011-10,10000.000000,3450000.000000,8301552.752767,3166621.453862,3354475.517744,14822649.724373,-0.000901,0.600000,0.200000,0.200000,0.560059,0.213634,0.226307,10000.000000,0.000000,10.000000
2011-11,10000.000000,3460000.000000,8454351.645293,3214000.536971,3503545.622386,15171897.804650,0.022872,0.600000,0.200000,0.200000,0.557238,0.211839,0.230923,10000.000000,0.000000,10.000000
2011-12,10000.000000,3470000.000000,8591883.387804,3230033.421677,3305975.291573,15127892.101054,-0.003557,0.600000,0.200000,0.200000,0.567950,0.213515,0.218535,10000.000000,0.000000,10.000000
2012-01,10000.000000,3480000.000000,9516506.407271,3035092.677708,3053226.002462,15604825.087441,0.030845,0.600000,0.200000,0.200000,0.609844,0.194497,0.195659,494851.872829,484851.872829,979.703746
2012-02,10000.000000,3490000.000000,9918884.763779,3042076.633445,3223316.790129,16184278.187353,0.036469,0.600000,0.200000,0.200000,0.612872,0.187965,0.199163,10000.000000,0.000000,10.000000
2012-03,10000.000000,3500000.000000,10211095.957427,2995014.405461,3097780.852119,16303891.215007,0.006769,0.600000,0.200000,0.200000,0.626298,0.183699,0.190003,10000.000000,0.000000,10.000000
2012-04,10000.000000,3510000.000000,10213185.744635,3034556.924034,3049842.164068,16297584.832738,-0.001000,0.600000,0.200000,0.200000,0.626669,0.186197,0.187135,10000.000000,0.000000,10.000000
2012-05,10000.000000,3520000.000000,9903309.545650,3110405.660098,2940796.977826,15954512.183574,-0.021651,0.600000,0.200000,0.200000,0.620722,0.194955,0.184324,10000.000000,0.000000,10.000000
2012-06,10000.000000,3530000.000000,9795107.436867,3168205.187422,2961314.938825,15924627.563114,-0.002498,0.600000,0.200000,0.200000,0.615092,0.198950,0.185958,10000.000000,0.000000,10.000000
2012-07,10000.000000,3540000.000000,10087399.981568,3200642.601364,2954046.947322,16242089.530254,0.019295,0.600000,0.200000,0.200000,0.621065,0.197059,0.181876,10000.000000,0.000000,10.000000
2012-08,10000.000000,3550000.000000,10435327.772759,3163010.066698,3022806.491302,16621144.330759,0.022708,0.600000,0.200000,0.200000,0.627834,0.190300,0.181865,10000.000000,0.000000,10.000000
2012-09,10000.000000,3560000.000000,10756771.149526,3157942.251260,3238211.145520,17152924.546307,0.031374,0.600000,0.200000,0.200000,0.627110,0.184105,0.188785,10000.000000,0.000000,10.000000
2012-10,10000.000000,3570000.000000,10739395.149065,3155873.724805,3243922.958643,17139191.832513,-0.001383,0.600000,0.200000,0.200000,0.626599,0.184132,0.189269,10000.000000,0.000000,10.000000
2012-11,10000.000000,3580000.000000,10440489.118395,3191255.768110,3199471.123955,16831216.010459,-0.018542,0.600000,0.200000,0.200000,0.620305,0.189603,0.190092,10000.000000,0.000000,10.000000
2012-12,10000.000000,3590000.000000,10673749.807559,3177345.400549,3132680.406315,16983775.614424,0.008465,0.600000,0.200000,0.200000,0.628467,0.187081,0.184451,10000.000000,0.000000,10.000000
2013-01,10000.000000,3600000.000000,10630908.364161,3345346.916093,3372339.398986,17348594.679241,0.020879,0.600000,0.200000,0.200000,0.612782,0.192831,0.194387,493484.438905,483484.438905,976.968878
2013-02,10000.000000,3610000.000000,10885063.505708,3331669.572005,3285539.099228,17502272.176941,0.008277,0.600000,0.200000,0.200000,0.621923,0.190356,0.187721,10000.000000,0.000000,10.000000
2013-03,10000.000000,3620000.000000,11187561.311346,3345150.620016,3216859.215349,17749571.146711,0.013550,0.600000,0.200000,0.200000,0.630300,0.188464,0.181236,10000.000000,0.000000,10.000000
2013-04,10000.000000,3630000.000000,11356285.903806,3413286.519920,3006691.663911,17776264.087638,0.000940,0.600000,0.200000,0.200000,0.638845,0.192014,0.169141,10000.000000,0.000000,10.000000
2013-05,10000.000000,3640000.000000,11882020.858767,3368120.202473,2859064.269752,18109205.330991,0.018157,0.600000,0.200000,0.200000,0.656132,0.185989,0.157879,10000.000000,0.000000,10.000000
2013-06,10000.000000,3650000.000000,11755133.045944,3265533.594783,2717402.553132,17738069.193859,-0.021035,0.600000,0.200000,0.200000,0.662706,0.184097,0.153196,10000.000000,0.000000,10.000000
2013-07,10000.000000,3660000.000000,12143889.573488,3194192.460961,2603983.414152,17942065.448601,0.010931,0.600000,0.200000,0.200000,0.676839,0.178028,0.145133,10000.000000,0.000000,10.000000
2013-08,10000.000000,3670000.000000,12180564.661577,3158918.111165,2739725.986379,18079208.759121,0.007082,0.600000,0.200000,0.200000,0.673733,0.174727,0.151540,10000.000000,0.000000,10.000000
2013-09,10000.000000,3680000.000000,12331878.606339,3149099.372761,2735640.776030,18216618.755130,0.007043,0.600000,0.200000,0.200000,0.676958,0.172870,0.150173,10000.000000,0.000000,10.000000
2013-10,10000.000000,3690000.000000,12599132.442274,3210464.670148,2672698.966270,18482296.078692,0.014028,0.600000,0.200000,0.200000,0.681687,0.173705,0.144609,10000.000000,0.000000,10.000000
2013-11,10000.000000,3700000.000000,13091682.718700,3191718.806939,2591430.548502,18874832.074141,0.020686,0.600000,0.200000,0.200000,0.693605,0.169099,0.137296,10000.000000,0.000000,10.000000
2013-12,10000.000000,3710000.000000,13296978.138419,3151720.566077,2483675.900877,18932374.605373,0.002517,0.600000,0.200000,0.200000,0.702341,0.166473,0.131187,10000.000000,0.000000,10.000000
2014-01,10000.000000,3720000.000000,11473066.629041,3809853.129541,3855888.847692,19138808.606274,0.010370,0.600000,0.200000,0.200000,0.599466,0.199064,0.201470,1947553.375195,1937553.375195,3885.106750
2014-02,10000.000000,3730000.000000,11464133.723091,3870366.103357,4031553.775308,19366053.601756,0.011345,0.600000,0.200000,0.200000,0.591971,0.199853,0.208176,10000.000000,0.000000,10.000000
2014-03,10000.000000,3740000.000000,11782375.536795,3877763.187202,4145250.057487,19805388.781484,0.022158,0.600000,0.200000,0.200000,0.594908,0.195793,0.209299,10000.000000,0.000000,10.000000
2014-04,10000.000000,3750000.000000,11812149.558361,3891909.382418,4029287.334490,19733346.275269,-0.004140,0.600000,0.200000,0.200000,0.598588,0.197225,0.204187,10000.000000,0.000000,10.000000
2014-05,10000.000000,3760000.000000,11999201.668351,3953570.015248,4003333.408559,19956105.092159,0.010776,0.600000,0.200000,0.200000,0.601280,0.198113,0.200607,10000.000000,0.000000,10.000000
2014-06,10000.000000,3770000.000000,12388919.885234,3950253.926230,3974258.241739,20313432.053203,0.017396,0.600000,0.200000,0.200000,0.609888,0.194465,0.195647,10000.000000,0.000000,10.000000
2014-07,10000.000000,3780000.000000,12580319.633700,3981488.014657,4075740.428191,20637548.076549,0.015456,0.600000,0.200000,0.200000,0.609584,0.192924,0.197492,10000.000000,0.000000,10.000000
2014-08,10000.000000,3790000.000000,12532576.146393,4033838.265699,4027972.020530,20594386.432623,-0.002575,0.600000,0.200000,0.200000,0.608543,0.195871,0.195586,10000.000000,0.000000,10.000000
2014-09,10000.000000,3800000.000000,12761510.099800,4005254.394130,3849477.216183,20616241.710113,0.000575,0.600000,0.200000,0.200000,0.619003,0.194277,0.186721,10000.000000,0.000000,10.000000
2014-10,10000.000000,3810000.000000,12429601.194187,4097010.378051,3804771.935169,20331383.507407,-0.014295,0.600000,0.200000,0.200000,0.611350,0.201512,0.187138,10000.000000,0.000000,10.000000
2014-11,10000.000000,3820000.000000,13145126.860174,4096032.523860,3660355.824650,20901515.208685,0.027537,0.600000,0.200000,0.200000,0.628908,0.195968,0.175124,10000.000000,0.000000,10.000000
2014-12,10000.000000,3830000.000000,13234483.946400,4149565.265558,3743393.399025,21127442.610984,0.010326,0.600000,0.200000,0.200000,0.626412,0.196406,0.177182,10000.000000,0.000000,10.000000
2015-01,10000.000000,3840000.000000,12541016.242527,4360719.285873,4403252.614351,21304988.142751,0.007926,0.600000,0.200000,0.200000,0.588642,0.204681,0.206677,568018.379810,558018.379810,1126.036760
2015-02,10000.000000,3850000.000000,12901764.275918,4330446.001535,4320737.357693,21552947.635146,0.011164,0.600000,0.200000,0.200000,0.598608,0.200921,0.200471,10000.000000,0.000000,10.000000
2015-03,10000.000000,3860000.000000,12914904.412054,4316361.353685,4153630.810525,21384896.576264,-0.008257,0.600000,0.200000,0.200000,0.603926,0.201842,0.194232,10000.000000,0.000000,10.000000
2015-04,10000.000000,3870000.000000,13034396.836205,4364486.581455,4226123.003152,21625006.420812,0.010755,0.600000,0.200000,0.200000,0.602746,0.201826,0.195428,10000.000000,0.000000,10.000000
2015-05,10000.000000,3880000.000000,13168043.715995,4272890.145543,4228121.048855,21669054.910394,0.001574,0.600000,0.200000,0.200000,0.607689,0.197189,0.195123,10000.000000,0.000000,10.000000
2015-06,10000.000000,3890000.000000,13116664.705223,4222564.140883,4170142.438584,21509371.284691,-0.007827,0.600000,0.200000,0.200000,0.609812,0.196313,0.193876,10000.000000,0.000000,10.000000
2015-07,10000.000000,3900000.000000,13112209.034104,4247763.261990,3981535.092867,21341507.388961,-0.008265,0.600000,0.200000,0.200000,0.614399,0.199038,0.186563,10000.000000,0.000000,10.000000
2015-08,10000.000000,3910000.000000,12800165.572854,4314579.013003,3948218.209232,21062962.795089,-0.013514,0.600000,0.200000,0.200000,0.607710,0.204842,0.187448,10000.000000,0.000000,10.000000
2015-09,10000.000000,3920000.000000,12228973.721467,4324382.760228,3974949.350199,20528305.831895,-0.025846,0.600000,0.200000,0.200000,0.595713,0.210655,0.193633,10000.000000,0.000000,10.000000
2015-10,10000.000000,3930000.000000,12763165.882316,4372810.765216,4097139.593512,21233116.241044,0.033830,0.600000,0.200000,0.200000,0.601097,0.205943,0.192960,10000.000000,0.000000,10.000000
2015-11,10000.000000,3940000.000000,13143611.653829,4308879.988633,3840952.125405,21293443.767867,0.002369,0.600000,0.200000,0.200000,0.617261,0.202357,0.180382,10000.000000,0.000000,10.000000
2015-12,10000.000000,3950000.000000,13004569.277723,4326625.559171,3807564.050638,21138758.887533,-0.007730,0.600000,0.200000,0.200000,0.615200,0.204677,0.180122,10000.000000,0.000000,10.000000
2016-01,10000.000000,3960000.000000,11874175.634819,4294034.648442,4316060.152862,20484270.436122,-0.031420,0.600000,0.200000,0.200000,0.579673,0.209626,0.210701,430187.726868,420187.726868,850.375454
2016-02,10000.000000,3970000.000000,11814839.714836,4424092.685857,4719189.100204,20958121.500897,0.022633,0.600000,0.200000,0.200000,0.563736,0.211092,0.225172,10000.000000,0.000000,10.000000
2016-03,10000.000000,3980000.000000,12572961.596978,4388817.359734,4898231.355423,21860010.312135,0.042535,0.600000,0.200000,0.200000,0.575158,0.200769,0.224073,10000.000000,0.000000,10.000000
2016-04,10000.000000,3990000.000000,12935098.790548,4429486.448371,4888421.326722,22253006.565642,0.017512,0.600000,0.200000,0.200000,0.581274,0.199051,0.219675,10000.000000,0.000000,10.000000
2016-05,10000.000000,4000000.000000,12901704.820080,4438168.598808,4965232.321778,22305105.740666,0.001891,0.600000,0.200000,0.200000,0.578419,0.198975,0.222605,10000.000000,0.000000,10.000000
2016-06,10000.000000,4010000.000000,13045358.355237,4515688.292860,5026316.887331,22587363.535428,0.012201,0.600000,0.200000,0.200000,0.577551,0.199921,0.222528,10000.000000,0.000000,10.000000
2016-07,10000.000000,4020000.000000,13481712.969614,4581937.370241,5268696.462698,23332346.802553,0.032525,0.600000,0.200000,0.200000,0.577812,0.196377,0.225811,10000.000000,0.000000,10.000000
2016-08,10000.000000,4030000.000000,13649459.464030,4564486.547794,5282520.746477,23496466.758302,0.006603,0.600000,0.200000,0.200000,0.580915,0.194263,0.224822,10000.000000,0.000000,10.000000
2016-09,10000.000000,4040000.000000,13595551.139693,4543260.651727,5233250.794997,23372062.586417,-0.005718,0.600000,0.200000,0.200000,0.581701,0.194389,0.223911,10000.000000,0.000000,10.000000
2016-10,10000.000000,4050000.000000,13532724.087566,4497880.612793,4998537.996642,23029142.697002,-0.015094,0.600000,0.200000,0.200000,0.587635,0.195313,0.217053,10000.000000,0.000000,10.000000
2016-11,10000.000000,4060000.000000,13701340.014218,4354421.791928,4886080.011819,22941841.817965,-0.004223,0.600000,0.200000,0.200000,0.597221,0.189803,0.212977,10000.000000,0.000000,10.000000
2016-12,10000.000000,4070000.000000,14248220.508657,4230936.442566,4568260.184748,23047417.135971,0.004164,0.600000,0.200000,0.200000,0.618213,0.183575,0.198211,10000.000000,0.000000,10.000000
2017-01,10000.000000,4080000.000000,14032822.128641,4645133.722489,4750808.750410,23428764.601540,0.016105,0.600000,0.200000,0.200000,0.598957,0.198266,0.202777,429770.227074,419770.227074,849.540454
2017-02,10000.000000,4090000.000000,14400518.515541,4660617.530242,4920271.392246,23981407.438030,0.023152,0.600000,0.200000,0.200000,0.600487,0.194343,0.205170,10000.000000,0.000000,10.000000
2017-03,10000.000000,4100000.000000,14658519.439224,4647557.623126,4910302.713126,24216379.775476,0.009377,0.600000,0.200000,0.200000,0.605314,0.191918,0.202768,10000.000000,0.000000,10.000000
2017-04,10000.000000,4110000.000000,14641929.448908,4732997.606982,5055958.561101,24430885.616992,0.008441,0.600000,0.200000,0.200000,0.599320,0.193730,0.206949,10000.000000,0.000000,10.000000
2017-05,10000.000000,4120000.000000,14895820.957326,4744071.093806,4974122.936548,24614014.987680,0.007084,0.600000,0.200000,0.200000,0.605176,0.192739,0.202085,10000.000000,0.000000,10.000000
2017-06,10000.000000,4130000.000000,15166534.918074,4801474.920221,5032032.411271,25000042.249566,0.015271,0.600000,0.200000,0.200000,0.606660,0.192059,0.201281,10000.000000,0.000000,10.000000
2017-07,10000.000000,4140000.000000,15322415.836416,4757205.083045,4942139.358594,25021760.278055,0.000469,0.600000,0.200000,0.200000,0.612364,0.190123,0.197514,10000.000000,0.000000,10.000000
2017-08,10000.000000,4150000.000000,15366394.278518,4814795.434145,5127993.734850,25309183.447513,0.011083,0.600000,0.200000,0.200000,0.607147,0.190239,0.202614,10000.000000,0.000000,10.000000
2017-09,10000.000000,4160000.000000,15626534.213521,4829934.996836,5253943.183986,25710412.394343,0.015452,0.600000,0.200000,0.200000,0.607790,0.187859,0.204351,10000.000000,0.000000,10.000000
2017-10,10000.000000,4170000.000000,16060046.358778,4772790.933302,5119942.664856,25952779.956936,0.009034,0.600000,0.200000,0.200000,0.618818,0.183903,0.197279,10000.000000,0.000000,10.000000
2017-11,10000.000000,4180000.000000,16321420.964752,4788381.390830,5129943.724385,26239746.079966,0.010668,0.600000,0.200000,0.200000,0.622011,0.182486,0.195503,10000.000000,0.000000,10.000000
2017-12,10000.000000,4190000.000000,16798213.463048,4778734.967545,5059886.433011,26636834.863603,0.014746,0.600000,0.200000,0.200000,0.630638,0.179403,0.189958,10000.000000,0.000000,10.000000
2018-01,10000.000000,4200000.000000,16764392.835901,5256238.638957,5611511.302485,27632142.777342,0.036977,0.600000,0.200000,0.200000,0.606699,0.190222,0.203079,826112.544886,816112.544886,1642.225090
2018-02,10000.000000,4210000.000000,16286278.361931,5143196.192059,5613509.271705,27042983.825694,-0.021676,0.600000,0.200000,0.200000,0.602237,0.190186,0.207577,10000.000000,0.000000,10.000000
2018-03,10000.000000,4220000.000000,16302793.563203,5166296.378409,5590193.107226,27059283.048838,0.000233,0.600000,0.200000,0.200000,0.602484,0.190925,0.206591,10000.000000,0.000000,10.000000
2018-04,10000.000000,4230000.000000,16037413.880191,5167227.112951,5634396.257806,26839037.250948,-0.008506,0.600000,0.200000,0.200000,0.597541,0.192527,0.209933,10000.000000,0.000000,10.000000
2018-05,10000.000000,4240000.000000,16358118.763352,5133078.708533,5501289.565079,26992487.036964,0.005343,0.600000,0.200000,0.200000,0.606025,0.190167,0.203808,10000.000000,0.000000,10.000000
2018-06,10000.000000,4250000.000000,16709881.495309,5178599.971916,5414592.968089,27303074.435314,0.011132,0.600000,0.200000,0.200000,0.612015,0.189671,0.198314,10000.000000,0.000000,10.000000
2018-07,10000.000000,4260000.000000,16980110.237930,5202039.379064,5230686.161606,27412835.778600,0.003653,0.600000,0.200000,0.200000,0.619422,0.189767,0.190812,10000.000000,0.000000,10.000000
2018-08,10000.000000,4270000.000000,17402400.330992,5216570.520949,5080522.190821,27699493.042762,0.010089,0.600000,0.200000,0.200000,0.628257,0.188327,0.183416,10000.000000,0.000000,10.000000
2018-09,10000.000000,4280000.000000,17700811.199386,5182212.018021,5065606.796187,27948630.013594,0.008630,0.600000,0.200000,0.200000,0.633334,0.185419,0.181247,10000.000000,0.000000,10.000000
2018-10,10000.000000,4290000.000000,17025272.425822,5131378.240892,5139515.920001,27296166.586715,-0.023694,0.600000,0.200000,0.200000,0.623724,0.187989,0.188287,10000.000000,0.000000,10.000000
2018-11,10000.000000,4300000.000000,16677678.708825,5159900.003278,5166904.221611,27004482.933714,-0.011048,0.600000,0.200000,0.200000,0.617589,0.191076,0.191335,10000.000000,0.000000,10.000000
2018-12,10000.000000,4310000.000000,15755641.246309,5303968.910450,5291669.010329,26351279.167088,-0.024550,0.600000,0.200000,0.200000,0.597908,0.201279,0.200813,10000.000000,0.000000,10.000000
2019-01,10000.000000,4320000.000000,16091215.607231,5339359.472368,5449378.770822,26879953.850421,0.019676,0.600000,0.200000,0.200000,0.598633,0.198637,0.202730,65126.253944,55126.253944,120.252508
2019-02,10000.000000,4330000.000000,17035500.355409,5367293.301881,5569518.053582,27972311.710872,0.040251,0.600000,0.200000,0.200000,0.609013,0.191879,0.199108,10000.000000,0.000000,10.000000
2019-03,10000.000000,4340000.000000,17373466.322729,5432695.519448,5491319.994583,28297481.836760,0.011263,0.600000,0.200000,0.200000,0.613958,0.191985,0.194057,10000.000000,0.000000,10.000000
2019-04,10000.000000,4350000.000000,18026535.720631,5465293.587533,5429982.349092,28921811.657256,0.021702,0.600000,0.200000,0.200000,0.623285,0.188968,0.187747,10000.000000,0.000000,10.000000
2019-05,10000.000000,4360000.000000,17756309.184743,5541210.356338,5423532.601231,28721052.142311,-0.007285,0.600000,0.200000,0.200000,0.618233,0.192932,0.188835,10000.000000,0.000000,10.000000
2019-06,10000.000000,4370000.000000,18011818.776278,5717529.250050,5742442.526674,29471790.553002,0.025782,0.600000,0.200000,0.200000,0.611155,0.194000,0.194845,10000.000000,0.000000,10.000000
2019-07,10000.000000,4380000.000000,18707416.336727,5734499.888621,5972696.499021,30414612.724369,0.031641,0.600000,0.200000,0.200000,0.615080,0.188544,0.196376,10000.000000,0.000000,10.000000
2019-08,10000.000000,4390000.000000,18126854.437231,5971369.391293,6342563.229191,30440787.057715,0.000532,0.600000,0.200000,0.200000,0.595479,0.196163,0.208357,10000.000000,0.000000,10.000000
2019-09,10000.000000,4400000.000000,18692288.019673,5943470.964595,6391087.906230,31026846.890499,0.018918,0.600000,0.200000,0.200000,0.602455,0.191559,0.205986,10000.000000,0.000000,10.000000
2019-10,10000.000000,4410000.000000,18700114.987712,5948489.822893,6325389.396434,30973994.207039,-0.002025,0.600000,0.200000,0.200000,0.603736,0.192048,0.204216,10000.000000,0.000000,10.000000
2019-11,10000.000000,4420000.000000,19535480.206408,5905172.913846,6225810.578120,31666463.698374,0.022027,0.600000,0.200000,0.200000,0.616914,0.186480,0.196606,10000.000000,0.000000,10.000000
2019-12,10000.000000,4430000.000000,20024015.564021,5889446.464124,6261678.424632,32175140.452777,0.015743,0.600000,0.200000,0.200000,0.622344,0.183043,0.194612,10000.000000,0.000000,10.000000
2020-01,10000.000000,4440000.000000,19956412.221214,6505051.945767,6793609.774918,33255073.941899,0.033243,0.600000,0.200000,0.200000,0.600101,0.195611,0.204288,728931.292355,718931.292355,1447.862585
2020-02,10000.000000,4450000.000000,19986775.726843,6671945.663998,6952328.988953,33611050.379794,0.010401,0.600000,0.200000,0.200000,0.594649,0.198505,0.206847,10000.000000,0.000000,10.000000
2020-03,10000.000000,4460000.000000,16210595.772253,7080931.042363,6932553.826983,30224080.641600,-0.101037,0.600000,0.200000,0.200000,0.536347,0.234281,0.229372,10000.000000,0.000000,10.000000
2020-04,10000.000000,4470000.000000,16916922.352280,7230614.916812,7330936.046650,31478473.315741,0.041159,0.600000,0.200000,0.200000,0.537412,0.229700,0.232887,10000.000000,0.000000,10.000000
2020-05,10000.000000,4480000.000000,17919230.869096,7229662.509542,7476716.708952,32625610.087590,0.036113,0.600000,0.200000,0.200000,0.549238,0.221595,0.229167,10000.000000,0.000000,10.000000
2020-06,10000.000000,4490000.000000,19091847.800678,7194262.991834,7548446.025385,33834556.817898,0.036737,0.600000,0.200000,0.200000,0.564271,0.212631,0.223099,10000.000000,0.000000,10.000000
2020-07,10000.000000,4500000.000000,19761766.226887,7276659.147095,8051772.347689,35090197.721672,0.036805,0.600000,0.200000,0.200000,0.563171,0.207370,0.229459,10000.000000,0.000000,10.000000
2020-08,10000.000000,4510000.000000,20932774.554135,7261479.733868,8585746.209729,36780000.497733,0.047857,0.600000,0.200000,0.200000,0.569135,0.197430,0.233435,10000.000000,0.000000,10.000000
2020-09,10000.000000,4520000.000000,20807482.153772,7246550.006737,8382754.600916,36436786.761425,-0.009601,0.600000,0.200000,0.200000,0.571057,0.198880,0.230063,10000.000000,0.000000,10.000000
2020-10,10000.000000,4530000.000000,21172717.254666,7176747.887969,8288776.987790,36638242.130425,0.005253,0.600000,0.200000,0.200000,0.577886,0.195881,0.226233,10000.000000,0.000000,10.000000
2020-11,10000.000000,4540000.000000,22016142.506592,7129021.484017,8142413.467421,37287577.458029,0.017445,0.600000,0.200000,0.200000,0.590442,0.191190,0.218368,10000.000000,0.000000,10.000000
2020-12,10000.000000,4550000.000000,22960297.239109,7095747.409981,8109494.156513,38165538.805604,0.023271,0.600000,0.200000,0.200000,0.601598,0.185920,0.212482,10000.000000,0.000000,10.000000
2021-01,10000.000000,4560000.000000,23544926.759962,7533383.569288,7671873.617307,38750183.946557,0.015053,0.600000,0.200000,0.200000,0.607608,0.194409,0.197983,547360.351140,537360.351140,1084.720702
2021-02,10000.000000,4570000.000000,24137698.702507,7416093.293843,7431365.782921,38985157.779271,0.005804,0.600000,0.200000,0.200000,0.619151,0.190229,0.190620,10000.000000,0.000000,10.000000
2021-03,10000.000000,4580000.000000,24341998.660981,7188791.807061,7063340.240282,38594130.708324,-0.010284,0.600000,0.200000,0.200000,0.630718,0.186266,0.183016,10000.000000,0.000000,10.000000
2021-04,10000.000000,4590000.000000,25814103.304755,7180768.140416,7238064.950151,40232936.395321,0.042193,0.600000,0.200000,0.200000,0.641616,0.178480,0.179904,10000.000000,0.000000,10.000000
2021-05,10000.000000,4600000.000000,26016389.527675,7205694.320392,7610293.626776,40832377.474843,0.014647,0.600000,0.200000,0.200000,0.637151,0.176470,0.186379,10000.000000,0.000000,10.000000
2021-06,10000.000000,4610000.000000,26493498.366065,7283540.545935,7550570.463988,41327609.375987,0.011881,0.600000,0.200000,0.200000,0.641061,0.176239,0.182700,10000.000000,0.000000,10.000000
2021-07,10000.000000,4620000.000000,27312549.632735,7429789.245762,7441440.897275,42183779.775772,0.020470,0.600000,0.200000,0.200000,0.647466,0.176129,0.176405,10000.000000,0.000000,10.000000
2021-08,10000.000000,4630000.000000,27915497.582237,7467564.852544,7348749.357528,42731811.792308,0.012751,0.600000,0.200000,0.200000,0.653272,0.174754,0.171974,10000.000000,0.000000,10.000000
2021-09,10000.000000,4640000.000000,27897897.668919,7415393.534523,7309566.985279,42622858.188721,-0.002783,0.600000,0.200000,0.200000,0.654529,0.173977,0.171494,10000.000000,0.000000,10.000000
2021-10,10000.000000,4650000.000000,28030065.822484,7283405.067748,7319803.649555,42633274.539788,0.000010,0.600000,0.200000,0.200000,0.657469,0.170839,0.171692,10000.000000,0.000000,10.000000
2021-11,10000.000000,4660000.000000,29366298.486929,7308334.967762,7507216.169550,44181849.624242,0.036080,0.600000,0.200000,0.200000,0.664669,0.165415,0.169916,10000.000000,0.000000,10.000000
2021-12,10000.000000,4670000.000000,29450247.077824,7380342.548096,7377329.235471,44207918.861390,0.000364,0.600000,0.200000,0.200000,0.666176,0.166946,0.166878,10000.000000,0.000000,10.000000
2022-01,10000.000000,4680000.000000,25982908.333227,8620839.751115,8970848.840023,43574596.924365,-0.014549,0.600000,0.200000,0.200000,0.596286,0.197841,0.205873,2935495.760989,2925495.760989,5860.991522
2022-02,10000.000000,4690000.000000,25234556.286831,8503758.107627,9170486.562832,42908800.957290,-0.015505,0.600000,0.200000,0.200000,0.588097,0.198182,0.213720,10000.000000,0.000000,10.000000
2022-03,10000.000000,4700000.000000,25015257.291394,8368086.975545,9627155.030981,43010499.297920,0.002137,0.600000,0.200000,0.200000,0.581608,0.194559,0.223833,10000.000000,0.000000,10.000000
2022-04,10000.000000,4710000.000000,25050852.116190,7937196.954721,9574778.700137,42562827.771048,-0.010638,0.600000,0.200000,0.200000,0.588562,0.186482,0.224956,10000.000000,0.000000,10.000000
2022-05,10000.000000,4720000.000000,23084188.380300,7855394.186371,9141693.153561,40081275.720232,-0.058524,0.600000,0.200000,0.200000,0.575934,0.195987,0.228079,10000.000000,0.000000,10.000000
2022-06,10000.000000,4730000.000000,22312185.471194,7716754.963102,9084348.410514,39113288.844810,-0.024394,0.600000,0.200000,0.200000,0.570450,0.197292,0.232257,10000.000000,0.000000,10.000000
2022-07,10000.000000,4740000.000000,22421889.000264,7897610.931022,8571931.327142,38891431.258428,-0.005926,0.600000,0.200000,0.200000,0.576525,0.203068,0.220407,10000.000000,0.000000,10.000000
2022-08,10000.000000,4750000.000000,23873897.232970,7918699.648189,8732247.496040,40524844.377199,0.041731,0.600000,0.200000,0.200000,0.589118,0.195404,0.215479,10000.000000,0.000000,10.000000
2022-09,10000.000000,4760000.000000,22142055.174066,7531753.259597,8318564.525610,37992372.959272,-0.062723,0.600000,0.200000,0.200000,0.582803,0.198244,0.218954,10000.000000,0.000000,10.000000
2022-10,10000.000000,4770000.000000,21463414.381623,7274176.479600,8236416.239602,36974007.100825,-0.027061,0.600000,0.200000,0.200000,0.580500,0.196738,0.222762,10000.000000,0.000000,10.000000
2022-11,10000.000000,4780000.000000,22604087.001085,7353763.271509,8540423.147863,38498273.420457,0.040944,0.600000,0.200000,0.200000,0.587145,0.191015,0.221839,10000.000000,0.000000,10.000000
2022-12,10000.000000,4790000.000000,22612531.384089,7543850.091839,8903926.274058,39060307.749985,0.014335,0.600000,0.200000,0.200000,0.578913,0.193133,0.227953,10000.000000,0.000000,10.000000
2023-01,10000.000000,4800000.000000,23763521.652036,7895603.100159,8248195.798371,39907320.550567,0.021423,0.600000,0.200000,0.200000,0.595468,0.197848,0.206684,1101864.724060,1091864.724060,2193.729448
2023-02,10000.000000,4810000.000000,24517535.700878,7778044.787633,8063282.044979,40358862.533490,0.011061,0.600000,0.200000,0.200000,0.607488,0.192722,0.199790,10000.000000,0.000000,10.000000
2023-03,10000.000000,4820000.000000,23889491.669710,7862149.620522,8317455.948522,40069097.238754,-0.007426,0.600000,0.200000,0.200000,0.596207,0.196215,0.207578,10000.000000,0.000000,10.000000
2023-04,10000.000000,4830000.000000,24850402.125527,8019214.337438,8697808.575019,41567425.037984,0.037135,0.600000,0.200000,0.200000,0.597834,0.192921,0.209246,10000.000000,0.000000,10.000000
2023-05,10000.000000,4840000.000000,25039760.538744,7971196.138244,8665007.256653,41675963.933641,0.002370,0.600000,0.200000,0.200000,0.600820,0.191266,0.207914,10000.000000,0.000000,10.000000
2023-06,10000.000000,4850000.000000,26283562.555005,7878969.328431,8453810.804045,42616342.687481,0.022319,0.600000,0.200000,0.200000,0.616748,0.184881,0.198370,10000.000000,0.000000,10.000000
2023-07,10000.000000,4860000.000000,27308550.634755,7809142.785072,8490624.260228,43608317.680056,0.023037,0.600000,0.200000,0.200000,0.626223,0.179075,0.194702,10000.000000,0.000000,10.000000
2023-08,10000.000000,4870000.000000,27043241.841164,7666659.959647,8353327.595909,43063229.396719,-0.012726,0.600000,0.200000,0.200000,0.627989,0.178033,0.193978,10000.000000,0.000000,10.000000
2023-09,10000.000000,4880000.000000,27439343.693988,7566888.336811,8342263.691961,43348495.722761,0.006391,0.600000,0.200000,0.200000,0.632994,0.174559,0.192446,10000.000000,0.000000,10.000000
2023-10,10000.000000,4890000.000000,25984147.328403,7348004.076524,8344261.767480,41676413.172407,-0.038795,0.600000,0.200000,0.200000,0.623474,0.176311,0.200215,10000.000000,0.000000,10.000000
2023-11,10000.000000,4900000.000000,27185038.090408,7554235.725140,8642473.615616,43381747.431163,0.040669,0.600000,0.200000,0.200000,0.626647,0.174134,0.199219,10000.000000,0.000000,10.000000
2023-12,10000.000000,4910000.000000,28598526.370602,7878803.265270,8827469.468784,45304799.104656,0.044088,0.600000,0.200000,0.200000,0.631247,0.173907,0.194846,10000.000000,0.000000,10.000000
2024-01,10000.000000,4920000.000000,27916104.708098,9063400.025101,9098175.955858,46077680.689057,0.016835,0.600000,0.200000,0.200000,0.605849,0.196698,0.197453,1425646.907809,1415646.907809,2841.293816
2024-02,10000.000000,4930000.000000,29164637.903173,8986754.007531,9050959.694421,47202351.605125,0.024186,0.600000,0.200000,0.200000,0.617864,0.190388,0.191748,10000.000000,0.000000,10.000000
2024-03,10000.000000,4940000.000000,30132212.137032,9020287.612300,9657085.006008,48809584.755340,0.033831,0.600000,0.200000,0.200000,0.617342,0.184806,0.197852,10000.000000,0.000000,10.000000
2024-04,10000.000000,4950000.000000,29839382.034932,8818312.995232,10433420.997910,49091116.028075,0.005562,0.600000,0.200000,0.200000,0.607837,0.179632,0.212532,10000.000000,0.000000,10.000000
2024-05,10000.000000,4960000.000000,30601226.816092,8895682.610335,10524954.870900,50021864.297327,0.018752,0.600000,0.200000,0.200000,0.611757,0.177836,0.210407,10000.000000,0.000000,10.000000
2024-06,10000.000000,4970000.000000,31699376.318298,9051919.548826,10415011.572326,51166307.439450,0.022674,0.600000,0.200000,0.200000,0.619536,0.176912,0.203552,10000.000000,0.000000,10.000000
2024-07,10000.000000,4980000.000000,32466487.018771,9130024.016589,10739462.129328,52335973.164688,0.022660,0.600000,0.200000,0.200000,0.620347,0.174450,0.205202,10000.000000,0.000000,10.000000
2024-08,10000.000000,4990000.000000,32164686.184505,9447908.328410,11063972.630966,52676567.143881,0.006316,0.600000,0.200000,0.200000,0.610607,0.179357,0.210036,10000.000000,0.000000,10.000000
2024-09,10000.000000,5000000.000000,33053129.232262,9597042.430040,11518465.701142,54168637.363444,0.028130,0.600000,0.200000,0.200000,0.610189,0.177170,0.212641,10000.000000,0.000000,10.000000
2024-10,10000.000000,5010000.000000,34108703.345822,9334019.880852,12053693.876342,55496417.103015,0.024323,0.600000,0.200000,0.200000,0.614611,0.168191,0.217198,10000.000000,0.000000,10.000000
2024-11,10000.000000,5020000.000000,34970064.554744,9174168.613944,11880906.598268,56025139.766956,0.009345,0.600000,0.200000,0.200000,0.624185,0.163751,0.212064,10000.000000,0.000000,10.000000
2024-12,10000.000000,5030000.000000,35499843.673242,9187565.610988,11869457.188799,56556866.473030,0.009311,0.600000,0.200000,0.200000,0.627684,0.162448,0.209868,10000.000000,0.000000,10.000000
2025-01,10000.000000,5040000.000000,33805056.430202,11139955.700045,11577392.025039,56522404.155286,-0.000786,0.600000,0.200000,0.200000,0.598082,0.197089,0.204828,2133807.683618,2123807.683618,4257.615367
2025-02,10000.000000,5050000.000000,34190178.153500,11344339.742109,12369864.907513,57904382.803122,0.024269,0.600000,0.200000,0.200000,0.590459,0.195915,0.213626,10000.000000,0.000000,10.000000
2025-03,10000.000000,5060000.000000,32232563.749556,11542960.172343,12747933.253185,56523457.175084,-0.024017,0.600000,0.200000,0.200000,0.570251,0.204215,0.225534,10000.000000,0.000000,10.000000
2025-04,10000.000000,5070000.000000,30497361.908899,11586135.186011,13754367.374426,55837864.469337,-0.012304,0.600000,0.200000,0.200000,0.546177,0.207496,0.246327,10000.000000,0.000000,10.000000
2025-05,10000.000000,5080000.000000,33051193.829171,11500340.719327,14145373.313437,58696907.861935,0.051014,0.600000,0.200000,0.200000,0.563082,0.195928,0.240990,10000.000000,0.000000,10.000000
2025-06,10000.000000,5090000.000000,34346765.969065,11581394.564389,14335489.484828,60263650.018282,0.026517,0.600000,0.200000,0.200000,0.569942,0.192179,0.237880,10000.000000,0.000000,10.000000
2025-07,10000.000000,5100000.000000,35916567.653174,11616439.598462,14281898.948086,61814906.199722,0.025571,0.600000,0.200000,0.200000,0.581034,0.187923,0.231043,10000.000000,0.000000,10.000000
2025-08,10000.000000,5110000.000000,36611441.985975,11782073.887369,14403641.828517,62797157.701861,0.015726,0.600000,0.200000,0.200000,0.583011,0.187621,0.229368,10000.000000,0.000000,10.000000
2025-09,10000.000000,5120000.000000,37665946.047687,11959101.657604,15688802.140730,65313849.846022,0.039911,0.600000,0.200000,0.200000,0.576692,0.183102,0.240206,10000.000000,0.000000,10.000000
2025-10,10000.000000,5130000.000000,38589393.673067,12060274.328882,17360535.251477,68010203.253426,0.041124,0.600000,0.200000,0.200000,0.567406,0.177330,0.255264,10000.000000,0.000000,10.000000
2025-11,10000.000000,5140000.000000,38676040.395308,12073825.438330,17485189.963922,68235055.797560,0.003159,0.600000,0.200000,0.200000,0.566806,0.176945,0.256249,10000.000000,0.000000,10.000000
2025-12,10000.000000,5150000.000000,39376511.477212,12068280.867870,18437066.414483,69881858.759566,0.023984,0.600000,0.200000,0.200000,0.563473,0.172695,0.263832,10000.000000,0.000000,10.000000
2026-01,10000.000000,5160000.000000,42450557.540712,13946154.114730,15416734.937782,71813446.593224,0.027494,0.600000,0.200000,0.200000,0.591123,0.194200,0.214678,4470694.662570,4460694.662570,8931.389325
2026-02,10000.000000,5170000.000000,42296142.286107,14087133.513714,16284880.876499,72668156.676320,0.011761,0.600000,0.200000,0.200000,0.582045,0.193856,0.224099,10000.000000,0.000000,10.000000
2026-03,10000.000000,5180000.000000,40888920.650293,14001965.358594,15754797.385594,70645683.394481,-0.027965,0.600000,0.200000,0.200000,0.578789,0.198200,0.223011,10000.000000,0.000000,10.000000
2026-04,10000.000000,5190000.000000,42808376.478210,13975167.866939,15318745.850704,72102290.195854,0.020474,0.600000,0.200000,0.200000,0.593717,0.193824,0.212459,10000.000000,0.000000,10.000000
2026-05,10000.000000,5200000.000000,45674240.337483,13849996.781062,14885882.493947,74410119.612492,0.031865,0.600000,0.200000,0.200000,0.613818,0.186131,0.200052,10000.000000,0.000000,10.000000
2026-06,10000.000000,5210000.000000,45971398.641705,13914707.887457,13722685.588490,73608792.117652,-0.010902,0.600000,0.200000,0.200000,0.624537,0.189036,0.186427,10000.000000,0.000000,10.000000
2026-07,10000.000000,5220000.000000,46231203.694486,13825774.935933,13221531.877984,73278510.508403,-0.004622,0.600000,0.200000,0.200000,0.630897,0.188674,0.180429,10000.000000,0.000000,10.000000
