start,Strategy,XIRR,Worst wealth drop
1983-02,Equity SIP,0.14757669484888286,-0.22843824133908885
1983-02,Equal-weight SIP,0.09607627154442998,-0.06191342862615845
1983-02,60/20/20 annual rebal,0.11013817064539488,-0.1290795432197419
1983-02,Risk-parity SIP,0.09877487478534375,-0.049080575288961814
1983-02,Max-Sharpe SIP,0.11542407267324585,-0.07056882632091865
1983-02,Optimized SIP,0.10663423262377945,-0.059104253647842
1983-03,Equity SIP,0.14837870538919656,-0.2275832272551358
1983-03,Equal-weight SIP,0.09802071199764943,-0.060668696984524706
1983-03,60/20/20 annual rebal,0.11143011590388485,-0.12621721600551694
1983-03,Risk-parity SIP,0.10070744151502663,-0.048138441763983075
1983-03,Max-Sharpe SIP,0.11839738968352163,-0.0696959254468168
1983-03,Optimized SIP,0.10907619426915507,-0.058201762058722295
1983-04,Equity SIP,0.14998205808827988,-0.2267005565482192
1983-04,Equal-weight SIP,0.10009202235158327,-0.05941059328958398
1983-04,60/20/20 annual rebal,0.11267900210717356,-0.12126636678789715
1983-04,Risk-parity SIP,0.10262206628983164,-0.04716180065306963
1983-04,Max-Sharpe SIP,0.12101410251701912,-0.0687879359789827
1983-04,Optimized SIP,0.11133146902266866,-0.057270272671453015
1983-05,Equity SIP,0.14517107959507652,-0.225804706696202
1983-05,Equal-weight SIP,0.09896577652246881,-0.058214028758837744
1983-05,60/20/20 annual rebal,0.11081121573257492,-0.11881165560276918
1983-05,Risk-parity SIP,0.10262127590868544,-0.04614096904745868
1983-05,Max-Sharpe SIP,0.12013349913537476,-0.0678273264831658
1983-05,Optimized SIP,0.11088203784960342,-0.05629055972328101
1983-06,Equity SIP,0.14432976179633897,-0.22500354232550157
1983-06,Equal-weight SIP,0.10046035045505478,-0.057029807470132754
1983-06,60/20/20 annual rebal,0.11283191552271181,-0.11944207061286627
1983-06,Risk-parity SIP,0.10514480496452518,-0.045101544914715186
1983-06,Max-Sharpe SIP,0.12005740442082195,-0.0668454111447111
1983-06,Optimized SIP,0.11211121816799717,-0.05529046248697156
1983-07,Equity SIP,0.14384294025605746,-0.2243504625342495
1983-07,Equal-weight SIP,0.1008970165514739,-0.05587192535998298
1983-07,60/20/20 annual rebal,0.1134877799605274,-0.11911436727069424
1983-07,Risk-parity SIP,0.10568735342278551,-0.04403711497482066
1983-07,Max-Sharpe SIP,0.12042715498701023,-0.06574639359315149
1983-07,Optimized SIP,0.1125559118555176,-0.05426392447772943
1983-08,Equity SIP,0.1418812181229386,-0.22367508279834403
1983-08,Equal-weight SIP,0.10252885412743207,-0.05472747181163429
1983-08,60/20/20 annual rebal,0.11436529212387167,-0.1155779963250968
1983-08,Risk-parity SIP,0.10840735689252369,-0.04290660523538892
1983-08,Max-Sharpe SIP,0.12177414244480474,-0.0645303640314514
1983-08,Optimized SIP,0.11458144737525122,-0.053169043292344176
1983-09,Equity SIP,0.14306325828976751,-0.22296890395328706
1983-09,Equal-weight SIP,0.10202651499882161,-0.05356399837494541
1983-09,60/20/20 annual rebal,0.11376499277237698,-0.11300121241209171
1983-09,Risk-parity SIP,0.10688552315937709,-0.04170470521817682
1983-09,Max-Sharpe SIP,0.12191176563981083,-0.06322621316116339
1983-09,Optimized SIP,0.11388379204237921,-0.051902579330456944
1983-10,Equity SIP,0.14338882028178673,-0.22220553891799044
1983-10,Equal-weight SIP,0.10110040924927023,-0.05228647873631587
1983-10,60/20/20 annual rebal,0.11391472831414272,-0.10852515350908853
1983-10,Risk-parity SIP,0.10470245832870809,-0.04042760372015053
1983-10,Max-Sharpe SIP,0.12311343248177273,-0.06184138841426512
1983-10,Optimized SIP,0.11340142928618524,-0.05053051961874255
1983-11,Equity SIP,0.14356558721252927,-0.22142509690863976
1983-11,Equal-weight SIP,0.10180781811013888,-0.05100816136201447
1983-11,60/20/20 annual rebal,0.1149857270614853,-0.10871870977333686
1983-11,Risk-parity SIP,0.10553732839821216,-0.03910955542935468
1983-11,Max-Sharpe SIP,0.12316675746954636,-0.060428608698452124
1983-11,Optimized SIP,0.11383226377572836,-0.0491110668259076
1983-12,Equity SIP,0.14143744341364775,-0.2206057016901498
1983-12,Equal-weight SIP,0.0993173558900136,-0.04968527528552669
1983-12,60/20/20 annual rebal,0.11211734425757658,-0.11964433183443302
1983-12,Risk-parity SIP,0.10323267268084114,-0.037725827551089997
1983-12,Max-Sharpe SIP,0.1186644571053526,-0.05889558094006253
1983-12,Optimized SIP,0.1104599865848105,-0.04761803158069866
1984-01,Equity SIP,0.14088513243583875,-0.21972833184824425
1984-01,Equal-weight SIP,0.09929924562326202,-0.04827490143359636
1984-01,60/20/20 annual rebal,0.11165070529866628,-0.12070356480449718
1984-01,Risk-parity SIP,0.10337384001801267,-0.03625362873742455
1984-01,Max-Sharpe SIP,0.11775825658014366,-0.057268616552939244
1984-01,Optimized SIP,0.11010351960089297,-0.046026432311629284
1984-02,Equity SIP,0.14186024615150541,-0.21879651739519113
1984-02,Equal-weight SIP,0.09978935278907845,-0.04677498615017406
1984-02,60/20/20 annual rebal,0.11275264933198423,-0.1185546142276559
1984-02,Risk-parity SIP,0.10358616576566093,-0.034888595324485294
1984-02,Max-Sharpe SIP,0.1176487692462699,-0.05556158776915865
1984-02,Optimized SIP,0.11008996835251338,-0.04429566904250282
1984-03,Equity SIP,0.1394871510035785,-0.21782217511836788
1984-03,Equal-weight SIP,0.09668139752790515,-0.045236183182297274
1984-03,60/20/20 annual rebal,0.10996911564569636,-0.11525774485442164
1984-03,Risk-parity SIP,0.10011003154692995,-0.03376782544321977
1984-03,Max-Sharpe SIP,0.11392820154730948,-0.05375794014411395
1984-03,Optimized SIP,0.10657957206467567,-0.04253041669906876
1984-04,Equity SIP,0.13438322540499398,-0.21672816606278023
1984-04,Equal-weight SIP,0.09169571137457361,-0.04344718811444248
1984-04,60/20/20 annual rebal,0.10486116119719092,-0.10981536692909
1984-04,Risk-parity SIP,0.09537461335992853,-0.032565777593471346
1984-04,Max-Sharpe SIP,0.10784186844953106,-0.051815066858519554
1984-04,Optimized SIP,0.10103186394955978,-0.04063191283687384
1984-05,Equity SIP,0.12557667060710087,-0.21556349239250494
1984-05,Equal-weight SIP,0.08439495329172808,-0.041562444524403164
1984-05,60/20/20 annual rebal,0.09721696412974805,-0.10679153750748394
1984-05,Risk-parity SIP,0.08843896530907909,-0.03604950808803686
1984-05,Max-Sharpe SIP,0.10047377853773506,-0.04995093652405658
1984-05,Optimized SIP,0.09382805912178277,-0.04130640157962573
1984-06,Equity SIP,0.12512490773927307,-0.21432192158254193
1984-06,Equal-weight SIP,0.0832593280458738,-0.03959009769742827
1984-06,60/20/20 annual rebal,0.09667162579736797,-0.1067215045433677
1984-06,Risk-parity SIP,0.08710467209312954,-0.03580507764225094
1984-06,Max-Sharpe SIP,0.098204135882213,-0.04818299169873541
1984-06,Optimized SIP,0.09204011432429389,-0.041065420310963274
1984-07,Equity SIP,0.12471666666484682,-0.21298511875653303
1984-07,Equal-weight SIP,0.08362200206665486,-0.03750188696857437
1984-07,60/20/20 annual rebal,0.09715235416093963,-0.10557407920357487
1984-07,Risk-parity SIP,0.08749207564926878,-0.03554880090789814
1984-07,Max-Sharpe SIP,0.09833136248519891,-0.04624997896410932
1984-07,Optimized SIP,0.09229761186875576,-0.04082617458890303
1984-08,Equity SIP,0.12115986783832389,-0.21151730772684307
1984-08,Equal-weight SIP,0.08064485703988004,-0.036137173512669096
1984-08,60/20/20 annual rebal,0.09395768344296238,-0.1011375645373005
1984-08,Risk-parity SIP,0.08453341797996537,-0.03528417499591763
1984-08,Max-Sharpe SIP,0.0949724989221602,-0.04430769585719818
1984-08,Optimized SIP,0.0891369303227777,-0.04058129242635378
1984-09,Equity SIP,0.12420924000292287,-0.2099145202840954
1984-09,Equal-weight SIP,0.08123593287156453,-0.035837243106810246
1984-09,60/20/20 annual rebal,0.09521573418891459,-0.09761354111324116
1984-09,Risk-parity SIP,0.08407680255542449,-0.03501164382244826
1984-09,Max-Sharpe SIP,0.09475310100514428,-0.04406228042763827
1984-09,Optimized SIP,0.08896265930481528,-0.040326653583828254
1984-10,Equity SIP,0.1233282528887947,-0.20832645650509896
1984-10,Equal-weight SIP,0.08080566823627305,-0.03554615404763506
1984-10,60/20/20 annual rebal,0.09657942691119324,-0.09223919674870396
1984-10,Risk-parity SIP,0.08379505267078577,-0.03475047943409426
1984-10,Max-Sharpe SIP,0.09299127065319139,-0.04381984922104032
1984-10,Optimized SIP,0.08793944253807555,-0.04007607516908562
1984-11,Equity SIP,0.12009183889805777,-0.2066335590053039
1984-11,Equal-weight SIP,0.07756927920424787,-0.03525242255680372
1984-11,60/20/20 annual rebal,0.09391219197638175,-0.09137666728253113
1984-11,Risk-parity SIP,0.08038103751996158,-0.03448475391216932
1984-11,Max-Sharpe SIP,0.08913908970196156,-0.043576320327776585
1984-11,Optimized SIP,0.08432405662246698,-0.03981582957022012
1984-12,Equity SIP,0.1169512851758098,-0.20479084923577273
1984-12,Equal-weight SIP,0.07424534531288546,-0.03495568774114388
1984-12,60/20/20 annual rebal,0.0896487458929743,-0.10089455290571991
1984-12,Risk-parity SIP,0.07675193530901593,-0.03421495619476922
1984-12,Max-Sharpe SIP,0.08550103497097078,-0.04332707116519241
1984-12,Optimized SIP,0.08072698384685997,-0.03954401171931177
1985-01,Equity SIP,0.11257924756391437,-0.2028127598651822
1985-01,Equal-weight SIP,0.072243768300091,-0.0346603333397133
1985-01,60/20/20 annual rebal,0.08603535567478629,-0.10043738936799862
1985-01,Risk-parity SIP,0.07555868347304712,-0.03388986765165769
1985-01,Max-Sharpe SIP,0.0847365569114771,-0.04307891406152409
1985-01,Optimized SIP,0.07941989680151944,-0.03927065031699861
1985-02,Equity SIP,0.11465202081812954,-0.20063929320103424
1985-02,Equal-weight SIP,0.07296607165895211,-0.0343590992769377
1985-02,60/20/20 annual rebal,0.08725944644989159,-0.09691393546422467
1985-02,Risk-parity SIP,0.07563254883705964,-0.0336200959262839
1985-02,Max-Sharpe SIP,0.0847401938296424,-0.0428186833575499
1985-02,Optimized SIP,0.0795541214428332,-0.038986578763850255
1985-03,Equity SIP,0.1193137268647466,-0.1983695737172525
1985-03,Equal-weight SIP,0.07582800971050674,-0.034057666011214405
1985-03,60/20/20 annual rebal,0.09055993473636018,-0.09218914405284162
1985-03,Risk-parity SIP,0.07760185414668754,-0.0333452634512339
1985-03,Max-Sharpe SIP,0.08714827641945283,-0.04255455369960692
1985-03,Optimized SIP,0.08195393084999218,-0.03869743644463075
1985-04,Equity SIP,0.12179507859011718,-0.19602513132168065
1985-04,Equal-weight SIP,0.07837040482910837,-0.03375297544680089
1985-04,60/20/20 annual rebal,0.0924563178168271,-0.08538328080405111
1985-04,Risk-parity SIP,0.07987394868294816,-0.033066767107379325
1985-04,Max-Sharpe SIP,0.08951751112139364,-0.042288910220179665
1985-04,Optimized SIP,0.08435581033384607,-0.038405327575075865
1985-05,Equity SIP,0.12540845418047636,-0.19344659084010862
1985-05,Equal-weight SIP,0.08121044365016161,-0.033434440589751535
1985-05,60/20/20 annual rebal,0.09559475687731527,-0.08079983596125828
1985-05,Risk-parity SIP,0.08232022707915772,-0.03278017122164867
1985-05,Max-Sharpe SIP,0.0916448153972942,-0.04201386425631637
1985-05,Optimized SIP,0.08661348005072521,-0.038106122312021706
1985-06,Equity SIP,0.1292351857874135,-0.19064156336407712
1985-06,Equal-weight SIP,0.08388724343042529,-0.03311399221837519
1985-06,60/20/20 annual rebal,0.09832165882721454,-0.079536993700135
1985-06,Risk-parity SIP,0.08416043210974303,-0.03249270131864679
1985-06,Max-Sharpe SIP,0.09434829267680132,-0.04173605419643622
1985-06,Optimized SIP,0.08913444757944884,-0.03781785588449571
1985-07,Equity SIP,0.13278047764231277,-0.18763257457052218
1985-07,Equal-weight SIP,0.08762576469231115,-0.0327968631620541
1985-07,60/20/20 annual rebal,0.10206089053168144,-0.07736627271130825
1985-07,Risk-parity SIP,0.08754069910704455,-0.03220105777887916
1985-07,Max-Sharpe SIP,0.09819995200753026,-0.04145675202706034
1985-07,Optimized SIP,0.0929101782312139,-0.03752782324356596
1985-08,Equity SIP,0.13701372331397296,-0.1843903062209158
1985-08,Equal-weight SIP,0.08836719752511171,-0.032483726961430315
1985-08,60/20/20 annual rebal,0.10386968031683629,-0.07238630481141706
1985-08,Risk-parity SIP,0.08708697804813192,-0.03190944339528479
1985-08,Max-Sharpe SIP,0.09757932694179412,-0.041177658520193505
1985-08,Optimized SIP,0.09237295963512586,-0.037238034487554916
1985-09,Equity SIP,0.135698778087067,-0.1808781408266945
1985-09,Equal-weight SIP,0.08622645853845061,-0.0321629758972487
1985-09,60/20/20 annual rebal,0.10221438892428353,-0.0680700270375112
1985-09,Risk-parity SIP,0.08455636826360678,-0.03161073097267397
1985-09,Max-Sharpe SIP,0.09480994063203507,-0.040891713902747706
1985-09,Optimized SIP,0.08970932074777935,-0.036941407402522164
1985-10,Equity SIP,0.14015889947743954,-0.17689366276690976
1985-10,Equal-weight SIP,0.08918204890646701,-0.03183079257279409
1985-10,60/20/20 annual rebal,0.10644350406892082,-0.061516732478038794
1985-10,Risk-parity SIP,0.08666105011011203,-0.0313037998587794
1985-10,Max-Sharpe SIP,0.0972946537329423,-0.04059479045018144
1985-10,Optimized SIP,0.09212722755123018,-0.036635376325765634
1985-11,Equity SIP,0.1393760921630685,-0.17336621713414047
1985-11,Equal-weight SIP,0.08928277929095058,-0.03148716817944941
1985-11,60/20/20 annual rebal,0.1069275018122155,-0.058927433291267706
1985-11,Risk-parity SIP,0.0866891957150127,-0.030983625629890987
1985-11,Max-Sharpe SIP,0.09752199939536478,-0.04028505097970336
1985-11,Optimized SIP,0.09234213089332588,-0.03631638947857452
1985-12,Equity SIP,0.14125855128875936,-0.16999296620416204
1985-12,Equal-weight SIP,0.09053090391411732,-0.031137827361314097
1985-12,60/20/20 annual rebal,0.10769778103400968,-0.06605517375620729
1985-12,Risk-parity SIP,0.08722767586458646,-0.03067681713501158
1985-12,Max-Sharpe SIP,0.0982974205095567,-0.03996930040403912
1985-12,Optimized SIP,0.09316772336409303,-0.035991357685525194
1986-01,Equity SIP,0.14515750815839312,-0.16641215961558742
1986-01,Equal-weight SIP,0.0932339096048187,-0.03079389505464858
1986-01,60/20/20 annual rebal,0.11010964759104709,-0.06340006821990651
1986-01,Risk-parity SIP,0.08927223241630095,-0.030352696058966178
1986-01,Max-Sharpe SIP,0.10047014312174452,-0.03965685019755982
1986-01,Optimized SIP,0.09531611139304356,-0.035662907749196004
1986-02,Equity SIP,0.14324218271189904,-0.16256840644415194
1986-02,Equal-weight SIP,0.09359592475206827,-0.030454930184867002
1986-02,60/20/20 annual rebal,0.11020255642314622,-0.058108258716092265
1986-02,Risk-parity SIP,0.09031869370589715,-0.030029503378165456
1986-02,Max-Sharpe SIP,0.10097225946172773,-0.039347338644970864
1986-02,Optimized SIP,0.09603679965309418,-0.03532327092842724
1986-03,Equity SIP,0.15171750074933144,-0.15823856387848267
1986-03,Equal-weight SIP,0.09691598587367835,-0.030108086922061572
1986-03,60/20/20 annual rebal,0.11503217490636547,-0.05143491856955773
1986-03,Risk-parity SIP,0.0921330976382536,-0.029702863885865738
1986-03,Max-Sharpe SIP,0.10204452567580548,-0.039032089573826645
1986-03,Optimized SIP,0.0973712943256592,-0.03497959105733617
1986-04,Equity SIP,0.1492156702883991,-0.153569895054403
1986-04,Equal-weight SIP,0.09243812217383113,-0.02976682444642975
1986-04,60/20/20 annual rebal,0.11078456388163763,-0.04291187337455893
1986-04,Risk-parity SIP,0.08696184746131187,-0.029377286514718826
1986-04,Max-Sharpe SIP,0.09656557576336654,-0.03871914684942379
1986-04,Optimized SIP,0.09202953669100876,-0.03463810409091317
1986-05,Equity SIP,0.14759906697155736,-0.14855368818560455
1986-05,Equal-weight SIP,0.09012879165332259,-0.029437796946906403
1986-05,60/20/20 annual rebal,0.10877364484635842,-0.03578664497084416
1986-05,Risk-parity SIP,0.08432962696413863,-0.029060332876368555
1986-05,Max-Sharpe SIP,0.09370263217408843,-0.038416070723893414
1986-05,Optimized SIP,0.08928045833416338,-0.03430555401073798
1986-06,Equity SIP,0.15000520045198787,-0.14296617878134577
1986-06,Equal-weight SIP,0.08999026630103406,-0.029111139888421733
1986-06,60/20/20 annual rebal,0.10935226764565145,-0.030962474417912556
1986-06,Risk-parity SIP,0.08331329202089416,-0.028741737255510547
1986-06,Max-Sharpe SIP,0.09234220749403152,-0.03811261698190027
1986-06,Optimized SIP,0.08806759882107938,-0.033971652367528304
1986-07,Equity SIP,0.15041667630380676,-0.13655547699048654
1986-07,Equal-weight SIP,0.08859359846371989,-0.02884662665825144
1986-07,60/20/20 annual rebal,0.10854968695745458,-0.028839891823638886
1986-07,Risk-parity SIP,0.08109480803370382,-0.028411935608379957
1986-07,Max-Sharpe SIP,0.09024352917159985,-0.03779742443605727
1986-07,Optimized SIP,0.08590892939256378,-0.03362496204609722
1986-08,Equity SIP,0.14191083148956019,-0.1293307969280454
1986-08,Equal-weight SIP,0.08449626422159658,-0.02860401344973884
1986-08,60/20/20 annual rebal,0.10335800207840329,-0.02863232104791169
1986-08,Risk-parity SIP,0.07815861325155413,-0.028076756966909033
1986-08,Max-Sharpe SIP,0.08758617135590768,-0.03747746120472217
1986-08,Optimized SIP,0.08317715982970711,-0.033271802386197646
1986-09,Equity SIP,0.14561544312606695,-0.1206819699095445
1986-09,Equal-weight SIP,0.08758152940608421,-0.028358124538006457
1986-09,60/20/20 annual rebal,0.10599712734453944,-0.02863401937756538
1986-09,Risk-parity SIP,0.08080870373299974,-0.027737355666616503
1986-09,Max-Sharpe SIP,0.09035196571231555,-0.03715233192138634
1986-09,Optimized SIP,0.08588553600677276,-0.03291342422975685
1986-10,Equity SIP,0.14742233820341957,-0.11060455061699814
1986-10,Equal-weight SIP,0.08709292160624163,-0.02810684106139172
1986-10,60/20/20 annual rebal,0.10685757712596224,-0.0282107318041922
1986-10,Risk-parity SIP,0.0794373645518754,-0.02739901616642304
1986-10,Max-Sharpe SIP,0.08885314300416396,-0.03682533264821064
1986-10,Optimized SIP,0.08442905204019488,-0.03255449408568667
1986-11,Equity SIP,0.1529148841788593,-0.09807651282586927
1986-11,Equal-weight SIP,0.09077499193830407,-0.027838461652698654
1986-11,60/20/20 annual rebal,0.11144965851270036,-0.027495528164747318
1986-11,Risk-parity SIP,0.0821403162659383,-0.027052330029777805
1986-11,Max-Sharpe SIP,0.09206630352854714,-0.0364861928399105
1986-11,Optimized SIP,0.08736291925264306,-0.03219374524606544
1986-12,Equity SIP,0.16000696532416991,-0.091012009865445
1986-12,Equal-weight SIP,0.09528673932458293,-0.027562722504357984
1986-12,60/20/20 annual rebal,0.11623615987250593,-0.02731419910218469
1986-12,Risk-parity SIP,0.08538523374241554,-0.026694578432103322
1986-12,Max-Sharpe SIP,0.09588678231958128,-0.03613824317398273
1986-12,Optimized SIP,0.09085654295146946,-0.03182570755919156
1987-01,Equity SIP,0.16018009059499413,-0.08959697972233294
1987-01,Equal-weight SIP,0.0939421489271852,-0.02728913147031875
1987-01,60/20/20 annual rebal,0.11496544520399836,-0.027282014586925474
1987-01,Risk-parity SIP,0.08325559465866499,-0.02632915590832574
1987-01,Max-Sharpe SIP,0.09404216171105727,-0.03578546576120012
1987-01,Optimized SIP,0.08884063402907495,-0.0314586885478394
1987-02,Equity SIP,0.16411514452136652,-0.08812197522853249
1987-02,Equal-weight SIP,0.09314839248012836,-0.027013096525957736
1987-02,60/20/20 annual rebal,0.1152640932973338,-0.027144039842503576
1987-02,Risk-parity SIP,0.08054738877401103,-0.025958495720846186
1987-02,Max-Sharpe SIP,0.09157147889755388,-0.035426072909206074
1987-02,Optimized SIP,0.08618072916095668,-0.031086023833906462
1987-03,Equity SIP,0.17015014604722278,-0.08665699416820949
1987-03,Equal-weight SIP,0.0960539819597634,-0.0267373629384845
1987-03,60/20/20 annual rebal,0.11914038296303309,-0.026911993475708162
1987-03,Risk-parity SIP,0.08121935174406127,-0.02559026652803631
1987-03,Max-Sharpe SIP,0.09358160861237735,-0.0350679992569779
1987-03,Optimized SIP,0.08778501181397885,-0.030716036756199383
1987-04,Equity SIP,0.1672010258378357,-0.08520199071328505
1987-04,Equal-weight SIP,0.09387146537383904,-0.026461210787389167
1987-04,60/20/20 annual rebal,0.11684866206003956,-0.026611796737560534
1987-04,Risk-parity SIP,0.07965650471462916,-0.02521719738791106
1987-04,Max-Sharpe SIP,0.09106032638918468,-0.034707109591399
1987-04,Optimized SIP,0.0856687734594264,-0.03034521701720405
1987-05,Equity SIP,0.15906036413360666,-0.08373007629441853
1987-05,Equal-weight SIP,0.08811723632083945,-0.02618282947330619
1987-05,60/20/20 annual rebal,0.11013229673477326,-0.026089702045817287
1987-05,Risk-parity SIP,0.07470603601861944,-0.02484118749073161
1987-05,Max-Sharpe SIP,0.08614795991008486,-0.034343622954506436
1987-05,Optimized SIP,0.08069707565779019,-0.029971630231036328
1987-06,Equity SIP,0.17373636156435368,-0.08216157608097752
1987-06,Equal-weight SIP,0.09629114277375463,-0.025883286775738812
1987-06,60/20/20 annual rebal,0.11927707276829824,-0.025810563786310414
1987-06,Risk-parity SIP,0.07931514504715893,-0.02444946024964989
1987-06,Max-Sharpe SIP,0.09200284336035075,-0.033961699812918855
1987-06,Optimized SIP,0.0861350104758638,-0.029580725609778535
1987-07,Equity SIP,0.18160575968503265,-0.08050443486100833
1987-07,Equal-weight SIP,0.10096279189320723,-0.025566363436501205
1987-07,60/20/20 annual rebal,0.12489910196623057,-0.025923776754522287
1987-07,Risk-parity SIP,0.08183994270290791,-0.024043734011595874
1987-07,Max-Sharpe SIP,0.09565940305904265,-0.03356360911895029
1987-07,Optimized SIP,0.08934840184560752,-0.029174490028177846
1987-08,Equity SIP,0.19022378592021907,-0.0788255901505388
1987-08,Equal-weight SIP,0.10497014444893436,-0.025251023120808402
1987-08,60/20/20 annual rebal,0.12948694572990552,-0.02567865339904518
1987-08,Risk-parity SIP,0.0823509825876802,-0.023731482375509927
1987-08,Max-Sharpe SIP,0.09874257954881027,-0.033163341525707546
1987-08,Optimized SIP,0.09133962162881615,-0.028765233806894108
1987-09,Equity SIP,0.18916986437991523,-0.07755907539613738
1987-09,Equal-weight SIP,0.1040158902451795,-0.02493098286340545
1987-09,60/20/20 annual rebal,0.12969274505885847,-0.02564231691079799
1987-09,Risk-parity SIP,0.08136756697428099,-0.023453133737968646
1987-09,Max-Sharpe SIP,0.0976040294431097,-0.032756401490907416
1987-09,Optimized SIP,0.09026195032408284,-0.028423787720946225
1987-10,Equity SIP,0.18978975440327978,-0.07642502915429106
1987-10,Equal-weight SIP,0.10457539031162158,-0.024605764394734164
1987-10,60/20/20 annual rebal,0.13032817619339362,-0.025173675045431887
1987-10,Risk-parity SIP,0.08161879298304725,-0.02317235950876284
1987-10,Max-Sharpe SIP,0.09813518038395401,-0.03234588222014567
1987-10,Optimized SIP,0.09065182724735467,-0.028142296752319496
1987-11,Equity SIP,0.1911494144336853,-0.07518799394889386
1987-11,Equal-weight SIP,0.1061650808412617,-0.02425809720265959
1987-11,60/20/20 annual rebal,0.13213745210654143,-0.024429830796953378
1987-11,Risk-parity SIP,0.08309315512624324,-0.02287490786463464
1987-11,Max-Sharpe SIP,0.09976119812520488,-0.03190894643813924
1987-11,Optimized SIP,0.09218996072802822,-0.02784339080152254
1987-12,Equity SIP,0.1870089998352425,-0.07369373950279445
1987-12,Equal-weight SIP,0.10264425894397221,-0.02388047011759853
1987-12,60/20/20 annual rebal,0.1273850256480161,-0.024196265276783646
1987-12,Risk-parity SIP,0.07880378413486301,-0.022556455030930733
1987-12,Max-Sharpe SIP,0.09733892427429287,-0.03143386993295083
1987-12,Optimized SIP,0.08886235882777556,-0.027520771224225138
1988-01,Equity SIP,0.18945391680532295,-0.07185922736961692
1988-01,Equal-weight SIP,0.10251335257897748,-0.023479157682390395
1988-01,60/20/20 annual rebal,0.1266036483985167,-0.024056841424007658
1988-01,Risk-parity SIP,0.07636190365682462,-0.022221881154569134
1988-01,Max-Sharpe SIP,0.09681967359866525,-0.03092727447576249
1988-01,Optimized SIP,0.08747864495861073,-0.027179238571652165
1988-02,Equity SIP,0.18743201708548807,-0.06984038868762499
1988-02,Equal-weight SIP,0.10256871830656822,-0.023059614890638014
1988-02,60/20/20 annual rebal,0.1266502417067013,-0.02380625596817909
1988-02,Risk-parity SIP,0.0771489280624332,-0.021876090435640205
1988-02,Max-Sharpe SIP,0.09779891851239295,-0.030464891561309604
1988-02,Optimized SIP,0.08834133279524295,-0.026825261214751706
1988-03,Equity SIP,0.19655869704874107,-0.06773285919827188
1988-03,Equal-weight SIP,0.10806525423940051,-0.02264101381728778
1988-03,60/20/20 annual rebal,0.1330402429500118,-0.023476654845377976
1988-03,Risk-parity SIP,0.08104162071868024,-0.021526722512469232
1988-03,Max-Sharpe SIP,0.10190602278916319,-0.03011192426976217
1988-03,Optimized SIP,0.09212792286713554,-0.02646811109345726
1988-04,Equity SIP,0.20380452987915784,-0.06551220861456108
1988-04,Equal-weight SIP,0.11154077283749422,-0.02222560239448812
1988-04,60/20/20 annual rebal,0.1367260168333255,-0.023066908349514526
1988-04,Risk-parity SIP,0.08239281284483084,-0.02117017124253906
1988-04,Max-Sharpe SIP,0.10443683004984593,-0.02975458637948991
1988-04,Optimized SIP,0.09384523188805169,-0.026105130377817365
1988-05,Equity SIP,0.20769980207787267,-0.06316808237636251
1988-05,Equal-weight SIP,0.11481640359161353,-0.0218005410512786
1988-05,60/20/20 annual rebal,0.14112023849609165,-0.022430516362317965
1988-05,Risk-parity SIP,0.0857774782719028,-0.020804458793856173
1988-05,Max-Sharpe SIP,0.10690491671345635,-0.029388212856364837
1988-05,Optimized SIP,0.09675342605574498,-0.025732887157249196
1988-06,Equity SIP,0.20491533002006362,-0.06058346603880782
1988-06,Equal-weight SIP,0.11228270099530877,-0.021353463409294338
1988-06,60/20/20 annual rebal,0.13807959028922015,-0.022276716066782387
1988-06,Risk-parity SIP,0.08286272036774874,-0.020422657775673536
1988-06,Max-Sharpe SIP,0.10493958052705846,-0.029004107426308323
1988-06,Optimized SIP,0.09427831700073984,-0.02534358803870662
1988-07,Equity SIP,0.2026610835237101,-0.05767943043804191
1988-07,Equal-weight SIP,0.11089719635753376,-0.020880305129851506
1988-07,60/20/20 annual rebal,0.1359331745410195,-0.022060623995188378
1988-07,Risk-parity SIP,0.0819185324015644,-0.020020509112029128
1988-07,Max-Sharpe SIP,0.1043791890049859,-0.028597664818518553
1988-07,Optimized SIP,0.09322952311843448,-0.024932640204301082
1988-08,Equity SIP,0.20841766589053812,-0.05466005727626777
1988-08,Equal-weight SIP,0.11427847172626837,-0.020407292788061082
1988-08,60/20/20 annual rebal,0.13971848925726624,-0.021897996123155905
1988-08,Risk-parity SIP,0.08389492711081005,-0.019614909245940004
1988-08,Max-Sharpe SIP,0.10715728353993174,-0.02818868560015364
1988-08,Optimized SIP,0.09547091291068185,-0.02451853332453824
1988-09,Equity SIP,0.19264927985518668,-0.0670899970375528
1988-09,Equal-weight SIP,0.10510333055872365,-0.03438008194077913
1988-09,60/20/20 annual rebal,0.13001400693820342,-0.04146030184400351
1988-09,Risk-parity SIP,0.07760837117701258,-0.020254621097788195
1988-09,Max-Sharpe SIP,0.10032036084623362,-0.027761103105994778
1988-09,Optimized SIP,0.08916352799605093,-0.024085375209649706
1988-10,Equity SIP,0.18090041824814368,-0.11002484292104786
1988-10,Equal-weight SIP,0.1017164128070951,-0.03806443961030992
1988-10,60/20/20 annual rebal,0.12466043879729213,-0.05562488670163901
1988-10,Risk-parity SIP,0.07804132275745285,-0.02018100029121772
1988-10,Max-Sharpe SIP,0.09930678361688082,-0.027310720037367342
1988-10,Optimized SIP,0.08915040347862492,-0.023629530452304537
1988-11,Equity SIP,0.18089226360863087,-0.10993885787671676
1988-11,Equal-weight SIP,0.10362258888279999,-0.037799484220094715
1988-11,60/20/20 annual rebal,0.12606748695647285,-0.05745723234216149
1988-11,Risk-parity SIP,0.08080966220130865,-0.02010600421784814
1988-11,Max-Sharpe SIP,0.10156558471827722,-0.026849072398924645
1988-11,Optimized SIP,0.09172011548318337,-0.023161344160059327
1988-12,Equity SIP,0.19787418709767665,-0.10985331815669519
1988-12,Equal-weight SIP,0.11072029936859297,-0.03754556707853851
1988-12,60/20/20 annual rebal,0.13503344636067807,-0.05729761053201243
1988-12,Risk-parity SIP,0.08311241590894493,-0.02003029182471372
1988-12,Max-Sharpe SIP,0.106177941342556,-0.026378841675186115
1988-12,Optimized SIP,0.09492865435698997,-0.022684101880426577
1989-01,Equity SIP,0.20285858979405744,-0.10976314246483887
1989-01,Equal-weight SIP,0.11389293925883283,-0.0372705655042731
1989-01,60/20/20 annual rebal,0.13789648947693325,-0.05739916704165837
1989-01,Risk-parity SIP,0.08491623678517098,-0.019952399009632193
1989-01,Max-Sharpe SIP,0.10929434660229663,-0.025885100916640758
1989-01,Optimized SIP,0.09736012890886436,-0.022184999949648065
1989-02,Equity SIP,0.20952487554667884,-0.10967207315945604
1989-02,Equal-weight SIP,0.11658809102144489,-0.03700489042569932
1989-02,60/20/20 annual rebal,0.1414313213738444,-0.05621909183292739
1989-02,Risk-parity SIP,0.08521215725577992,-0.01987269146435089
1989-02,Max-Sharpe SIP,0.11125657230233106,-0.025373738116272193
1989-02,Optimized SIP,0.09839536498208301,-0.021668404203468605
1989-03,Equity SIP,0.20700116852742587,-0.10958119257186827
1989-03,Equal-weight SIP,0.11375500351727388,-0.03675315388926481
1989-03,60/20/20 annual rebal,0.13925726465971047,-0.056582696017430156
1989-03,Risk-parity SIP,0.08247038999330512,-0.019789872497787853
1989-03,Max-Sharpe SIP,0.10761478856139046,-0.024847712729324845
1989-03,Optimized SIP,0.09513119833029522,-0.021135991017578792
1989-04,Equity SIP,0.20999529160940375,-0.10949036438207138
1989-04,Equal-weight SIP,0.1141850488846346,-0.036516751300634365
1989-04,60/20/20 annual rebal,0.13959045824309282,-0.05477800267186006
1989-04,Risk-parity SIP,0.08159941510853097,-0.019704820773003395
1989-04,Max-Sharpe SIP,0.10632269288240534,-0.02430416503747912
1989-04,Optimized SIP,0.09385778924741199,-0.020584554685040057
1989-05,Equity SIP,0.2153074564145462,-0.10939643967124879
1989-05,Equal-weight SIP,0.11698366159616531,-0.036274138523823884
1989-05,60/20/20 annual rebal,0.14288685186521843,-0.05294874234580438
1989-05,Risk-parity SIP,0.08191320897587906,-0.01902541496958421
1989-05,Max-Sharpe SIP,0.10803908738785123,-0.02373459086066676
1989-05,Optimized SIP,0.09506508615816428,-0.020007481873882127
1989-06,Equity SIP,0.21278837253102323,-0.10930280992113273
1989-06,Equal-weight SIP,0.11321821240626839,-0.0360411339566179
1989-06,60/20/20 annual rebal,0.13943997524165905,-0.05220766631491858
1989-06,Risk-parity SIP,0.07707432508467185,-0.018944138123179743
1989-06,Max-Sharpe SIP,0.10348471723922133,-0.023151840774673027
1989-06,Optimized SIP,0.09041698147362168,-0.01958778216888757
1989-07,Equity SIP,0.20940150692417445,-0.10921003174601407
1989-07,Equal-weight SIP,0.10819255268953158,-0.03581818107663037
1989-07,60/20/20 annual rebal,0.13395117227272324,-0.05197595592646276
1989-07,Risk-parity SIP,0.07023221448052851,-0.035126066803742084
1989-07,Max-Sharpe SIP,0.09820542940936663,-0.02528604082312169
1989-07,Optimized SIP,0.08441467904289017,-0.029810314299651863
1989-08,Equity SIP,0.21539776281018935,-0.10911751607285014
1989-08,Equal-weight SIP,0.1116110839329537,-0.03559312401092929
1989-08,60/20/20 annual rebal,0.13740995658715954,-0.05198202641877103
1989-08,Risk-parity SIP,0.07113396466770419,-0.03499102751509364
1989-08,Max-Sharpe SIP,0.10076797238851203,-0.025166651179675537
1989-08,Optimized SIP,0.08622557662919217,-0.029685253226447772
1989-09,Equity SIP,0.20612291879583503,-0.1090247736657356
1989-09,Equal-weight SIP,0.10564047296566192,-0.03536978294011128
1989-09,60/20/20 annual rebal,0.13221979710575035,-0.050755481574514816
1989-09,Risk-parity SIP,0.06769180070175262,-0.034855888691521675
1989-09,Max-Sharpe SIP,0.09617561863274669,-0.02504730590162596
1989-09,Optimized SIP,0.08215853024951847,-0.029560225142224006
1989-10,Equity SIP,0.20296925996328247,-0.10893354192902582
1989-10,Equal-weight SIP,0.10470025807828542,-0.035170310087995094
1989-10,60/20/20 annual rebal,0.13104790489417967,-0.05418679975303542
1989-10,Risk-parity SIP,0.06866039806484929,-0.03471717004480068
1989-10,Max-Sharpe SIP,0.09564029162838447,-0.02492695258379196
1989-10,Optimized SIP,0.08231944636471782,-0.029433587744508105
1989-11,Equity SIP,0.19854674898539507,-0.10884004176718942
1989-11,Equal-weight SIP,0.10620015589000387,-0.034967958667916244
1989-11,60/20/20 annual rebal,0.13464528728668504,-0.05598811493318523
1989-11,Risk-parity SIP,0.07674283157896299,-0.034576711929454884
1989-11,Max-Sharpe SIP,0.09567515370274311,-0.024803742421835695
1989-11,Optimized SIP,0.08628439214003905,-0.029304032783370793
1989-12,Equity SIP,0.20918988030558652,-0.108744024302181
1989-12,Equal-weight SIP,0.11063451597072786,-0.03475388527263645
1989-12,60/20/20 annual rebal,0.13761151047538106,-0.055808012894895676
1989-12,Risk-parity SIP,0.07562159453405151,-0.034434628905605336
1989-12,Max-Sharpe SIP,0.0986778869319432,-0.02467886177009182
1989-12,Optimized SIP,0.08731517045393089,-0.029172870593962563
1990-01,Equity SIP,0.21214535481241356,-0.10864324491797428
1990-01,Equal-weight SIP,0.11037064579016605,-0.03451321805251617
1990-01,60/20/20 annual rebal,0.13689634164604436,-0.055891888704738824
1990-01,Risk-parity SIP,0.07258537981398,-0.03429178891369833
1990-01,Max-Sharpe SIP,0.09711563711420479,-0.024551757750391756
1990-01,Optimized SIP,0.08507125650299151,-0.029040000727253545
1990-02,Equity SIP,0.20978988411385827,-0.1085421197633778
1990-02,Equal-weight SIP,0.10771448698938206,-0.03427931896433145
1990-02,60/20/20 annual rebal,0.13505874866655884,-0.054703687101940957
1990-02,Risk-parity SIP,0.06991435213491463,-0.03414851802613661
1990-02,Max-Sharpe SIP,0.09347690829307204,-0.02442383964043371
1990-02,Optimized SIP,0.08192340476660732,-0.02890642397089116
1990-03,Equity SIP,0.20292615684727006,-0.10843547039459356
1990-03,Equal-weight SIP,0.10594546110811266,-0.0340310748134407
1990-03,60/20/20 annual rebal,0.1332473422857212,-0.05503799381471386
1990-03,Risk-parity SIP,0.07222228784351371,-0.03399935378823782
1990-03,Max-Sharpe SIP,0.0930314126530914,-0.024290115071245344
1990-03,Optimized SIP,0.08277719249800078,-0.028767006878699042
1990-04,Equity SIP,0.2077708703687084,-0.10832248933248478
1990-04,Equal-weight SIP,0.10822508096115227,-0.03376139699687064
1990-04,60/20/20 annual rebal,0.13414501325769715,-0.05321150654243667
1990-04,Risk-parity SIP,0.0717543856990941,-0.033845112642358455
1990-04,Max-Sharpe SIP,0.09596866536323444,-0.02415099358045536
1990-04,Optimized SIP,0.08396372745545412,-0.02862224682172465
1990-05,Equity SIP,0.20810764918487307,-0.10820884389475827
1990-05,Equal-weight SIP,0.10878655372257369,-0.0335050163479057
1990-05,60/20/20 annual rebal,0.1346166694164027,-0.05136869292147328
1990-05,Risk-parity SIP,0.07228730260133925,-0.03370831676049313
1990-05,Max-Sharpe SIP,0.09754751904496255,-0.024009071534189186
1990-05,Optimized SIP,0.08487568447166263,-0.02847361163445017
1990-06,Equity SIP,0.20046756638124136,-0.10809165759578787
1990-06,Equal-weight SIP,0.10205944288653782,-0.03324643491109458
1990-06,60/20/20 annual rebal,0.12803629240832554,-0.05059945034785662
1990-06,Risk-parity SIP,0.066199166327323,-0.03354251937186936
1990-06,Max-Sharpe SIP,0.09087308210547394,-0.023862183727496378
1990-06,Optimized SIP,0.078486762454412,-0.028319407006709763
1990-07,Equity SIP,0.2040131305340343,-0.10797508635888653
1990-07,Equal-weight SIP,0.10653173644782235,-0.03300364225749697
1990-07,60/20/20 annual rebal,0.13218957905334522,-0.050334812674260654
1990-07,Risk-parity SIP,0.0713236456228283,-0.03337650504282852
1990-07,Max-Sharpe SIP,0.09537276734989557,-0.02371392329734845
1990-07,Optimized SIP,0.08327085385707973,-0.028163376334840673
1990-08,Equity SIP,0.20340438504857286,-0.10785843080917357
1990-08,Equal-weight SIP,0.10589098843388395,-0.032766200939993384
1990-08,60/20/20 annual rebal,0.1315235084573754,-0.05030650827098626
1990-08,Risk-parity SIP,0.07038866276385349,-0.033207465702799754
1990-08,Max-Sharpe SIP,0.095145685099657,-0.0235646090679128
1990-08,Optimized SIP,0.08270212363433083,-0.02800563176660642
1990-09,Equity SIP,0.20293377464271314,-0.10773819624552428
1990-09,Equal-weight SIP,0.10562214186951334,-0.03251842410623251
1990-09,60/20/20 annual rebal,0.13148821949449913,-0.04904862479539107
1990-09,Risk-parity SIP,0.06983942084623773,-0.033035765623166125
1990-09,Max-Sharpe SIP,0.09590851703733883,-0.023412301835447846
1990-09,Optimized SIP,0.08291804997942415,-0.02785122823591668
1990-10,Equity SIP,0.19845358731624768,-0.10760321582765842
1990-10,Equal-weight SIP,0.10308543216147081,-0.03220362990816872
1990-10,60/20/20 annual rebal,0.1283001150010063,-0.05241630000349651
1990-10,Risk-parity SIP,0.06853055908350632,-0.03285801999390381
1990-10,Max-Sharpe SIP,0.09417235133448208,-0.02325118029724016
1990-10,Optimized SIP,0.08135075209840842,-0.027680888368902035
1990-11,Equity SIP,0.18589448137589665,-0.10745684579829073
1990-11,Equal-weight SIP,0.0958038864152982,-0.0318435611194271
1990-11,60/20/20 annual rebal,0.12069605601258775,-0.05414361393102052
1990-11,Risk-parity SIP,0.06449580484208134,-0.032671886840666575
1990-11,Max-Sharpe SIP,0.08863640539772605,-0.023081998455688146
1990-11,Optimized SIP,0.07678061608631707,-0.027503481425923515
1990-12,Equity SIP,0.1817299262565367,-0.10730110901607226
1990-12,Equal-weight SIP,0.09307855601517326,-0.0314435421293533
1990-12,60/20/20 annual rebal,0.11705039909967078,-0.05389820821101854
1990-12,Risk-parity SIP,0.06249167405545534,-0.03247955947707337
1990-12,Max-Sharpe SIP,0.08678594222856675,-0.022907381039939168
1990-12,Optimized SIP,0.07484341572878792,-0.027321385814781052
1991-01,Equity SIP,0.17279808651015677,-0.10714383374421432
1991-01,Equal-weight SIP,0.09092284885434387,-0.031083734298779975
1991-01,60/20/20 annual rebal,0.11312553457318617,-0.053916845823516746
1991-01,Risk-parity SIP,0.06415880827210728,-0.0322860381710417
1991-01,Max-Sharpe SIP,0.08704828308538727,-0.022732132752939282
1991-01,Optimized SIP,0.07582293902947244,-0.02713975546309133
1991-02,Equity SIP,0.17110077691480122,-0.10698754589671877
1991-02,Equal-weight SIP,0.08960780103287955,-0.0309062279991984
1991-02,60/20/20 annual rebal,0.11220387093693211,-0.05267961921115283
1991-02,Risk-parity SIP,0.0628109041810734,-0.03209146217842118
1991-02,Max-Sharpe SIP,0.08651623673295873,-0.022556944033702564
1991-02,Optimized SIP,0.07489197068871759,-0.026957708442644113
1991-03,Equity SIP,0.16448619261682118,-0.10682399350994976
1991-03,Equal-weight SIP,0.08600173208948028,-0.03071873866947883
1991-03,60/20/20 annual rebal,0.10789429907590008,-0.0529391601985183
1991-03,Risk-parity SIP,0.06069414306738522,-0.031892253974799445
1991-03,Max-Sharpe SIP,0.08412183712619375,-0.02237693196982382
1991-03,Optimized SIP,0.07264516185324614,-0.026770992325414467
1991-04,Equity SIP,0.14447200865337265,-0.1765807087830935
1991-04,Equal-weight SIP,0.07702874292745904,-0.04882939735831804
1991-04,60/20/20 annual rebal,0.09606806171172415,-0.07792731168298217
1991-04,Risk-parity SIP,0.05793086585099356,-0.03176401842646315
1991-04,Max-Sharpe SIP,0.07815574846144004,-0.022197743625304245
1991-04,Optimized SIP,0.06790175682410372,-0.0265848123470811
1991-05,Equity SIP,0.14314314248662846,-0.17626845847054562
1991-05,Equal-weight SIP,0.07460321387629927,-0.04820957921880786
1991-05,60/20/20 annual rebal,0.0949592103956203,-0.0735420318383383
1991-05,Risk-parity SIP,0.05532538830999485,-0.030824334926990216
1991-05,Max-Sharpe SIP,0.07527077225937645,-0.022012842527732945
1991-05,Optimized SIP,0.06497542294317421,-0.026393337984195964
1991-06,Equity SIP,0.1534218047733855,-0.1759532447140002
1991-06,Equal-weight SIP,0.07994626407724156,-0.04759303056927566
1991-06,60/20/20 annual rebal,0.10202424059846436,-0.07316961337867567
1991-06,Risk-parity SIP,0.05857575417037196,-0.030618782258527544
1991-06,Max-Sharpe SIP,0.07804342541797255,-0.02182446234926061
1991-06,Optimized SIP,0.06799866124156034,-0.026197897326880715
1991-07,Equity SIP,0.1467124124549911,-0.1756272093697866
1991-07,Equal-weight SIP,0.07678812032514906,-0.04695419808991308
1991-07,60/20/20 annual rebal,0.09690666160275485,-0.07284903047688618
1991-07,Risk-parity SIP,0.05690702979683744,-0.03040746746751022
1991-07,Max-Sharpe SIP,0.07598216864197822,-0.021630857214464116
1991-07,Optimized SIP,0.0661451935738668,-0.025996938745033504
1991-08,Equity SIP,0.1394745619271532,-0.1752915834369294
1991-08,Equal-weight SIP,0.07309022378811228,-0.046305429448148416
1991-08,60/20/20 annual rebal,0.09273324306039486,-0.07248067082867793
1991-08,Risk-parity SIP,0.05465000193392282,-0.03019110208851783
1991-08,Max-Sharpe SIP,0.07321719014683466,-0.02143235301032409
1991-08,Optimized SIP,0.06363844047824166,-0.025790243427280424
1991-09,Equity SIP,0.13341902163843625,-0.17494745090016905
1991-09,Equal-weight SIP,0.07199108052009841,-0.04564326515166339
1991-09,60/20/20 annual rebal,0.09135719810307558,-0.07188404997587883
1991-09,Risk-parity SIP,0.05576438479821584,-0.030289994525761643
1991-09,Max-Sharpe SIP,0.07310808474236885,-0.021227451901011385
1991-09,Optimized SIP,0.06403548411966042,-0.025578698205494854
1991-10,Equity SIP,0.10889513515941951,-0.24956888717911951
1991-10,Equal-weight SIP,0.06361090946776221,-0.04497723471289228
1991-10,60/20/20 annual rebal,0.07917820540573389,-0.08452676433411632
1991-10,Risk-parity SIP,0.05347310638849189,-0.030063620315605166
1991-10,Max-Sharpe SIP,0.06669967951520366,-0.021021247305937685
1991-10,Optimized SIP,0.0597194825178728,-0.025364722709405707
1991-11,Equity SIP,0.11272449016315005,-0.24894105160001256
1991-11,Equal-weight SIP,0.06600481776319593,-0.04427470260037769
1991-11,60/20/20 annual rebal,0.08378834672133427,-0.07630679348483216
1991-11,Risk-parity SIP,0.05519631442661454,-0.029831361892902253
1991-11,Max-Sharpe SIP,0.06917191647806745,-0.02081154724350842
1991-11,Optimized SIP,0.06182084139478867,-0.025146133422464412
1991-12,Equity SIP,0.1198755902465742,-0.24829299855047793
1991-12,Equal-weight SIP,0.06760577038224573,-0.04354557973778039
1991-12,60/20/20 annual rebal,0.08524941641598101,-0.08071411324846123
1991-12,Risk-parity SIP,0.0547356255687009,-0.02959554183885571
1991-12,Max-Sharpe SIP,0.07050602332304827,-0.020603283920862525
1991-12,Optimized SIP,0.062250030002764446,-0.024923769068086243
1992-01,Equity SIP,0.12043108451786674,-0.2476226075923339
1992-01,Equal-weight SIP,0.06539422219709942,-0.042787375237036684
1992-01,60/20/20 annual rebal,0.08268551105992264,-0.07863115970670742
1992-01,Risk-parity SIP,0.051666173017216085,-0.029354217457850384
1992-01,Max-Sharpe SIP,0.06717598116050014,-0.020511262903536
1992-01,Optimized SIP,0.05905292127847052,-0.024696456362133135
1992-02,Equity SIP,0.11768470782259036,-0.2469351341037418
1992-02,Equal-weight SIP,0.06520499134529086,-0.04200307275282811
1992-02,60/20/20 annual rebal,0.08172509883283907,-0.08041456590880425
1992-02,Risk-parity SIP,0.05235062879579641,-0.02910965935438381
1992-02,Max-Sharpe SIP,0.06692353650111395,-0.02041902431428111
1992-02,Optimized SIP,0.05927175385885508,-0.024466835990578084
1992-03,Equity SIP,0.10926896689640278,-0.24627283394315358
1992-03,Equal-weight SIP,0.06410374105117213,-0.04128392870439346
1992-03,60/20/20 annual rebal,0.07914824320176883,-0.07810728681541035
1992-03,Risk-parity SIP,0.05364962996953811,-0.028862466594159475
1992-03,Max-Sharpe SIP,0.06631756797131048,-0.02032622297045772
1992-03,Optimized SIP,0.059311643632281606,-0.024233375742161556
1992-04,Equity SIP,0.11633734821835386,-0.2455840670933016
1992-04,Equal-weight SIP,0.06488032169049238,-0.040544909386784456
1992-04,60/20/20 annual rebal,0.08195731704308491,-0.07850415682433387
1992-04,Risk-parity SIP,0.05247703293205341,-0.028605359065490554
1992-04,Max-Sharpe SIP,0.06495097293696077,-0.020229574734044076
1992-04,Optimized SIP,0.05849351191128258,-0.023990169216215662
1992-05,Equity SIP,0.10749896843234809,-0.24486419602763676
1992-05,Equal-weight SIP,0.06255810218639832,-0.039774655470508735
1992-05,60/20/20 annual rebal,0.07777988149450996,-0.07804079272507558
1992-05,Risk-parity SIP,0.052325943751286734,-0.028801644370870183
1992-05,Max-Sharpe SIP,0.0632820610557738,-0.020129029025270695
1992-05,Optimized SIP,0.05724593305809519,-0.023736505439437505
1992-06,Equity SIP,0.10000616822278628,-0.24412086334857486
1992-06,Equal-weight SIP,0.061125052256534695,-0.03897860129684949
1992-06,60/20/20 annual rebal,0.07491985540910982,-0.07740247346358808
1992-06,Risk-parity SIP,0.05263606391161234,-0.028520517357552344
1992-06,Max-Sharpe SIP,0.06204212497618799,-0.020026094401086603
1992-06,Optimized SIP,0.05660810121612665,-0.023475544182651964
1992-07,Equity SIP,0.08641283022113584,-0.24336671804048793
1992-07,Equal-weight SIP,0.057754938922682554,-0.03817932170862348
1992-07,60/20/20 annual rebal,0.06822869355887466,-0.07706327894447818
1992-07,Risk-parity SIP,0.051905718043509234,-0.028232918383089944
1992-07,Max-Sharpe SIP,0.060422722858577964,-0.019957116820880194
1992-07,Optimized SIP,0.055081606264415946,-0.023208949212756957
1992-08,Equity SIP,0.06265283147015897,-0.3018960751553861
1992-08,Equal-weight SIP,0.049043449179913996,-0.03732793453389327
1992-08,60/20/20 annual rebal,0.055032740859637906,-0.07969146142885564
1992-08,Risk-parity SIP,0.04655394780751911,-0.02793862668908953
1992-08,Max-Sharpe SIP,0.05581550692186233,-0.01990124146035166
1992-08,Optimized SIP,0.04960405983778118,-0.022935791296469832
1992-09,Equity SIP,0.06291894634365267,-0.3005579758366167
1992-09,Equal-weight SIP,0.05087281392144406,-0.036457596628742706
1992-09,60/20/20 annual rebal,0.05788851377791412,-0.07511064736392647
1992-09,Risk-parity SIP,0.048563497268980634,-0.027644722453203596
1992-09,Max-Sharpe SIP,0.059218590488575557,-0.01984594812793017
1992-09,Optimized SIP,0.05220450389266625,-0.022662301124935724
1992-10,Equity SIP,0.051641962664153246,-0.3165582304783445
1992-10,Equal-weight SIP,0.050621675858942,-0.03576507217659863
1992-10,60/20/20 annual rebal,0.052873246009911605,-0.07613928419800486
1992-10,Risk-parity SIP,0.05034132134981527,-0.027343835319260212
1992-10,Max-Sharpe SIP,0.06051661523319901,-0.01978998093896156
1992-10,Optimized SIP,0.05347059499180142,-0.022382754423103113
1992-11,Equity SIP,0.04712011062558936,-0.32001089235669045
1992-11,Equal-weight SIP,0.04814446465471796,-0.03535055825169198
1992-11,60/20/20 annual rebal,0.050701123956044425,-0.08577880993887199
1992-11,Risk-parity SIP,0.04811624897775434,-0.027036356936129602
1992-11,Max-Sharpe SIP,0.058139163320826484,-0.019733617854293395
1992-11,Optimized SIP,0.05119050292539062,-0.022097313249344386
1992-12,Equity SIP,0.057570416244679366,-0.3183488046925186
1992-12,Equal-weight SIP,0.05108519014077499,-0.034917750595731545
1992-12,60/20/20 annual rebal,0.05575143016631648,-0.08378729011353325
1992-12,Risk-parity SIP,0.04971068646055893,-0.02671628471951104
1992-12,Max-Sharpe SIP,0.0602674084295973,-0.019675481392282035
1992-12,Optimized SIP,0.05296771033536151,-0.021800138256012236
1993-01,Equity SIP,0.05365714400414112,-0.3166690783692594
1993-01,Equal-weight SIP,0.051645507457612115,-0.034503821173966887
1993-01,60/20/20 annual rebal,0.05344693572543217,-0.07918602855723633
1993-01,Risk-parity SIP,0.05092326360735629,-0.026383093940912428
1993-01,Max-Sharpe SIP,0.059756377061521156,-0.019615891326405288
1993-01,Optimized SIP,0.05337907834064679,-0.021490711810886354
1993-02,Equity SIP,0.05140617022659537,-0.31498067150035514
1993-02,Equal-weight SIP,0.054345575985022654,-0.034101441297660684
1993-02,60/20/20 annual rebal,0.055482787754238205,-0.07689755791221986
1993-02,Risk-parity SIP,0.054272653095403724,-0.026043054010885802
1993-02,Max-Sharpe SIP,0.05983782253763035,-0.01955629962854677
1993-02,Optimized SIP,0.055327492536808826,-0.021174896804652343
1993-03,Equity SIP,0.03674716615820835,-0.31323039947998244
1993-03,Equal-weight SIP,0.05066089172878045,-0.03368423854333846
1993-03,60/20/20 annual rebal,0.04803381702505024,-0.07777608729159413
1993-03,Risk-parity SIP,0.051961656124599145,-0.02569228046629657
1993-03,Max-Sharpe SIP,0.05800386085427342,-0.019496253258851737
1993-03,Optimized SIP,0.05315834072941567,-0.02085045635663474
1993-04,Equity SIP,0.037544220459504035,-0.3114435634925946
1993-04,Equal-weight SIP,0.04843423031236232,-0.03325969583648347
1993-04,60/20/20 annual rebal,0.046713978860190145,-0.08177639014083171
1993-04,Risk-parity SIP,0.04941920652260873,-0.024287307188700202
1993-04,Max-Sharpe SIP,0.05785166176622477,-0.019435051056898467
1993-04,Optimized SIP,0.052952223895835086,-0.020521924175100903
1993-05,Equity SIP,0.04582765909889472,-0.3096270260791849
1993-05,Equal-weight SIP,0.047878816929089484,-0.03283271434766144
1993-05,60/20/20 annual rebal,0.04999933997573236,-0.07718693961023326
1993-05,Risk-parity SIP,0.04771367311870624,-0.023929673504092253
1993-05,Max-Sharpe SIP,0.05711113999443974,-0.019372158854743193
1993-05,Optimized SIP,0.051887364892738326,-0.02018885963878292
1993-06,Equity SIP,0.05400123038627211,-0.30771381890464855
1993-06,Equal-weight SIP,0.0571003250692191,-0.03237839016055699
1993-06,60/20/20 annual rebal,0.057154719393371044,-0.07857448082047358
1993-06,Risk-parity SIP,0.05695322234819769,-0.0235646559830357
1993-06,Max-Sharpe SIP,0.06437908130376138,-0.019304928585631598
1993-06,Optimized SIP,0.06015521918939913,-0.019846609509621582
1993-07,Equity SIP,0.06279574042325878,-0.3057384215664817
1993-07,Equal-weight SIP,0.061308744699779455,-0.03191399643905157
1993-07,60/20/20 annual rebal,0.06258068407117012,-0.0774725282421781
1993-07,Risk-parity SIP,0.060619000975012736,-0.023196618534126134
1993-07,Max-Sharpe SIP,0.06866980238027483,-0.019233890484452232
1993-07,Optimized SIP,0.06422099523981124,-0.019498180708100166
1993-08,Equity SIP,0.062022472554288666,-0.30370070462945675
1993-08,Equal-weight SIP,0.05603790936151076,-0.03144016030103125
1993-08,60/20/20 annual rebal,0.05935693462453978,-0.07571886031986852
1993-08,Risk-parity SIP,0.05466910848238288,-0.02281864613174045
1993-08,Max-Sharpe SIP,0.061057278769150285,-0.027630795839143962
1993-08,Optimized SIP,0.05644291748748622,-0.02353733914137235
1993-09,Equity SIP,0.05976552412607803,-0.30158050250840907
1993-09,Equal-weight SIP,0.053729721372300115,-0.030945595919040114
1993-09,60/20/20 annual rebal,0.05900223772112945,-0.06976499628340604
1993-09,Risk-parity SIP,0.052161841297936704,-0.022435926673220474
1993-09,Max-Sharpe SIP,0.0560810933335663,-0.04136631331034735
1993-09,Optimized SIP,0.052673234763882915,-0.03155270306674607
1993-10,Equity SIP,0.06383211984662684,-0.2994103788544834
1993-10,Equal-weight SIP,0.058886524354375795,-0.03045041250100322
1993-10,60/20/20 annual rebal,0.06356236145087499,-0.07200288005387379
1993-10,Risk-parity SIP,0.05732122897523164,-0.02204030974359472
1993-10,Max-Sharpe SIP,0.05985159848681987,-0.041230368250006366
1993-10,Optimized SIP,0.05711692454497404,-0.031412529850979976
1993-11,Equity SIP,0.06576429089959514,-0.29717977580248256
1993-11,Equal-weight SIP,0.059301844069219956,-0.029948021750266562
1993-11,60/20/20 annual rebal,0.06590631978379641,-0.08152458919742323
1993-11,Risk-parity SIP,0.05773055442443243,-0.021026819148131315
1993-11,Max-Sharpe SIP,0.06004031990394999,-0.04109141390392945
1993-11,Optimized SIP,0.057358499191418104,-0.031270203209944114
1993-12,Equity SIP,0.06615209861816486,-0.2948837251428168
1993-12,Equal-weight SIP,0.060864424036756334,-0.029439480397465356
1993-12,60/20/20 annual rebal,0.06632089092343917,-0.0794342462047184
1993-12,Risk-parity SIP,0.05930541989784811,-0.020910483309254713
1993-12,Max-Sharpe SIP,0.06053443094093984,-0.04095059355690056
1993-12,Optimized SIP,0.05839134445728268,-0.031126572562590216
1994-01,Equity SIP,0.06997571409021258,-0.2924896814302629
1994-01,Equal-weight SIP,0.0646452846440454,-0.028924192165632356
1994-01,60/20/20 annual rebal,0.06889383512441236,-0.07474136753987481
1994-01,Risk-parity SIP,0.06285183608012791,-0.020794117576689586
1994-01,Max-Sharpe SIP,0.06254537702321472,-0.04080441810092217
1994-01,Optimized SIP,0.06119136713605461,-0.030979474213919223
1994-02,Equity SIP,0.07719563758230712,-0.2900134900687549
1994-02,Equal-weight SIP,0.06862747525104569,-0.028401204629636134
1994-02,60/20/20 annual rebal,0.07495532278493386,-0.07235694564728079
1994-02,Risk-parity SIP,0.06638986918418678,-0.020677232834827475
1994-02,Max-Sharpe SIP,0.06578608374948272,-0.04065568605875769
1994-02,Optimized SIP,0.06464412385025264,-0.030830144308288232
1994-03,Equity SIP,0.07726842169767346,-0.2874727927943458
1994-03,Equal-weight SIP,0.06761315897045973,-0.02787705691081921
1994-03,60/20/20 annual rebal,0.07518034557820202,-0.07314948276235766
1994-03,Risk-parity SIP,0.06547860872294614,-0.020559892782654132
1994-03,Max-Sharpe SIP,0.06591708804377877,-0.040504630887020054
1994-03,Optimized SIP,0.06431611651671021,-0.03067887701212979
1994-04,Equity SIP,0.07223800879190194,-0.2848171052186269
1994-04,Equal-weight SIP,0.0673430592266712,-0.027342296456339343
1994-04,60/20/20 annual rebal,0.07398753595706045,-0.0770523110815935
1994-04,Risk-parity SIP,0.06599761430119784,-0.020439772407812473
1994-04,Max-Sharpe SIP,0.06699366096786916,-0.04034835415616156
1994-04,Optimized SIP,0.06517225253533858,-0.030522592924967062
1994-05,Equity SIP,0.07200214077434373,-0.2819995628845735
1994-05,Equal-weight SIP,0.06358779529388664,-0.026965833608597722
1994-05,60/20/20 annual rebal,0.07154804120150178,-0.07233303548484915
1994-05,Risk-parity SIP,0.06150611568816147,-0.020325493956734664
1994-05,Max-Sharpe SIP,0.06139173242741128,-0.04018455092042106
1994-05,Optimized SIP,0.06015520634000055,-0.03035959157834278
1994-06,Equity SIP,0.06481267678181311,-0.2789442030974336
1994-06,Equal-weight SIP,0.05609970675605757,-0.03351845859899971
1994-06,60/20/20 annual rebal,0.06228510597449395,-0.07359551726021785
1994-06,Risk-parity SIP,0.05420653416057593,-0.03733882065084282
1994-06,Max-Sharpe SIP,0.054772806938379014,-0.0400115625500399
1994-06,Optimized SIP,0.05324853051713587,-0.037765869204686164
1994-07,Equity SIP,0.0680168533320762,-0.2757700077456833
1994-07,Equal-weight SIP,0.058186694498002386,-0.03343981669717466
1994-07,60/20/20 annual rebal,0.06436504735432712,-0.07236245247794437
1994-07,Risk-parity SIP,0.05627000931023216,-0.037220100655210864
1994-07,Max-Sharpe SIP,0.05581156340031292,-0.03983362942441193
1994-07,Optimized SIP,0.054696627206623036,-0.037628927229530595
1994-08,Equity SIP,0.06147282277065461,-0.27247176073788804
1994-08,Equal-weight SIP,0.05785234725688665,-0.03336020887035429
1994-08,60/20/20 annual rebal,0.06153965220590175,-0.07048360312119639
1994-08,Risk-parity SIP,0.056841355611257714,-0.037084115838126874
1994-08,Max-Sharpe SIP,0.05641455148991496,-0.039652955388131295
1994-08,Optimized SIP,0.05533373400457083,-0.0374887515127299
1994-09,Equity SIP,0.05655887780885008,-0.2689847141884637
1994-09,Equal-weight SIP,0.057630553423384676,-0.03327785314021947
1994-09,60/20/20 annual rebal,0.06032615840229593,-0.06437290436991638
1994-09,Risk-parity SIP,0.05740287937029734,-0.03693967224678851
1994-09,Max-Sharpe SIP,0.05720721920327858,-0.03946624453966441
1994-09,Optimized SIP,0.05604578814496706,-0.03734362079589115
1994-10,Equity SIP,0.05969109423383228,-0.26542455039695156
1994-10,Equal-weight SIP,0.059850827074709796,-0.03319091181300737
1994-10,60/20/20 annual rebal,0.06250217293487442,-0.06642181679416181
1994-10,Risk-parity SIP,0.059604338143428484,-0.0367916182494924
1994-10,Max-Sharpe SIP,0.059469862624530495,-0.03927651937477694
1994-10,Optimized SIP,0.05829688665936314,-0.03719592326496668
1994-11,Equity SIP,0.057720396827950333,-0.26170686515544306
1994-11,Equal-weight SIP,0.06129400733968332,-0.033101204717717936
1994-11,60/20/20 annual rebal,0.06388080146496164,-0.07572677575290465
1994-11,Risk-parity SIP,0.06112838084660134,-0.03664405703457274
1994-11,Max-Sharpe SIP,0.059692304814840606,-0.03908177431916937
1994-11,Optimized SIP,0.05917724735495363,-0.03704416432111157
1994-12,Equity SIP,0.06445756361214697,-0.25777052762693575
1994-12,Equal-weight SIP,0.06545797687706177,-0.03300743852184751
1994-12,60/20/20 annual rebal,0.06853410595132847,-0.07342135848546572
1994-12,Risk-parity SIP,0.0644438171217556,-0.03649180182836498
1994-12,Max-Sharpe SIP,0.061241562159782194,-0.038879443647744316
1994-12,Optimized SIP,0.06161733980822898,-0.0368868328688573
1995-01,Equity SIP,0.06731179978065245,-0.2535988990867717
1995-01,Equal-weight SIP,0.06631764691289598,-0.03290942468553848
1995-01,60/20/20 annual rebal,0.06905231175021935,-0.06851061705522843
1995-01,Risk-parity SIP,0.06501946782471398,-0.03633400839890488
1995-01,Max-Sharpe SIP,0.061495092993805595,-0.038669336336452975
1995-01,Optimized SIP,0.06312919516813707,-0.03638486468049529
1995-02,Equity SIP,0.062319135168320945,-0.2491400658338908
1995-02,Equal-weight SIP,0.06184256164499319,-0.03281155338085184
1995-02,60/20/20 annual rebal,0.06503394514716619,-0.06588801817456247
1995-02,Risk-parity SIP,0.06126666443463813,-0.036167219610184875
1995-02,Max-Sharpe SIP,0.05913575823700812,-0.03845411481725425
1995-02,Optimized SIP,0.06009042785753094,-0.03620730989418208
1995-03,Equity SIP,0.06319166847105884,-0.24453041049238766
1995-03,Equal-weight SIP,0.06197380215717618,-0.03270966159730748
1995-03,60/20/20 annual rebal,0.06623989679162923,-0.06645201980651327
1995-03,Risk-parity SIP,0.0615029649607839,-0.03599618321805609
1995-03,Max-Sharpe SIP,0.05954807072850205,-0.03823467263396629
1995-03,Optimized SIP,0.06043185850120605,-0.03602650735954649
1995-04,Equity SIP,0.06046017689086297,-0.23982819786058318
1995-04,Equal-weight SIP,0.06063429072215767,-0.03260487948908142
1995-04,60/20/20 annual rebal,0.0653915786371967,-0.07013794860045652
1995-04,Risk-parity SIP,0.05950486502579563,-0.03581488032138269
1995-04,Max-Sharpe SIP,0.05586248371163981,-0.038013815186171085
1995-04,Optimized SIP,0.0576756531443276,-0.03584483693622775
1995-05,Equity SIP,0.053592283877174775,-0.23497335755896498
1995-05,Equal-weight SIP,0.058253756751152824,-0.03249914116483932
1995-05,60/20/20 annual rebal,0.06107121222259212,-0.06518515266684555
1995-05,Risk-parity SIP,0.05810906188427103,-0.03564573904551549
1995-05,Max-Sharpe SIP,0.05513008888728066,-0.03779145687965879
1995-05,Optimized SIP,0.0566254652140843,-0.035662647707176864
1995-06,Equity SIP,0.05407095859193038,-0.2299928173885084
1995-06,Equal-weight SIP,0.058232869627520605,-0.032391118776278205
1995-06,60/20/20 annual rebal,0.05946919118877368,-0.06645011856900884
1995-06,Risk-parity SIP,0.05865030236019005,-0.03547665572805714
1995-06,Max-Sharpe SIP,0.056707241478550274,-0.03756746715946857
1995-06,Optimized SIP,0.05770321101595718,-0.03548012685552515
1995-07,Equity SIP,0.056215455418406356,-0.22489094746015637
1995-07,Equal-weight SIP,0.06078096002584742,-0.03228138628539279
1995-07,60/20/20 annual rebal,0.061419068089883726,-0.06830555835075924
1995-07,Risk-parity SIP,0.06116922515739409,-0.0353060767244181
1995-07,Max-Sharpe SIP,0.05885090659437433,-0.03734278038564365
1995-07,Optimized SIP,0.060045702306335866,-0.035297104902476284
1995-08,Equity SIP,0.05770890326385312,-0.21965730584526977
1995-08,Equal-weight SIP,0.059076597764606074,-0.0321718193248951
1995-08,60/20/20 annual rebal,0.060899522387500495,-0.06613073681225068
1995-08,Risk-parity SIP,0.059237814665304145,-0.03513524173369542
1995-08,Max-Sharpe SIP,0.056974880327050746,-0.03711851146565026
1995-08,Optimized SIP,0.05813757354461756,-0.035114905064130286
1995-09,Equity SIP,0.056422673463155514,-0.21430906153146534
1995-09,Equal-weight SIP,0.060068589305428195,-0.032055458871895426
1995-09,60/20/20 annual rebal,0.06175941253818164,-0.05966193386991725
1995-09,Risk-parity SIP,0.059909019811758765,-0.03496179050945614
1995-09,Max-Sharpe SIP,0.05629666738250946,-0.036889272976344034
1995-09,Optimized SIP,0.058147944170964035,-0.034929658421500975
1995-10,Equity SIP,0.05507110594431264,-0.2086760109671586
1995-10,Equal-weight SIP,0.06232071551461222,-0.0319337714276795
1995-10,60/20/20 annual rebal,0.062280202284989025,-0.060984256001356485
1995-10,Risk-parity SIP,0.06199480165690706,-0.03478928224749067
1995-10,Max-Sharpe SIP,0.05712145159391626,-0.03665179898291204
1995-10,Optimized SIP,0.05963311800675134,-0.034739287020885246
1995-11,Equity SIP,0.048146800772995886,-0.2029237517878103
1995-11,Equal-weight SIP,0.06058156873314707,-0.03180935383219585
1995-11,60/20/20 annual rebal,0.0593931381707443,-0.06749339946830868
1995-11,Risk-parity SIP,0.05990288087362035,-0.03461699050120837
1995-11,Max-Sharpe SIP,0.053198838128878996,-0.036412550913230146
1995-11,Optimized SIP,0.056667566148590524,-0.034548419009559406
1995-12,Equity SIP,0.053874445353814145,-0.19688437286696547
1995-12,Equal-weight SIP,0.06277998242980959,-0.031683353479269094
1995-12,60/20/20 annual rebal,0.06250879297773843,-0.06539412942142353
1995-12,Risk-parity SIP,0.06141602057048255,-0.03444008567400325
1995-12,Max-Sharpe SIP,0.05406974051438616,-0.03616869265023592
1995-12,Optimized SIP,0.05787073330000599,-0.034355014600475964
1996-01,Equity SIP,0.05620498052518533,-0.19075747770383922
1996-01,Equal-weight SIP,0.06827512491890195,-0.031554319022298105
1996-01,60/20/20 annual rebal,0.0655454998359279,-0.062385758572763295
1996-01,Risk-parity SIP,0.06607991471845934,-0.03426140537893707
1996-01,Max-Sharpe SIP,0.056624703939615016,-0.03592143622678179
1996-01,Optimized SIP,0.061524431716024695,-0.03416128865185453
1996-02,Equity SIP,0.05731170548913916,-0.18470488420050102
1996-02,Equal-weight SIP,0.07404845100828025,-0.031422594643524815
1996-02,60/20/20 annual rebal,0.06977629185485663,-0.06059155685892759
1996-02,Risk-parity SIP,0.07090612832562108,-0.03408415319300995
1996-02,Max-Sharpe SIP,0.058910411154074846,-0.03567234984096779
1996-02,Optimized SIP,0.0651271250171766,-0.03396645333007442
1996-03,Equity SIP,0.05556021108765182,-0.18171343715672772
1996-03,Equal-weight SIP,0.07325926435761529,-0.031290765223085715
1996-03,60/20/20 annual rebal,0.06950039815454587,-0.06089800266863099
1996-03,Risk-parity SIP,0.06963086391141589,-0.033905816106788
1996-03,Max-Sharpe SIP,0.05710310334903064,-0.03541879565323147
1996-03,Optimized SIP,0.06347576662473339,-0.03431581173029974
1996-04,Equity SIP,0.056825492812906414,-0.180317199838669
1996-04,Equal-weight SIP,0.07300441849384863,-0.031150809919702538
1996-04,60/20/20 annual rebal,0.07087164153656657,-0.06313278999397653
1996-04,Risk-parity SIP,0.06888892601525658,-0.03372649816936746
1996-04,Max-Sharpe SIP,0.055970418381879126,-0.03516170096135407
1996-04,Optimized SIP,0.06258059305514202,-0.034115272231465044
1996-05,Equity SIP,0.05674717397636358,-0.17885139699216157
1996-05,Equal-weight SIP,0.07860873265995347,-0.031001246866091403
1996-05,60/20/20 annual rebal,0.073147702802818,-0.059849578692626304
1996-05,Risk-parity SIP,0.07143921459504717,-0.03353909901286023
1996-05,Max-Sharpe SIP,0.05545454360702182,-0.034889798238162406
1996-05,Optimized SIP,0.06356456297719482,-0.03383777986689207
1996-06,Equity SIP,0.053603381126968566,-0.17731696521499518
1996-06,Equal-weight SIP,0.08500444941261093,-0.03084500418477698
1996-06,60/20/20 annual rebal,0.07382441343567396,-0.061756609030349185
1996-06,Risk-parity SIP,0.0750231310024661,-0.03334569646162011
1996-06,Max-Sharpe SIP,0.05593555598203257,-0.03460743196188609
1996-06,Optimized SIP,0.06515443626657313,-0.03362203756498461
1996-07,Equity SIP,0.04674851764972752,-0.175743699533227
1996-07,Equal-weight SIP,0.07264444981622294,-0.052918756858919225
1996-07,60/20/20 annual rebal,0.06587840905363888,-0.0635049589705381
1996-07,Risk-parity SIP,0.0664505688727599,-0.03334908993678809
1996-07,Max-Sharpe SIP,0.05086338045636277,-0.03431622107280652
1996-07,Optimized SIP,0.05893608359201846,-0.033400507785934175
1996-08,Equity SIP,0.04662141635068713,-0.17411298345940895
1996-08,Equal-weight SIP,0.0773583510428466,-0.05301629988077994
1996-08,60/20/20 annual rebal,0.06645214843004071,-0.06127876185310166
1996-08,Risk-parity SIP,0.06956141172888407,-0.0332778686899472
1996-08,Max-Sharpe SIP,0.052326849604305725,-0.034014644317402865
1996-08,Optimized SIP,0.06104897012387465,-0.033171707889154134
1996-09,Equity SIP,0.0493598932209872,-0.1723362428153572
1996-09,Equal-weight SIP,0.07857678826235318,-0.05311706165675334
1996-09,60/20/20 annual rebal,0.0696783158289674,-0.054702945333161224
1996-09,Risk-parity SIP,0.07139378672241935,-0.033204722503775264
1996-09,Max-Sharpe SIP,0.05469621948191335,-0.03370169661563094
1996-09,Optimized SIP,0.06327314429141638,-0.032934753192292554
1996-10,Equity SIP,0.05258976898917601,-0.1705208990191761
1996-10,Equal-weight SIP,0.0754092108040576,-0.05321447337730012
1996-10,60/20/20 annual rebal,0.06896774843128681,-0.05583993420319644
1996-10,Risk-parity SIP,0.07027789920232376,-0.033131632512395925
1996-10,Max-Sharpe SIP,0.05546387652567893,-0.03338581778398253
1996-10,Optimized SIP,0.06340439612774765,-0.032695251752036136
1996-11,Equity SIP,0.05784939463241478,-0.16864691563424627
1996-11,Equal-weight SIP,0.0750703277422269,-0.05331119729140921
1996-11,60/20/20 annual rebal,0.0709857234761014,-0.06136062962884825
1996-11,Risk-parity SIP,0.07034840910369332,-0.033056830719345065
1996-11,Max-Sharpe SIP,0.05586863181930911,-0.033037209660329414
1996-11,Optimized SIP,0.06382606055609434,-0.032448582371857326
1996-12,Equity SIP,0.06014128241509848,-0.16675176109175827
1996-12,Equal-weight SIP,0.08135385938736457,-0.05339915218017499
1996-12,60/20/20 annual rebal,0.07454359294328068,-0.05983007468638679
1996-12,Risk-parity SIP,0.07503928644173613,-0.03298174453947378
1996-12,Max-Sharpe SIP,0.05903032359260684,-0.032710801141869084
1996-12,Optimized SIP,0.06765302675999439,-0.032200059311546014
1997-01,Equity SIP,0.0628018286486691,-0.1648540758283078
1997-01,Equal-weight SIP,0.08225087848781394,-0.05347637302047337
1997-01,60/20/20 annual rebal,0.07543667009909209,-0.056705436667348175
1997-01,Risk-parity SIP,0.07591671287816923,-0.03290639594245082
1997-01,Max-Sharpe SIP,0.05996340406573255,-0.032382914854826694
1997-01,Optimized SIP,0.06858586639129614,-0.03195040150819772
1997-02,Equity SIP,0.06270622082125683,-0.16288203015556668
1997-02,Equal-weight SIP,0.08114461827206951,-0.05354905211338057
1997-02,60/20/20 annual rebal,0.07487688863516291,-0.05474810740205005
1997-02,Risk-parity SIP,0.07423462490229613,-0.032828771421108405
1997-02,Max-Sharpe SIP,0.05785675490707708,-0.0320431832987782
1997-02,Optimized SIP,0.06669350225905442,-0.031692219482421735
1997-03,Equity SIP,0.06438493055283491,-0.16087325521420803
1997-03,Equal-weight SIP,0.08559387504465489,-0.05361402641143598
1997-03,60/20/20 annual rebal,0.07864974252641445,-0.054885789310628486
1997-03,Risk-parity SIP,0.07724263388089149,-0.03274852622649571
1997-03,Max-Sharpe SIP,0.059622869301226324,-0.03169737748975843
1997-03,Optimized SIP,0.06901138429102587,-0.0314239620768324
1997-04,Equity SIP,0.05830360636549055,-0.15890183035960004
1997-04,Equal-weight SIP,0.08288685195739234,-0.05366721877876246
1997-04,60/20/20 annual rebal,0.0756775632554311,-0.05692175139669331
1997-04,Risk-parity SIP,0.07579175193963554,-0.03266722680051981
1997-04,Max-Sharpe SIP,0.058985614981047485,-0.03135039507952653
1997-04,Optimized SIP,0.06800980900419139,-0.031152119928181787
1997-05,Equity SIP,0.06488351914200155,-0.1575095235096885
1997-05,Equal-weight SIP,0.08673368342274039,-0.05372859209114611
1997-05,60/20/20 annual rebal,0.07977194895417268,-0.053450161412026964
1997-05,Risk-parity SIP,0.07790495753350349,-0.03258383718792124
1997-05,Max-Sharpe SIP,0.059950147299912666,-0.03098892334989989
1997-05,Optimized SIP,0.06951402634957542,-0.030870832551304295
1997-06,Equity SIP,0.06984977804595931,-0.15599023743839235
1997-06,Equal-weight SIP,0.08612083159442649,-0.05379098610699473
1997-06,60/20/20 annual rebal,0.08092992314803764,-0.055123691155458676
1997-06,Risk-parity SIP,0.07749484332410427,-0.03249929459333656
1997-06,Max-Sharpe SIP,0.05994036110166076,-0.030606770434903452
1997-06,Optimized SIP,0.06960353825284785,-0.030604864116255737
1997-07,Equity SIP,0.06926573083367168,-0.1545240344579859
1997-07,Equal-weight SIP,0.08279173543855536,-0.05384192309307645
1997-07,60/20/20 annual rebal,0.08012771472518937,-0.05669694538071923
1997-07,Risk-parity SIP,0.07367547696843092,-0.032417563128655846
1997-07,Max-Sharpe SIP,0.05589186225896259,-0.030225604602056033
1997-07,Optimized SIP,0.06566875616383053,-0.0303078088135732
1997-08,Equity SIP,0.069227097640138,-0.1530603000974412
1997-08,Equal-weight SIP,0.0838819550336925,-0.0538822721634864
1997-08,60/20/20 annual rebal,0.07920989929698793,-0.054392470751600364
1997-08,Risk-parity SIP,0.0747415974881005,-0.03233569167076644
1997-08,Max-Sharpe SIP,0.0569157944434309,-0.02987975364187645
1997-08,Optimized SIP,0.06668985319124361,-0.030008390451181977
1997-09,Equity SIP,0.05998332721827906,-0.15160664154385528
1997-09,Equal-weight SIP,0.08204780958649993,-0.053899459776857395
1997-09,60/20/20 annual rebal,0.07566944535539133,-0.047743405521891935
1997-09,Risk-parity SIP,0.07450506959689436,-0.03225292779628819
1997-09,Max-Sharpe SIP,0.057452344961001635,-0.029573682413043367
1997-09,Optimized SIP,0.0668267885922063,-0.029704155391110265
1997-10,Equity SIP,0.06481262602208177,-0.15008586766762455
1997-10,Equal-weight SIP,0.08925162713400636,-0.05391683725158403
1997-10,60/20/20 annual rebal,0.08023216175711823,-0.048643604126910045
1997-10,Risk-parity SIP,0.07980392576048469,-0.03216831975271073
1997-10,Max-Sharpe SIP,0.0614539214696303,-0.029258328462603567
1997-10,Optimized SIP,0.07133840190605269,-0.029389651144656748
1997-11,Equity SIP,0.06946279326296705,-0.1485068520128051
1997-11,Equal-weight SIP,0.09478562888296586,-0.053930191483827494
1997-11,60/20/20 annual rebal,0.08465118486532056,-0.05379609397512819
1997-11,Risk-parity SIP,0.08329936155637058,-0.032082296549732714
1997-11,Max-Sharpe SIP,0.0636162976069467,-0.02893553731078702
1997-11,Optimized SIP,0.07442816225635245,-0.029127982582842216
1997-12,Equity SIP,0.05903668493091153,-0.1468738041771258
1997-12,Equal-weight SIP,0.09846666114874308,-0.05394031381447284
1997-12,60/20/20 annual rebal,0.08171035645643411,-0.05208387242964985
1997-12,Risk-parity SIP,0.08657261991412177,-0.03199552495321101
1997-12,Max-Sharpe SIP,0.06615273065866463,-0.028607224711835855
1997-12,Optimized SIP,0.07682267810636789,-0.028743451934267084
1998-01,Equity SIP,0.06043017884600093,-0.14513505173098307
1998-01,Equal-weight SIP,0.09811921763891313,-0.053930502928545065
1998-01,60/20/20 annual rebal,0.0815528735290083,-0.048759779171574924
1998-01,Risk-parity SIP,0.08655952182424531,-0.03190513908434678
1998-01,Max-Sharpe SIP,0.06649250021445456,-0.02826625114296455
1998-01,Optimized SIP,0.0770072076402947,-0.028405160431231757
1998-02,Equity SIP,0.04628110869719473,-0.14335035962644538
1998-02,Equal-weight SIP,0.1044520709322233,-0.053897745566915956
1998-02,60/20/20 annual rebal,0.07845376795884895,-0.04656158059155946
1998-02,Risk-parity SIP,0.0910846636873141,-0.0318117525903272
1998-02,Max-Sharpe SIP,0.06935894807057269,-0.027915541755939022
1998-02,Optimized SIP,0.08049352574977144,-0.028055379259049773
1998-03,Equity SIP,0.042380044545227154,-0.14147351087803073
1998-03,Equal-weight SIP,0.10604352474776628,-0.05385886793352912
1998-03,60/20/20 annual rebal,0.07877419164490314,-0.04641362589025011
1998-03,Risk-parity SIP,0.09084879635744812,-0.03171706402741692
1998-03,Max-Sharpe SIP,0.0691455605179024,-0.02755803909165222
1998-03,Optimized SIP,0.08052367082429894,-0.02769849047227646
1998-04,Equity SIP,0.03651121437398693,-0.13961467987943887
1998-04,Equal-weight SIP,0.10950130347924716,-0.053822045204990565
1998-04,60/20/20 annual rebal,0.07864390757495449,-0.04816743967123194
1998-04,Risk-parity SIP,0.09263515445654376,-0.03162282049041798
1998-04,Max-Sharpe SIP,0.07138751476066764,-0.027199236984581265
1998-04,Optimized SIP,0.08281829891159855,-0.027340904390135812
1998-05,Equity SIP,0.043987906306484525,-0.13775764195437368
1998-05,Equal-weight SIP,0.10394249209409966,-0.053779052908927705
1998-05,60/20/20 annual rebal,0.08006218917336273,-0.04446936156786596
1998-05,Risk-parity SIP,0.0901018725379895,-0.03152758099279729
1998-05,Max-Sharpe SIP,0.06874876596617135,-0.026835980100242685
1998-05,Optimized SIP,0.0799271784926174,-0.02694425025182412
1998-06,Equity SIP,0.04830856397280187,-0.1358698442562697
1998-06,Equal-weight SIP,0.10132404258863115,-0.05374422538221846
1998-06,60/20/20 annual rebal,0.07893572729138863,-0.04591388375906724
1998-06,Risk-parity SIP,0.08819941421877302,-0.03143244478519247
1998-06,Max-Sharpe SIP,0.0665874493111645,-0.026481408891521063
1998-06,Optimized SIP,0.07775062463719193,-0.02658203521929481
1998-07,Equity SIP,0.03931181247701558,-0.1338800569893831
1998-07,Equal-weight SIP,0.09751015473231765,-0.05369803068660184
1998-07,60/20/20 annual rebal,0.0739315214650873,-0.047228291579214265
1998-07,Risk-parity SIP,0.08347098191539085,-0.03133418610883143
1998-07,Max-Sharpe SIP,0.06223764655208576,-0.02610289010519895
1998-07,Optimized SIP,0.07328691137257233,-0.02620646819020056
1998-08,Equity SIP,0.026563349697863788,-0.13178707644739696
1998-08,Equal-weight SIP,0.09941919406598533,-0.05363905010921266
1998-08,60/20/20 annual rebal,0.06804344391758853,-0.04474894283188502
1998-08,Risk-parity SIP,0.0826525477233146,-0.031233334320717066
1998-08,Max-Sharpe SIP,0.06218321570834842,-0.025707933046663745
1998-08,Optimized SIP,0.07299988263747395,-0.025819206320025434
1998-09,Equity SIP,0.030247550357305676,-0.12967687169087783
1998-09,Equal-weight SIP,0.08953987262981573,-0.053574618596792356
1998-09,60/20/20 annual rebal,0.06846619986244115,-0.03877001753117104
1998-09,Risk-parity SIP,0.07961224175978794,-0.03113163101412908
1998-09,Max-Sharpe SIP,0.05994404456752373,-0.025310232571818192
1998-09,Optimized SIP,0.0700971194782797,-0.025436552117331535
1998-10,Equity SIP,0.019986621950320027,-0.12993233959091444
1998-10,Equal-weight SIP,0.08633844063037915,-0.05725916211200899
1998-10,60/20/20 annual rebal,0.0586923472125694,-0.06073842513837169
1998-10,Risk-parity SIP,0.07774735844473933,-0.031024740789411198
1998-10,Max-Sharpe SIP,0.05927345765757221,-0.02488860412171434
1998-10,Optimized SIP,0.06878438087975813,-0.02502969863675597
1998-11,Equity SIP,-0.025441788736628685,-0.29975692716859625
1998-11,Equal-weight SIP,0.0729756695562131,-0.11139651258938765
1998-11,60/20/20 annual rebal,0.03127760982162711,-0.17295711174144335
1998-11,Risk-parity SIP,0.06474822418387415,-0.06756395969344586
1998-11,Max-Sharpe SIP,0.04905764053034426,-0.04143258630989333
1998-11,Optimized SIP,0.057125532963938894,-0.05693151396249496
1998-12,Equity SIP,-0.043932086812832526,-0.3532954188341283
1998-12,Equal-weight SIP,0.06487993782733087,-0.13885880726510846
1998-12,60/20/20 annual rebal,0.021795876110285273,-0.202305474722016
1998-12,Risk-parity SIP,0.06097386641154805,-0.07607584297529901
1998-12,Max-Sharpe SIP,0.04593864170239593,-0.0466782116737805
1998-12,Optimized SIP,0.05404458814293192,-0.06149665178569863
1999-01,Equity SIP,-0.04445626904268474,-0.3526788167725545
1999-01,Equal-weight SIP,0.07639505807692641,-0.13850257154875412
1999-01,60/20/20 annual rebal,0.026852982733050732,-0.20057217286158657
1999-01,Risk-parity SIP,0.07240993734399123,-0.07563863557734407
1999-01,Max-Sharpe SIP,0.059234734443496584,-0.046556088592409894
1999-01,Optimized SIP,0.06727185311497923,-0.06126587096895064
1999-02,Equity SIP,-0.046435235482999694,-0.35207427001909675
1999-02,Equal-weight SIP,0.0793930616016189,-0.13814329895926036
1999-02,60/20/20 annual rebal,0.029308540335837862,-0.19973343104724406
1999-02,Risk-parity SIP,0.0731796298015079,-0.0753853058238032
1999-02,Max-Sharpe SIP,0.05907541370187647,-0.04643625765217296
1999-02,Optimized SIP,0.06716591460729482,-0.060807157438540815
1999-03,Equity SIP,-0.06035962778828364,-0.3845320939403132
1999-03,Equal-weight SIP,0.0834480911396694,-0.13778868384345522
1999-03,60/20/20 annual rebal,0.02312472810127811,-0.20846767955560497
1999-03,Risk-parity SIP,0.07014824401125452,-0.07493950916609882
1999-03,Max-Sharpe SIP,0.05774898144723728,-0.04631687512447147
1999-03,Optimized SIP,0.06427592191811336,-0.06034378351582925
1999-04,Equity SIP,-0.07202480288208783,-0.4122665280293284
1999-04,Equal-weight SIP,0.07905890514921486,-0.13743463664849231
1999-04,60/20/20 annual rebal,0.017362529582403922,-0.2103117558748081
1999-04,Risk-parity SIP,0.0662747236841779,-0.07447874974176871
1999-04,Max-Sharpe SIP,0.05584163872372558,-0.04619403724877602
1999-04,Optimized SIP,0.061022245331828665,-0.059865084234151156
1999-05,Equity SIP,-0.04717836179110498,-0.4115123282080354
1999-05,Equal-weight SIP,0.07766769812430044,-0.13708901615835123
1999-05,60/20/20 annual rebal,0.0295031626137492,-0.21415543450507024
1999-05,Risk-parity SIP,0.06864345171268167,-0.07400831079301362
1999-05,Max-Sharpe SIP,0.05465380587572065,-0.04606916298498376
1999-05,Optimized SIP,0.06244057767602698,-0.059374386819047276
1999-06,Equity SIP,-0.0334838433526874,-0.41077505802902936
1999-06,Equal-weight SIP,0.08134225647472641,-0.13674220822630323
1999-06,60/20/20 annual rebal,0.03387287336026314,-0.2087193098860981
1999-06,Risk-parity SIP,0.07024506590437335,-0.07353275717280572
1999-06,Max-Sharpe SIP,0.0537255431454338,-0.04594405616292918
1999-06,Optimized SIP,0.06311877240638501,-0.05887886563450839
1999-07,Equity SIP,-0.02736308624509066,-0.4100231193703988
1999-07,Equal-weight SIP,0.08116750237393622,-0.13638651092451515
1999-07,60/20/20 annual rebal,0.03689548292519087,-0.20561868780642711
1999-07,Risk-parity SIP,0.06851879709800537,-0.0730367908739592
1999-07,Max-Sharpe SIP,0.050381359784962776,-0.04581457135693767
1999-07,Optimized SIP,0.0608019798852105,-0.058362332012695584
1999-08,Equity SIP,-0.024477150855741498,-0.4092520737752351
1999-08,Equal-weight SIP,0.0801608856306974,-0.13600250508925493
1999-08,60/20/20 annual rebal,0.036028130438460294,-0.20529360807619235
1999-08,Risk-parity SIP,0.06914790548505745,-0.07251360007501473
1999-08,Max-Sharpe SIP,0.051284135362634445,-0.04567992215842065
1999-08,Optimized SIP,0.06162741794905034,-0.05781998305373948
1999-09,Equity SIP,-0.008451574697717752,-0.4085004066150433
1999-09,Equal-weight SIP,0.08354664076533848,-0.13560810152777159
1999-09,60/20/20 annual rebal,0.04609555414023257,-0.20288898614133666
1999-09,Risk-parity SIP,0.0732446643435887,-0.07198228246657623
1999-09,Max-Sharpe SIP,0.05312027375393248,-0.04554559104946876
1999-09,Optimized SIP,0.06431247907828563,-0.057272558394726
1999-10,Equity SIP,-0.00115649141739692,-0.4077043492700523
1999-10,Equal-weight SIP,0.08945744560604113,-0.13519417604178918
1999-10,60/20/20 annual rebal,0.04922250008939406,-0.20784060549321537
1999-10,Risk-parity SIP,0.07799029366657932,-0.07149336838136744
1999-10,Max-Sharpe SIP,0.0577618391281282,-0.0454066345818096
1999-10,Optimized SIP,0.0688686760114154,-0.05670328512238909
1999-11,Equity SIP,0.0036402427087828533,-0.4068877251699886
1999-11,Equal-weight SIP,0.09376711894265083,-0.13478095526378575
1999-11,60/20/20 annual rebal,0.05272752468246313,-0.20810084423252928
1999-11,Risk-parity SIP,0.08053673110282604,-0.07108852599724269
1999-11,Max-Sharpe SIP,0.06013675055504845,-0.04526583178318555
1999-11,Optimized SIP,0.0711646549658958,-0.05612401956429125
1999-12,Equity SIP,0.007767476699229738,-0.4060439595910639
1999-12,Equal-weight SIP,0.10121234910673421,-0.13444114866786483
1999-12,60/20/20 annual rebal,0.06005762918036578,-0.1983744372736378
1999-12,Risk-parity SIP,0.08429609571997,-0.07069326866835679
1999-12,Max-Sharpe SIP,0.06388529744916745,-0.045123366649244656
1999-12,Optimized SIP,0.07469861822736708,-0.05554722631814568
2000-01,Equity SIP,0.01220913838668751,-0.4052406284807015
2000-01,Equal-weight SIP,0.10098003847776325,-0.13408478787883404
2000-01,60/20/20 annual rebal,0.062188394447574936,-0.1965624964164585
2000-01,Risk-parity SIP,0.08369377657831814,-0.07028983331364047
2000-01,Max-Sharpe SIP,0.06215093886368112,-0.04498175225522427
2000-01,Optimized SIP,0.07351871177198409,-0.054963992101578096
2000-02,Equity SIP,0.014968198273443109,-0.40444442051682905
2000-02,Equal-weight SIP,0.09840955919269655,-0.1337192775688245
2000-02,60/20/20 annual rebal,0.06512833470128412,-0.19567452843090072
2000-02,Risk-parity SIP,0.08185598337434859,-0.0698721420019971
2000-02,Max-Sharpe SIP,0.059865846134575386,-0.044837231645023956
2000-02,Optimized SIP,0.0714738875964243,-0.05436363625869134
2000-03,Equity SIP,0.009264866118346786,-0.40363220091798446
2000-03,Equal-weight SIP,0.09429015252216352,-0.13335890928239547
2000-03,60/20/20 annual rebal,0.060040599069212365,-0.20433038748432464
2000-03,Risk-parity SIP,0.07903421139522221,-0.06944024193466125
2000-03,Max-Sharpe SIP,0.05807442551654687,-0.044687881688016184
2000-03,Optimized SIP,0.06912712976144932,-0.053742143600893244
2000-04,Equity SIP,0.020703623850486838,-0.4027832386769482
2000-04,Equal-weight SIP,0.09713019289729816,-0.13299991204581774
2000-04,60/20/20 annual rebal,0.06890483459143701,-0.20610806896123635
2000-04,Risk-parity SIP,0.08161702751867214,-0.06900475708086273
2000-04,Max-Sharpe SIP,0.060012695120358,-0.04040840679746316
2000-04,Optimized SIP,0.07153593487427265,-0.05311164280733316
2000-05,Equity SIP,0.028594315573330118,-0.401950628214485
2000-05,Equal-weight SIP,0.10041951729951369,-0.13260646771195406
2000-05,60/20/20 annual rebal,0.07546685531359956,-0.209898983274178
2000-05,Risk-parity SIP,0.0833561060867413,-0.06856160642273013
2000-05,Max-Sharpe SIP,0.061050811925037765,-0.04034216406109181
2000-05,Optimized SIP,0.07289955937801892,-0.052475420020868024
2000-06,Equity SIP,0.016760480296623092,-0.40111406639771585
2000-06,Equal-weight SIP,0.10320915422666939,-0.1321813430101324
2000-06,60/20/20 annual rebal,0.06771905123602692,-0.20439040223777172
2000-06,Risk-parity SIP,0.08487731786960931,-0.0681107852159124
2000-06,Max-Sharpe SIP,0.06624591092678467,-0.04027863954304267
2000-06,Optimized SIP,0.07619009182866052,-0.05184552714890578
2000-07,Equity SIP,0.009736561124209623,-0.4002363671435586
2000-07,Equal-weight SIP,0.10380962456621226,-0.13173811155456394
2000-07,60/20/20 annual rebal,0.063772199003415,-0.2012404519405635
2000-07,Risk-parity SIP,0.08508422141905306,-0.06763651159526807
2000-07,Max-Sharpe SIP,0.06849211502858706,-0.0402277628107226
2000-07,Optimized SIP,0.07740040344697725,-0.05171050640993191
2000-08,Equity SIP,0.009594848909612767,-0.39936894559215996
2000-08,Equal-weight SIP,0.10016700347504233,-0.13130229431632157
2000-08,60/20/20 annual rebal,0.0603547202398087,-0.20085215484530983
2000-08,Risk-parity SIP,0.08440290920837742,-0.06716574338997916
2000-08,Max-Sharpe SIP,0.06797388846616084,-0.04017848841207583
2000-08,Optimized SIP,0.07682098843388428,-0.05157611397059236
2000-09,Equity SIP,0.011475125644257423,-0.3984921917148141
2000-09,Equal-weight SIP,0.10259903988805985,-0.13084417008771754
2000-09,60/20/20 annual rebal,0.06306831500405279,-0.1984143650594209
2000-09,Risk-parity SIP,0.08744190919075048,-0.0666830402639863
2000-09,Max-Sharpe SIP,0.07175548694900338,-0.04013478510117763
2000-09,Optimized SIP,0.08023137350024633,-0.0514385843557843
2000-10,Equity SIP,0.018175421498019543,-0.39760677821214785
2000-10,Equal-weight SIP,0.10725080216076649,-0.13034721103276403
2000-10,60/20/20 annual rebal,0.06572868361589217,-0.20323040316714436
2000-10,Risk-parity SIP,0.09084093803134898,-0.06618909114498739
2000-10,Max-Sharpe SIP,0.07478672713879732,-0.04009131854800363
2000-10,Optimized SIP,0.08324048373291938,-0.051298176663601036
2000-11,Equity SIP,0.02704955595160387,-0.3966941824052611
2000-11,Equal-weight SIP,0.11361269992868528,-0.12982611028983848
2000-11,60/20/20 annual rebal,0.07221392516619472,-0.20340831948806726
2000-11,Risk-parity SIP,0.09536597057878865,-0.06568146758276083
2000-11,Max-Sharpe SIP,0.07922524305238333,-0.040047503547402385
2000-11,Optimized SIP,0.08771327997289817,-0.05115386843257863
2000-12,Equity SIP,0.03182282095821058,-0.3957117124322812
2000-12,Equal-weight SIP,0.11438962495163923,-0.12924991509518957
2000-12,60/20/20 annual rebal,0.07670325254073125,-0.19366192357419998
2000-12,Risk-parity SIP,0.09463006537522863,-0.06515210854305797
2000-12,Max-Sharpe SIP,0.07805765238267902,-0.04000250575493003
2000-12,Optimized SIP,0.08676078509108798,-0.05100309850528284
2001-01,Equity SIP,0.03883907456130787,-0.3947005181097316
2001-01,Equal-weight SIP,0.11391942870582623,-0.12863843198132952
2001-01,60/20/20 annual rebal,0.07946058861138514,-0.19169223530463186
2001-01,Risk-parity SIP,0.09182953062579978,-0.06460566230073728
2001-01,Max-Sharpe SIP,0.0739654452811794,-0.039956524471012944
2001-01,Optimized SIP,0.08332499686197202,-0.05084800771470588
2001-02,Equity SIP,0.04526215611575342,-0.3936316116111064
2001-02,Equal-weight SIP,0.11145933315268665,-0.12798164481614882
2001-02,60/20/20 annual rebal,0.08413979903860852,-0.1906892835594567
2001-02,Risk-parity SIP,0.0908609946537696,-0.06405177715842747
2001-02,Max-Sharpe SIP,0.07182005907890619,-0.039899497923255645
2001-02,Optimized SIP,0.08180284342272882,-0.05069144487339261
2001-03,Equity SIP,0.05104644530632102,-0.3925435532208674
2001-03,Equal-weight SIP,0.11186038382491928,-0.12728435560743345
2001-03,60/20/20 annual rebal,0.08617530822428225,-0.19920355113361377
2001-03,Risk-parity SIP,0.090583430926742,-0.06348142599932916
2001-03,Max-Sharpe SIP,0.07108107885197164,-0.03984179187509984
2001-03,Optimized SIP,0.08120628881488785,-0.05053678835112796
2001-04,Equity SIP,0.04861668022269273,-0.3914061635305075
2001-04,Equal-weight SIP,0.1139672621418664,-0.12653988161968288
2001-04,60/20/20 annual rebal,0.0880962264103169,-0.20083633356903274
2001-04,Risk-parity SIP,0.09188518102615227,-0.06289117441578174
2001-04,Max-Sharpe SIP,0.07409441608011488,-0.03978285608341703
2001-04,Optimized SIP,0.08326839273600593,-0.050372370638505415
2001-05,Equity SIP,0.05243994342417538,-0.3901242450382635
2001-05,Equal-weight SIP,0.11726029687102288,-0.12570867571386524
2001-05,60/20/20 annual rebal,0.09250747933678087,-0.20447158936761223
2001-05,Risk-parity SIP,0.0934358984960117,-0.06227376276109542
2001-05,Max-Sharpe SIP,0.07633480178244514,-0.039720226646846934
2001-05,Optimized SIP,0.08503710615197811,-0.05020183580750304
2001-06,Equity SIP,0.05327424334233481,-0.38881462939200473
2001-06,Equal-weight SIP,0.11922811993355924,-0.12485222269159624
2001-06,60/20/20 annual rebal,0.09093664282797696,-0.19878296693159936
2001-06,Risk-parity SIP,0.09592934992072846,-0.0616314823924321
2001-06,Max-Sharpe SIP,0.07983799758180804,-0.039657283810998534
2001-06,Optimized SIP,0.08794892038537125,-0.05002394638494345
2001-07,Equity SIP,0.04574593591122974,-0.3875579354372991
2001-07,Equal-weight SIP,0.11782297071565079,-0.12405376677109614
2001-07,60/20/20 annual rebal,0.08614501680372598,-0.19550286084369128
2001-07,Risk-parity SIP,0.09486860398429374,-0.06098578017033296
2001-07,Max-Sharpe SIP,0.08052195652792798,-0.039594937165904454
2001-07,Optimized SIP,0.0877685227194196,-0.049844262097505365
2001-08,Equity SIP,0.05131335443727527,-0.3862378179670378
2001-08,Equal-weight SIP,0.12045870312568081,-0.12320048966928066
2001-08,60/20/20 annual rebal,0.08800367829570158,-0.19493842278144002
2001-08,Risk-parity SIP,0.09658815440687357,-0.06037105439884949
2001-08,Max-Sharpe SIP,0.08244148979151479,-0.039531262572889525
2001-08,Optimized SIP,0.08953279482280632,-0.04965759503290035
2001-09,Equity SIP,0.029628994770567726,-0.3848458431375855
2001-09,Equal-weight SIP,0.12856481724949287,-0.12257055864161637
2001-09,60/20/20 annual rebal,0.08261857033739034,-0.19234946606984127
2001-09,Risk-parity SIP,0.1015422085351215,-0.06017495184403565
2001-09,Max-Sharpe SIP,0.09372499906615128,-0.03946601358368185
2001-09,Optimized SIP,0.09756447407428201,-0.049462448814756144
2001-10,Equity SIP,0.027781630749413408,-0.38338587213771924
2001-10,Equal-weight SIP,0.12867410178773922,-0.12207865527356077
2001-10,60/20/20 annual rebal,0.07968950406719859,-0.19686937169654206
2001-10,Risk-parity SIP,0.10389239928518654,-0.06004000914219154
2001-10,Max-Sharpe SIP,0.09593716256431005,-0.03940013415526722
2001-10,Optimized SIP,0.09953456608596267,-0.04926178101378664
2001-11,Equity SIP,0.033066361220339145,-0.38169170934863306
2001-11,Equal-weight SIP,0.121128364389118,-0.12150887994202642
2001-11,60/20/20 annual rebal,0.07863729723100554,-0.19679902910037317
2001-11,Risk-parity SIP,0.09949158259905042,-0.059831066271298416
2001-11,Max-Sharpe SIP,0.08941075357516279,-0.03933411744025794
2001-11,Optimized SIP,0.0942174338815788,-0.049049824681120624
2001-12,Equity SIP,0.03598026811551922,-0.379997822392788
2001-12,Equal-weight SIP,0.125134933310743,-0.12092827157965402
2001-12,60/20/20 annual rebal,0.08295414205539584,-0.18688383480086068
2001-12,Risk-parity SIP,0.10227134753845056,-0.05961863248685362
2001-12,Max-Sharpe SIP,0.09312652282032982,-0.039268915784435365
2001-12,Optimized SIP,0.0974215646055333,-0.04883397250799493
2002-01,Equity SIP,0.03854912102262586,-0.3783356144435043
2002-01,Equal-weight SIP,0.11836769025112213,-0.12034333642315365
2002-01,60/20/20 annual rebal,0.08218594801693622,-0.1846022973596736
2002-01,Risk-parity SIP,0.09932935907356355,-0.05940041528815221
2002-01,Max-Sharpe SIP,0.08853564946384652,-0.039203578924890126
2002-01,Optimized SIP,0.093154985861063,-0.04854380811977277
2002-02,Equity SIP,0.04716812453569283,-0.37664769365400863
2002-02,Equal-weight SIP,0.11954187649477326,-0.11976851217814055
2002-02,60/20/20 annual rebal,0.08899190197482414,-0.18333429328817363
2002-02,Risk-parity SIP,0.10072494569475761,-0.05917286605735417
2002-02,Max-Sharpe SIP,0.08922541465336219,-0.03913640715393474
2002-02,Optimized SIP,0.094251027008286,-0.04831168891052773
2002-03,Equity SIP,0.05454283634530512,-0.3749028547617137
2002-03,Equal-weight SIP,0.12485321411711438,-0.11918047274510968
2002-03,60/20/20 annual rebal,0.09407223685064513,-0.19156955999013903
2002-03,Risk-parity SIP,0.10381911786326217,-0.05893971631224193
2002-03,Max-Sharpe SIP,0.09281764161533504,-0.039068362947223045
2002-03,Optimized SIP,0.09763789249463355,-0.04807269466659214
2002-04,Equity SIP,0.05941029937255844,-0.3730402102304322
2002-04,Equal-weight SIP,0.1197612278881375,-0.11857259474952708
2002-04,60/20/20 annual rebal,0.09600293469165033,-0.19292854432370454
2002-04,Risk-parity SIP,0.10051698380228856,-0.05870141131207607
2002-04,Max-Sharpe SIP,0.0884528335987948,-0.03899649621768697
2002-04,Optimized SIP,0.09365565616093588,-0.04782686021944138
2002-05,Equity SIP,0.058791854901723395,-0.37120854587316077
2002-05,Equal-weight SIP,0.11710299792587538,-0.11798818884938977
2002-05,60/20/20 annual rebal,0.09546361299460439,-0.1963474364386144
2002-05,Risk-parity SIP,0.09956649483916491,-0.05844938925707166
2002-05,Max-Sharpe SIP,0.08808395259313273,-0.03892653710501559
2002-05,Optimized SIP,0.09270757075029988,-0.047573267332572944
2002-06,Equity SIP,0.05214454716199611,-0.3692488134782237
2002-06,Equal-weight SIP,0.11173248612187595,-0.11737255218321274
2002-06,60/20/20 annual rebal,0.08769484954250575,-0.1904495202410137
2002-06,Risk-parity SIP,0.09736462148389238,-0.0581852386006837
2002-06,Max-Sharpe SIP,0.08607534035102335,-0.038855286685370305
2002-06,Optimized SIP,0.09061744430385787,-0.04731071598351444
2002-07,Equity SIP,0.0492827360345011,-0.3671637467926321
2002-07,Equal-weight SIP,0.11106757017459971,-0.11673303643926969
2002-07,60/20/20 annual rebal,0.08549834752589676,-0.18692964968432646
2002-07,Risk-parity SIP,0.09738420703946146,-0.05791407847788155
2002-07,Max-Sharpe SIP,0.08668389969904505,-0.03874399361903447
2002-07,Optimized SIP,0.09099570936798099,-0.04703950360871134
2002-08,Equity SIP,0.05409587967324973,-0.36522660688013087
2002-08,Equal-weight SIP,0.11098378831064726,-0.11602251338652059
2002-08,60/20/20 annual rebal,0.08628805937328914,-0.18609185627385494
2002-08,Risk-parity SIP,0.09824750140102267,-0.05763502372622076
2002-08,Max-Sharpe SIP,0.08717083218992934,-0.03861786463318473
2002-08,Optimized SIP,0.09165924832729135,-0.0467581873878401
2002-09,Equity SIP,0.0594884076325829,-0.3636158537166836
2002-09,Equal-weight SIP,0.11222365990484805,-0.11515105845378781
2002-09,60/20/20 annual rebal,0.08964599535875789,-0.18321207080658575
2002-09,Risk-parity SIP,0.09817492592866997,-0.05733869362009347
2002-09,Max-Sharpe SIP,0.08709226352397756,-0.038488768134304574
2002-09,Optimized SIP,0.09161849833579218,-0.046459373506385515
2002-10,Equity SIP,0.06416744434967458,-0.3619598398466304
2002-10,Equal-weight SIP,0.11801608000440945,-0.114222134789149
2002-10,60/20/20 annual rebal,0.09362332514709548,-0.18720179783476132
2002-10,Risk-parity SIP,0.10086688539168231,-0.057035623325302764
2002-10,Max-Sharpe SIP,0.09084733214211599,-0.03836189359754927
2002-10,Optimized SIP,0.09488343046415387,-0.046159612028838226
2002-11,Equity SIP,0.06257301984890487,-0.36014906354486587
2002-11,Equal-weight SIP,0.11619139854038106,-0.11320654166928412
2002-11,60/20/20 annual rebal,0.09130754003757562,-0.1867054996355304
2002-11,Risk-parity SIP,0.09920943678033288,-0.05672463560434926
2002-11,Max-Sharpe SIP,0.08951584082323763,-0.03822073107925139
2002-11,Optimized SIP,0.09341139141419688,-0.04585264983208093
2002-12,Equity SIP,0.05583023294949554,-0.3582330091759014
2002-12,Equal-weight SIP,0.11222988642114466,-0.11213257084190176
2002-12,60/20/20 annual rebal,0.0869863398783242,-0.1764602699363883
2002-12,Risk-parity SIP,0.09664021579801586,-0.05639952451325059
2002-12,Max-Sharpe SIP,0.08747726043522229,-0.038060893574486054
2002-12,Optimized SIP,0.09113913649900673,-0.04553289857375531
2003-01,Equity SIP,0.05892197997277342,-0.35635783603982385
2003-01,Equal-weight SIP,0.10926749294306651,-0.11108801846827832
2003-01,60/20/20 annual rebal,0.087562465837723,-0.17364241436415928
2003-01,Risk-parity SIP,0.09491797989901002,-0.0560671853116157
2003-01,Max-Sharpe SIP,0.08511356633056161,-0.037898230671559396
2003-01,Optimized SIP,0.0891244806940616,-0.045207024492369685
2003-02,Equity SIP,0.06583850628041435,-0.35438109870685075
2003-02,Equal-weight SIP,0.10813865782063871,-0.11001920144018595
2003-02,60/20/20 annual rebal,0.09185536268593003,-0.17190565847732642
2003-02,Risk-parity SIP,0.09335860108601549,-0.055652829290765204
2003-02,Max-Sharpe SIP,0.08330680858627379,-0.03773070876715201
2003-02,Optimized SIP,0.08795106740833444,-0.044871667106017754
2003-03,Equity SIP,0.06909570002057887,-0.3523118034751328
2003-03,Equal-weight SIP,0.10513022716845008,-0.10896176253226131
2003-03,60/20/20 annual rebal,0.0913903739258513,-0.1796178824386806
2003-03,Risk-parity SIP,0.09173991941590914,-0.05530734318011177
2003-03,Max-Sharpe SIP,0.0813708450490259,-0.037558856910997696
2003-03,Optimized SIP,0.08594505368097947,-0.04452893312118278
2003-04,Equity SIP,0.07288178819146444,-0.34999631617486215
2003-04,Equal-weight SIP,0.10321242783626787,-0.10777993472132286
2003-04,60/20/20 annual rebal,0.09399363280881605,-0.180361597552124
2003-04,Risk-parity SIP,0.09218295738660186,-0.05506777782545169
2003-04,Max-Sharpe SIP,0.08066867266920014,-0.03738031236084394
2003-04,Optimized SIP,0.08519059524221806,-0.04417124402045869
2003-05,Equity SIP,0.07428599641848163,-0.34759727180742894
2003-05,Equal-weight SIP,0.09767486751754238,-0.10651004060205349
2003-05,60/20/20 annual rebal,0.09306277330464222,-0.18326688055382168
2003-05,Risk-parity SIP,0.09092105212591621,-0.05467837993269575
2003-05,Max-Sharpe SIP,0.07866754057660763,-0.037196228625594685
2003-05,Optimized SIP,0.08332388779164344,-0.04387565648440683
2003-06,Equity SIP,0.08155434789682053,-0.3452064963618341
2003-06,Equal-weight SIP,0.09377959964160382,-0.10521413260641721
2003-06,60/20/20 annual rebal,0.09233065852456133,-0.1767266586341335
2003-06,Risk-parity SIP,0.08888270537940757,-0.05427238427731462
2003-06,Max-Sharpe SIP,0.07597451272339258,-0.037005269255689255
2003-06,Optimized SIP,0.08068988398722686,-0.04368175527527007
2003-07,Equity SIP,0.07823117576581047,-0.34282770818345365
2003-07,Equal-weight SIP,0.08595632113395427,-0.1039695969214589
2003-07,60/20/20 annual rebal,0.0866496274707961,-0.17268678114274816
2003-07,Risk-parity SIP,0.08205293431260564,-0.05387154526586768
2003-07,Max-Sharpe SIP,0.06895465780651643,-0.03681521726867898
2003-07,Optimized SIP,0.07366927125903015,-0.043489956735760726
2003-08,Equity SIP,0.08326405810816907,-0.34047293915686505
2003-08,Equal-weight SIP,0.08205599617244244,-0.10271477669423812
2003-08,60/20/20 annual rebal,0.08600775804036861,-0.17137598778385066
2003-08,Risk-parity SIP,0.07941696444677862,-0.053717853387620695
2003-08,Max-Sharpe SIP,0.06551004703820072,-0.03662377098104608
2003-08,Optimized SIP,0.07025428198884504,-0.043296087940225325
2003-09,Equity SIP,0.08265889664090781,-0.3380244890407599
2003-09,Equal-weight SIP,0.08380630268781963,-0.10143764421771784
2003-09,60/20/20 annual rebal,0.0874226951717621,-0.16817276534310233
2003-09,Risk-parity SIP,0.07891060393468456,-0.05328248751169651
2003-09,Max-Sharpe SIP,0.06585062867607384,-0.03641836620212513
2003-09,Optimized SIP,0.07030393958745895,-0.04308848027248913
2003-10,Equity SIP,0.08381458876985412,-0.3354567904528293
2003-10,Equal-weight SIP,0.08267097469389931,-0.1001550286199917
2003-10,60/20/20 annual rebal,0.08618603228391761,-0.1714119551661457
2003-10,Risk-parity SIP,0.07788045753664323,-0.0528247420112391
2003-10,Max-Sharpe SIP,0.0648785615276102,-0.03620012147171092
2003-10,Optimized SIP,0.06926557100739253,-0.04286922844228247
2003-11,Equity SIP,0.08674438377083647,-0.33284990143100357
2003-11,Equal-weight SIP,0.08179940091951342,-0.0988861980298733
2003-11,60/20/20 annual rebal,0.08707414511458557,-0.17045873208500817
2003-11,Risk-parity SIP,0.0787156962326496,-0.05236015544015582
2003-11,Max-Sharpe SIP,0.0654186360640991,-0.03597897823444085
2003-11,Optimized SIP,0.06989169418661728,-0.04264636941825484
2003-12,Equity SIP,0.09289047388263855,-0.33017413292248143
2003-12,Equal-weight SIP,0.08030366459182343,-0.09758078641569434
2003-12,60/20/20 annual rebal,0.0895965754560753,-0.159918087915073
2003-12,Risk-parity SIP,0.07859071772710521,-0.05187813646722261
2003-12,Max-Sharpe SIP,0.0642996571728842,-0.03575051894063486
2003-12,Optimized SIP,0.06980749221853425,-0.04241574174739715
2004-01,Equity SIP,0.09469884957900755,-0.32740457496096687
2004-01,Equal-weight SIP,0.0762961865535131,-0.09625659661199737
2004-01,60/20/20 annual rebal,0.08972019926942201,-0.15634094109830343
2004-01,Risk-parity SIP,0.07277295978285148,-0.05141983768311709
2004-01,Max-Sharpe SIP,0.060864352413763645,-0.03551478325361468
2004-01,Optimized SIP,0.06645991219205277,-0.04217795010135739
2004-02,Equity SIP,0.09551157365373841,-0.3245892041182462
2004-02,Equal-weight SIP,0.07718698413023514,-0.09494624050915934
2004-02,60/20/20 annual rebal,0.0921586595047842,-0.15408029913079446
2004-02,Risk-parity SIP,0.07332567221481658,-0.05101468992256886
2004-02,Max-Sharpe SIP,0.06170156468773603,-0.03527334433529594
2004-02,Optimized SIP,0.06717097330252217,-0.04193529608594693
2004-03,Equity SIP,0.09433482802682445,-0.3217803720779596
2004-03,Equal-weight SIP,0.07964718023787976,-0.09363815991733992
2004-03,60/20/20 annual rebal,0.09174444557842962,-0.16122079289155566
2004-03,Risk-parity SIP,0.0753005217650648,-0.05059555529383031
2004-03,Max-Sharpe SIP,0.06378614230957644,-0.03502764396492941
2004-03,Optimized SIP,0.06926833230372988,-0.04168816553760224
2004-04,Equity SIP,0.09850092818226694,-0.3188722727495995
2004-04,Equal-weight SIP,0.08214479083419955,-0.0922495046438
2004-04,60/20/20 annual rebal,0.09503189273468615,-0.16148752445757952
2004-04,Risk-parity SIP,0.07678249536161148,-0.05015645188517637
2004-04,Max-Sharpe SIP,0.06536806854972492,-0.03477379442597173
2004-04,Optimized SIP,0.07093454619348272,-0.041431655812169454
2004-05,Equity SIP,0.09790902464097666,-0.3157766131418728
2004-05,Equal-weight SIP,0.07914560469863131,-0.09076032411982948
2004-05,60/20/20 annual rebal,0.09331271524853606,-0.1639479026389249
2004-05,Risk-parity SIP,0.07484796766471269,-0.04969987283186972
2004-05,Max-Sharpe SIP,0.06364231403673733,-0.03451270351221625
2004-05,Optimized SIP,0.06804034523251809,-0.0411676322184954
2004-06,Equity SIP,0.09982080749464826,-0.3125599311278323
2004-06,Equal-weight SIP,0.07920605138436658,-0.0892333941093113
2004-06,60/20/20 annual rebal,0.09210635950689532,-0.1566980986258829
2004-06,Risk-parity SIP,0.07564151081482899,-0.04921190288257593
2004-06,Max-Sharpe SIP,0.0646319165043105,-0.03423452399495297
2004-06,Optimized SIP,0.0688848613513776,-0.04088666206774072
2004-07,Equity SIP,0.10472897573650732,-0.30909076408644554
2004-07,Equal-weight SIP,0.07942653786049025,-0.08755592262273648
2004-07,60/20/20 annual rebal,0.09347638033719533,-0.1518760529302734
2004-07,Risk-parity SIP,0.07562618599569405,-0.048607286737351374
2004-07,Max-Sharpe SIP,0.06472642816118418,-0.033936194368448414
2004-07,Optimized SIP,0.06898427794561145,-0.040584005319356464
2004-08,Equity SIP,0.1065195423452203,-0.3055423059126444
2004-08,Equal-weight SIP,0.08107714904893848,-0.08585143136922779
2004-08,60/20/20 annual rebal,0.09477598088100118,-0.1498077041473853
2004-08,Risk-parity SIP,0.07680711371190772,-0.04786457343914263
2004-08,Max-Sharpe SIP,0.06603570267273047,-0.03362822533574927
2004-08,Optimized SIP,0.07028820471165409,-0.04027138073011771
2004-09,Equity SIP,0.10464094720417204,-0.3017189731388342
2004-09,Equal-weight SIP,0.07920521773856525,-0.08402260701992792
2004-09,60/20/20 annual rebal,0.09329896556090582,-0.15069144868598328
2004-09,Risk-parity SIP,0.07605309858396392,-0.047091802488238965
2004-09,Max-Sharpe SIP,0.06545230610514213,-0.0333095692286528
2004-09,Optimized SIP,0.06952143890237981,-0.0399470492774503
2004-10,Equity SIP,0.10686121089974855,-0.2976252964364856
2004-10,Equal-weight SIP,0.07578501960772135,-0.08206217970727869
2004-10,60/20/20 annual rebal,0.09150301963788712,-0.14788109741094235
2004-10,Risk-parity SIP,0.0733181726539677,-0.04648312712364111
2004-10,Max-Sharpe SIP,0.0628137415091232,-0.03296472984045484
2004-10,Optimized SIP,0.0667981709657038,-0.03961050923350484
2004-11,Equity SIP,0.10073118541405959,-0.29341525913278876
2004-11,Equal-weight SIP,0.07288545879956534,-0.08003260947339186
2004-11,60/20/20 annual rebal,0.08791419658837583,-0.14599840572764766
2004-11,Risk-parity SIP,0.07234479995276215,-0.04608651285388521
2004-11,Max-Sharpe SIP,0.062086414751383094,-0.03258332996975022
2004-11,Optimized SIP,0.06583139945292854,-0.039264012793887915
2004-12,Equity SIP,0.11014368733464486,-0.2889662109155998
2004-12,Equal-weight SIP,0.07336623276840526,-0.07793904787675021
2004-12,60/20/20 annual rebal,0.09179145177463598,-0.13593594849697355
2004-12,Risk-parity SIP,0.07273907841198608,-0.045684266244167326
2004-12,Max-Sharpe SIP,0.06252247509238783,-0.03218476717617991
2004-12,Optimized SIP,0.06627643821611864,-0.038904639884771997
2005-01,Equity SIP,0.11032007839901144,-0.28447311326385405
2005-01,Equal-weight SIP,0.0745669266125195,-0.07587110626406268
2005-01,60/20/20 annual rebal,0.0943165609865175,-0.1316059419360821
2005-01,Risk-parity SIP,0.07390250338164793,-0.04527031392488723
2005-01,Max-Sharpe SIP,0.06385532335441511,-0.031761923738387154
2005-01,Optimized SIP,0.06749228902992593,-0.03852333332604008
2005-02,Equity SIP,0.10724390133752428,-0.2798473980972902
2005-02,Equal-weight SIP,0.07661093762865741,-0.07373692103617813
2005-02,60/20/20 annual rebal,0.09563180418430794,-0.12974601338426317
2005-02,Risk-parity SIP,0.07697968605624839,-0.044838078175154394
2005-02,Max-Sharpe SIP,0.06684803370346994,-0.03128714772046326
2005-02,Optimized SIP,0.07030117949793907,-0.03809213232802611
2005-03,Equity SIP,0.11149976578781291,-0.2748822118550224
2005-03,Equal-weight SIP,0.07583389993729008,-0.07137917473921096
2005-03,60/20/20 annual rebal,0.0951201063852275,-0.13554719443054664
2005-03,Risk-parity SIP,0.07578026957788488,-0.0443759469185081
2005-03,Max-Sharpe SIP,0.065765954145324,-0.0307850009658881
2005-03,Optimized SIP,0.06918528757981021,-0.0376334943554576
2005-04,Equity SIP,0.11061143496581559,-0.2697032933111002
2005-04,Equal-weight SIP,0.07207164366311203,-0.06889164446012574
2005-04,60/20/20 annual rebal,0.09283118214158936,-0.1356887117799035
2005-04,Risk-parity SIP,0.07272272055752592,-0.04389101098131165
2005-04,Max-Sharpe SIP,0.06289900719804664,-0.030260374353625052
2005-04,Optimized SIP,0.06623163936581246,-0.03715320775975739
2005-05,Equity SIP,0.1112543736804429,-0.2641890756661587
2005-05,Equal-weight SIP,0.07300014133582049,-0.06631304467999788
2005-05,60/20/20 annual rebal,0.09397860461840128,-0.13760257554514344
2005-05,Risk-parity SIP,0.07356914634687478,-0.043376119583152684
2005-05,Max-Sharpe SIP,0.06394133393044221,-0.029699715595530862
2005-05,Optimized SIP,0.06717027729823209,-0.03664099168130963
2005-06,Equity SIP,0.11202443176727071,-0.2581718504552015
2005-06,Equal-weight SIP,0.0711969461449905,-0.06347964666387795
2005-06,60/20/20 annual rebal,0.0910265231505831,-0.13133992056853916
2005-06,Risk-parity SIP,0.07069094852574113,-0.04282943694356112
2005-06,Max-Sharpe SIP,0.06113403361045037,-0.029109949024812565
2005-06,Optimized SIP,0.06430159208545101,-0.03609127523882916
2005-07,Equity SIP,0.11015100991231216,-0.25183325665908785
2005-07,Equal-weight SIP,0.06801693233150977,-0.06042388126899545
2005-07,60/20/20 annual rebal,0.08749616657690905,-0.12691185196398935
2005-07,Risk-parity SIP,0.0674390824861166,-0.04225295144449481
2005-07,Max-Sharpe SIP,0.05806099749377638,-0.0284968130637957
2005-07,Optimized SIP,0.061135636292083045,-0.035468700994469415
2005-08,Equity SIP,0.10898803689977567,-0.24520459995541155
2005-08,Equal-weight SIP,0.06442001100980559,-0.05723010167141618
2005-08,60/20/20 annual rebal,0.08443051730869892,-0.12711127504290642
2005-08,Risk-parity SIP,0.06503299154492287,-0.041650094965599904
2005-08,Max-Sharpe SIP,0.05595312323862024,-0.028039581390977286
2005-08,Optimized SIP,0.058914009557296476,-0.034819150626548834
2005-09,Equity SIP,0.10337717402367784,-0.23938984755821668
2005-09,Equal-weight SIP,0.06156723010538269,-0.05529668628097473
2005-09,60/20/20 annual rebal,0.08104925647687428,-0.13120802449632796
2005-09,Risk-parity SIP,0.06362341435306546,-0.041004851133514375
2005-09,Max-Sharpe SIP,0.05490671606686777,-0.027744430226782635
2005-09,Optimized SIP,0.05769543037620687,-0.03412529900785022
2005-10,Equity SIP,0.09369826741489236,-0.23722322066110446
2005-10,Equal-weight SIP,0.057124830780852204,-0.05371045012693987
2005-10,60/20/20 annual rebal,0.07464017886923399,-0.12519736938142878
2005-10,Risk-parity SIP,0.06031728317113593,-0.040303807499109445
2005-10,Max-Sharpe SIP,0.05188279903024175,-0.027441246547182052
2005-10,Optimized SIP,0.054506928932667204,-0.03339070127967492
2005-11,Equity SIP,0.10076816631070243,-0.23491750394129995
2005-11,Equal-weight SIP,0.06146663539943141,-0.05202980623448683
2005-11,60/20/20 annual rebal,0.07995121587934623,-0.12610048717228972
2005-11,Risk-parity SIP,0.06359937948457352,-0.03952047294896954
2005-11,Max-Sharpe SIP,0.05521049250644224,-0.0271920325538213
2005-11,Optimized SIP,0.05780461582996764,-0.032617855620732494
2005-12,Equity SIP,0.10520697949491761,-0.2323829333930859
2005-12,Equal-weight SIP,0.058225678089937054,-0.05019990802012286
2005-12,60/20/20 annual rebal,0.0790707785751424,-0.11695997680704273
2005-12,Risk-parity SIP,0.06014103992959748,-0.03867773796959206
2005-12,Max-Sharpe SIP,0.05195751006629281,-0.02697624243355068
2005-12,Optimized SIP,0.05448396322394238,-0.03178369352141763
2006-01,Equity SIP,0.10214278066950395,-0.22976825986010851
2006-01,Equal-weight SIP,0.05587997185017173,-0.048327102841023595
2006-01,60/20/20 annual rebal,0.07797376276581987,-0.11111330943079689
2006-01,Risk-parity SIP,0.05829501456033387,-0.03778405200619617
2006-01,Max-Sharpe SIP,0.05041422234767976,-0.026756077505484588
2006-01,Optimized SIP,0.052810040296561785,-0.030901428047918844
2006-02,Equity SIP,0.08866187997875961,-0.2270219848760323
2006-02,Equal-weight SIP,0.051441005411800175,-0.04638981325955582
2006-02,60/20/20 annual rebal,0.07151720342959923,-0.10893369221998639
2006-02,Risk-parity SIP,0.055748236867856335,-0.036852114583000195
2006-02,Max-Sharpe SIP,0.048248931594601134,-0.026533417486047206
2006-02,Optimized SIP,0.05045150654700891,-0.02997791830109664
2006-03,Equity SIP,0.08677079151100771,-0.2241145976218316
2006-03,Equal-weight SIP,0.05660717094315022,-0.04437658335887018
2006-03,60/20/20 annual rebal,0.07305061402900581,-0.11258274905882026
2006-03,Risk-parity SIP,0.06067883865082515,-0.035879805228628436
2006-03,Max-Sharpe SIP,0.05237122881411494,-0.026307850254316922
2006-03,Optimized SIP,0.0553926856498315,-0.02900894570607171
2006-04,Equity SIP,0.09761071849905602,-0.2209843419057087
2006-04,Equal-weight SIP,0.06174878928465352,-0.042220076128364314
2006-04,60/20/20 annual rebal,0.08042399234117568,-0.1118186783112235
2006-04,Risk-parity SIP,0.06376336698328151,-0.03483180223365023
2006-04,Max-Sharpe SIP,0.05434093057449214,-0.026074166778105368
2006-04,Optimized SIP,0.057930477884503576,-0.027964668247263624
2006-05,Equity SIP,0.10200701624982024,-0.2176565765141395
2006-05,Equal-weight SIP,0.06319314917735203,-0.039936254774908475
2006-05,60/20/20 annual rebal,0.08283461021684542,-0.11238727633509904
2006-05,Risk-parity SIP,0.064871688798018,-0.03370214579357789
2006-05,Max-Sharpe SIP,0.05576727190950863,-0.025832749085075823
2006-05,Optimized SIP,0.05911771001303878,-0.02683933370510061
2006-06,Equity SIP,0.10053891844610659,-0.21408723584239642
2006-06,Equal-weight SIP,0.06281313292429754,-0.038524118019223286
2006-06,60/20/20 annual rebal,0.08041134656225009,-0.106388456063089
2006-06,Risk-parity SIP,0.06423639786367884,-0.03250310820740421
2006-06,Max-Sharpe SIP,0.05504226329109926,-0.025583821105708116
2006-06,Optimized SIP,0.05855742996073874,-0.025635229042610064
2006-07,Equity SIP,0.10163322346176354,-0.21018523110980647
2006-07,Equal-weight SIP,0.06427569652040423,-0.03725598858877943
2006-07,60/20/20 annual rebal,0.0810111496570302,-0.10171996598338306
2006-07,Risk-parity SIP,0.06576646229240543,-0.031233382520480135
2006-07,Max-Sharpe SIP,0.0567924632295364,-0.02532829239941603
2006-07,Optimized SIP,0.060210634197618476,-0.02434944682754092
2006-08,Equity SIP,0.1067785794428019,-0.20581357692385116
2006-08,Equal-weight SIP,0.06905475342479131,-0.035839710615013676
2006-08,60/20/20 annual rebal,0.0859047751519432,-0.1006684516829075
2006-08,Risk-parity SIP,0.06943975044852412,-0.029806274211618522
2006-08,Max-Sharpe SIP,0.05949563554331338,-0.024996836848052872
2006-08,Optimized SIP,0.063890578015653,-0.02371633796966477
2006-09,Equity SIP,0.10803090372106823,-0.20105965543334658
2006-09,Equal-weight SIP,0.06874080364772739,-0.034297713713803524
2006-09,60/20/20 annual rebal,0.08645294278322425,-0.10260019259229591
2006-09,Risk-parity SIP,0.06850655020310892,-0.028280139601357668
2006-09,Max-Sharpe SIP,0.058550969205673056,-0.024722279330752217
2006-09,Optimized SIP,0.06301591990982333,-0.023429704062816414
2006-10,Equity SIP,0.1062353278997385,-0.195954774948092
2006-10,Equal-weight SIP,0.06646166327126046,-0.03265219108067263
2006-10,60/20/20 annual rebal,0.08422287851756352,-0.0960322203956191
2006-10,Risk-parity SIP,0.06617442272839237,-0.026636713715132654
2006-10,Max-Sharpe SIP,0.0564283520448007,-0.024443720198742747
2006-10,Optimized SIP,0.060800305302220095,-0.023138717055683267
2006-11,Equity SIP,0.1043566089727393,-0.19047351584745154
2006-11,Equal-weight SIP,0.06182700829735886,-0.030900137489213386
2006-11,60/20/20 annual rebal,0.08050125489151269,-0.09599524827485362
2006-11,Risk-parity SIP,0.06191814735139804,-0.024834256247196262
2006-11,Max-Sharpe SIP,0.052904693113675766,-0.024159384165020392
2006-11,Optimized SIP,0.0567243303263311,-0.022839311566651976
2006-12,Equity SIP,0.10575003974427029,-0.18538660507363736
2006-12,Equal-weight SIP,0.05857967436124465,-0.029050031861975967
2006-12,60/20/20 annual rebal,0.0783110247479869,-0.08628158396486352
2006-12,Risk-parity SIP,0.05727535739945466,-0.022859020462767665
2006-12,Max-Sharpe SIP,0.048129461637651916,-0.023868881137554143
2006-12,Optimized SIP,0.05204993914751466,-0.02253031311018816
2007-01,Equity SIP,0.11220172650980126,-0.18117612402743788
2007-01,Equal-weight SIP,0.0557214384502475,-0.027042409013843804
2007-01,60/20/20 annual rebal,0.07978635640033693,-0.07757531383816074
2007-01,Risk-parity SIP,0.05312480323839792,-0.030641139771743875
2007-01,Max-Sharpe SIP,0.04453469625772842,-0.02616395409129979
2007-01,Optimized SIP,0.04789793502676462,-0.03075589595022743
2007-02,Equity SIP,0.11404932135898264,-0.17663071405422226
2007-02,Equal-weight SIP,0.05790312065183696,-0.024864555502722374
2007-02,60/20/20 annual rebal,0.08214083555587762,-0.07515822321584498
2007-02,Risk-parity SIP,0.054662128567856676,-0.03043788044633966
2007-02,Max-Sharpe SIP,0.04585789371736221,-0.02595933495553593
2007-02,Optimized SIP,0.04943213653714841,-0.03053608756652304
2007-03,Equity SIP,0.11798906513720817,-0.17163500659937003
2007-03,Equal-weight SIP,0.06103018020027278,-0.022455648613748047
2007-03,60/20/20 annual rebal,0.08482018955632672,-0.0763064788136617
2007-03,Risk-parity SIP,0.05661000880450056,-0.030228855459897508
2007-03,Max-Sharpe SIP,0.047371520882766756,-0.02574817613059377
2007-03,Optimized SIP,0.0512820442224074,-0.030310406292695213
2007-04,Equity SIP,0.12040629121193688,-0.16617048772822296
2007-04,Equal-weight SIP,0.06128908142088524,-0.020095224573908665
2007-04,60/20/20 annual rebal,0.08628386094925543,-0.07451027778564168
2007-04,Risk-parity SIP,0.05615279256210509,-0.030019912262756354
2007-04,Max-Sharpe SIP,0.047000408998520794,-0.025534745618469246
2007-04,Optimized SIP,0.050861066896596085,-0.030083883444079973
2007-05,Equity SIP,0.11921679240694852,-0.15990321126831586
2007-05,Equal-weight SIP,0.06260307510447843,-0.019853215255856704
2007-05,60/20/20 annual rebal,0.0865606462552393,-0.07320790969855961
2007-05,Risk-parity SIP,0.05775053875264242,-0.029804289421734298
2007-05,Max-Sharpe SIP,0.04859515297776793,-0.025316531845478774
2007-05,Optimized SIP,0.05255866899828311,-0.029853646838211234
2007-06,Equity SIP,0.12153391009127668,-0.15313666700337802
2007-06,Equal-weight SIP,0.06237527923015278,-0.01960893155801624
2007-06,60/20/20 annual rebal,0.08540574889772713,-0.06716369639002207
2007-06,Risk-parity SIP,0.05721452511894866,-0.02958535783398586
2007-06,Max-Sharpe SIP,0.048499454403566636,-0.025095023163745678
2007-06,Optimized SIP,0.052186352800359576,-0.02962081688457685
2007-07,Equity SIP,0.12404194591184543,-0.14575577036366716
2007-07,Equal-weight SIP,0.0641653621796264,-0.019350655534694283
2007-07,60/20/20 annual rebal,0.08706226887166249,-0.06178169036271597
2007-07,Risk-parity SIP,0.05871126396937565,-0.029363942097627604
2007-07,Max-Sharpe SIP,0.05011760355745293,-0.024868990591558338
2007-07,Optimized SIP,0.05376847407872522,-0.02938351379022275
2007-08,Equity SIP,0.1250781750397195,-0.1374159140124761
2007-08,Equal-weight SIP,0.06262242667313844,-0.0190774402614734
2007-08,60/20/20 annual rebal,0.08629576653714535,-0.058522973501033526
2007-08,Risk-parity SIP,0.05654039396773413,-0.02914071992128342
2007-08,Max-Sharpe SIP,0.04819177280216791,-0.024634078926828673
2007-08,Optimized SIP,0.05170843153400235,-0.029136389325040146
2007-09,Equity SIP,0.1247332015844483,-0.13264926895696894
2007-09,Equal-weight SIP,0.0643089886786636,-0.018798227041203597
2007-09,60/20/20 annual rebal,0.08796585761394267,-0.05698640243331998
2007-09,Risk-parity SIP,0.058057605898203704,-0.02888573628551594
2007-09,Max-Sharpe SIP,0.049412087936739624,-0.024396142283699684
2007-09,Optimized SIP,0.05318967054195889,-0.028885657787654728
2007-10,Equity SIP,0.12692047912053003,-0.1270914513592052
2007-10,Equal-weight SIP,0.06608987074170074,-0.018512280355498567
2007-10,60/20/20 annual rebal,0.08969973686297933,-0.04793271116824449
2007-10,Risk-parity SIP,0.05906494682274082,-0.02862758928972009
2007-10,Max-Sharpe SIP,0.05015132648141916,-0.02415531469490584
2007-10,Optimized SIP,0.05413251021515647,-0.028630429953983128
2007-11,Equity SIP,0.13112142012582725,-0.12077537337230859
2007-11,Equal-weight SIP,0.06561391640121571,-0.018233332362342702
2007-11,60/20/20 annual rebal,0.09046193194969701,-0.043363479828827045
2007-11,Risk-parity SIP,0.057407502845601505,-0.028373225600429763
2007-11,Max-Sharpe SIP,0.04882676807070272,-0.023914722756489204
2007-11,Optimized SIP,0.052605815206984,-0.028375638937174985
2007-12,Equity SIP,0.13324437664117264,-0.11353169945153507
2007-12,Equal-weight SIP,0.06639538115357056,-0.017957375179715185
2007-12,60/20/20 annual rebal,0.09101553428112187,-0.030748608202880945
2007-12,Risk-parity SIP,0.057654706190907797,-0.028118148422914158
2007-12,Max-Sharpe SIP,0.049196688220510154,-0.02367209319426089
2007-12,Optimized SIP,0.05293889485563563,-0.028119967144557667
2008-01,Equity SIP,0.13763390378071758,-0.10438563233709974
2008-01,Equal-weight SIP,0.06733939974152746,-0.017690988940799013
2008-01,60/20/20 annual rebal,0.09383589674574033,-0.025131457901071075
2008-01,Risk-parity SIP,0.057611812269358485,-0.02786192161240908
2008-01,Max-Sharpe SIP,0.049444850692829986,-0.02342865568955088
2008-01,Optimized SIP,0.05303655310308839,-0.027862870814319374
2008-02,Equity SIP,0.14556805330576608,-0.09328207773659913
2008-02,Equal-weight SIP,0.07265347074336617,-0.017414312189818038
2008-02,60/20/20 annual rebal,0.09954342037808026,-0.024813975099687413
2008-02,Risk-parity SIP,0.06016629199357931,-0.02760005366431606
2008-02,Max-Sharpe SIP,0.050862786107453435,-0.02318159698598643
2008-02,Optimized SIP,0.05509264379879537,-0.02760112528951253
2008-03,Equity SIP,0.13900880336498364,-0.08658969492345647
2008-03,Equal-weight SIP,0.06794948847204414,-0.017155875277410915
2008-03,60/20/20 annual rebal,0.09417028600549489,-0.0263148704338263
2008-03,Risk-parity SIP,0.05536255758897164,-0.027334011115920043
2008-03,Max-Sharpe SIP,0.0457473749917687,-0.022933948991781694
2008-03,Optimized SIP,0.05019995130880705,-0.027338616558837958
2008-04,Equity SIP,0.13802384388333852,-0.08622405480393214
2008-04,Equal-weight SIP,0.06713277130272273,-0.016896600369038395
2008-04,60/20/20 annual rebal,0.0934506268077434,-0.02531212253255788
2008-04,Risk-parity SIP,0.05466621825711417,-0.027062848737529843
2008-04,Max-Sharpe SIP,0.0453476398333554,-0.022681764137690408
2008-04,Optimized SIP,0.049675663584935824,-0.02707006408572321
2008-05,Equity SIP,0.13372276021900167,-0.08583222054086492
2008-05,Equal-weight SIP,0.06509452426070224,-0.016641031262860984
2008-05,60/20/20 annual rebal,0.0902673832849199,-0.024748071278027584
2008-05,Risk-parity SIP,0.05303280428115067,-0.026789975014607337
2008-05,Max-Sharpe SIP,0.04363613636657181,-0.02242730861078157
2008-05,Optimized SIP,0.04804590329274088,-0.026799186951073084
2008-06,Equity SIP,0.1362758453429549,-0.08543975965421091
2008-06,Equal-weight SIP,0.06450203188764192,-0.016360077663613137
2008-06,60/20/20 annual rebal,0.08928359077434703,-0.02471003391191018
2008-06,Risk-parity SIP,0.051671971037509916,-0.02650916825778571
2008-06,Max-Sharpe SIP,0.04284077853981557,-0.0221639623624047
2008-06,Optimized SIP,0.046979437618005465,-0.02651932614156982
2008-07,Equity SIP,0.13912993242320826,-0.0850404337978008
2008-07,Equal-weight SIP,0.06525745303797942,-0.01606100498713181
2008-07,60/20/20 annual rebal,0.09040163063093751,-0.02421801650431399
2008-07,Risk-parity SIP,0.05218218643627355,-0.026219489191153245
2008-07,Max-Sharpe SIP,0.04401244609571301,-0.021884740968670213
2008-07,Optimized SIP,0.04783180701668917,-0.026230930057501545
2008-08,Equity SIP,0.14090314366280504,-0.08460464016956903
2008-08,Equal-weight SIP,0.06442130066583936,-0.015750165175244635
2008-08,60/20/20 annual rebal,0.09036043384862606,-0.023957355058201513
2008-08,Risk-parity SIP,0.05124669812654475,-0.025916673124503964
2008-08,Max-Sharpe SIP,0.04399618928067819,-0.021576523570035255
2008-08,Optimized SIP,0.04735189327346731,-0.025929490021195267
2008-09,Equity SIP,0.14412366571222907,-0.08411807744643363
2008-09,Equal-weight SIP,0.06460763749061914,-0.01544351718103354
2008-09,60/20/20 annual rebal,0.09158855354842368,-0.023483147871558252
2008-09,Risk-parity SIP,0.05089309643586046,-0.0256057048162035
2008-09,Max-Sharpe SIP,0.044484274196040646,-0.021261602392184886
2008-09,Optimized SIP,0.047415630337649485,-0.02562157843363444
2008-10,Equity SIP,0.14594851901639525,-0.08361732319604409
2008-10,Equal-weight SIP,0.06475562327060344,-0.015094999237454387
2008-10,60/20/20 annual rebal,0.09228536455131342,-0.023899886504842538
2008-10,Risk-parity SIP,0.05010673413736103,-0.025282902349169523
2008-10,Max-Sharpe SIP,0.0439317651110179,-0.020935516977957813
2008-10,Optimized SIP,0.046768459722141116,-0.025302701785179127
2008-11,Equity SIP,0.13721077911457105,-0.08306314353072419
2008-11,Equal-weight SIP,0.06001844983197857,-0.01473161423614111
2008-11,60/20/20 annual rebal,0.08705953848482058,-0.024744644641927382
2008-11,Risk-parity SIP,0.04621870757478982,-0.02494968908917461
2008-11,Max-Sharpe SIP,0.0395464177716358,-0.020600509318002724
2008-11,Optimized SIP,0.04271090734921234,-0.02497281617045566
2008-12,Equity SIP,0.13134581498225778,-0.08232471553450205
2008-12,Equal-weight SIP,0.05717417515188606,-0.014722932272127509
2008-12,60/20/20 annual rebal,0.08234601180198343,-0.024155956481408336
2008-12,Risk-parity SIP,0.04447301598737015,-0.024583010817840867
2008-12,Max-Sharpe SIP,0.0370075201909265,-0.02011358050464296
2008-12,Optimized SIP,0.04102599520502331,-0.02461224960744912
2009-01,Equity SIP,0.11840700463463194,-0.09965734500179546
2009-01,Equal-weight SIP,0.05293501703893732,-0.0223914955307416
2009-01,60/20/20 annual rebal,0.07673119621644271,-0.041851004722962215
2009-01,Risk-parity SIP,0.043580131906717966,-0.024197036070809474
2009-01,Max-Sharpe SIP,0.03570148289814001,-0.019741888857698342
2009-01,Optimized SIP,0.04001438415738872,-0.024234254278660994
2009-02,Equity SIP,0.11943563067085153,-0.0994715820364056
2009-02,Equal-weight SIP,0.05539953184894655,-0.02195753092932251
2009-02,60/20/20 annual rebal,0.07806306167713242,-0.04232916126328046
2009-02,Risk-parity SIP,0.04600929048310688,-0.023823957278297114
2009-02,Max-Sharpe SIP,0.03803327873154947,-0.019382680174951372
2009-02,Optimized SIP,0.04240255880155364,-0.02387010250700894
2009-03,Equity SIP,0.12778522680529603,-0.09927737122150104
2009-03,Equal-weight SIP,0.06042566583470778,-0.021493322085415656
2009-03,60/20/20 annual rebal,0.08387440471699456,-0.041261579405400095
2009-03,Risk-parity SIP,0.04945744395766424,-0.023441040506255173
2009-03,Max-Sharpe SIP,0.04277304184714705,-0.019014617935299793
2009-03,Optimized SIP,0.04656994437914371,-0.023496208210056824
2009-04,Equity SIP,0.12882345742769277,-0.09906169342101612
2009-04,Equal-weight SIP,0.06058084344672086,-0.02094506394770146
2009-04,60/20/20 annual rebal,0.08414555687250423,-0.0416357701697484
2009-04,Risk-parity SIP,0.04998495654059825,-0.023041947419743747
2009-04,Max-Sharpe SIP,0.04429578800835058,-0.018634900813073618
2009-04,Optimized SIP,0.047658641914121905,-0.02310743948177163
2009-05,Equity SIP,0.1328325130234451,-0.09882403208880752
2009-05,Equal-weight SIP,0.062031560482656796,-0.020330984437183064
2009-05,60/20/20 annual rebal,0.08551340693232073,-0.04126720675121287
2009-05,Risk-parity SIP,0.05105117311168688,-0.02262412581148454
2009-05,Max-Sharpe SIP,0.04677487556323004,-0.01824115347855826
2009-05,Optimized SIP,0.049501351678517824,-0.0227014564611302
2009-06,Equity SIP,0.12744321695382574,-0.09860421392033436
2009-06,Equal-weight SIP,0.05971852451728784,-0.01980805671404018
2009-06,60/20/20 annual rebal,0.08211800248872553,-0.04164262129194374
2009-06,Risk-parity SIP,0.050196112410187434,-0.022202855232425045
2009-06,Max-Sharpe SIP,0.04568160493254756,-0.017835150751439155
2009-06,Optimized SIP,0.0484971459748664,-0.022286797822977156
2009-07,Equity SIP,0.12774345446977872,-0.09839067955606473
2009-07,Equal-weight SIP,0.0639232876195812,-0.019317859470723286
2009-07,60/20/20 annual rebal,0.0855122618825211,-0.040234345376317426
2009-07,Risk-parity SIP,0.05497046635846397,-0.02177365520955865
2009-07,Max-Sharpe SIP,0.0497740297720252,-0.017415994027963788
2009-07,Optimized SIP,0.05288267695174263,-0.021861208051906722
2009-08,Equity SIP,0.1325119065226572,-0.09817582417759718
2009-08,Equal-weight SIP,0.0678876449902976,-0.018836689516803173
2009-08,60/20/20 annual rebal,0.0899873455726507,-0.03914890755421829
2009-08,Risk-parity SIP,0.05771141118255402,-0.021327968713043877
2009-08,Max-Sharpe SIP,0.052862191131392886,-0.016977282002880734
2009-08,Optimized SIP,0.055781215571735925,-0.021417564571231118
2009-09,Equity SIP,0.12426434888814408,-0.0979562680003111
2009-09,Equal-weight SIP,0.06880411158405685,-0.01835182863298912
2009-09,60/20/20 annual rebal,0.08912145561631667,-0.03782135246336438
2009-09,Risk-parity SIP,0.060796298422390475,-0.02087150366153756
2009-09,Max-Sharpe SIP,0.05407062477935076,-0.01652886345232174
2009-09,Optimized SIP,0.0578748274656871,-0.020963389480593064
2009-10,Equity SIP,0.127907323816793,-0.0977463072671656
2009-10,Equal-weight SIP,0.0701733983289293,-0.017910631403753485
2009-10,60/20/20 annual rebal,0.09168633507995051,-0.03623513053012306
2009-10,Risk-parity SIP,0.06117215097978924,-0.02041180015671451
2009-10,Max-Sharpe SIP,0.055195461837767315,-0.01607169153240462
2009-10,Optimized SIP,0.05862770083378075,-0.020498275001873623
2009-11,Equity SIP,0.1259296058558933,-0.09753714377777889
2009-11,Equal-weight SIP,0.06837934049790974,-0.017472725392024713
2009-11,60/20/20 annual rebal,0.08996431216266472,-0.03536129575255631
2009-11,Risk-parity SIP,0.05969822454856353,-0.019952319066256274
2009-11,Max-Sharpe SIP,0.05404407062840322,-0.015612776097667647
2009-11,Optimized SIP,0.05731467470315819,-0.020026445508891988
2009-12,Equity SIP,0.13210395902091746,-0.09732633010387248
2009-12,Equal-weight SIP,0.06970921687458394,-0.017031929070522867
2009-12,60/20/20 annual rebal,0.09137952652628603,-0.037818075256314754
2009-12,Risk-parity SIP,0.05987763126928138,-0.019486497459550445
2009-12,Max-Sharpe SIP,0.05570046501098817,-0.01514677576590917
2009-12,Optimized SIP,0.05824913901862298,-0.01954732715574803
2010-01,Equity SIP,0.13472139041414818,-0.09711325416227712
2010-01,Equal-weight SIP,0.07078352438225137,-0.016581459779182572
2010-01,60/20/20 annual rebal,0.09298163998872623,-0.03874844232172958
2010-01,Risk-parity SIP,0.060242200283036056,-0.01901548097540484
2010-01,Max-Sharpe SIP,0.05666926730716354,-0.014676519799466381
2010-01,Optimized SIP,0.058910796489853166,-0.01906381632166021
2010-02,Equity SIP,0.13895047952399642,-0.09689820724953913
2010-02,Equal-weight SIP,0.07575788093131895,-0.01613536269473137
2010-02,60/20/20 annual rebal,0.09740448939594239,-0.039180844767844114
2010-02,Risk-parity SIP,0.06419500070231154,-0.018527007826362296
2010-02,Max-Sharpe SIP,0.06047333703833085,-0.014188768042488586
2010-02,Optimized SIP,0.0627608942696405,-0.018563730632426667
2010-03,Equity SIP,0.13724680972321635,-0.0966793253005892
2010-03,Equal-weight SIP,0.07708263962275891,-0.015690363479155534
2010-03,60/20/20 annual rebal,0.09796202104365957,-0.038088510480063564
2010-03,Risk-parity SIP,0.06634982831014738,-0.018021576071804546
2010-03,Max-Sharpe SIP,0.062187148848295314,-0.013674806341066548
2010-03,Optimized SIP,0.06469723458528531,-0.018043866027483202
2010-04,Equity SIP,0.09578879555078226,-0.18582975148262781
2010-04,Equal-weight SIP,0.06179352518341512,-0.06530867566964882
2010-04,60/20/20 annual rebal,0.07581749068603115,-0.09738854965694588
2010-04,Risk-parity SIP,0.059051205900885806,-0.025844069976830863
2010-04,Max-Sharpe SIP,0.050500655299681674,-0.048067099895949705
2010-04,Optimized SIP,0.05528317939760609,-0.036626306980199974
2010-05,Equity SIP,0.10204182838174895,-0.1857812880571308
2010-05,Equal-weight SIP,0.06824331786562443,-0.06502889441175708
2010-05,60/20/20 annual rebal,0.0814609763965435,-0.09856367250400755
2010-05,Risk-parity SIP,0.06446803279904156,-0.02577932644231473
2010-05,Max-Sharpe SIP,0.05581562599567184,-0.04796386700815869
2010-05,Optimized SIP,0.06069685215720428,-0.03654108343969331
2010-06,Equity SIP,0.1111431359665258,-0.18573338759349667
2010-06,Equal-weight SIP,0.07261209148941904,-0.06477182106828239
2010-06,60/20/20 annual rebal,0.08760050644285733,-0.09664312791775931
2010-06,Risk-parity SIP,0.0677922931071795,-0.025714383078270786
2010-06,Max-Sharpe SIP,0.05948123228222258,-0.04785931941302546
2010-06,Optimized SIP,0.06436440686218609,-0.03645496473784193
2010-07,Equity SIP,0.12108490720745702,-0.18568099012092798
2010-07,Equal-weight SIP,0.07665295822575563,-0.0644360527114255
2010-07,60/20/20 annual rebal,0.09303609837110662,-0.09771130284154894
2010-07,Risk-parity SIP,0.07087887161098051,-0.025650323885388904
2010-07,Max-Sharpe SIP,0.06317195562644684,-0.04775569505735089
2010-07,Optimized SIP,0.06792466479489177,-0.03636906707876897
2010-08,Equity SIP,0.12541241682747084,-0.18562495727224249
2010-08,Equal-weight SIP,0.08234944352576129,-0.06404853898478058
2010-08,60/20/20 annual rebal,0.09782349820251936,-0.0990096159009658
2010-08,Risk-parity SIP,0.07523072461945109,-0.025586028906168345
2010-08,Max-Sharpe SIP,0.06729302254668189,-0.0476514034936012
2010-08,Optimized SIP,0.07217391329999398,-0.036282315648563435
2010-09,Equity SIP,0.13399944748858947,-0.18556700537591808
2010-09,Equal-weight SIP,0.08917720285924662,-0.06364818029008767
2010-09,60/20/20 annual rebal,0.10567068995679459,-0.09793369306540745
2010-09,Risk-parity SIP,0.08004662835814433,-0.025520910679608266
2010-09,Max-Sharpe SIP,0.0720755886152243,-0.04754471500394941
2010-09,Optimized SIP,0.07706875809282868,-0.036193833877392056
2010-10,Equity SIP,0.13064392704610772,-0.18550765226628174
2010-10,Equal-weight SIP,0.08585254601864928,-0.06323215208969069
2010-10,60/20/20 annual rebal,0.10275077843329856,-0.1018539403589902
2010-10,Risk-parity SIP,0.07749724343495304,-0.02545627116815774
2010-10,Max-Sharpe SIP,0.0698938785690683,-0.047437956877800946
2010-10,Optimized SIP,0.07469889748002874,-0.03610548556783888
2010-11,Equity SIP,0.13174515176191787,-0.18544834756585327
2010-11,Equal-weight SIP,0.08481511193703964,-0.0628268339057142
2010-11,60/20/20 annual rebal,0.10247341331158052,-0.10026254340380225
2010-11,Risk-parity SIP,0.07641949187941578,-0.025392132956944313
2010-11,Max-Sharpe SIP,0.06924820520036026,-0.047330856643059915
2010-11,Optimized SIP,0.07389761502163324,-0.03601709907992989
2010-12,Equity SIP,0.13698891543704508,-0.1853898176168549
2010-12,Equal-weight SIP,0.08545296777164427,-0.06243945806560569
2010-12,60/20/20 annual rebal,0.10357190505707949,-0.09997053634280562
2010-12,Risk-parity SIP,0.07705198628076701,-0.025337705701341307
2010-12,Max-Sharpe SIP,0.07060976903806698,-0.04722421603725002
2010-12,Optimized SIP,0.07500932046398112,-0.03592936891945364
2011-01,Equity SIP,0.1427917137295676,-0.1853309115776265
2011-01,Equal-weight SIP,0.08729734043558043,-0.06206732779260926
2011-01,60/20/20 annual rebal,0.10659129401769257,-0.09713475604647137
2011-01,Risk-parity SIP,0.07856885497459773,-0.0252845429279287
2011-01,Max-Sharpe SIP,0.07272264972184382,-0.04711494904118951
2011-01,Optimized SIP,0.07693142875823858,-0.035839717939577076
2011-02,Equity SIP,0.145995591453197,-0.18527235323640756
2011-02,Equal-weight SIP,0.0880769202022834,-0.061731523280013856
2011-02,60/20/20 annual rebal,0.10768768666386508,-0.0958133106396526
2011-02,Risk-parity SIP,0.07821467883650943,-0.025229622754330272
2011-02,Max-Sharpe SIP,0.07308084103368834,-0.04700113975154885
2011-02,Optimized SIP,0.07680009029025918,-0.035746726452051125
2011-03,Equity SIP,0.14869583944533546,-0.18521403453951168
2011-03,Equal-weight SIP,0.08653440056651994,-0.06142194437564297
2011-03,60/20/20 annual rebal,0.1074181432507446,-0.09544506924153784
2011-03,Risk-parity SIP,0.07596455487086215,-0.025173464133546153
2011-03,Max-Sharpe SIP,0.07152944707654667,-0.046883851624199946
2011-03,Optimized SIP,0.07489191748467776,-0.035651370160566076
2011-04,Equity SIP,0.14837609130725324,-0.18515580980491642
2011-04,Equal-weight SIP,0.08190867809804615,-0.06113414623923186
2011-04,60/20/20 annual rebal,0.10391388519845722,-0.09659449954091859
2011-04,Risk-parity SIP,0.07070026304188835,-0.025116243780373804
2011-04,Max-Sharpe SIP,0.06699131641739678,-0.046763695278069894
2011-04,Optimized SIP,0.06997963038300142,-0.0355540855683808
2011-05,Equity SIP,0.1573714539095166,-0.18509516397678916
2011-05,Equal-weight SIP,0.08726308270934163,-0.06081810204248839
2011-05,60/20/20 annual rebal,0.11376160630874159,-0.09776114979605555
2011-05,Risk-parity SIP,0.0738665054024584,-0.02505848956296952
2011-05,Max-Sharpe SIP,0.07061025426316436,-0.04664268777825109
2011-05,Optimized SIP,0.07336188850474445,-0.03545634858538127
2011-06,Equity SIP,0.1568826125292009,-0.18503403926887707
2011-06,Equal-weight SIP,0.08956753895884412,-0.06050775967824562
2011-06,60/20/20 annual rebal,0.1161258108112878,-0.0958483872093342
2011-06,Risk-parity SIP,0.07550801443725262,-0.025000151470158438
2011-06,Max-Sharpe SIP,0.07149182050201405,-0.046520691548651016
2011-06,Optimized SIP,0.07443495359617157,-0.03535793659124975
2011-07,Equity SIP,0.15831598759622356,-0.18497147482686715
2011-07,Equal-weight SIP,0.09010865638139202,-0.060181797909393264
2011-07,60/20/20 annual rebal,0.11532499454965915,-0.0968959402000118
2011-07,Risk-parity SIP,0.07640419543192091,-0.024941648674573935
2011-07,Max-Sharpe SIP,0.07279171017510482,-0.046398573506212015
2011-07,Optimized SIP,0.07552952082373242,-0.03525955993783436
2011-08,Equity SIP,0.16190085858314243,-0.184904501249203
2011-08,Equal-weight SIP,0.09180952756851188,-0.05980694728213187
2011-08,60/20/20 annual rebal,0.11642417701895558,-0.09817150115938911
2011-08,Risk-parity SIP,0.07877087681465374,-0.02488196564225076
2011-08,Max-Sharpe SIP,0.07578357901562494,-0.04627464453803609
2011-08,Optimized SIP,0.07820553584873824,-0.03515958238366079
2011-09,Equity SIP,0.16392399703172772,-0.18483747276167162
2011-09,Equal-weight SIP,0.09219826695702409,-0.059445079843574944
2011-09,60/20/20 annual rebal,0.11798794156847395,-0.09709458913197533
2011-09,Risk-parity SIP,0.07922718038151223,-0.024821881370998944
2011-09,Max-Sharpe SIP,0.07673213618434312,-0.046150198314140245
2011-09,Optimized SIP,0.07890290407377416,-0.03505888199004603
2011-10,Equity SIP,0.16141982195366816,-0.18476013593668872
2011-10,Equal-weight SIP,0.09021532332730994,-0.058932561943413564
2011-10,60/20/20 annual rebal,0.11614431541527773,-0.10097550242605191
2011-10,Risk-parity SIP,0.07734857164343574,-0.024762507364349484
2011-10,Max-Sharpe SIP,0.0750712686535704,-0.04603084841625471
2011-10,Optimized SIP,0.07712890183008303,-0.03496089629573951
2011-11,Equity SIP,0.1598574380026545,-0.18467934341883163
2011-11,Equal-weight SIP,0.08855789701860002,-0.05838682470429635
2011-11,60/20/20 annual rebal,0.11451180906611184,-0.09937516761127707
2011-11,Risk-parity SIP,0.07495858003952274,-0.024702846272430357
2011-11,Max-Sharpe SIP,0.07287622123388422,-0.045910929122880306
2011-11,Optimized SIP,0.07483362553143484,-0.034862549847084146
2011-12,Equity SIP,0.16613369024041294,-0.18459804039889283
2011-12,Equal-weight SIP,0.09299848408475489,-0.05786978206869098
2011-12,60/20/20 annual rebal,0.1183770292540256,-0.09906704658826515
2011-12,Risk-parity SIP,0.07802039739074475,-0.024641161751081886
2011-12,Max-Sharpe SIP,0.07630710518063871,-0.04578744181775907
2011-12,Optimized SIP,0.0784240519473916,-0.03476017605444648
2012-01,Equity SIP,0.16427614468076301,-0.18451523416316673
2012-01,Equal-weight SIP,0.09149207734992716,-0.05734643896889102
2012-01,60/20/20 annual rebal,0.11655369582988083,-0.09621721553485718
2012-01,Risk-parity SIP,0.07767738983234276,-0.024579535802148555
2012-01,Max-Sharpe SIP,0.07634625190963093,-0.0456713043931386
2012-01,Optimized SIP,0.07826584888613443,-0.03465809033290712
2012-02,Equity SIP,0.1580829759140839,-0.18443071612725703
2012-02,Equal-weight SIP,0.08788148482547835,-0.05683086710151741
2012-02,60/20/20 annual rebal,0.1116587976821141,-0.09488058560586232
2012-02,Risk-parity SIP,0.0733719363172183,-0.02451617522695193
2012-02,Max-Sharpe SIP,0.07176761068176037,-0.04555131588411043
2012-02,Optimized SIP,0.07382188291299092,-0.034552609527502276
2012-03,Equity SIP,0.15038145014262683,-0.18434714745004044
2012-03,Equal-weight SIP,0.08454452746498707,-0.056346633966374515
2012-03,60/20/20 annual rebal,0.10694486124248231,-0.09449883216274657
2012-03,Risk-parity SIP,0.0699479414555857,-0.024452444202359147
2012-03,Max-Sharpe SIP,0.06770309279525497,-0.045429682143719896
2012-03,Optimized SIP,0.0701702150316079,-0.03444615234561532
2012-04,Equity SIP,0.1466034136636248,-0.18426410207815946
2012-04,Equal-weight SIP,0.08461637984936587,-0.0558823833608304
2012-04,60/20/20 annual rebal,0.10529955005948978,-0.09563235819474047
2012-04,Risk-parity SIP,0.06854857351367437,-0.024388989930007154
2012-04,Max-Sharpe SIP,0.06579663462364345,-0.045308308585493284
2012-04,Optimized SIP,0.0685050619147784,-0.03434002002343606
2012-05,Equity SIP,0.14477912131109974,-0.18418060116228052
2012-05,Equal-weight SIP,0.08096412578022896,-0.05544468634424682
2012-05,60/20/20 annual rebal,0.10524050868752587,-0.09678248434159009
2012-05,Risk-parity SIP,0.06249869739719064,-0.03674066157230327
2012-05,Max-Sharpe SIP,0.06048750840589945,-0.04518205281530163
2012-05,Optimized SIP,0.06264076826030246,-0.04019482813959063
2012-06,Equity SIP,0.12737516666973134,-0.18409417922283045
2012-06,Equal-weight SIP,0.06948944512857208,-0.055492372047227345
2012-06,60/20/20 annual rebal,0.09338463244339625,-0.09487464115424515
2012-06,Risk-parity SIP,0.05403622416620341,-0.06841461743289223
2012-06,Max-Sharpe SIP,0.050952668004183965,-0.0794417226030375
2012-06,Optimized SIP,0.053880839916879066,-0.07341721284071956
2012-07,Equity SIP,0.11881520431800437,-0.18400180971309932
2012-07,Equal-weight SIP,0.06425744594408758,-0.06998800390093196
2012-07,60/20/20 annual rebal,0.08540058984606667,-0.0958852986467339
2012-07,Risk-parity SIP,0.04919895921818664,-0.08166087507323139
2012-07,Max-Sharpe SIP,0.045685810967438886,-0.09497855280555367
2012-07,Optimized SIP,0.048870133043681346,-0.08763710788707113
2012-08,Equity SIP,0.11752092115720725,-0.18390488321782228
2012-08,Equal-weight SIP,0.06121133666692018,-0.07371844643930003
2012-08,60/20/20 annual rebal,0.08224963935510078,-0.0971207917347362
2012-08,Risk-parity SIP,0.049101585880854906,-0.08127776744247417
2012-08,Max-Sharpe SIP,0.04627944575843193,-0.09463904194806172
2012-08,Optimized SIP,0.04912733094047945,-0.08728249773111807
2012-09,Equity SIP,0.1271374590532499,-0.18380716569784417
2012-09,Equal-weight SIP,0.0667658161386243,-0.07344239288965948
2012-09,60/20/20 annual rebal,0.089471306889103,-0.0960285623232725
2012-09,Risk-parity SIP,0.052918551960624165,-0.08089097769902254
2012-09,Max-Sharpe SIP,0.05155497270991116,-0.09429455467782077
2012-09,Optimized SIP,0.053551641683441106,-0.0869240203028181
2012-10,Equity SIP,0.11086482243677814,-0.18370914098420688
2012-10,Equal-weight SIP,0.05396643111516408,-0.08683696167015864
2012-10,60/20/20 annual rebal,0.07609194826952008,-0.10146952162594025
2012-10,Risk-parity SIP,0.04099280153834051,-0.09079136742684224
2012-10,Max-Sharpe SIP,0.03903460326041108,-0.09802294200811867
2012-10,Optimized SIP,0.04137484550887126,-0.09404163903994422
2012-11,Equity SIP,0.10298354860809285,-0.18361050628969733
2012-11,Equal-weight SIP,0.04809796580056585,-0.10403915490118365
2012-11,60/20/20 annual rebal,0.0695308945595762,-0.12062952309741659
2012-11,Risk-parity SIP,0.03460933816905689,-0.11075237218568457
2012-11,Max-Sharpe SIP,0.03249633232133577,-0.11893296212918258
2012-11,Optimized SIP,0.03490965811698098,-0.11451101898222382
2012-12,Equity SIP,0.11072676227646638,-0.18350802112281084
2012-12,Equal-weight SIP,0.05430003176668564,-0.10359980829730742
2012-12,60/20/20 annual rebal,0.07522910836233157,-0.1195091815476812
2012-12,Risk-parity SIP,0.039350629892205294,-0.11012520106414436
2012-12,Max-Sharpe SIP,0.03810296300509598,-0.11835070931862646
2012-12,Optimized SIP,0.040017429571397506,-0.11390993245957226
2013-01,Equity SIP,0.10863316004660258,-0.1833985263301492
2013-01,Equal-weight SIP,0.057036550935078825,-0.103140903125713
2013-01,60/20/20 annual rebal,0.0760952114647398,-0.11848204853476241
2013-01,Risk-parity SIP,0.042676274141099466,-0.10948114869938197
2013-01,Max-Sharpe SIP,0.04061220873998356,-0.11775386808234056
2013-01,Optimized SIP,0.04295613792183247,-0.11329344479622461
2013-02,Equity SIP,0.10913414605601254,-0.1832871884760019
2013-02,Equal-weight SIP,0.061078772486022954,-0.10267490937997992
2013-02,60/20/20 annual rebal,0.07851844803520015,-0.11740690942912846
2013-02,Risk-parity SIP,0.04573981922755095,-0.10882226773495485
2013-02,Max-Sharpe SIP,0.043222106858887326,-0.11714070762511253
2013-02,Optimized SIP,0.04578528410716781,-0.1126611971215622
2013-03,Equity SIP,0.1129815078494468,-0.18317630240745575
2013-03,Equal-weight SIP,0.060565964655818566,-0.10220826082802315
2013-03,60/20/20 annual rebal,0.07926710419805337,-0.11803795296733066
2013-03,Risk-parity SIP,0.04446839088991779,-0.10814952842717063
2013-03,Max-Sharpe SIP,0.045259125778547814,-0.11651211035081532
2013-03,Optimized SIP,0.046084860354669056,-0.11201443817901857
2013-04,Equity SIP,0.1060819699949799,-0.18306383526829717
2013-04,Equal-weight SIP,0.059875539347552326,-0.10173402835385592
2013-04,60/20/20 annual rebal,0.07591956398152953,-0.11858420136737091
2013-04,Risk-parity SIP,0.04445756714111041,-0.10746032372837977
2013-04,Max-Sharpe SIP,0.04244839147459745,-0.11586724636731172
2013-04,Optimized SIP,0.04474164287420757,-0.11135079692665528
2013-05,Equity SIP,0.11157348304641694,-0.1829502239676596
2013-05,Equal-weight SIP,0.06590642682233919,-0.10125413397419802
2013-05,60/20/20 annual rebal,0.08464863750988784,-0.11819675082520131
2013-05,Risk-parity SIP,0.04961447197496099,-0.10675836448833842
2013-05,Max-Sharpe SIP,0.048581012305273064,-0.1152222019384459
2013-05,Optimized SIP,0.05037772938876093,-0.11067383349022919
2013-06,Equity SIP,0.11105593925678067,-0.18283403109093033
2013-06,Equal-weight SIP,0.06498417515326163,-0.10076023137572887
2013-06,60/20/20 annual rebal,0.08473096074415677,-0.11615289520086236
2013-06,Risk-parity SIP,0.048518914515353645,-0.10604009602981945
2013-06,Max-Sharpe SIP,0.04843691150467602,-0.11454566200101313
2013-06,Optimized SIP,0.04973349370303281,-0.10997891951180216
2013-07,Equity SIP,0.11832381582694736,-0.18271879108143163
2013-07,Equal-weight SIP,0.06587907350845384,-0.10025971198564188
2013-07,60/20/20 annual rebal,0.0861327369259593,-0.11708735651210633
2013-07,Risk-parity SIP,0.04836965449661894,-0.10530228934854358
2013-07,Max-Sharpe SIP,0.052764127834092525,-0.11384719472684213
2013-07,Optimized SIP,0.051766093967533046,-0.10926284841292111
2013-08,Equity SIP,0.123572133855685,-0.1825979100724957
2013-08,Equal-weight SIP,0.06790011373051101,-0.09973352755373976
2013-08,60/20/20 annual rebal,0.08812081321208333,-0.11522962614677768
2013-08,Risk-parity SIP,0.04908589610953445,-0.10452357847657867
2013-08,Max-Sharpe SIP,0.05644218228459557,-0.11310771196217329
2013-08,Optimized SIP,0.05395026869462949,-0.10850677874726755
2013-09,Equity SIP,0.11984740362952219,-0.18247644607107438
2013-09,Equal-weight SIP,0.06412323313898292,-0.09919501111182549
2013-09,60/20/20 annual rebal,0.08509405108148006,-0.11463297838568309
2013-09,Risk-parity SIP,0.04521194058810151,-0.10371589710682849
2013-09,Max-Sharpe SIP,0.05312979595349809,-0.11233774219580683
2013-09,Optimized SIP,0.050350998352901875,-0.1077209935587864
2013-10,Equity SIP,0.12067944752373559,-0.1823507362292751
2013-10,Equal-weight SIP,0.06362753966890962,-0.09864993779357023
2013-10,60/20/20 annual rebal,0.08501451605469396,-0.11334394749653953
2013-10,Risk-parity SIP,0.0439131044972903,-0.10289108898106447
2013-10,Max-Sharpe SIP,0.053465748829189794,-0.11155531450853362
2013-10,Optimized SIP,0.04946651835865699,-0.10676514210641808
2013-11,Equity SIP,0.10853630131240309,-0.18222178643737852
2013-11,Equal-weight SIP,0.05663962189118339,-0.09809369703050819
2013-11,60/20/20 annual rebal,0.07655810769993532,-0.11261616897954096
2013-11,Risk-parity SIP,0.03709842891122851,-0.10204561099643072
2013-11,Max-Sharpe SIP,0.04429508556989481,-0.11075407909677737
2013-11,Optimized SIP,0.0414670195478301,-0.10594559860995656
2013-12,Equity SIP,0.11522156677992891,-0.18209070038158714
2013-12,Equal-weight SIP,0.06286551039378174,-0.09752748661948873
2013-12,60/20/20 annual rebal,0.08196855727087658,-0.11131012603273882
2013-12,Risk-parity SIP,0.042956059262177965,-0.10118840950863939
2013-12,Max-Sharpe SIP,0.05115175744849063,-0.1099400403468539
2013-12,Optimized SIP,0.04782417862800388,-0.10511289110871125
2014-01,Equity SIP,0.12297272441311699,-0.1819597308014146
2014-01,Equal-weight SIP,0.06925096347857596,-0.09695227789517602
2014-01,60/20/20 annual rebal,0.08834780953733813,-0.11009874384059726
2014-01,Risk-parity SIP,0.04981871640791641,-0.10030937228625736
2014-01,Max-Sharpe SIP,0.05904736643239275,-0.10910473260292486
2014-01,Optimized SIP,0.0552024832907358,-0.10425791631077341
2014-02,Equity SIP,0.12619112048992803,-0.18182590368417595
2014-02,Equal-weight SIP,0.07066739139888834,-0.09635742755879717
2014-02,60/20/20 annual rebal,0.09011252450506371,-0.1088488081766269
2014-02,Risk-parity SIP,0.05061117083884718,-0.09939626872643814
2014-02,Max-Sharpe SIP,0.061504590410849026,-0.10823482857963374
2014-02,Optimized SIP,0.05684404985003493,-0.10336955006614346
2014-03,Equity SIP,0.13259056560717364,-0.18168837600227017
2014-03,Equal-weight SIP,0.07263242440481894,-0.09575359071195544
2014-03,60/20/20 annual rebal,0.09336733383918003,-0.10929362670352227
2014-03,Risk-parity SIP,0.05123294562027644,-0.09846751272957921
2014-03,Max-Sharpe SIP,0.0649075580358145,-0.10735060893167125
2014-03,Optimized SIP,0.05872913804389311,-0.10247067978624635
2014-04,Equity SIP,0.1368497396493853,-0.1815454149719079
2014-04,Equal-weight SIP,0.07853155862447639,-0.09514292113225553
2014-04,60/20/20 annual rebal,0.09766860052689365,-0.10962566329297296
2014-04,Risk-parity SIP,0.05536696571075933,-0.09752897101174074
2014-04,Max-Sharpe SIP,0.07027174934028706,-0.10645737508214914
2014-04,Optimized SIP,0.06352167589707673,-0.10156376007412027
2014-05,Equity SIP,0.13320729269328818,-0.18140090005357012
2014-05,Equal-weight SIP,0.08071155144054391,-0.09452984688876653
2014-05,60/20/20 annual rebal,0.10055369410229324,-0.10918849046575296
2014-05,Risk-parity SIP,0.05541464579899266,-0.09657854425505852
2014-05,Max-Sharpe SIP,0.07040798101911389,-0.10555234507680444
2014-05,Optimized SIP,0.06373973654110368,-0.1006453647554848
2014-06,Equity SIP,0.13610104424287411,-0.18125111435321417
2014-06,Equal-weight SIP,0.08261215727439773,-0.09389594193222017
2014-06,60/20/20 annual rebal,0.10326211706370982,-0.1070016703142952
2014-06,Risk-parity SIP,0.05712440155224749,-0.0955989672887474
2014-06,Max-Sharpe SIP,0.07291373407901339,-0.1046187583616156
2014-06,Optimized SIP,0.06579515538037566,-0.09969985337719367
2014-07,Equity SIP,0.1408726655498974,-0.18109783929467682
2014-07,Equal-weight SIP,0.08444576970528504,-0.09325034620126138
2014-07,60/20/20 annual rebal,0.10478462737213283,-0.1076691099890823
2014-07,Risk-parity SIP,0.05930887754664584,-0.09460275871840307
2014-07,Max-Sharpe SIP,0.07612524794645495,-0.10367096241481089
2014-07,Optimized SIP,0.06839017608373794,-0.09873887756664501
2014-08,Equity SIP,0.14355955900170006,-0.1809435480582391
2014-08,Equal-weight SIP,0.08767861710718731,-0.09259602915766962
2014-08,60/20/20 annual rebal,0.10663920272538027,-0.10558382319075477
2014-08,Risk-parity SIP,0.061934182156556467,-0.09358566640254495
2014-08,Max-Sharpe SIP,0.07933234046624937,-0.10270393154277657
2014-08,Optimized SIP,0.07128671027962888,-0.09775804058987358
2014-09,Equity SIP,0.1400425160002783,-0.1807856567751619
2014-09,Equal-weight SIP,0.08908564402149924,-0.09193491535704934
2014-09,60/20/20 annual rebal,0.10719291974832056,-0.10482499371946608
2014-09,Risk-parity SIP,0.0648595645124793,-0.09255477591501071
2014-09,Max-Sharpe SIP,0.07987726944895866,-0.10172332105256876
2014-09,Optimized SIP,0.07309113298072374,-0.09676392062703776
2014-10,Equity SIP,0.14333610394541654,-0.18062087416486283
2014-10,Equal-weight SIP,0.09350101677284413,-0.09125322154367266
2014-10,60/20/20 annual rebal,0.11092302441452512,-0.10336927810789787
2014-10,Risk-parity SIP,0.06870174105822648,-0.09150340104770072
2014-10,Max-Sharpe SIP,0.08409702210992942,-0.10071845210459729
2014-10,Optimized SIP,0.07711127252490908,-0.09574605807441916
2014-11,Equity SIP,0.14741696730766732,-0.18045254318270176
2014-11,Equal-weight SIP,0.09689841030336131,-0.09054756655252894
2014-11,60/20/20 annual rebal,0.11398998739143622,-0.10245072480607575
2014-11,Risk-parity SIP,0.06920216422173239,-0.09041395586793766
2014-11,Max-Sharpe SIP,0.0872278013875848,-0.09967617639580251
2014-11,Optimized SIP,0.07889068696722419,-0.09469185472005603
2014-12,Equity SIP,0.15017670716506482,-0.18027259797689565
2014-12,Equal-weight SIP,0.0960707708482653,-0.08981207880980835
2014-12,60/20/20 annual rebal,0.11379737312536334,-0.10089536658777298
2014-12,Risk-parity SIP,0.0674688572069629,-0.08929531684115632
2014-12,Max-Sharpe SIP,0.08767639356178977,-0.09860670796194715
2014-12,Optimized SIP,0.07815636245631186,-0.09360922791422077
2015-01,Equity SIP,0.15119513818243754,-0.18009539704193644
2015-01,Equal-weight SIP,0.096078886119446,-0.0890659717650738
2015-01,60/20/20 annual rebal,0.11371851531623288,-0.09943264808228258
2015-01,Risk-parity SIP,0.06744207272503573,-0.08815383874163463
2015-01,Max-Sharpe SIP,0.08830338680805193,-0.09751551070317743
2015-01,Optimized SIP,0.07841249465298655,-0.09250417633549013
2015-02,Equity SIP,0.14870247479801146,-0.17991218518677232
2015-02,Equal-weight SIP,0.09554794995656284,-0.08830791999061671
2015-02,60/20/20 annual rebal,0.11222572466579421,-0.09795267507723282
2015-02,Risk-parity SIP,0.06604752380044376,-0.08699025134060179
2015-02,Max-Sharpe SIP,0.08727537089450044,-0.09647889753178052
2015-02,Optimized SIP,0.07714833173551812,-0.09138165205112025
2015-03,Equity SIP,0.14897522464138013,-0.17971924314968224
2015-03,Equal-weight SIP,0.10055114542549487,-0.0875384377700108
2015-03,60/20/20 annual rebal,0.11539149069981182,-0.09813984905192541
2015-03,Risk-parity SIP,0.07052311608676919,-0.0858146950514771
2015-03,Max-Sharpe SIP,0.09210312718048788,-0.09535984499831884
2015-03,Optimized SIP,0.08179537066207879,-0.0902512886554443
2015-04,Equity SIP,0.136172106802613,-0.1795237393812691
2015-04,Equal-weight SIP,0.09746295937862869,-0.08675123271544194
2015-04,60/20/20 annual rebal,0.10874314524242767,-0.0981920457408113
2015-04,Risk-parity SIP,0.06934177483035757,-0.08460539721609572
2015-04,Max-Sharpe SIP,0.0874284441943098,-0.09420654755182267
2015-04,Optimized SIP,0.07903967533067265,-0.08908877679871352
2015-05,Equity SIP,0.12403704549897511,-0.1793200975914726
2015-05,Equal-weight SIP,0.09801653198000726,-0.08592935140679214
2015-05,60/20/20 annual rebal,0.10689301689875212,-0.09764752658587184
2015-05,Risk-parity SIP,0.06981314994295348,-0.0833479576482854
2015-05,Max-Sharpe SIP,0.08655142267952422,-0.093009448746177
2015-05,Optimized SIP,0.07890069852294503,-0.08788139696364372
2015-06,Equity SIP,0.13736452150343578,-0.17910956798075262
2015-06,Equal-weight SIP,0.10461350715499404,-0.08509266637466428
2015-06,60/20/20 annual rebal,0.11600972690980935,-0.09524228588905093
2015-06,Risk-parity SIP,0.07379342616753465,-0.0820647923233705
2015-06,Max-Sharpe SIP,0.09573687448193732,-0.09179065451631141
2015-06,Optimized SIP,0.08506306045129756,-0.0866509254459058
2015-07,Equity SIP,0.14277189932526638,-0.17889202495893142
2015-07,Equal-weight SIP,0.1075067337391235,-0.0842310814349152
2015-07,60/20/20 annual rebal,0.1182437217896271,-0.09553292794866963
2015-07,Risk-parity SIP,0.07609635922847109,-0.08073468101754278
2015-07,Max-Sharpe SIP,0.09973610552947128,-0.09052558070312378
2015-07,Optimized SIP,0.08805157889256264,-0.08537085983929305
2015-08,Equity SIP,0.14928125968251652,-0.1786638571689343
2015-08,Equal-weight SIP,0.10941872577213636,-0.0833345125574887
2015-08,60/20/20 annual rebal,0.12115178146948374,-0.09305212030009813
2015-08,Risk-parity SIP,0.077479280526648,-0.07934869960879154
2015-08,Max-Sharpe SIP,0.10325862643845454,-0.08920743958366883
2015-08,Optimized SIP,0.09026418361310726,-0.08403670336715185
2015-09,Equity SIP,0.1509764162134403,-0.17842514177495072
2015-09,Equal-weight SIP,0.11064338708978888,-0.08239484371911765
2015-09,60/20/20 annual rebal,0.12269638949013331,-0.09194276357631748
2015-09,Risk-parity SIP,0.0790577514769888,-0.07790927183221197
2015-09,Max-Sharpe SIP,0.1049161921718178,-0.08784190730404084
2015-09,Optimized SIP,0.09182899097863852,-0.08265301834995298
2015-10,Equity SIP,0.1542948199552986,-0.17816897919067154
2015-10,Equal-weight SIP,0.11839138857032387,-0.08141275515007973
2015-10,60/20/20 annual rebal,0.12799640975671692,-0.0936861098942865
2015-10,Risk-parity SIP,0.08515001347366968,-0.076421483617779
2015-10,Max-Sharpe SIP,0.11236179440823835,-0.08643377612556025
2015-10,Optimized SIP,0.09876527829524061,-0.08122501471239951
2015-11,Equity SIP,0.15666765182437942,-0.1778873076299119
2015-11,Equal-weight SIP,0.12694228864579887,-0.08037738059986654
2015-11,60/20/20 annual rebal,0.13362457492480184,-0.09192212220540652
2015-11,Risk-parity SIP,0.09142466123341217,-0.07486650579758913
2015-11,Max-Sharpe SIP,0.1203709666732142,-0.08496218678003176
2015-11,Optimized SIP,0.1061401303622491,-0.0797365887269269
2015-12,Equity SIP,0.15502620337772804,-0.17760342050289168
2015-12,Equal-weight SIP,0.12620050386640594,-0.07934060624033157
2015-12,60/20/20 annual rebal,0.13245989737787317,-0.09137533340119675
2015-12,Risk-parity SIP,0.09084664228872419,-0.0732961328350974
2015-12,Max-Sharpe SIP,0.12060077702528833,-0.08404428235431494
2015-12,Optimized SIP,0.10557326776971952,-0.07823315955611876
2016-01,Equity SIP,0.15636382836772303,-0.17731360608820335
2016-01,Equal-weight SIP,0.13025102427261087,-0.07825506722713305
2016-01,60/20/20 annual rebal,0.13472616609259752,-0.08833533079310774
2016-01,Risk-parity SIP,0.09349478172099879,-0.07165303106660803
2016-01,Max-Sharpe SIP,0.12465746632542907,-0.08249419636117894
2016-01,Optimized SIP,0.10904352178757942,-0.07666113384017481
2016-02,Equity SIP,0.1566229221722036,-0.17700541796412372
2016-02,Equal-weight SIP,0.13775672340779885,-0.07712227155379003
2016-02,60/20/20 annual rebal,0.13874527991127675,-0.08677707803834345
2016-02,Risk-parity SIP,0.09738075374799068,-0.0699545156346334
2016-02,Max-Sharpe SIP,0.13133244300361585,-0.08088396758126193
2016-02,Optimized SIP,0.11415651848986727,-0.07502842787088326
2016-03,Equity SIP,0.1536572925009507,-0.17665788532476012
2016-03,Equal-weight SIP,0.1409161618134944,-0.0759226215794051
2016-03,60/20/20 annual rebal,0.13961662837494587,-0.08611506419708836
2016-03,Risk-parity SIP,0.09954248616292441,-0.06818635079640156
2016-03,Max-Sharpe SIP,0.13374104507197396,-0.07866308070669381
2016-03,Optimized SIP,0.11633676143473816,-0.07332705670687767
2016-04,Equity SIP,0.1450182215403207,-0.1762878286837215
2016-04,Equal-weight SIP,0.1338760953862362,-0.0747179026638316
2016-04,60/20/20 annual rebal,0.1320494495103713,-0.08692840240514677
2016-04,Risk-parity SIP,0.09440249744878723,-0.06658296488668147
2016-04,Max-Sharpe SIP,0.12660246945326195,-0.07698168861333676
2016-04,Optimized SIP,0.11015976407396325,-0.07161490092095801
2016-05,Equity SIP,0.15141742792844368,-0.1759193856684408
2016-05,Equal-weight SIP,0.13290008173595275,-0.07351931757137664
2016-05,60/20/20 annual rebal,0.13601305801106103,-0.0877829785656774
2016-05,Risk-parity SIP,0.09394757215091305,-0.06535424692564218
2016-05,Max-Sharpe SIP,0.12668642447287323,-0.07526787830281956
2016-05,Optimized SIP,0.11049150625599952,-0.06987332197011531
2016-06,Equity SIP,0.16135332997718102,-0.17554030724643455
2016-06,Equal-weight SIP,0.13321544004553554,-0.07229517216839842
2016-06,60/20/20 annual rebal,0.14002977800599473,-0.08579962385455808
2016-06,Risk-parity SIP,0.09401456373273386,-0.06409773778133088
2016-06,Max-Sharpe SIP,0.1284896323863687,-0.07351626782129062
2016-06,Optimized SIP,0.11154439430894278,-0.06763608857119507
2016-07,Equity SIP,0.160357937996296,-0.1751376510889302
2016-07,Equal-weight SIP,0.12568433396653886,-0.07103124227719027
2016-07,60/20/20 annual rebal,0.13470062761485563,-0.08635884241100622
2016-07,Risk-parity SIP,0.0899428809050084,-0.06280063466870467
2016-07,Max-Sharpe SIP,0.12143710637593266,-0.07170520781975165
2016-07,Optimized SIP,0.10587410471970155,-0.06580598855110831
2016-08,Equity SIP,0.15920495547880573,-0.17471513600707345
2016-08,Equal-weight SIP,0.12144387115558605,-0.06973665320581379
2016-08,60/20/20 annual rebal,0.13106891347438487,-0.0871120975298697
2016-08,Risk-parity SIP,0.08691828100372594,-0.061476099178045196
2016-08,Max-Sharpe SIP,0.11770581044226004,-0.06985623833334043
2016-08,Optimized SIP,0.10241943917730913,-0.06393708654956987
