start,Strategy,XIRR,Worst wealth drop
1983-02,Equity SIP,0.29676524892778117,-0.24116785780913874
1983-02,Equal-weight SIP,0.24137802368833192,-0.07477117870807426
1983-02,60/20/20 annual rebal,0.2560031800765838,-0.14012947370711282
1983-02,Risk-parity SIP,0.2395712040580268,-0.056249190142521055
1983-02,Max-Sharpe SIP,0.25507858172248593,-0.060139022276275544
1983-02,Optimized SIP,0.24716224172993081,-0.05819584605056283
1983-03,Equity SIP,0.3024153375996859,-0.2402969932562129
1983-03,Equal-weight SIP,0.24814462753910474,-0.07343940860911158
1983-03,60/20/20 annual rebal,0.2620859805336333,-0.13725290379838517
1983-03,Risk-parity SIP,0.24582437456758677,-0.05526795512872096
1983-03,Max-Sharpe SIP,0.26303264031640594,-0.05908800496207489
1983-03,Optimized SIP,0.2540008669141598,-0.057062391727286665
1983-04,Equity SIP,0.3139781844024829,-0.23940144294181864
1983-04,Equal-weight SIP,0.26011517898860237,-0.07210264150641732
1983-04,60/20/20 annual rebal,0.2732464853625199,-0.13228947220717258
1983-04,Risk-parity SIP,0.2573094339082178,-0.05425784286135993
1983-04,Max-Sharpe SIP,0.27570860596865154,-0.057998858283093035
1983-04,Optimized SIP,0.2660730966732243,-0.055959338481102905
1983-05,Equity SIP,0.30587067906972165,-0.23848909924840522
1983-05,Equal-weight SIP,0.25552647395480194,-0.07083932933338011
1983-05,60/20/20 annual rebal,0.2680616745484585,-0.12981751469710878
1983-05,Risk-parity SIP,0.2544560766696309,-0.0531957155510675
1983-05,Max-Sharpe SIP,0.27174552261980717,-0.05683732938340702
1983-05,Optimized SIP,0.2625907100827128,-0.05486873316093566
1983-06,Equity SIP,0.30365899499647425,-0.2375605349988127
1983-06,Equal-weight SIP,0.2553761016984129,-0.06958461844720132
1983-06,60/20/20 annual rebal,0.26871942132963156,-0.13041316125933533
1983-06,Risk-parity SIP,0.25667820437968675,-0.05210969501241214
1983-06,Max-Sharpe SIP,0.2704425562609113,-0.055640029248098744
1983-06,Optimized SIP,0.2630908532520665,-0.053785484304899156
1983-07,Equity SIP,0.30211440083093977,-0.236617315071473
1983-07,Equal-weight SIP,0.25467505922952705,-0.06835401657836804
1983-07,60/20/20 annual rebal,0.26838343161683986,-0.130050470908609
1983-07,Risk-parity SIP,0.25618556005241344,-0.05099146235321217
1983-07,Max-Sharpe SIP,0.2698518876163145,-0.05439458641497197
1983-07,Optimized SIP,0.26254068630365707,-0.05266736814290496
1983-08,Equity SIP,0.2983803072398076,-0.2356394270280684
1983-08,Equal-weight SIP,0.2542727168070991,-0.06714328631299349
1983-08,60/20/20 annual rebal,0.2674200028507544,-0.12649970498623808
1983-08,Risk-parity SIP,0.25753974028803356,-0.049802583232195
1983-08,Max-Sharpe SIP,0.2695493809290558,-0.05309592443707156
1983-08,Optimized SIP,0.26302514142198163,-0.05147378112352663
1983-09,Equity SIP,0.29822112776244836,-0.23461209501911184
1983-09,Equal-weight SIP,0.25252915013814153,-0.06591198861444214
1983-09,60/20/20 annual rebal,0.26543925876984437,-0.1238911509579782
1983-09,Risk-parity SIP,0.25402935905790175,-0.048535133538466835
1983-09,Max-Sharpe SIP,0.2684059732048284,-0.05184644894401025
1983-09,Optimized SIP,0.260642471368805,-0.05019595927789422
1983-10,Equity SIP,0.29691359009262436,-0.23350286185716618
1983-10,Equal-weight SIP,0.25017022781284626,-0.06455783093749368
1983-10,60/20/20 annual rebal,0.2641520244354917,-0.11939701063690611
1983-10,Risk-parity SIP,0.24899089004268163,-0.04719376614622539
1983-10,Max-Sharpe SIP,0.2679651366557945,-0.0504819976633164
1983-10,Optimized SIP,0.2578602703568785,-0.048849415973155175
1983-11,Equity SIP,0.29523546506527903,-0.23236023998523192
1983-11,Equal-weight SIP,0.2488885524744475,-0.06319682043949881
1983-11,60/20/20 annual rebal,0.2633402775716069,-0.11952984214358542
1983-11,Risk-parity SIP,0.2475791418597378,-0.045801036889807634
1983-11,Max-Sharpe SIP,0.26610022978675507,-0.04905709171157979
1983-11,Optimized SIP,0.25657842299397526,-0.047449397166736795
1983-12,Equity SIP,0.291254892847114,-0.23115306086870657
1983-12,Equal-weight SIP,0.24440597804993303,-0.061782369206691556
1983-12,60/20/20 annual rebal,0.2584092388131657,-0.1303278740557554
1983-12,Risk-parity SIP,0.24414997492972668,-0.04433009539794497
1983-12,Max-Sharpe SIP,0.2597199585619311,-0.047552826726014685
1983-12,Optimized SIP,0.2517906897016851,-0.04596988329898166
1984-01,Equity SIP,0.28929912687104914,-0.22986749852990773
1984-01,Equal-weight SIP,0.24285401840911713,-0.060283254737763525
1984-01,60/20/20 annual rebal,0.2564375323452711,-0.13134257042981867
1984-01,Risk-parity SIP,0.24315203405314684,-0.04277507027949312
1984-01,Max-Sharpe SIP,0.25741973744172597,-0.045971047538803544
1984-01,Optimized SIP,0.2501822641977942,-0.0444050717722414
1984-02,Equity SIP,0.288819176457221,-0.22850464968233408
1984-02,Equal-weight SIP,0.24183215828316532,-0.058691251084832086
1984-02,60/20/20 annual rebal,0.2561274385707221,-0.12913264131064217
1984-02,Risk-parity SIP,0.24198492997388107,-0.041140668053759044
1984-02,Max-Sharpe SIP,0.25582949718442133,-0.04431324665630232
1984-02,Optimized SIP,0.24884312502188882,-0.04276296087450793
1984-03,Equity SIP,0.2851341504088157,-0.22709810318366974
1984-03,Equal-weight SIP,0.23741430648167597,-0.057083064805956485
1984-03,60/20/20 annual rebal,0.2520000601944892,-0.12579832878662778
1984-03,Risk-parity SIP,0.2372323939922595,-0.03944473239037338
1984-03,Max-Sharpe SIP,0.2508152100693159,-0.04258834059943095
1984-03,Optimized SIP,0.244045819748032,-0.04105746875054195
1984-04,Equity SIP,0.27840452035104774,-0.22578389398746812
1984-04,Equal-weight SIP,0.2307507072802433,-0.055194143892198344
1984-04,60/20/20 annual rebal,0.24523456220888384,-0.12031222859015223
1984-04,Risk-parity SIP,0.231360393137407,-0.037623973456964
1984-04,Max-Sharpe SIP,0.24318182948139466,-0.0407337747486235
1984-04,Optimized SIP,0.23717574589817306,-0.03922501919239485
1984-05,Equity SIP,0.2680290579182689,-0.22455878953675246
1984-05,Equal-weight SIP,0.22187351817174705,-0.0531832432209971
1984-05,60/20/20 annual rebal,0.23605528219347646,-0.11721831856386755
1984-05,Risk-parity SIP,0.22301653590805087,-0.042283101808072154
1984-05,Max-Sharpe SIP,0.23437216788038534,-0.05374969129972562
1984-05,Optimized SIP,0.22876302051559874,-0.048641706615419444
1984-06,Equity SIP,0.26593394302830076,-0.2232535763298138
1984-06,Equal-weight SIP,0.21905498769600015,-0.051084624662662836
1984-06,60/20/20 annual rebal,0.23393656854108705,-0.11705943055606671
1984-06,Risk-parity SIP,0.22033485864309746,-0.04213442222135866
1984-06,Max-Sharpe SIP,0.2305299083332175,-0.053609478570426194
1984-06,Optimized SIP,0.2255048051166977,-0.04849588943470462
1984-07,Equity SIP,0.26405680574528445,-0.22186121680200765
1984-07,Equal-weight SIP,0.217863771668484,-0.04888727237222745
1984-07,60/20/20 annual rebal,0.23300287892454008,-0.11583934399230333
1984-07,Risk-parity SIP,0.21924611532202434,-0.04197981281435759
1984-07,Max-Sharpe SIP,0.22922657286294673,-0.05346276245839565
1984-07,Optimized SIP,0.22429140131924835,-0.048343717661294194
1984-08,Equity SIP,0.2589226675691548,-0.22032572081405377
1984-08,Equal-weight SIP,0.21328597668541072,-0.0464570326011261
1984-08,60/20/20 annual rebal,0.22822206359463107,-0.1113422500097383
1984-08,Risk-parity SIP,0.2148194620673299,-0.0418187168828108
1984-08,Max-Sharpe SIP,0.22432412582914207,-0.053307312819173336
1984-08,Optimized SIP,0.21965916186737258,-0.04818573699054296
1984-09,Equity SIP,0.2603811973236813,-0.21868120726720774
1984-09,Equal-weight SIP,0.21239741653740216,-0.04596067364524481
1984-09,60/20/20 annual rebal,0.22789700726719145,-0.10777756317590081
1984-09,Risk-parity SIP,0.2127372564510963,-0.041654043854251754
1984-09,Max-Sharpe SIP,0.22263692596955373,-0.053153139450043185
1984-09,Optimized SIP,0.21795340596158258,-0.04802431428288245
1984-10,Equity SIP,0.25810852252243877,-0.21706736416460937
1984-10,Equal-weight SIP,0.21040168036297346,-0.04575583058871491
1984-10,60/20/20 annual rebal,0.2280821938616229,-0.10239560198617181
1984-10,Risk-parity SIP,0.21148695283881971,-0.041492282752558785
1984-10,Max-Sharpe SIP,0.21959742811615493,-0.05300276716650343
1984-10,Optimized SIP,0.2159214104656912,-0.0478249647704484
1984-11,Equity SIP,0.2535982567135424,-0.21538260417066957
1984-11,Equal-weight SIP,0.2058410013885877,-0.04555427957715985
1984-11,60/20/20 annual rebal,0.22415190222260434,-0.10153074962520381
1984-11,Risk-parity SIP,0.20689087523479155,-0.041328460284416946
1984-11,Max-Sharpe SIP,0.2145381133388263,-0.05285151365242857
1984-11,Optimized SIP,0.21111205847399833,-0.04766774405786911
1984-12,Equity SIP,0.24931876578740877,-0.2135679886001921
1984-12,Equal-weight SIP,0.20138333116688528,-0.04535363594505293
1984-12,60/20/20 annual rebal,0.21854717063338336,-0.11100145393849437
1984-12,Risk-parity SIP,0.20242125105547507,-0.04117840641661774
1984-12,Max-Sharpe SIP,0.20984703511966568,-0.05269818405829252
1984-12,Optimized SIP,0.20636829958182837,-0.04750682314831334
1985-01,Equity SIP,0.24366268143638917,-0.2116224723047434
1985-01,Equal-weight SIP,0.19804668250579183,-0.04515531521769012
1985-01,60/20/20 annual rebal,0.21352451081432358,-0.1105857407445151
1985-01,Risk-parity SIP,0.1989490578870744,-0.041010756208840426
1985-01,Max-Sharpe SIP,0.20775224928262606,-0.05254072266877685
1985-01,Optimized SIP,0.20296923597127092,-0.04676730944487162
1985-02,Equity SIP,0.2442940806887193,-0.20951721349909946
1985-02,Equal-weight SIP,0.1973459362269729,-0.044958470558864705
1985-02,60/20/20 annual rebal,0.21333490377415043,-0.10714151546990014
1985-02,Risk-parity SIP,0.1975765345240292,-0.040837995891143786
1985-02,Max-Sharpe SIP,0.20634111381993678,-0.05237916532841391
1985-02,Optimized SIP,0.20158242566682966,-0.04660003323364015
1985-03,Equity SIP,0.24771399832003121,-0.2073733842637212
1985-03,Equal-weight SIP,0.19900069879258836,-0.04476711178408366
1985-03,60/20/20 annual rebal,0.21531461283911552,-0.10257544551829467
1985-03,Risk-parity SIP,0.19801421785146542,-0.04066491783532067
1985-03,Max-Sharpe SIP,0.20755156074502423,-0.05221753778872018
1985-03,Optimized SIP,0.2024039218750342,-0.046432598114292345
1985-04,Equity SIP,0.2502864291637177,-0.20521584178375807
1985-04,Equal-weight SIP,0.20151602479169478,-0.04457639192704488
1985-04,60/20/20 annual rebal,0.21709468542541666,-0.09601132157740533
1985-04,Risk-parity SIP,0.20104575289746865,-0.04053722115163216
1985-04,Max-Sharpe SIP,0.20994328881263638,-0.05205730884777582
1985-04,Optimized SIP,0.20467681594937,-0.04626633823590154
1985-05,Equity SIP,0.2516626923843367,-0.20283829432553124
1985-05,Equal-weight SIP,0.20199069234489792,-0.044372006455260515
1985-05,60/20/20 annual rebal,0.21787053609226792,-0.09158589393683969
1985-05,Risk-parity SIP,0.2012544039215237,-0.04035764477487602
1985-05,Max-Sharpe SIP,0.2098579022976382,-0.0518896785487889
1985-05,Optimized SIP,0.20476241098501075,-0.04609288520750121
1985-06,Equity SIP,0.25420908294770983,-0.20015851513445837
1985-06,Equal-weight SIP,0.2034511102755034,-0.04415737340355852
1985-06,60/20/20 annual rebal,0.21930380389971446,-0.08970152052524183
1985-06,Risk-parity SIP,0.20133613537070968,-0.040169346656420135
1985-06,Max-Sharpe SIP,0.21126602286268006,-0.0517129199000399
1985-06,Optimized SIP,0.20551367249909577,-0.04591055513759046
1985-07,Equity SIP,0.25636332284729807,-0.19730614025851345
1985-07,Equal-weight SIP,0.20574401277955387,-0.043948463954763484
1985-07,60/20/20 annual rebal,0.22165089716659628,-0.08674475342783394
1985-07,Risk-parity SIP,0.20296164228482838,-0.03997947243029032
1985-07,Max-Sharpe SIP,0.2137036017383184,-0.05153762356225122
1985-07,Optimized SIP,0.20753691625147805,-0.045727110292014816
1985-08,Equity SIP,0.2591514962066012,-0.1942174320601927
1985-08,Equal-weight SIP,0.20510552367857474,-0.04374199645419319
1985-08,60/20/20 annual rebal,0.22194091639052266,-0.08040217327709875
1985-08,Risk-parity SIP,0.20125246640374062,-0.03978707497905842
1985-08,Max-Sharpe SIP,0.21189799652525376,-0.051357530499546056
1985-08,Optimized SIP,0.20581735633606577,-0.04554192970544313
1985-09,Equity SIP,0.25763588368419216,-0.19075023282603498
1985-09,Equal-weight SIP,0.20275335455488747,-0.043520670319617705
1985-09,60/20/20 annual rebal,0.2200485105233955,-0.07465416373602729
1985-09,Risk-parity SIP,0.19862391023290868,-0.03958162527208808
1985-09,Max-Sharpe SIP,0.20903950363419083,-0.05116527781490654
1985-09,Optimized SIP,0.2031117343732301,-0.04534412071004723
1985-10,Equity SIP,0.27029012532576474,-0.18675271860877918
1985-10,Equal-weight SIP,0.21396490382881553,-0.043285414704161584
1985-10,60/20/20 annual rebal,0.23272662029783348,-0.0665767349993015
1985-10,Risk-parity SIP,0.20877503960934352,-0.03936457813933136
1985-10,Max-Sharpe SIP,0.2198367619456303,-0.050962077783257675
1985-10,Optimized SIP,0.21362424012213804,-0.04513557023662329
1985-11,Equity SIP,0.27529729070246695,-0.18224061388686275
1985-11,Equal-weight SIP,0.2198360447926375,-0.043045840602144114
1985-11,60/20/20 annual rebal,0.23902476121360364,-0.0625197368409367
1985-11,Risk-parity SIP,0.21441165441965293,-0.0391402194217374
1985-11,Max-Sharpe SIP,0.22585085301435015,-0.05075213820641089
1985-11,Optimized SIP,0.21948936304471456,-0.04492007572726886
1985-12,Equity SIP,0.2758163358106495,-0.17714742710436848
1985-12,Equal-weight SIP,0.21973082155556622,-0.04279802078798334
1985-12,60/20/20 annual rebal,0.23822013647369744,-0.06961271161091498
1985-12,Risk-parity SIP,0.21385313836691314,-0.03890803375147145
1985-12,Max-Sharpe SIP,0.225397013049812,-0.05053490247625292
1985-12,Optimized SIP,0.21901378827261028,-0.04469633887343483
1986-01,Equity SIP,0.27946489142372977,-0.1717175343619608
1986-01,Equal-weight SIP,0.2221877382433339,-0.042554384798082046
1986-01,60/20/20 annual rebal,0.24021168943338292,-0.06692344998378874
1986-01,Risk-parity SIP,0.21558273662761576,-0.03867624643418943
1986-01,Max-Sharpe SIP,0.22746275887912928,-0.050320073093896966
1986-01,Optimized SIP,0.2207450071166608,-0.046020784464714026
1986-02,Equity SIP,0.2804456429622552,-0.16585530403653892
1986-02,Equal-weight SIP,0.2252554105154925,-0.04231432946563474
1986-02,60/20/20 annual rebal,0.243168057650579,-0.06155282993523703
1986-02,Risk-parity SIP,0.21945369587817395,-0.03844418028160035
1986-02,Max-Sharpe SIP,0.23077974322531933,-0.05010584160883991
1986-02,Optimized SIP,0.22437886308740265,-0.04577003673675706
1986-03,Equity SIP,0.291304516831698,-0.16114527212814966
1986-03,Equal-weight SIP,0.2309955323032349,-0.0420649161731973
1986-03,60/20/20 annual rebal,0.2503223997100773,-0.05480421818640224
1986-03,Risk-parity SIP,0.22413550441659807,-0.03820958625671422
1986-03,Max-Sharpe SIP,0.2347086447775148,-0.04988771323549934
1986-03,Optimized SIP,0.22872965346182628,-0.045515661828619325
1986-04,Equity SIP,0.2763397798407272,-0.15644692185685827
1986-04,Equal-weight SIP,0.21413538048798605,-0.06960558413466411
1986-04,60/20/20 annual rebal,0.23350668480068174,-0.06635958366103212
1986-04,Risk-parity SIP,0.2067592802180556,-0.07222823104869192
1986-04,Max-Sharpe SIP,0.21709260437539937,-0.07342136038720937
1986-04,Optimized SIP,0.21126623319220933,-0.07281666439702106
1986-05,Equity SIP,0.272373808006671,-0.151342329179726
1986-05,Equal-weight SIP,0.20947168213916656,-0.07585867972646043
1986-05,60/20/20 annual rebal,0.22908401206274084,-0.07017795410022043
1986-05,Risk-parity SIP,0.20186089387097053,-0.07959860587303391
1986-05,Max-Sharpe SIP,0.2120528994617712,-0.08157877490183241
1986-05,Optimized SIP,0.20633196511794116,-0.08058439188838307
1986-06,Equity SIP,0.2770776680360702,-0.14567674087116222
1986-06,Equal-weight SIP,0.2116462860643058,-0.0757996946880718
1986-06,60/20/20 annual rebal,0.23192387317228152,-0.06959304820252288
1986-06,Risk-parity SIP,0.2033658927229642,-0.07951203777896676
1986-06,Max-Sharpe SIP,0.21332469899737705,-0.08149433308143106
1986-06,Optimized SIP,0.20775018679337445,-0.08049928483972324
1986-07,Equity SIP,0.27641669981883094,-0.13918568776087115
1986-07,Equal-weight SIP,0.20922634613468302,-0.07573519507940685
1986-07,60/20/20 annual rebal,0.23007602129559915,-0.0696222031171092
1986-07,Risk-parity SIP,0.20011508115818075,-0.07942209127829924
1986-07,Max-Sharpe SIP,0.21038024015301202,-0.08140653801971054
1986-07,Optimized SIP,0.20467498078975477,-0.08041080940245149
1986-08,Equity SIP,0.2695230615913332,-0.13192078987780698
1986-08,Equal-weight SIP,0.20658648741366087,-0.07566524816554598
1986-08,60/20/20 annual rebal,0.2264259406257535,-0.06956374230262641
1986-08,Risk-parity SIP,0.19827975101171272,-0.07933075333932849
1986-08,Max-Sharpe SIP,0.20892544693910475,-0.08131745759318487
1986-08,Optimized SIP,0.20308536914423608,-0.08032096208609685
1986-09,Equity SIP,0.27234679460393374,-0.12312483051014056
1986-09,Equal-weight SIP,0.20874844453469146,-0.07560128558339974
1986-09,60/20/20 annual rebal,0.2280786278492817,-0.0697601626682488
1986-09,Risk-parity SIP,0.1999359237162971,-0.07923693309894986
1986-09,Max-Sharpe SIP,0.21089199259177893,-0.0812260241138768
1986-09,Optimized SIP,0.20491935319168855,-0.0802287193892337
1986-10,Equity SIP,0.27297458904318034,-0.11287287143016655
1986-10,Equal-weight SIP,0.20714716542627376,-0.07553804455553592
1986-10,60/20/20 annual rebal,0.22800763419281747,-0.0697947088609856
1986-10,Risk-parity SIP,0.19756385131793883,-0.07914298864493707
1986-10,Max-Sharpe SIP,0.20856788731485296,-0.081134121940454
1986-10,Optimized SIP,0.2025839420907315,-0.08013628114435523
1986-11,Equity SIP,0.2765228022497455,-0.10017878252208634
1986-11,Equal-weight SIP,0.20896971149239832,-0.07547830800275823
1986-11,60/20/20 annual rebal,0.2306686938542292,-0.06987764356171766
1986-11,Risk-parity SIP,0.1982426114405329,-0.07904714621344655
1986-11,Max-Sharpe SIP,0.2100573947396607,-0.08103955369456006
1986-11,Optimized SIP,0.20367042152665948,-0.08004160790201609
1986-12,Equity SIP,0.28221543001603155,-0.08456936349267563
1986-12,Equal-weight SIP,0.21219563800900484,-0.07541895176175539
1986-12,60/20/20 annual rebal,0.23389846418510807,-0.0697593788459272
1986-12,Risk-parity SIP,0.2000464435598596,-0.07894944497387013
1986-12,Max-Sharpe SIP,0.21278167001133508,-0.08094331902463403
1986-12,Optimized SIP,0.2059322256464309,-0.07994528908215459
1987-01,Equity SIP,0.28114352336811077,-0.06859271744476869
1987-01,Equal-weight SIP,0.20971198779239417,-0.07535426436755788
1987-01,60/20/20 annual rebal,0.2312982632322815,-0.06975198009621553
1987-01,Risk-parity SIP,0.1965900740691433,-0.07885825272689495
1987-01,Max-Sharpe SIP,0.20996600653942632,-0.08084662681884303
1987-01,Optimized SIP,0.20286286860783312,-0.07984816995117505
1987-02,Equity SIP,0.28371266482311003,-0.06815268420841303
1987-02,Equal-weight SIP,0.20776124773798912,-0.07528700773569308
1987-02,60/20/20 annual rebal,0.23021474312813872,-0.0697959040771422
1987-02,Risk-parity SIP,0.19238079795682786,-0.07876289159680339
1987-02,Max-Sharpe SIP,0.20679103551058967,-0.08074818867325717
1987-02,Optimized SIP,0.1993914865092827,-0.07974910649858824
1987-03,Equity SIP,0.28820280280988897,-0.06770912273790664
1987-03,Equal-weight SIP,0.20921958420236486,-0.07521159237033415
1987-03,60/20/20 annual rebal,0.23248903160226864,-0.06957056236103543
1987-03,Risk-parity SIP,0.1908160829479403,-0.07863098418380188
1987-03,Max-Sharpe SIP,0.20867167775102777,-0.08064845008071553
1987-03,Optimized SIP,0.1997059174724332,-0.07964885029424462
1987-04,Equity SIP,0.2838319591258119,-0.06726708378150348
1987-04,Equal-weight SIP,0.20546226475164645,-0.075124503859608
1987-04,60/20/20 annual rebal,0.22859280983704736,-0.06998338604779664
1987-04,Risk-parity SIP,0.1878134284289963,-0.07852744243970455
1987-04,Max-Sharpe SIP,0.204525774410359,-0.0805468830533177
1987-04,Optimized SIP,0.19617689122985105,-0.0795467089087124
1987-05,Equity SIP,0.2740071358330118,-0.06681231575754676
1987-05,Equal-weight SIP,0.19796842443175983,-0.07503020229207602
1987-05,60/20/20 annual rebal,0.22014240438715113,-0.06904905769267733
1987-05,Risk-parity SIP,0.18082921704328872,-0.07842117349039313
1987-05,Max-Sharpe SIP,0.19730050101865768,-0.08044255181481663
1987-05,Optimized SIP,0.18920968123763282,-0.07944182481917705
1987-06,Equity SIP,0.2870872338588211,-0.06632012719662328
1987-06,Equal-weight SIP,0.2045826986425569,-0.07492746696654262
1987-06,60/20/20 annual rebal,0.22752681529100743,-0.06844136989605554
1987-06,Risk-parity SIP,0.18434621975012963,-0.07830911290917508
1987-06,Max-Sharpe SIP,0.20384603773171672,-0.08033150054629845
1987-06,Optimized SIP,0.19383178420477637,-0.07933082106236433
1987-07,Equity SIP,0.2933433793348574,-0.06578971730394956
1987-07,Equal-weight SIP,0.20763317759416405,-0.07481535742235468
1987-07,60/20/20 annual rebal,0.2314480581065716,-0.06844192346202183
1987-07,Risk-parity SIP,0.18536780770039551,-0.07819094540758831
1987-07,Max-Sharpe SIP,0.20710664472047216,-0.08021369030098313
1987-07,Optimized SIP,0.19576849351097728,-0.07921330552985195
1987-08,Equity SIP,0.3000830066105194,-0.0652550320991735
1987-08,Equal-weight SIP,0.20989551880452723,-0.07469833563943007
1987-08,60/20/20 annual rebal,0.23401239458273998,-0.06836125575128893
1987-08,Risk-parity SIP,0.1841116054308122,-0.07807218512651481
1987-08,Max-Sharpe SIP,0.21008318539225257,-0.08009547256701521
1987-08,Optimized SIP,0.1963392508016632,-0.07909519466406167
1987-09,Equity SIP,0.29893810892132805,-0.06470961146384058
1987-09,Equal-weight SIP,0.2087146384569262,-0.07457584723014998
1987-09,60/20/20 annual rebal,0.23400437114479442,-0.0685363472209436
1987-09,Risk-parity SIP,0.1828812695325638,-0.07795186170941115
1987-09,Max-Sharpe SIP,0.20881172959647915,-0.0799757490706785
1987-09,Optimized SIP,0.19507910090446332,-0.07897572538496644
1987-10,Equity SIP,0.30056220271092354,-0.06416714265346224
1987-10,Equal-weight SIP,0.2101151485623005,-0.07444124309057032
1987-10,60/20/20 annual rebal,0.23571094232357415,-0.06854661444831822
1987-10,Risk-parity SIP,0.18384270528040556,-0.0778299381005253
1987-10,Max-Sharpe SIP,0.21027309205250133,-0.07985417525347394
1987-10,Optimized SIP,0.19627442967044548,-0.07885453419279653
1987-11,Equity SIP,0.2995555728630979,-0.06356668044193448
1987-11,Equal-weight SIP,0.20914408243847185,-0.07429644651326672
1987-11,60/20/20 annual rebal,0.2351073887548475,-0.06861088761584333
1987-11,Risk-parity SIP,0.18260966591636915,-0.07769890815869884
1987-11,Max-Sharpe SIP,0.2093396642677714,-0.07972310303791619
1987-11,Optimized SIP,0.19518747777251844,-0.0787240793185996
1987-12,Equity SIP,0.2987112891693146,-0.06283767261845852
1987-12,Equal-weight SIP,0.20901466889969242,-0.07416154717465373
1987-12,60/20/20 annual rebal,0.23359946246350863,-0.06846260426218687
1987-12,Risk-parity SIP,0.18125080274064828,-0.07755804548445033
1987-12,Max-Sharpe SIP,0.21023612991488852,-0.07958179693507128
1987-12,Optimized SIP,0.19495274156939427,-0.07858349626215078
1988-01,Equity SIP,0.3093958092813905,-0.06192783463792073
1988-01,Equal-weight SIP,0.2173510837224187,-0.07404813797791476
1988-01,60/20/20 annual rebal,0.24097086756446073,-0.0683977851149935
1988-01,Risk-parity SIP,0.18645730837244606,-0.07740877276909697
1988-01,Max-Sharpe SIP,0.21940663122287002,-0.07943131928429636
1988-01,Optimized SIP,0.20238277818983733,-0.07843333543593689
1988-02,Equity SIP,0.30522834371535007,-0.06091034325558187
1988-02,Equal-weight SIP,0.21527611291236098,-0.07393259533592478
1988-02,60/20/20 annual rebal,0.23894047378876032,-0.06838063674400663
1988-02,Risk-parity SIP,0.18489386690285617,-0.0772542524063311
1988-02,Max-Sharpe SIP,0.217992997784258,-0.0792734668946119
1988-02,Optimized SIP,0.20095495113066988,-0.07827617051092939
1988-03,Equity SIP,0.31049343822885567,-0.05984190945534695
1988-03,Equal-weight SIP,0.21691345329781234,-0.07381169275064414
1988-03,60/20/20 annual rebal,0.24153770794157195,-0.06809908030560208
1988-03,Risk-parity SIP,0.18601817705976323,-0.07709813445495162
1988-03,Max-Sharpe SIP,0.2212760533661334,-0.07911351846441217
1988-03,Optimized SIP,0.2028523902104903,-0.07811692605746434
1988-04,Equity SIP,0.3183595298715794,-0.05870223341461389
1988-04,Equal-weight SIP,0.22108775545784862,-0.07368468595506406
1988-04,60/20/20 annual rebal,0.24575501924946647,-0.06845152439057856
1988-04,Risk-parity SIP,0.1881067185139339,-0.07693769080529123
1988-04,Max-Sharpe SIP,0.2271445032763482,-0.07894968420654058
1988-04,Optimized SIP,0.20690737024661668,-0.07795333884807798
1988-05,Equity SIP,0.32080729980838485,-0.05747248878504396
1988-05,Equal-weight SIP,0.22281586966184896,-0.07354579627789404
1988-05,60/20/20 annual rebal,0.2486971455519032,-0.06745547114139672
1988-05,Risk-parity SIP,0.19041479315483187,-0.07677074325231081
1988-05,Max-Sharpe SIP,0.22957144132511556,-0.07877854362413428
1988-05,Optimized SIP,0.2092667669118808,-0.07778262159528804
1988-06,Equity SIP,0.3194451440645247,-0.056519138810325664
1988-06,Equal-weight SIP,0.22182235962198935,-0.07340082211998755
1988-06,60/20/20 annual rebal,0.24716130832799638,-0.06677484882333429
1988-06,Risk-parity SIP,0.1887751868298495,-0.07659764150181414
1988-06,Max-Sharpe SIP,0.22885899290711761,-0.07859994293858119
1988-06,Optimized SIP,0.20808071913502205,-0.0776066306448544
1988-07,Equity SIP,0.3235126668109849,-0.05643183271228058
1988-07,Equal-weight SIP,0.22682974835877567,-0.0732495437568006
1988-07,60/20/20 annual rebal,0.2514198768843292,-0.06669283141339244
1988-07,Risk-parity SIP,0.19337842335117908,-0.07641610359053785
1988-07,Max-Sharpe SIP,0.23398317969406893,-0.07841166340917205
1988-07,Optimized SIP,0.2129030401025263,-0.07742404747699438
1988-08,Equity SIP,0.32836530834261785,-0.05634774934858944
1988-08,Equal-weight SIP,0.22930147665178974,-0.07309276707186185
1988-08,60/20/20 annual rebal,0.25430729602728813,-0.06654393469153841
1988-08,Risk-parity SIP,0.19450010082288455,-0.07623732670326189
1988-08,Max-Sharpe SIP,0.23763436830882909,-0.07822620344687592
1988-08,Optimized SIP,0.21533159931648405,-0.07724450364839985
1988-09,Equity SIP,0.3115660282117808,-0.0632737737160014
1988-09,Equal-weight SIP,0.21914640902799104,-0.07293015130276859
1988-09,60/20/20 annual rebal,0.24380269865732296,-0.06664154143966017
1988-09,Risk-parity SIP,0.18684635389397797,-0.07605261965886734
1988-09,Max-Sharpe SIP,0.2256279084086962,-0.07803447143258813
1988-09,Optimized SIP,0.20532465963506694,-0.07705939692974273
1988-10,Equity SIP,0.2966131587208334,-0.11316924149177587
1988-10,Equal-weight SIP,0.2124058836749064,-0.07276119785052704
1988-10,60/20/20 annual rebal,0.23552140446874267,-0.06655755623036874
1988-10,Risk-parity SIP,0.18363348287166537,-0.07585820343094685
1988-10,Max-Sharpe SIP,0.21659622790838118,-0.07783293798953816
1988-10,Optimized SIP,0.19903850584089683,-0.07685640012248474
1988-11,Equity SIP,0.29378886654708886,-0.11309695311414314
1988-11,Equal-weight SIP,0.21141961476211318,-0.07258799381863212
1988-11,60/20/20 annual rebal,0.23425097563593006,-0.06654377118571353
1988-11,Risk-parity SIP,0.18353330495063883,-0.07565905309984067
1988-11,Max-Sharpe SIP,0.21538844974258797,-0.07762765537768213
1988-11,Optimized SIP,0.19837342008104417,-0.07664346057808036
1988-12,Equity SIP,0.3089908463452392,-0.11302485725753153
1988-12,Equal-weight SIP,0.21691529884464428,-0.07240801846788913
1988-12,60/20/20 annual rebal,0.24132341447771202,-0.06632610383696302
1988-12,Risk-parity SIP,0.1846538017194383,-0.07545802374383848
1988-12,Max-Sharpe SIP,0.2244817068971931,-0.07741981237773587
1988-12,Optimized SIP,0.20366466560841298,-0.0764281530021137
1989-01,Equity SIP,0.31275448832310804,-0.11294873887634427
1989-01,Equal-weight SIP,0.2189257063684992,-0.07222623974003428
1989-01,60/20/20 annual rebal,0.2429096316093323,-0.066199314837047
1989-01,Risk-parity SIP,0.18569541455721714,-0.07525110597409046
1989-01,Max-Sharpe SIP,0.2274928436221103,-0.07720457303614736
1989-01,Optimized SIP,0.205532600681752,-0.07620714596132994
1989-02,Equity SIP,0.3172938077276998,-0.1128707217607372
1989-02,Equal-weight SIP,0.21960511014649375,-0.07203264805206921
1989-02,60/20/20 annual rebal,0.24431420958437164,-0.06612176428783978
1989-02,Risk-parity SIP,0.18409953212724384,-0.07503651726703375
1989-02,Max-Sharpe SIP,0.2298811350228226,-0.0769807392090388
1989-02,Optimized SIP,0.20605525350696557,-0.0759789548465869
1989-03,Equity SIP,0.31277022388232034,-0.11279181164811214
1989-03,Equal-weight SIP,0.21479816106027538,-0.07182581722638537
1989-03,60/20/20 annual rebal,0.24029602964581304,-0.0657724601327544
1989-03,Risk-parity SIP,0.17964951965205475,-0.07481395612869346
1989-03,Max-Sharpe SIP,0.22498196274932122,-0.07674718387225987
1989-03,Optimized SIP,0.20135526204914045,-0.07574379838639322
1989-04,Equity SIP,0.31380837923118027,-0.11271228552224188
1989-04,Equal-weight SIP,0.21329909518116807,-0.07160446980946666
1989-04,60/20/20 annual rebal,0.23858761375939636,-0.06605511188427848
1989-04,Risk-parity SIP,0.17710172985037712,-0.07458336936471377
1989-04,Max-Sharpe SIP,0.22341662491152642,-0.07650142839192597
1989-04,Optimized SIP,0.19917555392369388,-0.0755012784471063
1989-05,Equity SIP,0.3184687871093699,-0.11262978632714815
1989-05,Equal-weight SIP,0.21546901557590012,-0.07137475404945348
1989-05,60/20/20 annual rebal,0.2411936463867875,-0.06499371529176323
1989-05,Risk-parity SIP,0.17757715883923372,-0.07434472665974956
1989-05,Max-Sharpe SIP,0.22573413583673407,-0.07624617067878936
1989-05,Optimized SIP,0.2004043458539782,-0.07525007898401437
1989-06,Equity SIP,0.31438316957212625,-0.11254741858220907
1989-06,Equal-weight SIP,0.21020938322638816,-0.07113719008079289
1989-06,60/20/20 annual rebal,0.236195774015857,-0.06424481405592275
1989-06,Risk-parity SIP,0.17167720390370825,-0.07410238492874421
1989-06,Max-Sharpe SIP,0.22052118528837084,-0.07598706027312174
1989-06,Optimized SIP,0.1947494962573081,-0.07499558657114225
1989-07,Equity SIP,0.3107917064471722,-0.11246640446157818
1989-07,Equal-weight SIP,0.20511556413419818,-0.07089387542242698
1989-07,60/20/20 annual rebal,0.23051800453398216,-0.06409978965957719
1989-07,Risk-parity SIP,0.1646253806282979,-0.07385880879238704
1989-07,Max-Sharpe SIP,0.21567512132403704,-0.07572693775317463
1989-07,Optimized SIP,0.18886260241158526,-0.07474020050233698
1989-08,Equity SIP,0.3157827114864777,-0.11238592949675619
1989-08,Equal-weight SIP,0.20751962938430482,-0.07065101597644674
1989-08,60/20/20 annual rebal,0.23288081677465552,-0.06388642186687643
1989-08,Risk-parity SIP,0.16492322595544745,-0.07361616714294428
1989-08,Max-Sharpe SIP,0.21828903534269103,-0.07546760673960295
1989-08,Optimized SIP,0.1901742743409739,-0.07448575190786877
1989-09,Equity SIP,0.30544998378138744,-0.11230399073084685
1989-09,Equal-weight SIP,0.2004015075866721,-0.07040170705935311
1989-09,60/20/20 annual rebal,0.22671228552205014,-0.06392016824408553
1989-09,Risk-parity SIP,0.16010913517150746,-0.07336816143594249
1989-09,Max-Sharpe SIP,0.21123741072090524,-0.07520168641912506
1989-09,Optimized SIP,0.18422041492925093,-0.07422572491218382
1989-10,Equity SIP,0.30109447495545016,-0.11222311001948371
1989-10,Equal-weight SIP,0.19805431369948934,-0.07013713131274613
1989-10,60/20/20 annual rebal,0.22434709069604347,-0.06377135233560771
1989-10,Risk-parity SIP,0.15961920439315078,-0.07310998560588522
1989-10,Max-Sharpe SIP,0.208754129969818,-0.07492940625943856
1989-10,Optimized SIP,0.1827224869264286,-0.07395956786401325
1989-11,Equity SIP,0.2948621972711491,-0.11213966080561877
1989-11,Equal-weight SIP,0.1971037743227401,-0.06986120360132775
1989-11,60/20/20 annual rebal,0.22610782838274776,-0.06369841681036115
1989-11,Risk-parity SIP,0.16632244567459592,-0.07284135658048285
1989-11,Max-Sharpe SIP,0.20651112946967978,-0.07464640884368479
1989-11,Optimized SIP,0.18488635834958975,-0.07368196369655278
1989-12,Equity SIP,0.30347812870993,-0.11205304655206061
1989-12,Equal-weight SIP,0.19972764655145364,-0.0695791938316126
1989-12,60/20/20 annual rebal,0.22690728983133757,-0.06341411619644033
1989-12,Risk-parity SIP,0.16323329282777618,-0.07256460842742274
1989-12,Max-Sharpe SIP,0.20961075666146228,-0.07435415429015046
1989-12,Optimized SIP,0.184984275998207,-0.07339315862868678
1990-01,Equity SIP,0.30504131712077803,-0.11196129195622173
1990-01,Equal-weight SIP,0.19819679903857734,-0.06929816783996257
1990-01,60/20/20 annual rebal,0.22476469382139724,-0.06322282702762916
1990-01,Risk-parity SIP,0.15910071138855392,-0.07227245875830768
1990-01,Max-Sharpe SIP,0.20823629200206767,-0.07405225876285848
1990-01,Optimized SIP,0.1823058428131284,-0.07309341243583878
1990-02,Equity SIP,0.30127005999077006,-0.11186778733330638
1990-02,Equal-weight SIP,0.1941006135971778,-0.06900750254228083
1990-02,60/20/20 annual rebal,0.22153859641411766,-0.06307784199342903
1990-02,Risk-parity SIP,0.15550233635064667,-0.07196488243987054
1990-02,Max-Sharpe SIP,0.20395183418244126,-0.0737411473338303
1990-02,Optimized SIP,0.17831667352298394,-0.07278485999244455
1990-03,Equity SIP,0.29289654400416176,-0.11176772568333482
1990-03,Equal-weight SIP,0.19054836691509158,-0.06869947904036433
1990-03,60/20/20 annual rebal,0.21830244283640424,-0.06263741390343647
1990-03,Risk-parity SIP,0.1561286029061857,-0.07163785147086532
1990-03,Max-Sharpe SIP,0.19937584728609598,-0.0734082899277757
1990-03,Optimized SIP,0.17663210474908342,-0.07245592639064347
1990-04,Equity SIP,0.2958074041561955,-0.11166002532124486
1990-04,Equal-weight SIP,0.19107508364715417,-0.06837652466401722
1990-04,60/20/20 annual rebal,0.21718892798807324,-0.0628198478986094
1990-04,Risk-parity SIP,0.153429246986324,-0.07129203066867162
1990-04,Max-Sharpe SIP,0.20085686593740426,-0.07305340437906016
1990-04,Optimized SIP,0.17632031440892162,-0.07210669367236289
1990-05,Equity SIP,0.29448815974112713,-0.11155055034235295
1990-05,Equal-weight SIP,0.19000851073085792,-0.06802984077091134
1990-05,60/20/20 annual rebal,0.21605765826379728,-0.06167189445141563
1990-05,Risk-parity SIP,0.15153357029675626,-0.0709276489455436
1990-05,Max-Sharpe SIP,0.20003203160481647,-0.07268304582669305
1990-05,Optimized SIP,0.17510504819902398,-0.07174031079185972
1990-06,Equity SIP,0.2866261865953694,-0.11143680084371788
1990-06,Equal-weight SIP,0.18309609492812084,-0.06765975637945165
1990-06,60/20/20 annual rebal,0.2093310790285624,-0.06108130304191983
1990-06,Risk-parity SIP,0.14543049042106923,-0.07054162827134092
1990-06,Max-Sharpe SIP,0.19308489684611926,-0.07229483379586854
1990-06,Optimized SIP,0.16857785541069406,-0.07135360936950641
1990-07,Equity SIP,0.29116137515134016,-0.11132178879644083
1990-07,Equal-weight SIP,0.188386860887867,-0.06726833109566133
1990-07,60/20/20 annual rebal,0.21438391518825184,-0.06096977829094241
1990-07,Risk-parity SIP,0.1514232911659224,-0.07013946266113547
1990-07,Max-Sharpe SIP,0.19833047529484765,-0.0718915683461765
1990-07,Optimized SIP,0.17420143713826727,-0.07095135044656364
1990-08,Equity SIP,0.28902961310129116,-0.11120525409298077
1990-08,Equal-weight SIP,0.1862152750580239,-0.06685688404857315
1990-08,60/20/20 annual rebal,0.21218582818328316,-0.06080400847678036
1990-08,Risk-parity SIP,0.148726238893277,-0.06972022478567963
1990-08,Max-Sharpe SIP,0.19636455041096545,-0.07147579990178621
1990-08,Optimized SIP,0.17192988256990138,-0.0705342112418923
1990-09,Equity SIP,0.2904381868154226,-0.11108286115713117
1990-09,Equal-weight SIP,0.18785468086027723,-0.06642866811331638
1990-09,60/20/20 annual rebal,0.2140581795742364,-0.06079554263568332
1990-09,Risk-parity SIP,0.14957131354696782,-0.06928234531677213
1990-09,Max-Sharpe SIP,0.19820418292741526,-0.07103900440473998
1990-09,Optimized SIP,0.17349071442305058,-0.07011409785811429
1990-10,Equity SIP,0.28459847037428443,-0.11094214802642155
1990-10,Equal-weight SIP,0.1839772082756311,-0.06598617558969977
1990-10,60/20/20 annual rebal,0.20962322952121495,-0.06063765575143776
1990-10,Risk-parity SIP,0.14714736686394944,-0.06881851269690253
1990-10,Max-Sharpe SIP,0.1941723869670201,-0.07056200896817855
1990-10,Optimized SIP,0.17005735493515547,-0.06963507827659321
1990-11,Equity SIP,0.2716933078462079,-0.11079071786046324
1990-11,Equal-weight SIP,0.17636499010925413,-0.06552906869956288
1990-11,60/20/20 annual rebal,0.20192326437799954,-0.06052788030823664
1990-11,Risk-parity SIP,0.1423437402280451,-0.06833599434681281
1990-11,Max-Sharpe SIP,0.18564629190453225,-0.0700605827450691
1990-11,Optimized SIP,0.16335553083246968,-0.069132606637198
1990-12,Equity SIP,0.26683090729517944,-0.11062794386340657
1990-12,Equal-weight SIP,0.17308272553840756,-0.06505322544023373
1990-12,60/20/20 annual rebal,0.1977329530011711,-0.06027302631005771
1990-12,Risk-parity SIP,0.13963898798837593,-0.06782763682541315
1990-12,Max-Sharpe SIP,0.18249400173955999,-0.06953328684657034
1990-12,Optimized SIP,0.1604495450401949,-0.06860596189435897
1991-01,Equity SIP,0.2554745750205964,-0.11045999757291225
1991-01,Equal-weight SIP,0.16842336150101792,-0.06455717933746996
1991-01,60/20/20 annual rebal,0.19155636523137723,-0.06007851829905453
1991-01,Risk-parity SIP,0.1383196050104436,-0.06730000457347873
1991-01,Max-Sharpe SIP,0.17659045726996192,-0.06898723849282873
1991-01,Optimized SIP,0.15688852301600445,-0.068063200215289
1991-02,Equity SIP,0.2508009438436756,-0.11028950548592731
1991-02,Equal-weight SIP,0.16431553306441224,-0.0641489044282203
1991-02,60/20/20 annual rebal,0.18786304021003605,-0.05991300916684528
1991-02,Risk-parity SIP,0.13392723964603842,-0.0667521703872701
1991-02,Max-Sharpe SIP,0.17288136760384049,-0.06840772129758133
1991-02,Optimized SIP,0.15288941368781775,-0.06750155494331778
1991-03,Equity SIP,0.24166176469415035,-0.11010899231322557
1991-03,Equal-weight SIP,0.15831073592866332,-0.0638956348823837
1991-03,60/20/20 annual rebal,0.18123111788502771,-0.059531468415258026
1991-03,Risk-parity SIP,0.12920104232718788,-0.0661793111633503
1991-03,Max-Sharpe SIP,0.16659408066396264,-0.06779779395836794
1991-03,Optimized SIP,0.1474407695872486,-0.0669094687438061
1991-04,Equity SIP,0.22008032295171925,-0.16733909163659466
1991-04,Equal-weight SIP,0.14754842286298028,-0.06362599602521479
1991-04,60/20/20 annual rebal,0.16793707057957347,-0.07194250893132115
1991-04,Risk-parity SIP,0.12350078051142958,-0.06559910040524197
1991-04,Max-Sharpe SIP,0.15325482892623726,-0.07795288485750285
1991-04,Optimized SIP,0.13790956771001214,-0.06630818716683651
1991-05,Equity SIP,0.21727296180562763,-0.16699805113386024
1991-05,Equal-weight SIP,0.14377939258578834,-0.0633403580552796
1991-05,60/20/20 annual rebal,0.16546496848032025,-0.06759149582571622
1991-05,Risk-parity SIP,0.1193853699275863,-0.0651939208732385
1991-05,Max-Sharpe SIP,0.14988449633317205,-0.0775445386692748
1991-05,Optimized SIP,0.1342019399349166,-0.06568091912747731
1991-06,Equity SIP,0.2261914913850669,-0.16665896600722985
1991-06,Equal-weight SIP,0.14786910318332866,-0.06304661768696551
1991-06,60/20/20 annual rebal,0.17118233976596822,-0.0672297729677076
1991-06,Risk-parity SIP,0.12324293137858751,-0.06488926752604729
1991-06,Max-Sharpe SIP,0.1551749056724537,-0.07713601622843447
1991-06,Optimized SIP,0.13844648366987328,-0.06527447799294339
1991-07,Equity SIP,0.21809659962876046,-0.16631264600935058
1991-07,Equal-weight SIP,0.14329440919879843,-0.06274445583458543
1991-07,60/20/20 annual rebal,0.16473308752590787,-0.06694115027683734
1991-07,Risk-parity SIP,0.11984942045170888,-0.0645752416000901
1991-07,Max-Sharpe SIP,0.14990493226070073,-0.07672367233881228
1991-07,Optimized SIP,0.13414625063091845,-0.0649520183810608
1991-08,Equity SIP,0.20969922447035044,-0.1659594017350724
1991-08,Equal-weight SIP,0.13840691989804468,-0.062432864798581234
1991-08,60/20/20 annual rebal,0.15947528056916527,-0.06658463234686907
1991-08,Risk-parity SIP,0.11620426965674997,-0.06425214598315743
1991-08,Max-Sharpe SIP,0.14430976163086026,-0.07630407716841037
1991-08,Optimized SIP,0.13057761227907147,-0.06461870209786202
1991-09,Equity SIP,0.20265179262286928,-0.16565784119701765
1991-09,Equal-weight SIP,0.1361052812815713,-0.062163328039807064
1991-09,60/20/20 annual rebal,0.15709645220268348,-0.06605585949043269
1991-09,Risk-parity SIP,0.115634309240499,-0.06397276340152924
1991-09,Max-Sharpe SIP,0.14093848844792758,-0.07594740030515335
1991-09,Optimized SIP,0.12859265027413685,-0.06433027331499896
1991-10,Equity SIP,0.17973553086971464,-0.22921670179574172
1991-10,Equal-weight SIP,0.12871626830839353,-0.06188429236385118
1991-10,60/20/20 annual rebal,0.146402929340152,-0.06588299335853798
1991-10,Risk-parity SIP,0.11408626738211793,-0.06368418790709662
1991-10,Max-Sharpe SIP,0.1295555112886736,-0.0796895115575128
1991-10,Optimized SIP,0.12220090484600607,-0.06403376632454583
1991-11,Equity SIP,0.1836100490157785,-0.22865248714202313
1991-11,Equal-weight SIP,0.13122914856238732,-0.061592826516287835
1991-11,60/20/20 annual rebal,0.1510757443225935,-0.06625088351225139
1991-11,Risk-parity SIP,0.11600380963234462,-0.06338092916827642
1991-11,Max-Sharpe SIP,0.1327176239033043,-0.07893431673392037
1991-11,Optimized SIP,0.12479655462332026,-0.06372292529789692
1991-12,Equity SIP,0.18954128939652268,-0.2280643557741795
1991-12,Equal-weight SIP,0.13186097883018733,-0.06129128810665041
1991-12,60/20/20 annual rebal,0.1513329649147204,-0.06944707429777064
1991-12,Risk-parity SIP,0.11541008974787365,-0.06306552987050251
1991-12,Max-Sharpe SIP,0.13506163944488805,-0.0781457289338856
1991-12,Optimized SIP,0.12574939187208037,-0.06339941102913293
1992-01,Equity SIP,0.1885639195951272,-0.22745071110791315
1992-01,Equal-weight SIP,0.12821413323077535,-0.06097628439061842
1992-01,60/20/20 annual rebal,0.14726114646457186,-0.06814616425002584
1992-01,Risk-parity SIP,0.11168765150678428,-0.06273421336747564
1992-01,Max-Sharpe SIP,0.13218650819900085,-0.07733593491362856
1992-01,Optimized SIP,0.1226324516281816,-0.0630608543243546
1992-02,Equity SIP,0.1863412127714576,-0.22681610149529163
1992-02,Equal-weight SIP,0.12846961654907932,-0.06065050512175807
1992-02,60/20/20 annual rebal,0.14685757754421105,-0.0681497205315742
1992-02,Risk-parity SIP,0.1128080442925325,-0.06238970590813342
1992-02,Max-Sharpe SIP,0.13191165143772218,-0.07651519706700394
1992-02,Optimized SIP,0.12304079755272915,-0.06271047068865032
1992-03,Equity SIP,0.17833751648162707,-0.22620028297705042
1992-03,Equal-weight SIP,0.12746187032151401,-0.06030510582347648
1992-03,60/20/20 annual rebal,0.1446272481573132,-0.0667912286369321
1992-03,Risk-parity SIP,0.11402636147391304,-0.062032544211890084
1992-03,Max-Sharpe SIP,0.13084804047523121,-0.07568046309702936
1992-03,Optimized SIP,0.12331320939676937,-0.062347037536036876
1992-04,Equity SIP,0.18437048063544412,-0.22555734897043211
1992-04,Equal-weight SIP,0.127446843583285,-0.059937810082261955
1992-04,60/20/20 annual rebal,0.14641318642217033,-0.06709231472020727
1992-04,Risk-parity SIP,0.1131095258516272,-0.061653546720449315
1992-04,Max-Sharpe SIP,0.12935834221392042,-0.0748086902720635
1992-04,Optimized SIP,0.12185211850598544,-0.0619604695673418
1992-05,Equity SIP,0.17547963338844708,-0.2249373364399847
1992-05,Equal-weight SIP,0.12476736426438793,-0.05957639868167541
1992-05,60/20/20 annual rebal,0.14213827814911656,-0.06273826569694585
1992-05,Risk-parity SIP,0.11220130601423925,-0.061280862598869
1992-05,Max-Sharpe SIP,0.12684037660741782,-0.07397291195752365
1992-05,Optimized SIP,0.12031398110926492,-0.06158152885137902
1992-06,Equity SIP,0.1675998648443353,-0.22430518035194036
1992-06,Equal-weight SIP,0.12263943158735967,-0.059201713915905674
1992-06,60/20/20 annual rebal,0.13880559523753755,-0.062375901338052264
1992-06,Risk-parity SIP,0.1117799801394709,-0.06089428521583473
1992-06,Max-Sharpe SIP,0.1245388833181245,-0.07312952298656217
1992-06,Optimized SIP,0.11909620984694903,-0.06118962984074183
1992-07,Equity SIP,0.15325373714103613,-0.22365230421123583
1992-07,Equal-weight SIP,0.11808579898503427,-0.0588026784939929
1992-07,60/20/20 annual rebal,0.13121892514421554,-0.06206947830271925
1992-07,Risk-parity SIP,0.10926862423277524,-0.06048439664762273
1992-07,Max-Sharpe SIP,0.12087397267745836,-0.07225944155550346
1992-07,Optimized SIP,0.1162832219153954,-0.06078501567652861
1992-08,Equity SIP,0.1283133042883724,-0.2792110409967351
1992-08,Equal-weight SIP,0.10764700611645364,-0.05838516946922612
1992-08,60/20/20 annual rebal,0.11667382672284188,-0.08520776359489168
1992-08,Risk-parity SIP,0.1007501824532905,-0.06005250915152838
1992-08,Max-Sharpe SIP,0.11305903765453308,-0.07162757038350487
1992-08,Optimized SIP,0.10834401827267923,-0.06034756118149953
1992-09,Equity SIP,0.12694746940512408,-0.2780346508735788
1992-09,Equal-weight SIP,0.1078987096132587,-0.05795821877384766
1992-09,60/20/20 annual rebal,0.11794144431956849,-0.07932742480679256
1992-09,Risk-parity SIP,0.10052197671370888,-0.059609150820790435
1992-09,Max-Sharpe SIP,0.11432646506354376,-0.07120172329377461
1992-09,Optimized SIP,0.10890332907391706,-0.059898573860432736
1992-10,Equity SIP,0.1143526020750029,-0.3019062463818112
1992-10,Equal-weight SIP,0.10592995886054257,-0.05750486235499741
1992-10,60/20/20 annual rebal,0.11146233379787268,-0.08335526777172997
1992-10,Risk-parity SIP,0.10007575249270904,-0.05913862123307945
1992-10,Max-Sharpe SIP,0.11241984888165049,-0.07076599414768903
1992-10,Optimized SIP,0.10754142666608166,-0.059424784431433064
1992-11,Equity SIP,0.10862589915402647,-0.3079487801217886
1992-11,Equal-weight SIP,0.10226599179006136,-0.05702916884823861
1992-11,60/20/20 annual rebal,0.10812437232239751,-0.09530708888355988
1992-11,Risk-parity SIP,0.09672367290742413,-0.05864389452729779
1992-11,Max-Sharpe SIP,0.10874010360143645,-0.07032077989944052
1992-11,Optimized SIP,0.10341698925979026,-0.05892774222423014
1992-12,Equity SIP,0.1173708032596103,-0.3064709966026461
1992-12,Equal-weight SIP,0.10392993298028777,-0.05651980990333039
1992-12,60/20/20 annual rebal,0.11158648783554767,-0.09198127394334188
1992-12,Risk-parity SIP,0.09836313046035357,-0.05811609036519516
1992-12,Max-Sharpe SIP,0.11008274095301755,-0.06985590520445117
1992-12,Optimized SIP,0.10553379447669578,-0.05839609915980026
1993-01,Equity SIP,0.11196799692670541,-0.304966697526036
1993-01,Equal-weight SIP,0.10285722843168059,-0.055967417591931246
1993-01,60/20/20 annual rebal,0.1077585162425653,-0.08604740827193624
1993-01,Risk-parity SIP,0.09832637920738402,-0.05755038099752208
1993-01,Max-Sharpe SIP,0.10788517301089147,-0.06935779941976483
1993-01,Optimized SIP,0.10428713340612404,-0.0578253450141023
1993-02,Equity SIP,0.1080268976883386,-0.30347080876011656
1993-02,Equal-weight SIP,0.10364730062366796,-0.05539305071312406
1993-02,60/20/20 annual rebal,0.10809052743616196,-0.08281568352724378
1993-02,Risk-parity SIP,0.10038427499448004,-0.05696498422604723
1993-02,Max-Sharpe SIP,0.1064750246257402,-0.06883539263637517
1993-02,Optimized SIP,0.10463091020927467,-0.05723646494195189
1993-03,Equity SIP,0.09187778115391651,-0.3078487778079291
1993-03,Equal-weight SIP,0.0981366590633515,-0.054781669927788434
1993-03,60/20/20 annual rebal,0.09903174570108611,-0.083758285096183
1993-03,Risk-parity SIP,0.09549978292218335,-0.05634142593168867
1993-03,Max-Sharpe SIP,0.1024721191543505,-0.06830069651258075
1993-03,Optimized SIP,0.100289422879926,-0.05661293525791833
1993-04,Equity SIP,0.09146549727619743,-0.3060533181845211
1993-04,Equal-weight SIP,0.09503073881674967,-0.05415991713160939
1993-04,60/20/20 annual rebal,0.0965607914122936,-0.08860896584857836
1993-04,Risk-parity SIP,0.09136508540576091,-0.05570643944216713
1993-04,Max-Sharpe SIP,0.10117522305126342,-0.06777738940424005
1993-04,Optimized SIP,0.0969302169390071,-0.055981405270052464
1993-05,Equity SIP,0.09772561458689223,-0.3043294827257681
1993-05,Equal-weight SIP,0.09291455386987323,-0.05354555776061887
1993-05,60/20/20 annual rebal,0.0980113419623674,-0.08311043008794072
1993-05,Risk-parity SIP,0.08822607543128042,-0.05507899696726859
1993-05,Max-Sharpe SIP,0.0988934772621805,-0.06727976897615096
1993-05,Optimized SIP,0.09423466461694364,-0.05536019226248878
1993-06,Equity SIP,0.10387635133078273,-0.30248929881475317
1993-06,Equal-weight SIP,0.10009000340776901,-0.05289287038452828
1993-06,60/20/20 annual rebal,0.10318478308553393,-0.08468937836082613
1993-06,Risk-parity SIP,0.09601169134580675,-0.05440979406125934
1993-06,Max-Sharpe SIP,0.10429542158939685,-0.06676200954368061
1993-06,Optimized SIP,0.10073966756048555,-0.05469631633467331
1993-07,Equity SIP,0.11013456800117316,-0.3005829224003128
1993-07,Equal-weight SIP,0.1020494673195866,-0.05221400727226411
1993-07,60/20/20 annual rebal,0.10615130404560502,-0.08421127135443396
1993-07,Risk-parity SIP,0.09780813563869595,-0.053714203597067134
1993-07,Max-Sharpe SIP,0.1063110921809664,-0.06623101114259022
1993-07,Optimized SIP,0.10244910482768607,-0.05400071638969328
1993-08,Equity SIP,0.10672323140744969,-0.2986129388111586
1993-08,Equal-weight SIP,0.09429977314932235,-0.051497152718030015
1993-08,60/20/20 annual rebal,0.10038745153626857,-0.08396848753914898
1993-08,Risk-parity SIP,0.09008494936323512,-0.05297974980176212
1993-08,Max-Sharpe SIP,0.09643863945289033,-0.06568818971548818
1993-08,Optimized SIP,0.0936054398321519,-0.053266949318213075
1993-09,Equity SIP,0.10270085966990414,-0.29655124772991726
1993-09,Equal-weight SIP,0.09021036099926098,-0.05074756134710845
1993-09,60/20/20 annual rebal,0.09837120110403856,-0.08072590134821744
1993-09,Risk-parity SIP,0.08630553417149729,-0.05221094103097945
1993-09,Max-Sharpe SIP,0.08991244737731187,-0.06513402502258092
1993-09,Optimized SIP,0.0885684362103068,-0.05249553814608543
1993-10,Equity SIP,0.1055293227286097,-0.2944337457065114
1993-10,Equal-weight SIP,0.09413222514117968,-0.04994162509593869
1993-10,60/20/20 annual rebal,0.1017018114187044,-0.08301390006615905
1993-10,Risk-parity SIP,0.09067613640216325,-0.051385346038047786
1993-10,Max-Sharpe SIP,0.09250934626393731,-0.06456642715726613
1993-10,Optimized SIP,0.0920241753896496,-0.051672253687487735
1993-11,Equity SIP,0.1048716218090962,-0.29224621683548524
1993-11,Equal-weight SIP,0.09209475831154042,-0.04906588502343956
1993-11,60/20/20 annual rebal,0.10155045166786292,-0.08871828976715812
1993-11,Risk-parity SIP,0.0884346522806458,-0.05048882161543544
1993-11,Max-Sharpe SIP,0.09023380660370271,-0.06398756335912814
1993-11,Optimized SIP,0.08978836569769338,-0.05078977624460912
1993-12,Equity SIP,0.10514359062334701,-0.28997993269768185
1993-12,Equal-weight SIP,0.09356536239758478,-0.048132415167217224
1993-12,60/20/20 annual rebal,0.10180693390288748,-0.08572743450164932
1993-12,Risk-parity SIP,0.09023336289651118,-0.049533940154207645
1993-12,Max-Sharpe SIP,0.09156939292919863,-0.06339277412408928
1993-12,Optimized SIP,0.09090352651488026,-0.04984869132677883
1994-01,Equity SIP,0.10823243350396095,-0.28760107158241444
1994-01,Equal-weight SIP,0.09666793756890113,-0.04711871906415821
1994-01,60/20/20 annual rebal,0.10365940247589733,-0.0810986644389996
1994-01,Risk-parity SIP,0.0935979815559016,-0.04850000674881705
1994-01,Max-Sharpe SIP,0.09302312054167594,-0.06276639068657563
1994-01,Optimized SIP,0.09331834689762361,-0.04882328653781476
1994-02,Equity SIP,0.11409973742183645,-0.2851296431519301
1994-02,Equal-weight SIP,0.09950675700395215,-0.04603069936943227
1994-02,60/20/20 annual rebal,0.10849291268989605,-0.07876589103022669
1994-02,Risk-parity SIP,0.09611519953391155,-0.04739186716610788
1994-02,Max-Sharpe SIP,0.09515974741967746,-0.06212001443037085
1994-02,Optimized SIP,0.09569790698695094,-0.047721836889539127
1994-03,Equity SIP,0.11264619397311579,-0.2825816582674786
1994-03,Equal-weight SIP,0.0971521340176232,-0.044858992286588295
1994-03,60/20/20 annual rebal,0.10727369920672539,-0.07960364905133832
1994-03,Risk-parity SIP,0.09348933399580737,-0.04620038210210775
1994-03,Max-Sharpe SIP,0.09376858201387168,-0.06145532137520193
1994-03,Optimized SIP,0.09372943511653771,-0.04653745191542158
1994-04,Equity SIP,0.1056321576588864,-0.27990585156204706
1994-04,Equal-weight SIP,0.09489818078434988,-0.04356786836395066
1994-04,60/20/20 annual rebal,0.10408513823378336,-0.08355648619649425
1994-04,Risk-parity SIP,0.09169127796776418,-0.044889214796467236
1994-04,Max-Sharpe SIP,0.0925824815441031,-0.06075829121137988
1994-04,Optimized SIP,0.09226737257914448,-0.04523396589445494
1994-05,Equity SIP,0.10001156314376076,-0.27704887036893444
1994-05,Equal-weight SIP,0.08591672954149822,-0.0421274252527708
1994-05,60/20/20 annual rebal,0.09638893917458745,-0.07889505859487445
1994-05,Risk-parity SIP,0.08248742390770628,-0.04343094957892102
1994-05,Max-Sharpe SIP,0.08189838727859178,-0.06001602240445669
1994-05,Optimized SIP,0.08233003631399474,-0.04377727466492087
1994-06,Equity SIP,0.09751662260693389,-0.2739306764258561
1994-06,Equal-weight SIP,0.08332678349650464,-0.04049185358295959
1994-06,60/20/20 annual rebal,0.09187877458858609,-0.08018467889158243
1994-06,Risk-parity SIP,0.07986603949613219,-0.041776951171577426
1994-06,Max-Sharpe SIP,0.08000992235635963,-0.059219330387493385
1994-06,Optimized SIP,0.08010183846525255,-0.04300489753990033
1994-07,Equity SIP,0.10115822847920897,-0.2706696770945236
1994-07,Equal-weight SIP,0.08601498148581188,-0.03867620954706086
1994-07,60/20/20 annual rebal,0.0944652373606546,-0.07992398291409275
1994-07,Risk-parity SIP,0.0825624570607439,-0.039946057765362974
1994-07,Max-Sharpe SIP,0.08172610057898248,-0.05838836433843808
1994-07,Optimized SIP,0.0822962865921029,-0.04281647426876123
1994-08,Equity SIP,0.0960792166278406,-0.2672605442400562
1994-08,Equal-weight SIP,0.08714658314999013,-0.03667217329717798
1994-08,60/20/20 annual rebal,0.09317093269407711,-0.07776037711649719
1994-08,Risk-parity SIP,0.0841746801537432,-0.037913467959268976
1994-08,Max-Sharpe SIP,0.08345453249435025,-0.05752711133687238
1994-08,Optimized SIP,0.08388532045297213,-0.042607977609488645
1994-09,Equity SIP,0.09137374602508389,-0.2638335088992976
1994-09,Equal-weight SIP,0.0872005531555759,-0.03445533814068136
1994-09,60/20/20 annual rebal,0.09231316451094158,-0.07243646623449573
1994-09,Risk-parity SIP,0.08479823133197184,-0.035618605117338165
1994-09,Max-Sharpe SIP,0.0842040432675513,-0.05662066256104836
1994-09,Optimized SIP,0.08461620464682465,-0.04240952277793053
1994-10,Equity SIP,0.09240296267103804,-0.26061950302905657
1994-10,Equal-weight SIP,0.0875333679069022,-0.03380753244709034
1994-10,60/20/20 annual rebal,0.09248081433674497,-0.0740533132261626
1994-10,Risk-parity SIP,0.0851251218111427,-0.033405347525643725
1994-10,Max-Sharpe SIP,0.08449643505363195,-0.0556820460924099
1994-10,Optimized SIP,0.08495834776069815,-0.04220619898159361
1994-11,Equity SIP,0.08816483301691776,-0.2572387959648609
1994-11,Equal-weight SIP,0.08677114097608273,-0.033147150253096225
1994-11,60/20/20 annual rebal,0.09172523011477188,-0.0825088083888127
1994-11,Risk-parity SIP,0.08479585285497668,-0.03334204985666145
1994-11,Max-Sharpe SIP,0.08243687675518781,-0.05470101609667832
1994-11,Optimized SIP,0.08379949450219898,-0.04199725094661
1994-12,Equity SIP,0.09088906255011606,-0.2536317536064904
1994-12,Equal-weight SIP,0.0871321126410562,-0.03246194340910491
1994-12,60/20/20 annual rebal,0.09243020548539882,-0.08026826346392368
1994-12,Risk-parity SIP,0.08500252387002588,-0.0332766160853919
1994-12,Max-Sharpe SIP,0.08043124446419256,-0.05367841648416971
1994-12,Optimized SIP,0.08293265602043952,-0.04177906525819619
1995-01,Equity SIP,0.08765397011456633,-0.24978053463304084
1995-01,Equal-weight SIP,0.08214289232651155,-0.03174988933019596
1995-01,60/20/20 annual rebal,0.08694182576813854,-0.07540131795204819
1995-01,Risk-parity SIP,0.07992615236263077,-0.033208451849915166
1995-01,Max-Sharpe SIP,0.0748354265829123,-0.05343988091277263
1995-01,Optimized SIP,0.07762345200162453,-0.041551180850170066
1995-02,Equity SIP,0.08067662273145687,-0.24562771423875707
1995-02,Equal-weight SIP,0.07595307273709798,-0.03154279691786421
1995-02,60/20/20 annual rebal,0.08111026987708762,-0.07294349958295054
1995-02,Risk-parity SIP,0.07400133204991782,-0.03313756269439305
1995-02,Max-Sharpe SIP,0.07041834721175874,-0.05319349660070749
1995-02,Optimized SIP,0.07245050378003884,-0.04131420868442848
1995-03,Equity SIP,0.08034703320128599,-0.2413757222888443
1995-03,Equal-weight SIP,0.07514362717904685,-0.03148388676726499
1995-03,60/20/20 annual rebal,0.08129130498314899,-0.0733931169687907
1995-03,Risk-parity SIP,0.07327740952293675,-0.033064984545627896
1995-03,Max-Sharpe SIP,0.06978329667004528,-0.052939865234231775
1995-03,Optimized SIP,0.07177593670523982,-0.04107076607478066
1995-04,Equity SIP,0.07666252893638124,-0.23708355267421
1995-04,Equal-weight SIP,0.07300511138565641,-0.031422972696651064
1995-04,60/20/20 annual rebal,0.07960791729600383,-0.07709452959698482
1995-04,Risk-parity SIP,0.07122414342181985,-0.03298937533681323
1995-04,Max-Sharpe SIP,0.0653711171133615,-0.05268213359263374
1995-04,Optimized SIP,0.06854997781184864,-0.04082344479696931
1995-05,Equity SIP,0.06908903934090115,-0.23264092904827416
1995-05,Equal-weight SIP,0.07010999197370613,-0.031361715332956175
1995-05,60/20/20 annual rebal,0.07473009437259712,-0.07248596785579065
1995-05,Risk-parity SIP,0.06892483211556032,-0.03290795106836497
1995-05,Max-Sharpe SIP,0.06369291169784527,-0.05242174834821467
1995-05,Optimized SIP,0.06643485577560931,-0.04056269301032689
1995-06,Equity SIP,0.06751810328258556,-0.22801415342102382
1995-06,Equal-weight SIP,0.06833507761113043,-0.03129688874354608
1995-06,60/20/20 annual rebal,0.07118829677957898,-0.07449812570729009
1995-06,Risk-parity SIP,0.06737754254169469,-0.03282082098243888
1995-06,Max-Sharpe SIP,0.06327034676582866,-0.05215531512080229
1995-06,Optimized SIP,0.06544494797414716,-0.04030799712794986
1995-07,Equity SIP,0.06914220215070613,-0.22322948326389414
1995-07,Equal-weight SIP,0.0706024875893637,-0.031232231735719762
1995-07,60/20/20 annual rebal,0.0727349502366481,-0.07634119650269655
1995-07,Risk-parity SIP,0.06976254831433461,-0.03273426787412603
1995-07,Max-Sharpe SIP,0.06505205161159418,-0.05188500520355066
1995-07,Optimized SIP,0.06752878123674878,-0.04004977539564103
1995-08,Equity SIP,0.06921657392423192,-0.21826903619283933
1995-08,Equal-weight SIP,0.06777477326413521,-0.03116850776133573
1995-08,60/20/20 annual rebal,0.0709717576616556,-0.07411841672248198
1995-08,Risk-parity SIP,0.06681823621806617,-0.032645773286814284
1995-08,Max-Sharpe SIP,0.06208309637307567,-0.05161241395819871
1995-08,Optimized SIP,0.0645763665971698,-0.03978970215010491
1995-09,Equity SIP,0.06744162244057135,-0.21314368249438453
1995-09,Equal-weight SIP,0.06846024867097288,-0.031097573944596002
1995-09,60/20/20 annual rebal,0.07155206509680202,-0.06762787357982925
1995-09,Risk-parity SIP,0.06763042463649918,-0.032555456463224886
1995-09,Max-Sharpe SIP,0.06106301583969193,-0.051330929408925585
1995-09,Optimized SIP,0.06448139263212833,-0.03952195728523822
1995-10,Equity SIP,0.06639116160308485,-0.20772306919738948
1995-10,Equal-weight SIP,0.07119010822401324,-0.031022076528391507
1995-10,60/20/20 annual rebal,0.07248315845832386,-0.0689643719762687
1995-10,Risk-parity SIP,0.07056386451814113,-0.03244674503101441
1995-10,Max-Sharpe SIP,0.06224980763607921,-0.051038684452837546
1995-10,Optimized SIP,0.06655054812586543,-0.039244992970745574
1995-11,Equity SIP,0.062650156313649,-0.20611997217554645
1995-11,Equal-weight SIP,0.07270951453193553,-0.03094854793962709
1995-11,60/20/20 annual rebal,0.07290247185731362,-0.07481634768634704
1995-11,Risk-parity SIP,0.07224855791530024,-0.032337781485039185
1995-11,Max-Sharpe SIP,0.061492679634305644,-0.05075732401006927
1995-11,Optimized SIP,0.06702474981427235,-0.03897813675640727
1995-12,Equity SIP,0.07134780879647624,-0.20471053920237636
1995-12,Equal-weight SIP,0.07806109042363388,-0.030877518661086567
1995-12,60/20/20 annual rebal,0.07901786585770657,-0.07345697333862233
1995-12,Risk-parity SIP,0.07732792451965417,-0.03223205834115628
1995-12,Max-Sharpe SIP,0.06573635958356866,-0.05047990534377289
1995-12,Optimized SIP,0.0716879667881594,-0.03871541695998881
1996-01,Equity SIP,0.07267557338634609,-0.20325971103711504
1996-01,Equal-weight SIP,0.08263790795484743,-0.030804112155222718
1996-01,60/20/20 annual rebal,0.08108415450236456,-0.07046402242209038
1996-01,Risk-parity SIP,0.08178813724978543,-0.032125892592629546
1996-01,Max-Sharpe SIP,0.06743266069205536,-0.050196769450096435
1996-01,Optimized SIP,0.07478727383481173,-0.03844995845123522
1996-02,Equity SIP,0.06731090270462398,-0.2017901957605378
1996-02,Equal-weight SIP,0.08203182510925411,-0.03072908941203667
1996-02,60/20/20 annual rebal,0.07896841170371662,-0.06868818179949776
1996-02,Risk-parity SIP,0.08101512323125715,-0.03202141209101783
1996-02,Max-Sharpe SIP,0.0633313739419335,-0.04991145814951459
1996-02,Optimized SIP,0.07238939564270559,-0.03818279792193191
1996-03,Equity SIP,0.06513047137391235,-0.20027951849680958
1996-03,Equal-weight SIP,0.08093577186995447,-0.030655240262823402
1996-03,60/20/20 annual rebal,0.07836051403013104,-0.06902166241333851
1996-03,Risk-parity SIP,0.07965368445121387,-0.03192348065049999
1996-03,Max-Sharpe SIP,0.061196649719760216,-0.049626222616094395
1996-03,Optimized SIP,0.07073948449509133,-0.03791653850415466
1996-04,Equity SIP,0.06638051762542622,-0.19880937269255716
1996-04,Equal-weight SIP,0.0807796426539674,-0.030573962944680955
1996-04,60/20/20 annual rebal,0.07977815402395114,-0.07129282910301538
1996-04,Risk-parity SIP,0.07923261532099893,-0.03182690876993166
1996-04,Max-Sharpe SIP,0.06006191821984963,-0.04932048280822521
1996-04,Optimized SIP,0.07009608088014531,-0.037652581638422444
1996-05,Equity SIP,0.06770499436395838,-0.19716152693495526
1996-05,Equal-weight SIP,0.08782339697189395,-0.030479591457019728
1996-05,60/20/20 annual rebal,0.0835428333604177,-0.06802217138987943
1996-05,Risk-parity SIP,0.08446520041293044,-0.03172007795653431
1996-05,Max-Sharpe SIP,0.06161264722697909,-0.04900196050747241
1996-05,Optimized SIP,0.07397728173383278,-0.03735750241711411
1996-06,Equity SIP,0.06542836450302442,-0.1954139679577218
1996-06,Equal-weight SIP,0.09511638346870153,-0.03037897590238081
1996-06,60/20/20 annual rebal,0.0851057606960207,-0.06992665745891458
1996-06,Risk-parity SIP,0.09004265298560399,-0.03160925329045339
1996-06,Max-Sharpe SIP,0.0634052393304217,-0.04866696753061761
1996-06,Optimized SIP,0.078183012013944,-0.037047775845516995
1996-07,Equity SIP,0.060860783041436516,-0.19364406496486142
1996-07,Equal-weight SIP,0.08528702528209227,-0.03817685581243302
1996-07,60/20/20 annual rebal,0.07948244942166091,-0.07167161327678806
1996-07,Risk-parity SIP,0.08252485568943593,-0.031498088922712775
1996-07,Max-Sharpe SIP,0.05986777322940944,-0.048326472539288345
1996-07,Optimized SIP,0.07329884693780353,-0.03673485085365735
1996-08,Equity SIP,0.062038120391738616,-0.19179928056688345
1996-08,Equal-weight SIP,0.09137424940912746,-0.03829538435572677
1996-08,60/20/20 annual rebal,0.08143164486554731,-0.06940880543847716
1996-08,Risk-parity SIP,0.08759197610856001,-0.03138389268969177
1996-08,Max-Sharpe SIP,0.06290474825956487,-0.047972408571744785
1996-08,Optimized SIP,0.07709670243677233,-0.03641009403633744
1996-09,Equity SIP,0.0644037649784674,-0.18980607517651438
1996-09,Equal-weight SIP,0.09241807733454116,-0.038416437763546085
1996-09,60/20/20 annual rebal,0.08441564537092408,-0.06283300275604053
1996-09,Risk-parity SIP,0.08900658155774033,-0.03126627293235429
1996-09,Max-Sharpe SIP,0.06487909305039313,-0.047606919283532334
1996-09,Optimized SIP,0.07886005157408392,-0.03607495929482041
1996-10,Equity SIP,0.06514840796777013,-0.18776177518892878
1996-10,Equal-weight SIP,0.08703334611583921,-0.03853348021042702
1996-10,60/20/20 annual rebal,0.08132856163622175,-0.06400535284589715
1996-10,Risk-parity SIP,0.08494772309167306,-0.03114817231711997
1996-10,Max-Sharpe SIP,0.06298835703398337,-0.04723631258084926
1996-10,Optimized SIP,0.07608275671767077,-0.03573576105408749
1996-11,Equity SIP,0.0669950423106743,-0.18563950546143726
1996-11,Equal-weight SIP,0.08349936638648602,-0.03864993452224408
1996-11,60/20/20 annual rebal,0.08009019911328147,-0.06958719899021726
1996-11,Risk-parity SIP,0.08171217013065041,-0.031024474433489213
1996-11,Max-Sharpe SIP,0.060305466430577284,-0.04684826861086577
1996-11,Optimized SIP,0.07319189017909021,-0.035384368406313316
1996-12,Equity SIP,0.06598636878742545,-0.18347247741668626
1996-12,Equal-weight SIP,0.08660310682282117,-0.03875633333497275
1996-12,60/20/20 annual rebal,0.08038241448369214,-0.06806751603748407
1996-12,Risk-parity SIP,0.08375118244039666,-0.03089857757962977
1996-12,Max-Sharpe SIP,0.06051144287857993,-0.04645852922160587
1996-12,Optimized SIP,0.07420421903500657,-0.03502680783062628
1997-01,Equity SIP,0.06701958453759836,-0.18143758568493895
1997-01,Equal-weight SIP,0.08601690093998066,-0.03884987555254216
1997-01,60/20/20 annual rebal,0.07967904247530272,-0.06493938898971574
1997-01,Risk-parity SIP,0.08314204133889544,-0.030774524438197504
1997-01,Max-Sharpe SIP,0.05991891168982097,-0.04606495641207453
1997-01,Optimized SIP,0.07359228217862186,-0.03466429166539298
1997-02,Equity SIP,0.065151590357219,-0.1794975013621838
1997-02,Equal-weight SIP,0.0832661357446182,-0.03893808922604047
1997-02,60/20/20 annual rebal,0.07742630337528343,-0.06298055778297895
1997-02,Risk-parity SIP,0.08000445494873695,-0.030646979793006235
1997-02,Max-Sharpe SIP,0.05624589985936421,-0.04565222381066936
1997-02,Optimized SIP,0.07016573297947994,-0.034285562786463664
1997-03,Equity SIP,0.06545959194268265,-0.1775061896005612
1997-03,Equal-weight SIP,0.08643847270180567,-0.03901709233324846
1997-03,60/20/20 annual rebal,0.07990425951821228,-0.06311379995173716
1997-03,Risk-parity SIP,0.08217499775788108,-0.030516274143779554
1997-03,Max-Sharpe SIP,0.05710031962559442,-0.04522050930451138
1997-03,Optimized SIP,0.07153888670965652,-0.033889355582242264
1997-04,Equity SIP,0.05785035512892012,-0.17548289064038447
1997-04,Equal-weight SIP,0.08231554136647534,-0.039081873623343366
1997-04,60/20/20 annual rebal,0.07545250532407581,-0.06514202829996918
1997-04,Risk-parity SIP,0.07881300287477379,-0.030384002463119675
1997-04,Max-Sharpe SIP,0.054648878298520005,-0.044781524978496634
1997-04,Optimized SIP,0.06850302081789132,-0.033485107168517936
1997-05,Equity SIP,0.055939488581277855,-0.1733229673297434
1997-05,Equal-weight SIP,0.07783007062088894,-0.039157138346281095
1997-05,60/20/20 annual rebal,0.07115007932901171,-0.06165990166903057
1997-05,Risk-parity SIP,0.07316091187287477,-0.030247569038108435
1997-05,Max-Sharpe SIP,0.047510789647723956,-0.04431951149932212
1997-05,Optimized SIP,0.06215358791176541,-0.03306275390804825
1997-06,Equity SIP,0.05364800072026123,-0.17093994032438542
1997-06,Equal-weight SIP,0.07009602933633063,-0.04516686443697426
1997-06,60/20/20 annual rebal,0.06507735344132849,-0.06330456115833971
1997-06,Risk-parity SIP,0.06559831116731413,-0.04503533185504749
1997-06,Max-Sharpe SIP,0.039954001168372055,-0.044706450080685856
1997-06,Optimized SIP,0.054790299444316286,-0.04319460047006096
1997-07,Equity SIP,0.05270916427545929,-0.16861737120626452
1997-07,Equal-weight SIP,0.06646453830708836,-0.05060032798354175
1997-07,60/20/20 annual rebal,0.06393556219986286,-0.06483490518268464
1997-07,Risk-parity SIP,0.06165291711619674,-0.05163144975556988
1997-07,Max-Sharpe SIP,0.03556817321619087,-0.051981857156006006
1997-07,Optimized SIP,0.05069385954106513,-0.049689649661973645
1997-08,Equity SIP,0.050727257292491744,-0.1662759362102757
1997-08,Equal-weight SIP,0.06568796100426899,-0.05034868529386183
1997-08,60/20/20 annual rebal,0.061099242752499214,-0.06245435924142806
1997-08,Risk-parity SIP,0.06082739384053218,-0.05134000644858994
1997-08,Max-Sharpe SIP,0.03467927507905017,-0.0516975671093981
1997-08,Optimized SIP,0.04976374371664262,-0.04936868025316976
1997-09,Equity SIP,0.042931650396837204,-0.16392313569452666
1997-09,Equal-weight SIP,0.06539450516338359,-0.050078939774466424
1997-09,60/20/20 annual rebal,0.05907387944429498,-0.05575420328290526
1997-09,Risk-parity SIP,0.0615602491716895,-0.05104244794958124
1997-09,Max-Sharpe SIP,0.036518265233458816,-0.05141339051466931
1997-09,Optimized SIP,0.050785143650861626,-0.04904425845097704
1997-10,Equity SIP,0.04498531285382572,-0.16145549578382412
1997-10,Equal-weight SIP,0.06987984286210362,-0.04980347753318237
1997-10,60/20/20 annual rebal,0.06086612977179714,-0.0566308967525917
1997-10,Risk-parity SIP,0.06464543902711627,-0.050738656754199196
1997-10,Max-Sharpe SIP,0.0383253910671615,-0.05112351406605209
1997-10,Optimized SIP,0.05303298249108261,-0.0487101378093554
1997-11,Equity SIP,0.045408504032330856,-0.158901625286611
1997-11,Equal-weight SIP,0.07124463557601995,-0.04952453050286232
1997-11,60/20/20 annual rebal,0.06109843476106078,-0.06178650209890324
1997-11,Risk-parity SIP,0.06451609436065885,-0.05043227870697875
1997-11,Max-Sharpe SIP,0.036832879182676526,-0.05083212145745297
1997-11,Optimized SIP,0.05210767234348275,-0.04837910960508185
1997-12,Equity SIP,0.03432579510474829,-0.15622157149463667
1997-12,Equal-weight SIP,0.07445193663283467,-0.04923964033894168
1997-12,60/20/20 annual rebal,0.057567660034557835,-0.06002026901972457
1997-12,Risk-parity SIP,0.06725268485508196,-0.05011996627248205
1997-12,Max-Sharpe SIP,0.03964233377477325,-0.046962597181723464
1997-12,Optimized SIP,0.05426304344946728,-0.048041336262852674
1998-01,Equity SIP,0.035705029474990546,-0.15341662084644936
1998-01,Equal-weight SIP,0.07406944880453831,-0.04894603231457173
1998-01,60/20/20 annual rebal,0.057340910424080176,-0.056645488414776346
1998-01,Risk-parity SIP,0.06722642591436825,-0.04980109778054276
1998-01,Max-Sharpe SIP,0.03982969453148732,-0.04669208562697469
1998-01,Optimized SIP,0.054315265025424705,-0.04769789836531457
1998-02,Equity SIP,0.020709786639898708,-0.15067094523227453
1998-02,Equal-weight SIP,0.07978788796376465,-0.04864803618912805
1998-02,60/20/20 annual rebal,0.053535929639754336,-0.05444128349639943
1998-02,Risk-parity SIP,0.07020799518564605,-0.04948824281281483
1998-02,Max-Sharpe SIP,0.042710674028499096,-0.046431948149346924
1998-02,Optimized SIP,0.057340075435225346,-0.04736436363292573
1998-03,Equity SIP,0.018656705174663987,-0.14795966697745622
1998-03,Equal-weight SIP,0.08319555524627453,-0.04834593475890103
1998-03,60/20/20 annual rebal,0.05569235591289048,-0.05428268726466989
1998-03,Risk-parity SIP,0.07233267184149916,-0.04916962260703994
1998-03,Max-Sharpe SIP,0.0448858042826639,-0.046167463194378255
1998-03,Optimized SIP,0.059541887738208246,-0.04704393462743661
1998-04,Equity SIP,0.014900282440414286,-0.14604718548888163
1998-04,Equal-weight SIP,0.08874335919058733,-0.04803439132510734
1998-04,60/20/20 annual rebal,0.057654068659274756,-0.056011532724328905
1998-04,Risk-parity SIP,0.07598065532537362,-0.04884878970689477
1998-04,Max-Sharpe SIP,0.049557496572971135,-0.045905675356791464
1998-04,Optimized SIP,0.063985178135643,-0.04670255328013584
1998-05,Equity SIP,0.021495713701895954,-0.14415117609484784
1998-05,Equal-weight SIP,0.08214984517081228,-0.04771438785818238
1998-05,60/20/20 annual rebal,0.05809307602052244,-0.05230038208021215
1998-05,Risk-parity SIP,0.07252971261038,-0.048528611875225836
1998-05,Max-Sharpe SIP,0.04533642773226376,-0.04564912709926916
1998-05,Optimized SIP,0.059745950880715853,-0.046364449734056956
1998-06,Equity SIP,0.03545586287245676,-0.14221843160788616
1998-06,Equal-weight SIP,0.08880883547092581,-0.04739474425313239
1998-06,60/20/20 annual rebal,0.06634911851113716,-0.05371792127951047
1998-06,Risk-parity SIP,0.08015585728590233,-0.04820993546067154
1998-06,Max-Sharpe SIP,0.052719387748989974,-0.045394552038427904
1998-06,Optimized SIP,0.06703774630846597,-0.046028641667908876
1998-07,Equity SIP,0.02978268360014061,-0.1402083184007218
1998-07,Equal-weight SIP,0.08823350312356054,-0.04706730294726402
1998-07,60/20/20 annual rebal,0.06459506368125766,-0.055008965060879156
1998-07,Risk-parity SIP,0.07854973268754856,-0.04788569760124739
1998-07,Max-Sharpe SIP,0.051799244895005044,-0.04513763464145848
1998-07,Optimized SIP,0.06515954698725378,-0.04590631825659386
1998-08,Equity SIP,0.01664087835940661,-0.13818020486027593
1998-08,Equal-weight SIP,0.0897967787008635,-0.04674383242417657
1998-08,60/20/20 annual rebal,0.05836033869427205,-0.05252630999151664
1998-08,Risk-parity SIP,0.07714246142700193,-0.04756557071584133
1998-08,Max-Sharpe SIP,0.05178924675544672,-0.044886449637768
1998-08,Optimized SIP,0.06465250732637881,-0.04556613460611425
1998-09,Equity SIP,0.021250409084476923,-0.13614130484759113
1998-09,Equal-weight SIP,0.08075956018860046,-0.04641354556802557
1998-09,60/20/20 annual rebal,0.05964014432553949,-0.04569722822836075
1998-09,Risk-parity SIP,0.074249573360777,-0.047243575438425056
1998-09,Max-Sharpe SIP,0.047140210058466865,-0.044639893488674476
1998-09,Optimized SIP,0.06137909055587816,-0.04522761237974582
1998-10,Equity SIP,0.022558849927026066,-0.13383385771039558
1998-10,Equal-weight SIP,0.08878280782190691,-0.04607618296392335
1998-10,60/20/20 annual rebal,0.06121773859912034,-0.0461631662623847
1998-10,Risk-parity SIP,0.08298353654225209,-0.04690544218460102
1998-10,Max-Sharpe SIP,0.05703596273734795,-0.04437380608246566
1998-10,Optimized SIP,0.07074734027273646,-0.04486875787500799
1998-11,Equity SIP,-0.009777529376934067,-0.16184606191591722
1998-11,Equal-weight SIP,0.08777740578826629,-0.045742905579521764
1998-11,60/20/20 annual rebal,0.04641479671588936,-0.06337670639124815
1998-11,Risk-parity SIP,0.08088791220761986,-0.046558561166706314
1998-11,Max-Sharpe SIP,0.05765598103377863,-0.04409289582503073
1998-11,Optimized SIP,0.07027470510168167,-0.04450034833508354
1998-12,Equity SIP,-0.02734371932984818,-0.22311091050767695
1998-12,Equal-weight SIP,0.0804721918299105,-0.04540865111931003
1998-12,60/20/20 annual rebal,0.037702614738914834,-0.09350176295719426
1998-12,Risk-parity SIP,0.07652278506378932,-0.046208177573271114
1998-12,Max-Sharpe SIP,0.05445082877029439,-0.04380831793431228
1998-12,Optimized SIP,0.06538679748626804,-0.04423568046277859
1999-01,Equity SIP,-0.02954884476435983,-0.2234172828040849
1999-01,Equal-weight SIP,0.0903968210205902,-0.045054505712460724
1999-01,60/20/20 annual rebal,0.041144558029721695,-0.08975332862265839
1999-01,Risk-parity SIP,0.08561170459089353,-0.04585780415604823
1999-01,Max-Sharpe SIP,0.06504557505095017,-0.04353597984429591
1999-01,Optimized SIP,0.07551711274635504,-0.04397593411892664
1999-02,Equity SIP,-0.030983271572835275,-0.2229780775725152
1999-02,Equal-weight SIP,0.09389740897362095,-0.04469162061360543
1999-02,60/20/20 annual rebal,0.04410488795449657,-0.08915829089903482
1999-02,Risk-parity SIP,0.08641655822626466,-0.04550578523997495
1999-02,Max-Sharpe SIP,0.06640004216572379,-0.043263141344706324
1999-02,Optimized SIP,0.07648071879442007,-0.04371578495575967
1999-03,Equity SIP,-0.04270256764721474,-0.2573633791905371
1999-03,Equal-weight SIP,0.09981902065607162,-0.044311509698286344
1999-03,60/20/20 annual rebal,0.03992208810540484,-0.09642707306931975
1999-03,Risk-parity SIP,0.08590197066291064,-0.045147087870331726
1999-03,Max-Sharpe SIP,0.06807673539079398,-0.04299079756037827
1999-03,Optimized SIP,0.07656752070037155,-0.04345492269910156
1999-04,Equity SIP,-0.04677748136062659,-0.2647558687435414
1999-04,Equal-weight SIP,0.10233491813829058,-0.04391830743410263
1999-04,60/20/20 annual rebal,0.04123706566736565,-0.09805765497539276
1999-04,Risk-parity SIP,0.08799638739416923,-0.04477570073441495
1999-04,Max-Sharpe SIP,0.0727251346235295,-0.04271003103528903
1999-04,Optimized SIP,0.07989830822192935,-0.04318492812498842
1999-05,Equity SIP,-0.027458499173916684,-0.2641474622515002
1999-05,Equal-weight SIP,0.09635414142100537,-0.04350966170518089
1999-05,60/20/20 annual rebal,0.04851027480471654,-0.10133838154094266
1999-05,Risk-parity SIP,0.08864980294115749,-0.04439142651514927
1999-05,Max-Sharpe SIP,0.06739488597438452,-0.042425498288112706
1999-05,Optimized SIP,0.07693624556732527,-0.04290342310919626
1999-06,Equity SIP,-0.02018748538731895,-0.2635565489557651
1999-06,Equal-weight SIP,0.09417426031786993,-0.04308940516815096
1999-06,60/20/20 annual rebal,0.04689454751279787,-0.09703623058104471
1999-06,Risk-parity SIP,0.08575845800905191,-0.0440135745498309
1999-06,Max-Sharpe SIP,0.06190420381841246,-0.042142295927653284
1999-06,Optimized SIP,0.07280085442875044,-0.04262212185155012
1999-07,Equity SIP,-0.017833567829958447,-0.2629547341991978
1999-07,Equal-weight SIP,0.09050168924589076,-0.04264675033781662
1999-07,60/20/20 annual rebal,0.04632202412885947,-0.09444736109969276
1999-07,Risk-parity SIP,0.08002028004478462,-0.04361929590396063
1999-07,Max-Sharpe SIP,0.05602787748005924,-0.0557758394067005
1999-07,Optimized SIP,0.06774911785960486,-0.04233042863427583
1999-08,Equity SIP,-0.012267130117117107,-0.2623427145618351
1999-08,Equal-weight SIP,0.09206230720492324,-0.042173963548726046
1999-08,60/20/20 annual rebal,0.04807588746475849,-0.09631664203768919
1999-08,Risk-parity SIP,0.08309872022442097,-0.0432047437525096
1999-08,Max-Sharpe SIP,0.059440123169885506,-0.05560131199992946
1999-08,Optimized SIP,0.07099619260334217,-0.04202681155755672
1999-09,Equity SIP,0.002949986100364134,-0.26174815723180545
1999-09,Equal-weight SIP,0.0947860532221027,-0.041683604990928824
1999-09,60/20/20 annual rebal,0.057425260416245405,-0.10168714042821692
1999-09,Risk-parity SIP,0.08752917514240843,-0.04278441130572841
1999-09,Max-Sharpe SIP,0.06139948282400845,-0.055428636910981766
1999-09,Optimized SIP,0.07430204294473847,-0.0417224216913854
1999-10,Equity SIP,0.010226164441713807,-0.2611207549075253
1999-10,Equal-weight SIP,0.10070130475140844,-0.04118249138784624
1999-10,60/20/20 annual rebal,0.060584972897860724,-0.09850522618926949
1999-10,Risk-parity SIP,0.09256663919176152,-0.042348031752046156
1999-10,Max-Sharpe SIP,0.06661451470290684,-0.05524941059149058
1999-10,Optimized SIP,0.07942644440068848,-0.04140552979497236
1999-11,Equity SIP,0.008022073415349575,-0.2604787343962085
1999-11,Equal-weight SIP,0.0983092502487925,-0.040679993565165606
1999-11,60/20/20 annual rebal,0.05729004908488124,-0.10218361386970798
1999-11,Risk-parity SIP,0.08874237390827378,-0.04190483440827275
1999-11,Max-Sharpe SIP,0.06289069478325196,-0.055068812010826584
1999-11,Optimized SIP,0.07564261354005776,-0.04108330961529638
1999-12,Equity SIP,0.01151239484688299,-0.2598148953956969
1999-12,Equal-weight SIP,0.10511801848775171,-0.040212245997630736
1999-12,60/20/20 annual rebal,0.06398870602045932,-0.09199318222748354
1999-12,Risk-parity SIP,0.09228250711254454,-0.04147201524921351
1999-12,Max-Sharpe SIP,0.06696164474187404,-0.054883563000694746
1999-12,Optimized SIP,0.0790925175838127,-0.040762409987102344
2000-01,Equity SIP,0.015826540694497244,-0.25918166905334383
2000-01,Equal-weight SIP,0.10474611411723635,-0.039711513771708895
2000-01,60/20/20 annual rebal,0.06601064613471397,-0.08820141744594534
2000-01,Risk-parity SIP,0.09170640141766992,-0.04102761027187152
2000-01,Max-Sharpe SIP,0.065652215328401,-0.0547014217696139
2000-01,Optimized SIP,0.07847021594106793,-0.04043900017517821
2000-02,Equity SIP,0.015793339015064065,-0.25855517568682473
2000-02,Equal-weight SIP,0.09947174522080987,-0.03918162192753427
2000-02,60/20/20 annual rebal,0.06622532525264124,-0.08759289554301408
2000-02,Risk-parity SIP,0.08914022581059587,-0.040567043999822694
2000-02,Max-Sharpe SIP,0.06090226416183436,-0.05451765573019385
2000-02,Optimized SIP,0.07394688038878691,-0.04010710833344666
2000-03,Equity SIP,0.011636222869691652,-0.2579172352780231
2000-03,Equal-weight SIP,0.09680889831185627,-0.03863304856298022
2000-03,60/20/20 annual rebal,0.06261265559251587,-0.09478203007951835
2000-03,Risk-parity SIP,0.08723756025636759,-0.04009056585903714
2000-03,Max-Sharpe SIP,0.059979026606255016,-0.054329163164528294
2000-03,Optimized SIP,0.07253431722294403,-0.03976437894521079
2000-04,Equity SIP,0.019461030928449825,-0.25725164482290586
2000-04,Equal-weight SIP,0.09614160351164144,-0.038092688566034205
2000-04,60/20/20 annual rebal,0.06793849004957449,-0.0963775248362051
2000-04,Risk-parity SIP,0.08706725894688873,-0.039608800260140575
2000-04,Max-Sharpe SIP,0.05869922010338258,-0.054135846272483135
2000-04,Optimized SIP,0.0717792010353527,-0.03941385027959432
2000-05,Equity SIP,0.022923316025249645,-0.25659886800229703
2000-05,Equal-weight SIP,0.09509106766057393,-0.037523964667925624
2000-05,60/20/20 annual rebal,0.07016941926770313,-0.09962032119636821
2000-05,Risk-parity SIP,0.08518481865697207,-0.03911473076052441
2000-05,Max-Sharpe SIP,0.05669571076011419,-0.05394361789803914
2000-05,Optimized SIP,0.069812296190914,-0.039059523890972336
2000-06,Equity SIP,0.01680182897872245,-0.25594392179070513
2000-06,Equal-weight SIP,0.10335975823044896,-0.03693651598323744
2000-06,60/20/20 annual rebal,0.06796821979253433,-0.09531364404982878
2000-06,Risk-parity SIP,0.09110190940198565,-0.03860926466947845
2000-06,Max-Sharpe SIP,0.06688142508209219,-0.05374982137138684
2000-06,Optimized SIP,0.07787849016030271,-0.03869997952088289
2000-07,Equity SIP,0.012836280383631563,-0.255263180492304
2000-07,Equal-weight SIP,0.10685619344791862,-0.03632332520231196
2000-07,60/20/20 annual rebal,0.0669527020659208,-0.09271953237458896
2000-07,Risk-parity SIP,0.09355027339567869,-0.038079452847266104
2000-07,Max-Sharpe SIP,0.0717988523138296,-0.053547948369646825
2000-07,Optimized SIP,0.081881266721205,-0.0383245618020156
2000-08,Equity SIP,0.013750295241484023,-0.25460115952577445
2000-08,Equal-weight SIP,0.10423244237456322,-0.03572290056965455
2000-08,60/20/20 annual rebal,0.06457103015213449,-0.09456069674460899
2000-08,Risk-parity SIP,0.09336582518219881,-0.037557453394842844
2000-08,Max-Sharpe SIP,0.07144050262855849,-0.05335137960541669
2000-08,Optimized SIP,0.08183022559719703,-0.03795668690113718
2000-09,Equity SIP,0.014294655752469462,-0.25393377987519317
2000-09,Equal-weight SIP,0.10538034808349964,-0.03544476620215242
2000-09,60/20/20 annual rebal,0.06596460358084053,-0.09990909740608911
2000-09,Risk-parity SIP,0.0948036370717357,-0.03702090557582749
2000-09,Max-Sharpe SIP,0.07379633346269397,-0.053152359489273326
2000-09,Optimized SIP,0.08378140223644961,-0.03757907058937615
2000-10,Equity SIP,0.01846700141404598,-0.2532741796960021
2000-10,Equal-weight SIP,0.10760691366348323,-0.035198642021932236
2000-10,60/20/20 annual rebal,0.06618255044972658,-0.09668706476418854
2000-10,Risk-parity SIP,0.09586843847014982,-0.036581473774958795
2000-10,Max-Sharpe SIP,0.07548110929188581,-0.05295500685048449
2000-10,Optimized SIP,0.08498048259633846,-0.03719803219918838
2000-11,Equity SIP,0.020761216062572977,-0.25259816627611253
2000-11,Equal-weight SIP,0.10762656867722699,-0.03494318765446636
2000-11,60/20/20 annual rebal,0.06623568387685036,-0.10033782128889523
2000-11,Risk-parity SIP,0.09462654795145316,-0.03617644312064905
2000-11,Max-Sharpe SIP,0.07474513655046003,-0.05275326241462619
2000-11,Optimized SIP,0.0838078584207412,-0.03680224122651832
2000-12,Equity SIP,0.028141287573131498,-0.2518786552411114
2000-12,Equal-weight SIP,0.11089084594232852,-0.03467437720461641
2000-12,60/20/20 annual rebal,0.07326819199008067,-0.09024107711155793
2000-12,Risk-parity SIP,0.0970918448515279,-0.0357551815416608
2000-12,Max-Sharpe SIP,0.07729857618157918,-0.05254184278683838
2000-12,Optimized SIP,0.08617116304855713,-0.036388183086815906
2001-01,Equity SIP,0.0359564765886252,-0.2511456770428371
2001-01,Equal-weight SIP,0.11117841610789636,-0.034388071759533956
2001-01,60/20/20 annual rebal,0.0768280913529984,-0.0863851374033131
2001-01,Risk-parity SIP,0.0963570109446342,-0.03532175941315119
2001-01,Max-Sharpe SIP,0.0758752103308309,-0.0523265000256643
2001-01,Optimized SIP,0.08492988654847503,-0.03596335086010738
2001-02,Equity SIP,0.043617012223269025,-0.25037174710487564
2001-02,Equal-weight SIP,0.10992825627916562,-0.0340954812730595
2001-02,60/20/20 annual rebal,0.08273116325695211,-0.08575022520801556
2001-02,Risk-parity SIP,0.09707257374621414,-0.03487867268833167
2001-02,Max-Sharpe SIP,0.0751862072434593,-0.052103548676372013
2001-02,Optimized SIP,0.08496605451424805,-0.03552514263692974
2001-03,Equity SIP,0.049462994893857797,-0.24958260662316678
2001-03,Equal-weight SIP,0.11039302214821445,-0.033773353619741764
2001-03,60/20/20 annual rebal,0.08481784624180304,-0.09283752317486649
2001-03,Risk-parity SIP,0.09751383649356046,-0.034417875354501026
2001-03,Max-Sharpe SIP,0.07589422577384086,-0.05187570134931241
2001-03,Optimized SIP,0.08545820772173617,-0.03507213004609111
2001-04,Equity SIP,0.04507749972988601,-0.24875838051999843
2001-04,Equal-weight SIP,0.11060803666963163,-0.033430605033984984
2001-04,60/20/20 annual rebal,0.08482129821758277,-0.0943764483177797
2001-04,Risk-parity SIP,0.09648845617902614,-0.033937287535539484
2001-04,Max-Sharpe SIP,0.07692215807641552,-0.05163964968850854
2001-04,Optimized SIP,0.0854738654545617,-0.03459938958732389
2001-05,Equity SIP,0.04630943082250639,-0.24783322582262735
2001-05,Equal-weight SIP,0.1113725735084511,-0.033081626559470445
2001-05,60/20/20 annual rebal,0.08671005138373103,-0.0975495670129558
2001-05,Risk-parity SIP,0.09587249771696663,-0.03343106332207346
2001-05,Max-Sharpe SIP,0.07794874353362133,-0.051385679521255945
2001-05,Optimized SIP,0.08561255356017529,-0.03409459101759549
2001-06,Equity SIP,0.049824890851706334,-0.24689302637913824
2001-06,Equal-weight SIP,0.1159656302794247,-0.03271507674594232
2001-06,60/20/20 annual rebal,0.0877664406694827,-0.09321573778284942
2001-06,Risk-parity SIP,0.10061582068868317,-0.032904169499100244
2001-06,Max-Sharpe SIP,0.08345503416611745,-0.051125637711199934
2001-06,Optimized SIP,0.09076462872553157,-0.03357183230975058
2001-07,Equity SIP,0.041952177740610434,-0.24599601895997358
2001-07,Equal-weight SIP,0.11425888870048856,-0.03236550127994475
2001-07,60/20/20 annual rebal,0.08262718556929392,-0.09059946629114202
2001-07,Risk-parity SIP,0.09921813306396117,-0.0323771516733703
2001-07,Max-Sharpe SIP,0.08282426843240319,-0.05087130960933084
2001-07,Optimized SIP,0.08927954747359537,-0.03302228204055613
2001-08,Equity SIP,0.04580487511043703,-0.2450579585159809
2001-08,Equal-weight SIP,0.11523132724164065,-0.03199610005061848
2001-08,60/20/20 annual rebal,0.08280602132963087,-0.09237691446770147
2001-08,Risk-parity SIP,0.10043548162339434,-0.03202049627985515
2001-08,Max-Sharpe SIP,0.08415002859151978,-0.050607844955838255
2001-08,Optimized SIP,0.09014920302884358,-0.03248279224239958
2001-09,Equity SIP,0.028139517400163877,-0.24407428873668824
2001-09,Equal-weight SIP,0.12728331853160735,-0.03160764124647675
2001-09,60/20/20 annual rebal,0.08138172895114365,-0.09766369065376457
2001-09,Risk-parity SIP,0.1070810125006672,-0.03144962509579041
2001-09,Max-Sharpe SIP,0.09768769988046772,-0.05033432948041261
2001-09,Optimized SIP,0.10031367012185259,-0.03192007364716887
2001-10,Equity SIP,0.0363078421557577,-0.24304521053409334
2001-10,Equal-weight SIP,0.13705520296713766,-0.03120952192208859
2001-10,60/20/20 annual rebal,0.08825200968728242,-0.0943494671771492
2001-10,Risk-parity SIP,0.1177095475584189,-0.03086045473883181
2001-10,Max-Sharpe SIP,0.10856852230559433,-0.05005265495213962
2001-10,Optimized SIP,0.1111158888050236,-0.03133257715302429
2001-11,Equity SIP,0.04762371389589469,-0.24186953398682443
2001-11,Equal-weight SIP,0.13545066197069827,-0.030835857008866596
2001-11,60/20/20 annual rebal,0.09316611986451034,-0.0979161621051261
2001-11,Risk-parity SIP,0.11957280505452633,-0.030247472484125515
2001-11,Max-Sharpe SIP,0.10780282196216931,-0.04974898637501801
2001-11,Optimized SIP,0.11163267554868885,-0.030721317504198598
2001-12,Equity SIP,0.056200971379358956,-0.24070577524887382
2001-12,Equal-weight SIP,0.1450255745667877,-0.03044105616339099
2001-12,60/20/20 annual rebal,0.1030800058790662,-0.0878916195888263
2001-12,Risk-parity SIP,0.12799721619508841,-0.029624379917424504
2001-12,Max-Sharpe SIP,0.11773767235618779,-0.04944455611398213
2001-12,Optimized SIP,0.12086416855719581,-0.03010290659367021
2002-01,Equity SIP,0.06503904927665878,-0.23956791017675494
2002-01,Equal-weight SIP,0.14452477031033034,-0.030005032276941845
2002-01,60/20/20 annual rebal,0.10857995649649718,-0.08391422423179562
2002-01,Risk-parity SIP,0.1311418900902535,-0.028978611042619562
2002-01,Max-Sharpe SIP,0.11825701054365587,-0.049144583191500724
2002-01,Optimized SIP,0.12277366696314722,-0.029471403714328548
2002-02,Equity SIP,0.06836442958279862,-0.23841416379378977
2002-02,Equal-weight SIP,0.14071749459485206,-0.02955540332805484
2002-02,60/20/20 annual rebal,0.1102862122326708,-0.08320352272317377
2002-02,Risk-parity SIP,0.1280949704356717,-0.02830036384540313
2002-02,Max-Sharpe SIP,0.1148218894358717,-0.04883442495005652
2002-02,Optimized SIP,0.12032778462058812,-0.02881346421356723
2002-03,Equity SIP,0.06869787682782229,-0.2372364700856484
2002-03,Equal-weight SIP,0.13926705101780854,-0.029105524383349457
2002-03,60/20/20 annual rebal,0.10849634980687103,-0.09012269114210048
2002-03,Risk-parity SIP,0.12506274280984234,-0.027613548477177452
2002-03,Max-Sharpe SIP,0.11361277365930857,-0.04851991605233985
2002-03,Optimized SIP,0.11832225363323597,-0.028168419655255406
2002-04,Equity SIP,0.0780881739294802,-0.23599404080792252
2002-04,Equal-weight SIP,0.1387322891430222,-0.02867795949876828
2002-04,60/20/20 annual rebal,0.11496134072777284,-0.09156235669674817
2002-04,Risk-parity SIP,0.12684633574109058,-0.027047413961803213
2002-04,Max-Sharpe SIP,0.11440149264348913,-0.048199538842336076
2002-04,Optimized SIP,0.1197659125918682,-0.027711783894751596
2002-05,Equity SIP,0.08242038072956318,-0.23477905861487558
2002-05,Equal-weight SIP,0.14103514442471365,-0.028228019615652022
2002-05,60/20/20 annual rebal,0.11938484955897666,-0.09464344446608486
2002-05,Risk-parity SIP,0.13048422594547962,-0.026559298952854915
2002-05,Max-Sharpe SIP,0.1175055389219369,-0.04787251114786606
2002-05,Optimized SIP,0.12322424639403942,-0.027240568796054188
2002-06,Equity SIP,0.08530247581365431,-0.23348978555407196
2002-06,Equal-weight SIP,0.1450906062050344,-0.02778485076109749
2002-06,60/20/20 annual rebal,0.12104251824875559,-0.09029226505212606
2002-06,Risk-parity SIP,0.13651635108402158,-0.026055331484356237
2002-06,Max-Sharpe SIP,0.12239487756774174,-0.047536304723626355
2002-06,Optimized SIP,0.1285826057991137,-0.026750949791244816
2002-07,Equity SIP,0.08796100435118283,-0.23212719924593506
2002-07,Equal-weight SIP,0.14992340620097477,-0.02735184346880848
2002-07,60/20/20 annual rebal,0.12431774381357041,-0.08762953535111362
2002-07,Risk-parity SIP,0.14144241381586284,-0.02553554862643015
2002-07,Max-Sharpe SIP,0.12755967402295673,-0.04719058141664001
2002-07,Optimized SIP,0.13360368298509437,-0.02624347132558158
2002-08,Equity SIP,0.09084140709299977,-0.23063370892999913
2002-08,Equal-weight SIP,0.14811521603522199,-0.026916343476727556
2002-08,60/20/20 annual rebal,0.12330945504189385,-0.08931779512580429
2002-08,Risk-parity SIP,0.1407060460548185,-0.02499344755899524
2002-08,Max-Sharpe SIP,0.12643977487723576,-0.046832078053977266
2002-08,Optimized SIP,0.13273021640204458,-0.02571339072730605
2002-09,Equity SIP,0.09631587265374932,-0.22889632807940563
2002-09,Equal-weight SIP,0.1495849631083489,-0.026441120780745342
2002-09,60/20/20 annual rebal,0.1268320155590007,-0.09449776410707689
2002-09,Risk-parity SIP,0.14158633503154025,-0.02440820385619913
2002-09,Max-Sharpe SIP,0.12835079670000918,-0.04645103640970405
2002-09,Optimized SIP,0.13423024159405925,-0.02514414536641596
2002-10,Equity SIP,0.09691787668333761,-0.22710948275685405
2002-10,Equal-weight SIP,0.1514628315150085,-0.025919803296709176
2002-10,60/20/20 annual rebal,0.1268336203552432,-0.09103257081899285
2002-10,Risk-parity SIP,0.14101552851950366,-0.023802778680921843
2002-10,Max-Sharpe SIP,0.1302609737035923,-0.0460595986823793
2002-10,Optimized SIP,0.13501590242550976,-0.024558593053224387
2002-11,Equity SIP,0.09088573463863006,-0.2251558525540045
2002-11,Equal-weight SIP,0.14533624386192742,-0.025391886816888753
2002-11,60/20/20 annual rebal,0.12015977906772016,-0.09446359759708645
2002-11,Risk-parity SIP,0.13489164905526912,-0.023173871560142167
2002-11,Max-Sharpe SIP,0.12456107301648732,-0.04566710180618927
2002-11,Optimized SIP,0.1293033312598267,-0.023946610592720075
2002-12,Equity SIP,0.0901174751649552,-0.22309247734355886
2002-12,Equal-weight SIP,0.14727788099177025,-0.024830459099928093
2002-12,60/20/20 annual rebal,0.12176937284542898,-0.08451716243175389
2002-12,Risk-parity SIP,0.13575033486362933,-0.022510388131890324
2002-12,Max-Sharpe SIP,0.12697072063092277,-0.04525881693102862
2002-12,Optimized SIP,0.1316908336661304,-0.0233022447337623
2003-01,Equity SIP,0.09260989573836513,-0.22107564103776212
2003-01,Equal-weight SIP,0.14386381125675715,-0.024236627192488647
2003-01,60/20/20 annual rebal,0.12185855516126412,-0.0803468890923763
2003-01,Risk-parity SIP,0.13382787703840593,-0.021827624955255698
2003-01,Max-Sharpe SIP,0.12436778382549928,-0.04484314503699427
2003-01,Optimized SIP,0.12943981611182795,-0.022641493831642157
2003-02,Equity SIP,0.09790459274538828,-0.2191445105187435
2003-02,Equal-weight SIP,0.1412878538723237,-0.02389816299638703
2003-02,60/20/20 annual rebal,0.1246761459283921,-0.07950831530569669
2003-02,Risk-parity SIP,0.13225408894419138,-0.021119553109575917
2003-02,Max-Sharpe SIP,0.12254867337750337,-0.04441500730560022
2003-02,Optimized SIP,0.12702922581608997,-0.02195428578630776
2003-03,Equity SIP,0.09957628024310484,-0.21777239829902173
2003-03,Equal-weight SIP,0.13681512268303875,-0.023628749111610725
2003-03,60/20/20 annual rebal,0.12270077292390133,-0.08614669114524998
2003-03,Risk-parity SIP,0.12895593762708124,-0.020244736448754685
2003-03,Max-Sharpe SIP,0.11951129781591467,-0.043975215199935414
2003-03,Optimized SIP,0.12410469385468977,-0.021244500244102738
2003-04,Equity SIP,0.10539632039408926,-0.2162391345901723
2003-04,Equal-weight SIP,0.13699872778751265,-0.023367308364216743
2003-04,60/20/20 annual rebal,0.12741854047778342,-0.08736511622165
2003-04,Risk-parity SIP,0.1308176220875424,-0.019757561697225867
2003-04,Max-Sharpe SIP,0.12112176177591655,-0.04351711442265227
2003-04,Optimized SIP,0.12583649003524125,-0.020492502385958677
2003-05,Equity SIP,0.1063616775654391,-0.2146577654771057
2003-05,Equal-weight SIP,0.13110404060776948,-0.023049901594069278
2003-05,60/20/20 annual rebal,0.12614010928386735,-0.09023528318933949
2003-05,Risk-parity SIP,0.12849161228607767,-0.019701779103354466
2003-05,Max-Sharpe SIP,0.11687331214335737,-0.04304579176567935
2003-05,Optimized SIP,0.12246424150830638,-0.01970178435066472
2003-06,Equity SIP,0.11572890738980603,-0.2130817649405785
2003-06,Equal-weight SIP,0.12941795483057228,-0.022672254316691842
2003-06,60/20/20 annual rebal,0.1275466785742106,-0.08573537842434809
2003-06,Risk-parity SIP,0.12951208870912706,-0.019644085339888262
2003-06,Max-Sharpe SIP,0.1177503697263379,-0.04255637898308007
2003-06,Optimized SIP,0.12345027873867599,-0.01928276633509507
2003-07,Equity SIP,0.12359695065413416,-0.2115132360665838
2003-07,Equal-weight SIP,0.13281702532134051,-0.02232415994959447
2003-07,60/20/20 annual rebal,0.13304782952771024,-0.08293531518454045
2003-07,Risk-parity SIP,0.13411557483490597,-0.019587872334612566
2003-07,Max-Sharpe SIP,0.1223427957502217,-0.04207002137275828
2003-07,Optimized SIP,0.12805559758137613,-0.019228797002077136
2003-08,Equity SIP,0.13273258686430311,-0.20995520278794633
2003-08,Equal-weight SIP,0.1331378430149505,-0.021939679979541382
2003-08,60/20/20 annual rebal,0.1365738132117492,-0.08444768851630002
2003-08,Risk-parity SIP,0.13627235671555443,-0.01953109438744205
2003-08,Max-Sharpe SIP,0.1245371159560272,-0.04169842425965076
2003-08,Optimized SIP,0.13038814681575145,-0.01917444208159158
2003-09,Equity SIP,0.14121753757612562,-0.2083265312047986
2003-09,Equal-weight SIP,0.14397828456827488,-0.021531033556222323
2003-09,60/20/20 annual rebal,0.1470503285545781,-0.0894787311903461
2003-09,Risk-parity SIP,0.14531152905214262,-0.019470584371895527
2003-09,Max-Sharpe SIP,0.13654180075027708,-0.04116828915440196
2003-09,Optimized SIP,0.14076510374848725,-0.019116531082173593
2003-10,Equity SIP,0.1445482921602369,-0.2066170602255043
2003-10,Equal-weight SIP,0.14506642608012824,-0.021132170843930598
2003-10,60/20/20 annual rebal,0.1480184897202021,-0.08578621695496802
2003-10,Risk-parity SIP,0.14667173875177442,-0.01940762157863052
2003-10,Max-Sharpe SIP,0.1381258014174694,-0.04060521516960092
2003-10,Optimized SIP,0.1423955759570348,-0.019061164275883113
2003-11,Equity SIP,0.14105091578528245,-0.2048857784662439
2003-11,Equal-weight SIP,0.1378133638495012,-0.025481613252414492
2003-11,60/20/20 annual rebal,0.14251893815396158,-0.08905523818770755
2003-11,Risk-parity SIP,0.1408825985328183,-0.01934548163545491
2003-11,Max-Sharpe SIP,0.13118863522122012,-0.040034423934541485
2003-11,Optimized SIP,0.13586250683171922,-0.022365635835572273
2003-12,Equity SIP,0.14955813071775986,-0.20309978828750708
2003-12,Equal-weight SIP,0.1387651999892317,-0.02537088935948828
2003-12,60/20/20 annual rebal,0.14750065758396236,-0.07927833981734578
2003-12,Risk-parity SIP,0.14340069801558902,-0.019281323430228703
2003-12,Max-Sharpe SIP,0.13299397254800263,-0.03943872164653117
2003-12,Optimized SIP,0.13759639117639466,-0.022311020567387985
2004-01,Equity SIP,0.14893806780158636,-0.20126591598477106
2004-01,Equal-weight SIP,0.13237649978527558,-0.028087939069162182
2004-01,60/20/20 annual rebal,0.14526981960412683,-0.07481426957231496
2004-01,Risk-parity SIP,0.13784267905519867,-0.01921672130089369
2004-01,Max-Sharpe SIP,0.12717860066171316,-0.03882786341184996
2004-01,Optimized SIP,0.13198922414452416,-0.02226001462499161
2004-02,Equity SIP,0.1503543367021158,-0.1994794785696472
2004-02,Equal-weight SIP,0.13385686492726226,-0.02776562379378278
2004-02,60/20/20 annual rebal,0.14836090359801968,-0.07382323721621309
2004-02,Risk-parity SIP,0.13932816557263156,-0.01915918377025083
2004-02,Max-Sharpe SIP,0.12885780062961472,-0.038204591630753515
2004-02,Optimized SIP,0.13344628499534092,-0.022208807898543292
2004-03,Equity SIP,0.14909183381722316,-0.19794441576884636
2004-03,Equal-weight SIP,0.1361774297362619,-0.027431520209063587
2004-03,60/20/20 annual rebal,0.14780979506439965,-0.08009178172167553
2004-03,Risk-parity SIP,0.14090878067972656,-0.019094026749738036
2004-03,Max-Sharpe SIP,0.130660152490682,-0.03757092601219281
2004-03,Optimized SIP,0.13599696893621205,-0.0221725794974017
2004-04,Equity SIP,0.14922417457030568,-0.19635626440350062
2004-04,Equal-weight SIP,0.13463105408729384,-0.027071310210863397
2004-04,60/20/20 annual rebal,0.14712967382201605,-0.08111460951947702
2004-04,Risk-parity SIP,0.13897104093887705,-0.019026985801258722
2004-04,Max-Sharpe SIP,0.1292575144538185,-0.036915337546932214
2004-04,Optimized SIP,0.13449129092204146,-0.02211952028753128
2004-05,Equity SIP,0.14650458254867343,-0.19466238354436882
2004-05,Equal-weight SIP,0.12949375379619585,-0.026706402651602623
2004-05,60/20/20 annual rebal,0.1433302827854057,-0.08376012918207654
2004-05,Risk-parity SIP,0.1345103472580552,-0.01895797995598092
2004-05,Max-Sharpe SIP,0.12476466301892374,-0.036237130458909306
2004-05,Optimized SIP,0.1299825438382526,-0.022069794725695258
2004-06,Equity SIP,0.14474906339703655,-0.19286685180691565
2004-06,Equal-weight SIP,0.12584107513121404,-0.02631272840897536
2004-06,60/20/20 annual rebal,0.13836281397533612,-0.07909380528917342
2004-06,Risk-parity SIP,0.13164160235701827,-0.01889409054225455
2004-06,Max-Sharpe SIP,0.12160543324884064,-0.03549937010164306
2004-06,Optimized SIP,0.12646219766572256,-0.022007420933685573
2004-07,Equity SIP,0.1507535456588054,-0.19099421484967483
2004-07,Equal-weight SIP,0.12717017968305983,-0.02589394389024713
2004-07,60/20/20 annual rebal,0.140820358008917,-0.0760856635412489
2004-07,Risk-parity SIP,0.13322901473123497,-0.018817635821774426
2004-07,Max-Sharpe SIP,0.12359756629353222,-0.0347218889063825
2004-07,Optimized SIP,0.1282260677650764,-0.02194771754981839
2004-08,Equity SIP,0.1533903765499328,-0.18910341199817993
2004-08,Equal-weight SIP,0.12964436966370396,-0.025472689844374674
2004-08,60/20/20 annual rebal,0.14291384373997806,-0.07733256743621864
2004-08,Risk-parity SIP,0.13536406389338837,-0.018740626026990226
2004-08,Max-Sharpe SIP,0.12612082166305366,-0.03393819933521369
2004-08,Optimized SIP,0.13063250479082653,-0.0218876493739244
2004-09,Equity SIP,0.15370079009264326,-0.18710354840536592
2004-09,Equal-weight SIP,0.12994676106082637,-0.025061215593666808
2004-09,60/20/20 annual rebal,0.14362359515047532,-0.08210319482837791
2004-09,Risk-parity SIP,0.1366232632790364,-0.018681116006053933
2004-09,Max-Sharpe SIP,0.12671621383869536,-0.03313774446070883
2004-09,Optimized SIP,0.13113821226597,-0.021827141915340964
2004-10,Equity SIP,0.1557351269597885,-0.18499013324694835
2004-10,Equal-weight SIP,0.12636093420284475,-0.02464964179276008
2004-10,60/20/20 annual rebal,0.14165347562646993,-0.07808120854275602
2004-10,Risk-parity SIP,0.1331071900725815,-0.018580624057705553
2004-10,Max-Sharpe SIP,0.124019668382709,-0.03231469857813962
2004-10,Optimized SIP,0.12820838520971586,-0.021765918794740546
2004-11,Equity SIP,0.150869659791982,-0.1828207081344323
2004-11,Equal-weight SIP,0.12467154016007959,-0.024223336179810095
2004-11,60/20/20 annual rebal,0.1392884979682264,-0.08107663555042488
2004-11,Risk-parity SIP,0.13185298221867695,-0.01850022589790068
2004-11,Max-Sharpe SIP,0.12235994858833112,-0.03144850683452549
2004-11,Optimized SIP,0.1266221906357953,-0.021703911102848306
2004-12,Equity SIP,0.1608505655048021,-0.18092088962432895
2004-12,Equal-weight SIP,0.12574827520809967,-0.023882242653682995
2004-12,60/20/20 annual rebal,0.14382418873041017,-0.0714959266065176
2004-12,Risk-parity SIP,0.133569700092419,-0.01841797125770317
2004-12,Max-Sharpe SIP,0.12448969910214261,-0.030543421041807406
2004-12,Optimized SIP,0.12821528278724098,-0.02163366270237066
2005-01,Equity SIP,0.16379502769070214,-0.18001579260893263
2005-01,Equal-weight SIP,0.12967276585977824,-0.023748435878650498
2005-01,60/20/20 annual rebal,0.14914201688158585,-0.06655357478007917
2005-01,Risk-parity SIP,0.13725469348214986,-0.018334255861088944
2005-01,Max-Sharpe SIP,0.12836590605024203,-0.029598259377674352
2005-01,Optimized SIP,0.13202882647202685,-0.021569198895463604
2005-02,Equity SIP,0.158681642184338,-0.17906486295072455
2005-02,Equal-weight SIP,0.12954536839314668,-0.023607226387579394
2005-02,60/20/20 annual rebal,0.14841975403989252,-0.06523943749495442
2005-02,Risk-parity SIP,0.13687811526111193,-0.018246590986058076
2005-02,Max-Sharpe SIP,0.127886785937538,-0.028592598169629557
2005-02,Optimized SIP,0.1316265046033226,-0.021501922216104696
2005-03,Equity SIP,0.1620987943919462,-0.17804470435371622
2005-03,Equal-weight SIP,0.12789971281983084,-0.023451748823614227
2005-03,60/20/20 annual rebal,0.14703118979783344,-0.07076842852423304
2005-03,Risk-parity SIP,0.13579146915812235,-0.01815538722106358
2005-03,Max-Sharpe SIP,0.12676122069991605,-0.02752982252634828
2005-03,Optimized SIP,0.13030844052832,-0.02143170521722826
2005-04,Equity SIP,0.1623198059491487,-0.17698605397085365
2005-04,Equal-weight SIP,0.125210955739829,-0.023289660264483314
2005-04,60/20/20 annual rebal,0.14590568652706448,-0.07127657435796786
2005-04,Risk-parity SIP,0.1334831524935943,-0.01806094850207418
2005-04,Max-Sharpe SIP,0.12450295508668022,-0.026425788348632517
2005-04,Optimized SIP,0.12802093554695407,-0.021359951625773976
2005-05,Equity SIP,0.1630581768141578,-0.17586620200421832
2005-05,Equal-weight SIP,0.12614823965053118,-0.02312978749006167
2005-05,60/20/20 annual rebal,0.1471381324443479,-0.07336009731262583
2005-05,Risk-parity SIP,0.13424919008088712,-0.01796328278018111
2005-05,Max-Sharpe SIP,0.12547445422960665,-0.02525321873812658
2005-05,Optimized SIP,0.12891042086059407,-0.02128555545844657
2005-06,Equity SIP,0.16659659508121172,-0.17465404340734825
2005-06,Equal-weight SIP,0.12709837949384792,-0.022962756628877257
2005-06,60/20/20 annual rebal,0.1468227990930765,-0.0682390106035522
2005-06,Risk-parity SIP,0.13482817633661012,-0.017862085570443664
2005-06,Max-Sharpe SIP,0.12660240744450263,-0.024025234328922673
2005-06,Optimized SIP,0.12977900549193855,-0.021208721566184585
2005-07,Equity SIP,0.16453434815297815,-0.17337945579847158
2005-07,Equal-weight SIP,0.1236676146920049,-0.022783753083487124
2005-07,60/20/20 annual rebal,0.14301851047896302,-0.06469836315256527
2005-07,Risk-parity SIP,0.13133163953001636,-0.01775730389989738
2005-07,Max-Sharpe SIP,0.12338920556024922,-0.02366559841296223
2005-07,Optimized SIP,0.12643272625184826,-0.021129825942236335
2005-08,Equity SIP,0.16246917168001282,-0.17205986149940156
2005-08,Equal-weight SIP,0.11909712407313708,-0.02260340743893141
2005-08,60/20/20 annual rebal,0.13898225064101546,-0.06536389735184422
2005-08,Risk-parity SIP,0.1272207820603408,-0.017651172804124093
2005-08,Max-Sharpe SIP,0.11927772343309394,-0.0235875868309795
2005-08,Optimized SIP,0.12234205744391291,-0.02105018466715758
2005-09,Equity SIP,0.16084052503801544,-0.17068138709638303
2005-09,Equal-weight SIP,0.12013688958368525,-0.022411804690006587
2005-09,60/20/20 annual rebal,0.13952113473259442,-0.06944789832635656
2005-09,Risk-parity SIP,0.12849620464418468,-0.017540566353772102
2005-09,Max-Sharpe SIP,0.12041674579505249,-0.023506769764489066
2005-09,Optimized SIP,0.12357168472113321,-0.020967751073091012
2005-10,Equity SIP,0.1539133834882791,-0.1692251420917864
2005-10,Equal-weight SIP,0.11832026834950053,-0.022223166972364816
2005-10,60/20/20 annual rebal,0.13576415241201503,-0.0646851600487155
2005-10,Risk-parity SIP,0.12671182008033202,-0.01742752790672719
2005-10,Max-Sharpe SIP,0.11849626245547686,-0.023424020383850608
2005-10,Optimized SIP,0.12174541930607256,-0.020883839667979465
2005-11,Equity SIP,0.15719818374026384,-0.167690424201684
2005-11,Equal-weight SIP,0.11876238171625572,-0.02203997614247255
2005-11,60/20/20 annual rebal,0.1372331618929772,-0.06700599575953392
2005-11,Risk-parity SIP,0.12733682543600514,-0.017337680948677714
2005-11,Max-Sharpe SIP,0.11908866799669984,-0.02334083504243445
2005-11,Optimized SIP,0.12208671235475767,-0.02079903315671361
2005-12,Equity SIP,0.16423579354881873,-0.16604449526595766
2005-12,Equal-weight SIP,0.11817635112215176,-0.021864234501477786
2005-12,60/20/20 annual rebal,0.13902519994576606,-0.057551622049445084
2005-12,Risk-parity SIP,0.1259814700223397,-0.017184537945428624
2005-12,Max-Sharpe SIP,0.11903440963248507,-0.023255619095460922
2005-12,Optimized SIP,0.12181488595225574,-0.020712494801052306
2006-01,Equity SIP,0.16199407122518297,-0.16438845614596775
2006-01,Equal-weight SIP,0.11657241953148412,-0.021688372993253324
2006-01,60/20/20 annual rebal,0.13878795299380814,-0.05154921407996482
2006-01,Risk-parity SIP,0.1244271109944257,-0.017070483907435707
2006-01,Max-Sharpe SIP,0.11748929639499076,-0.023170519247596055
2006-01,Optimized SIP,0.12025415932536605,-0.020626021638324277
2006-02,Equity SIP,0.15067745961286957,-0.16265766858913622
2006-02,Equal-weight SIP,0.11410748017025303,-0.021522110792472904
2006-02,60/20/20 annual rebal,0.13446703954762065,-0.04951678570618556
2006-02,Risk-parity SIP,0.1221700605630935,-0.016953791674033214
2006-02,Max-Sharpe SIP,0.11479806884953618,-0.02308438216204567
2006-02,Optimized SIP,0.11780582157322762,-0.020539292311029467
2006-03,Equity SIP,0.15086093146277932,-0.16077962343318575
2006-03,Equal-weight SIP,0.12111735293229912,-0.02136287312231877
2006-03,60/20/20 annual rebal,0.13788039201009783,-0.053619453179497234
2006-03,Risk-parity SIP,0.12879233464290785,-0.016833060180769688
2006-03,Max-Sharpe SIP,0.12074167873898484,-0.022994288197182744
2006-03,Optimized SIP,0.12447412885465904,-0.020449314684851783
2006-04,Equity SIP,0.1573384237402741,-0.15876915599154384
2006-04,Equal-weight SIP,0.12185279331502688,-0.021201121635458176
2006-04,60/20/20 annual rebal,0.1409336708374896,-0.05307767463920032
2006-04,Risk-parity SIP,0.12885682937792625,-0.01670858561463795
2006-04,Max-Sharpe SIP,0.12101943994317896,-0.022901138600837534
2006-04,Optimized SIP,0.12482563301071566,-0.02035635030864824
2006-05,Equity SIP,0.15992853683498864,-0.15664876373218495
2006-05,Equal-weight SIP,0.12141625811416241,-0.021035083052859282
2006-05,60/20/20 annual rebal,0.14154313173083286,-0.053978998893892904
2006-05,Risk-parity SIP,0.12827563704854628,-0.016580058864597236
2006-05,Max-Sharpe SIP,0.12074228075887748,-0.0228029184584998
2006-05,Optimized SIP,0.12435244213849656,-0.020260660364045058
2006-06,Equity SIP,0.15938495336927255,-0.1544134208977267
2006-06,Equal-weight SIP,0.12186397602542062,-0.02088733769369866
2006-06,60/20/20 annual rebal,0.13984116964598364,-0.04796011855166793
2006-06,Risk-parity SIP,0.12849289293594648,-0.016451610550267892
2006-06,Max-Sharpe SIP,0.1208851509681308,-0.022705964592286687
2006-06,Optimized SIP,0.1246203407236593,-0.020164413549252913
2006-07,Equity SIP,0.16110886713066394,-0.15200817534216327
2006-07,Equal-weight SIP,0.12386313842045926,-0.020758023944169035
2006-07,60/20/20 annual rebal,0.14094512120560446,-0.043377895954330614
2006-07,Risk-parity SIP,0.13038250822207845,-0.016372943029241194
2006-07,Max-Sharpe SIP,0.12282753991037795,-0.022607755318073797
2006-07,Optimized SIP,0.12652015197599192,-0.02006771852985967
2006-08,Equity SIP,0.16550753428018863,-0.14937873035594562
2006-08,Equal-weight SIP,0.1277876908522648,-0.020600699952819546
2006-08,60/20/20 annual rebal,0.14499691405124873,-0.04277780965609679
2006-08,Risk-parity SIP,0.13388235455909483,-0.01629361626336734
2006-08,Max-Sharpe SIP,0.1262203425190365,-0.02250550975417387
2006-08,Optimized SIP,0.130120351412662,-0.019966051477062874
2006-09,Equity SIP,0.16568705052677954,-0.14658059411182334
2006-09,Equal-weight SIP,0.1263431321169897,-0.020453540440477758
2006-09,60/20/20 annual rebal,0.1444350737655872,-0.045440507108519546
2006-09,Risk-parity SIP,0.1322089301679891,-0.01621382560914486
2006-09,Max-Sharpe SIP,0.12462241179908218,-0.022402506725420657
2006-09,Optimized SIP,0.12848657434347277,-0.01986400355123663
2006-10,Equity SIP,0.16304437831888316,-0.14361851971552875
2006-10,Equal-weight SIP,0.12315079897228307,-0.020300118600771633
2006-10,60/20/20 annual rebal,0.14132008697879955,-0.03919261185677958
2006-10,Risk-parity SIP,0.1289608342585031,-0.0161338739086041
2006-10,Max-Sharpe SIP,0.12142806546606655,-0.022298209943072855
2006-10,Optimized SIP,0.1252103189257695,-0.019760569156509034
2006-11,Equity SIP,0.1609062602499646,-0.14044974929774312
2006-11,Equal-weight SIP,0.11823606290591418,-0.020125319063238
2006-11,60/20/20 annual rebal,0.13733563694684425,-0.03991532810340592
2006-11,Risk-parity SIP,0.124144075284261,-0.01691586479224727
2006-11,Max-Sharpe SIP,0.11704538264740824,-0.02219050550366164
2006-11,Optimized SIP,0.12040026448151127,-0.01965311929059743
2006-12,Equity SIP,0.16437537959169685,-0.13707210533119674
2006-12,Equal-weight SIP,0.11708385505618978,-0.0199354609122272
2006-12,60/20/20 annual rebal,0.13723544942274543,-0.0303493353091141
2006-12,Risk-parity SIP,0.12309679122914782,-0.01649620800893825
2006-12,Max-Sharpe SIP,0.11573018456702454,-0.02207877580455131
2006-12,Optimized SIP,0.11987551429925923,-0.018121385659939704
2007-01,Equity SIP,0.17077150458440263,-0.13340678914421622
2007-01,Equal-weight SIP,0.11423756678516504,-0.019753186435167436
2007-01,60/20/20 annual rebal,0.13878694152284518,-0.02185095282889493
2007-01,Risk-parity SIP,0.11998130052187074,-0.0164146813234175
2007-01,Max-Sharpe SIP,0.11338772540782097,-0.021964496323069405
2007-01,Optimized SIP,0.11685605081923044,-0.01802833406246762
2007-02,Equity SIP,0.17283053223090605,-0.12945699737638738
2007-02,Equal-weight SIP,0.11647350339894288,-0.0195635951935903
2007-02,60/20/20 annual rebal,0.1413419365807225,-0.017661455610607057
2007-02,Risk-parity SIP,0.12182943336796445,-0.016330243650128362
2007-02,Max-Sharpe SIP,0.1151961463968642,-0.021847034658355358
2007-02,Optimized SIP,0.11877407875021663,-0.01793210926222022
2007-03,Equity SIP,0.17332549214935772,-0.12512035285852874
2007-03,Equal-weight SIP,0.11596055655715948,-0.01936680573774041
2007-03,60/20/20 annual rebal,0.1403793375295092,-0.018804029865151617
2007-03,Risk-parity SIP,0.12078759618020952,-0.016243541411249618
2007-03,Max-Sharpe SIP,0.11411847462998519,-0.02172408485471855
2007-03,Optimized SIP,0.11780884551334579,-0.017831445903131127
2007-04,Equity SIP,0.17200348650402048,-0.12039186135156155
2007-04,Equal-weight SIP,0.11232968179920916,-0.019175379137743254
2007-04,60/20/20 annual rebal,0.1380692673223856,-0.017375940834396197
2007-04,Risk-parity SIP,0.11679024817685628,-0.016135013792320185
2007-04,Max-Sharpe SIP,0.1103172070811132,-0.02159850238081762
2007-04,Optimized SIP,0.11387880647460509,-0.017728546308915738
2007-05,Equity SIP,0.16677928352450738,-0.11498303816761846
2007-05,Equal-weight SIP,0.10936356129796902,-0.018972746163336107
2007-05,60/20/20 annual rebal,0.13420603210971774,-0.01656401534859353
2007-05,Risk-parity SIP,0.11367910041289302,-0.016006781037033346
2007-05,Max-Sharpe SIP,0.10713706303314638,-0.02146791894104949
2007-05,Optimized SIP,0.11079136512801627,-0.01762142999370686
2007-06,Equity SIP,0.16823209193517763,-0.10893257576465887
2007-06,Equal-weight SIP,0.10815176552537764,-0.018762635533923655
2007-06,60/20/20 annual rebal,0.1319248011750603,-0.015399760510820593
2007-06,Risk-parity SIP,0.11217009624437432,-0.015873453652253122
2007-06,Max-Sharpe SIP,0.10595306479900876,-0.02132873113078848
2007-06,Optimized SIP,0.10939989849170319,-0.017507499980072394
2007-07,Equity SIP,0.1702335902506704,-0.10210973400163326
2007-07,Equal-weight SIP,0.10924211027977361,-0.018530366807022358
2007-07,60/20/20 annual rebal,0.13285375534506527,-0.01492023243439633
2007-07,Risk-parity SIP,0.1129451033669023,-0.01573383712833709
2007-07,Max-Sharpe SIP,0.10687729493564227,-0.021180268706183725
2007-07,Optimized SIP,0.11024608057425603,-0.017385680550865312
2007-08,Equity SIP,0.1706241578531084,-0.09440373660990031
2007-08,Equal-weight SIP,0.1069069540366212,-0.01828452849986084
2007-08,60/20/20 annual rebal,0.13129223134930243,-0.014676299287854744
2007-08,Risk-parity SIP,0.11018123244415953,-0.015590561036275208
2007-08,Max-Sharpe SIP,0.10437190280008787,-0.021023382016810976
2007-08,Optimized SIP,0.10757744548480895,-0.017256608104201265
2007-09,Equity SIP,0.16837925605818768,-0.08557392167293498
2007-09,Equal-weight SIP,0.10640742629979574,-0.01803062304521197
2007-09,60/20/20 annual rebal,0.1308793022373621,-0.014220067764217692
2007-09,Risk-parity SIP,0.10942902251127551,-0.015445735636181013
2007-09,Max-Sharpe SIP,0.10351638221367755,-0.020860820805732927
2007-09,Optimized SIP,0.1068099993421462,-0.017122822213295752
2007-10,Equity SIP,0.171435872735028,-0.07651944307995406
2007-10,Equal-weight SIP,0.1088785429366915,-0.017769794466063304
2007-10,60/20/20 annual rebal,0.13338713314644704,-0.014680149275319243
2007-10,Risk-parity SIP,0.11147983523173968,-0.015300518931922524
2007-10,Max-Sharpe SIP,0.10561448699455935,-0.020694466232170527
2007-10,Optimized SIP,0.10887777907075498,-0.01698530338989701
2007-11,Equity SIP,0.17659390555234153,-0.07042388076253459
2007-11,Equal-weight SIP,0.10929019899409381,-0.017515991425539723
2007-11,60/20/20 annual rebal,0.13501915906317205,-0.015582039719613694
2007-11,Risk-parity SIP,0.11124577955371868,-0.015157744690873276
2007-11,Max-Sharpe SIP,0.105795598148752,-0.02052415904221294
2007-11,Optimized SIP,0.10889485858880488,-0.016844543711694415
2007-12,Equity SIP,0.17750654274227137,-0.06822671132587577
2007-12,Equal-weight SIP,0.10866771255529119,-0.01726355061044349
2007-12,60/20/20 annual rebal,0.1341600051305832,-0.01505789178036443
2007-12,Risk-parity SIP,0.11019675215340195,-0.015005754803987137
2007-12,Max-Sharpe SIP,0.1049096765426709,-0.02034656798173662
2007-12,Optimized SIP,0.10789838502138269,-0.016697874397455292
2008-01,Equity SIP,0.17946641447933048,-0.06785689754339075
2008-01,Equal-weight SIP,0.10704797232323073,-0.017021568639272178
2008-01,60/20/20 annual rebal,0.13454657326945935,-0.01364154324549438
2008-01,Risk-parity SIP,0.10793991528342739,-0.014849210612299268
2008-01,Max-Sharpe SIP,0.10329054823464233,-0.018804321574535043
2008-01,Optimized SIP,0.10578445139566212,-0.01654796537578307
2008-02,Equity SIP,0.18494485400894145,-0.0674761931454202
2008-02,Equal-weight SIP,0.10970713825835969,-0.01676824082088435
2008-02,60/20/20 annual rebal,0.1376463888710585,-0.01375631000859423
2008-02,Risk-parity SIP,0.10953494622736615,-0.014691466664760955
2008-02,Max-Sharpe SIP,0.10489162539513505,-0.018651306200636375
2008-02,Optimized SIP,0.10735479311645502,-0.01639243897257303
2008-03,Equity SIP,0.17999809302656386,-0.06704857404319775
2008-03,Equal-weight SIP,0.10649810911986823,-0.01653627910580846
2008-03,60/20/20 annual rebal,0.13374699231341242,-0.01577155833588395
2008-03,Risk-parity SIP,0.10616748196346307,-0.014534750026150234
2008-03,Max-Sharpe SIP,0.10139858855312449,-0.018494721397304903
2008-03,Optimized SIP,0.10394500461180663,-0.01623255733069784
2008-04,Equity SIP,0.18007264069069903,-0.0665976347425783
2008-04,Equal-weight SIP,0.10664442581871397,-0.016307711568145145
2008-04,60/20/20 annual rebal,0.1340166732256101,-0.014917258664041144
2008-04,Risk-parity SIP,0.10612480978181876,-0.014366901452207759
2008-04,Max-Sharpe SIP,0.10148658075682208,-0.01833385686391975
2008-04,Optimized SIP,0.10398821096756997,-0.0160692280238941
2008-05,Equity SIP,0.17687097981405336,-0.06611684966526232
2008-05,Equal-weight SIP,0.1055805708506577,-0.01608650225797159
2008-05,60/20/20 annual rebal,0.1318341814677388,-0.014402081367304365
2008-05,Risk-parity SIP,0.10507304374373372,-0.014183094059648904
2008-05,Max-Sharpe SIP,0.1006814407815593,-0.018170676612316417
2008-05,Optimized SIP,0.1029309213127808,-0.01590322684169254
2008-06,Equity SIP,0.1837989659866317,-0.06562984662483373
2008-06,Equal-weight SIP,0.10939842951734287,-0.015836041496770314
2008-06,60/20/20 annual rebal,0.13507290541445244,-0.014372204778564823
2008-06,Risk-parity SIP,0.10830413618199987,-0.013990919018809
2008-06,Max-Sharpe SIP,0.10434467187926777,-0.017997391413030472
2008-06,Optimized SIP,0.10636449600145258,-0.015727447953030826
2008-07,Equity SIP,0.18678093492421835,-0.06515559961956063
2008-07,Equal-weight SIP,0.110202658530721,-0.015580264081591855
2008-07,60/20/20 annual rebal,0.13618028501537746,-0.013878265971714043
2008-07,Risk-parity SIP,0.10869378796818427,-0.013801041102098899
2008-07,Max-Sharpe SIP,0.10510587900609245,-0.017823823735831912
2008-07,Optimized SIP,0.10709987137565828,-0.015551839570718928
2008-08,Equity SIP,0.19037300598761644,-0.06464501537336487
2008-08,Equal-weight SIP,0.11117421587354581,-0.015319806333141672
2008-08,60/20/20 annual rebal,0.1379073053584084,-0.013619209853255265
2008-08,Risk-parity SIP,0.10925202737344174,-0.01360430459387596
2008-08,Max-Sharpe SIP,0.10616654909320815,-0.017642596560324297
2008-08,Optimized SIP,0.10789156033611608,-0.015367521844817822
2008-09,Equity SIP,0.19545028158164213,-0.06407159339498225
2008-09,Equal-weight SIP,0.1132293039375408,-0.015066066015528956
2008-09,60/20/20 annual rebal,0.14095739450744918,-0.013141498788206252
2008-09,Risk-parity SIP,0.11074584075505879,-0.013400677883746992
2008-09,Max-Sharpe SIP,0.10823586933776118,-0.017453735515904678
2008-09,Optimized SIP,0.10963593145981071,-0.015174663140571143
2008-10,Equity SIP,0.20352356363777238,-0.06348148232991457
2008-10,Equal-weight SIP,0.11963296497899303,-0.01476570045161918
2008-10,60/20/20 annual rebal,0.14788661712610882,-0.013574543840467523
2008-10,Risk-parity SIP,0.11656453934760883,-0.01318875035301248
2008-10,Max-Sharpe SIP,0.11434402928621114,-0.017253733850984387
2008-10,Optimized SIP,0.11555765500323174,-0.014970507893353635
2008-11,Equity SIP,0.1975754353592895,-0.06286410587200508
2008-11,Equal-weight SIP,0.11751536294205854,-0.014467446316580812
2008-11,60/20/20 annual rebal,0.14540115127406966,-0.01444809016465376
2008-11,Risk-parity SIP,0.11478057090492216,-0.012980874368341833
2008-11,Max-Sharpe SIP,0.11207844039290539,-0.017052474696947928
2008-11,Optimized SIP,0.11361563412051832,-0.014767590876375913
2008-12,Equity SIP,0.18665486628478173,-0.06209393401012975
2008-12,Equal-weight SIP,0.10936082885391878,-0.028275583133256066
2008-12,60/20/20 annual rebal,0.13545371861960798,-0.033987476855595
2008-12,Risk-parity SIP,0.10702999199641902,-0.025974846391358386
2008-12,Max-Sharpe SIP,0.10420638668821516,-0.027306199327341907
2008-12,Optimized SIP,0.10584339810930467,-0.026430341759167475
2009-01,Equity SIP,0.17102127482621063,-0.12056147630199576
2009-01,Equal-weight SIP,0.10204389431361449,-0.05044746830516522
2009-01,60/20/20 annual rebal,0.1271016850758158,-0.06489249086068749
2009-01,Risk-parity SIP,0.10118930277639845,-0.041019896141488155
2009-01,Max-Sharpe SIP,0.09761476477636029,-0.046878203763312754
2009-01,Optimized SIP,0.09970595680192659,-0.043324455692911434
2009-02,Equity SIP,0.1711993798949395,-0.12041446201670958
2009-02,Equal-weight SIP,0.10351111694937336,-0.05017329284155281
2009-02,60/20/20 annual rebal,0.12747693330637053,-0.06541258208524314
2009-02,Risk-parity SIP,0.10275411021118869,-0.04078940254721042
2009-02,Max-Sharpe SIP,0.09914563005865985,-0.04674824099261432
2009-02,Optimized SIP,0.10124135308742196,-0.04317450723530858
2009-03,Equity SIP,0.1801604814191328,-0.12026085001862696
2009-03,Equal-weight SIP,0.10917378921362654,-0.049878846175896996
2009-03,60/20/20 annual rebal,0.1338042644296778,-0.06439827629672568
2009-03,Risk-parity SIP,0.107774668788113,-0.04055496055769958
2009-03,Max-Sharpe SIP,0.10602927315498133,-0.04661630064881561
2009-03,Optimized SIP,0.1072313874846175,-0.04301879994485136
2009-04,Equity SIP,0.176240504601482,-0.12009161590646555
2009-04,Equal-weight SIP,0.10428970193980126,-0.04952880475587074
2009-04,60/20/20 annual rebal,0.12902546124637548,-0.06480755274340477
2009-04,Risk-parity SIP,0.10292829112895618,-0.04031597191842384
2009-04,Max-Sharpe SIP,0.10183675583193146,-0.04648255932081258
2009-04,Optimized SIP,0.10270785659560025,-0.04285944654213014
2009-05,Equity SIP,0.17961768393487879,-0.11991153649539277
2009-05,Equal-weight SIP,0.10512414693972284,-0.04914598316922969
2009-05,60/20/20 annual rebal,0.12964958327091744,-0.064510497700492
2009-05,Risk-parity SIP,0.10350839667684317,-0.04007410655242727
2009-05,Max-Sharpe SIP,0.10387911160950793,-0.04634889659376573
2009-05,Optimized SIP,0.10404420892553276,-0.042699800493793294
2009-06,Equity SIP,0.17484039687105674,-0.11974071191566327
2009-06,Equal-weight SIP,0.10330393489727006,-0.04882013760496484
2009-06,60/20/20 annual rebal,0.12680068780180817,-0.06493502221457981
2009-06,Risk-parity SIP,0.10229602403093738,-0.03982621579299428
2009-06,Max-Sharpe SIP,0.10186590060762207,-0.04620866797875589
2009-06,Optimized SIP,0.10240458586791831,-0.04253542295617374
2009-07,Equity SIP,0.1735439044176538,-0.11956924914668388
2009-07,Equal-weight SIP,0.10568304482533583,-0.04851056561087208
2009-07,60/20/20 annual rebal,0.1285172389637187,-0.06358712872578809
2009-07,Risk-parity SIP,0.1051716258295287,-0.03956791090491285
2009-07,Max-Sharpe SIP,0.10399360608418251,-0.046060812198360335
2009-07,Optimized SIP,0.10487364487795856,-0.04236326857150674
2009-08,Equity SIP,0.17592772937605694,-0.11939298676192878
2009-08,Equal-weight SIP,0.10718718535791025,-0.04820451991030528
2009-08,60/20/20 annual rebal,0.13058571410044464,-0.06255166088032404
2009-08,Risk-parity SIP,0.10636554390021498,-0.039296541945614494
2009-08,Max-Sharpe SIP,0.10620707701349767,-0.0459057015880191
2009-08,Optimized SIP,0.10656743698386179,-0.042181963500048436
2009-09,Equity SIP,0.1737062139114366,-0.1192146908670848
2009-09,Equal-weight SIP,0.11387740236135747,-0.04789954949087005
2009-09,60/20/20 annual rebal,0.13574141679940716,-0.061278582052731845
2009-09,Risk-parity SIP,0.11428091567150173,-0.039022960339375024
2009-09,Max-Sharpe SIP,0.11147674327756202,-0.04574753515652952
2009-09,Optimized SIP,0.11250587488970072,-0.041957218526316065
2009-10,Equity SIP,0.17706256928219435,-0.11904309436897054
2009-10,Equal-weight SIP,0.11497761728608973,-0.04762670836078953
2009-10,60/20/20 annual rebal,0.1380279994388281,-0.059756415233723215
2009-10,Risk-parity SIP,0.11495426603569102,-0.0387484331360225
2009-10,Max-Sharpe SIP,0.11329152023063535,-0.045586710564540445
2009-10,Optimized SIP,0.11381212831080628,-0.04177928090495353
2009-11,Equity SIP,0.1737535275637703,-0.11887166712385933
2009-11,Equal-weight SIP,0.11180523037097428,-0.0473561145849698
2009-11,60/20/20 annual rebal,0.13496136486275187,-0.05893111633892689
2009-11,Risk-parity SIP,0.11179451237772572,-0.03847455782548426
2009-11,Max-Sharpe SIP,0.11021602338066765,-0.04542651794694852
2009-11,Optimized SIP,0.11074339387759372,-0.04160356200499571
2009-12,Equity SIP,0.18046239067493722,-0.11869201179817135
2009-12,Equal-weight SIP,0.11381309773460561,-0.04707399055205308
2009-12,60/20/20 annual rebal,0.13683759793071087,-0.061380832035053956
2009-12,Risk-parity SIP,0.11315141977045753,-0.0381881694422741
2009-12,Max-Sharpe SIP,0.11344014205236452,-0.04525898774370851
2009-12,Optimized SIP,0.11309506120848233,-0.04141975702923428
2010-01,Equity SIP,0.1814955112686312,-0.11850900349115123
2010-01,Equal-weight SIP,0.11330524319613092,-0.04678379477535244
2010-01,60/20/20 annual rebal,0.1369193388753123,-0.06231294448766511
2010-01,Risk-parity SIP,0.11233690168015843,-0.037899942738426784
2010-01,Max-Sharpe SIP,0.11336117933626894,-0.045081655578730784
2010-01,Optimized SIP,0.11272615437655485,-0.04123148958055045
2010-02,Equity SIP,0.18532622962950604,-0.11832330503431432
2010-02,Equal-weight SIP,0.11778317766249387,-0.04649794119755124
2010-02,60/20/20 annual rebal,0.14084842969281106,-0.06277453452175485
2010-02,Risk-parity SIP,0.11661636267180292,-0.03760362848400478
2010-02,Max-Sharpe SIP,0.11802644712324452,-0.04490803678949307
2010-02,Optimized SIP,0.11725046291535456,-0.041041389722143995
2010-03,Equity SIP,0.18355426325219293,-0.11813060094509442
2010-03,Equal-weight SIP,0.1189229237278252,-0.04620967804913423
2010-03,60/20/20 annual rebal,0.14124138754088347,-0.061713852350888554
2010-03,Risk-parity SIP,0.11806255560391764,-0.03729201863272358
2010-03,Max-Sharpe SIP,0.118728336156566,-0.044725199711553754
2010-03,Optimized SIP,0.11837433980540539,-0.04085303684975827
2010-04,Equity SIP,0.14949354967825282,-0.15223015199342216
2010-04,Equal-weight SIP,0.11034618090673524,-0.04589820442523718
2010-04,60/20/20 annual rebal,0.1263583601480749,-0.062065430304337865
2010-04,Risk-parity SIP,0.11281160994892803,-0.03697854327515304
2010-04,Max-Sharpe SIP,0.10719444351944708,-0.04478531129145291
2010-04,Optimized SIP,0.11009534432838919,-0.040667337864080055
2010-05,Equity SIP,0.15880203588680206,-0.15218136645168379
2010-05,Equal-weight SIP,0.1198477899447799,-0.04560325069363347
2010-05,60/20/20 annual rebal,0.13499377685263944,-0.061715513770280284
2010-05,Risk-parity SIP,0.12197243946487868,-0.03670919629441305
2010-05,Max-Sharpe SIP,0.11605014658177891,-0.044723998773867124
2010-05,Optimized SIP,0.11914349931932004,-0.04047549793977512
2010-06,Equity SIP,0.16560157935708358,-0.1521317056176129
2010-06,Equal-weight SIP,0.12204422463535039,-0.0453123938016754
2010-06,60/20/20 annual rebal,0.13881625730125385,-0.06206936848395339
2010-06,Risk-parity SIP,0.12395090890359027,-0.036429537613701934
2010-06,Max-Sharpe SIP,0.119207456939822,-0.044660175152233195
2010-06,Optimized SIP,0.12174998096785047,-0.040275970369566205
2010-07,Equity SIP,0.17467494894275892,-0.15207857202637298
2010-07,Equal-weight SIP,0.1254187845401103,-0.044970912315293154
2010-07,60/20/20 annual rebal,0.14344198083466514,-0.060662807322452994
2010-07,Risk-parity SIP,0.1272085510728851,-0.03615279450802489
2010-07,Max-Sharpe SIP,0.12418643720362571,-0.04459839419004474
2010-07,Optimized SIP,0.12589691980274637,-0.04007911866885838
2010-08,Equity SIP,0.17618435233877552,-0.1520222510214716
2010-08,Equal-weight SIP,0.1282245554116669,-0.0445936597130554
2010-08,60/20/20 annual rebal,0.1454296259504564,-0.06195364576868301
2010-08,Risk-parity SIP,0.1296405300331152,-0.03587670752837724
2010-08,Max-Sharpe SIP,0.12594951106606203,-0.04453708549934554
2010-08,Optimized SIP,0.12800359973842368,-0.03988041100933781
2010-09,Equity SIP,0.18294746259175584,-0.1519639251078314
2010-09,Equal-weight SIP,0.13326040588872018,-0.04420505820637377
2010-09,60/20/20 annual rebal,0.15149253326913034,-0.060822782754631044
2010-09,Risk-parity SIP,0.1342001854707026,-0.03559271822886145
2010-09,Max-Sharpe SIP,0.13058582250891745,-0.04447399939009511
2010-09,Optimized SIP,0.13261244484688123,-0.039675673964145286
2010-10,Equity SIP,0.17613842112933994,-0.1519033673103991
2010-10,Equal-weight SIP,0.1265473681186047,-0.043798864387334935
2010-10,60/20/20 annual rebal,0.14517772357838657,-0.06493176803643497
2010-10,Risk-parity SIP,0.12775057213048413,-0.03535655419964945
2010-10,Max-Sharpe SIP,0.12466715039039891,-0.04440997058983376
2010-10,Optimized SIP,0.12643758748528838,-0.039466629136321596
2010-11,Equity SIP,0.17642403460395228,-0.15184161061772727
2010-11,Equal-weight SIP,0.1248431688052466,-0.043389289953824406
2010-11,60/20/20 annual rebal,0.1441698302724234,-0.06326221575643698
2010-11,Risk-parity SIP,0.12613793705534268,-0.0351154373551722
2010-11,Max-Sharpe SIP,0.12397692758332134,-0.04434452821294832
2010-11,Optimized SIP,0.12529998090634814,-0.039250980307680816
2010-12,Equity SIP,0.18227720614655768,-0.15177802919884065
2010-12,Equal-weight SIP,0.12634508233733105,-0.04297360664752459
2010-12,60/20/20 annual rebal,0.1458989919854956,-0.06295495178618149
2010-12,Risk-parity SIP,0.1278245025956586,-0.0348693593876328
2010-12,Max-Sharpe SIP,0.1274230272680782,-0.04427758440433083
2010-12,Optimized SIP,0.12787284385932587,-0.03902726126656286
2011-01,Equity SIP,0.18552427756551454,-0.15171428893023786
2011-01,Equal-weight SIP,0.12580245906081866,-0.04256572889553778
2011-01,60/20/20 annual rebal,0.14648144881105796,-0.059986674414121754
2011-01,Risk-parity SIP,0.12735205038796607,-0.034628254646054235
2011-01,Max-Sharpe SIP,0.1283767913812306,-0.0442092660898451
2011-01,Optimized SIP,0.1281276962715696,-0.038799278942686866
2011-02,Equity SIP,0.18647114720136063,-0.15165060770584382
2011-02,Equal-weight SIP,0.12442986351941597,-0.04217510327419827
2011-02,60/20/20 annual rebal,0.14530765991302122,-0.05922473214823587
2011-02,Risk-parity SIP,0.125485413892407,-0.03437877429489278
2011-02,Max-Sharpe SIP,0.1276410295341793,-0.04413839481166204
2011-02,Optimized SIP,0.12665009287614443,-0.03856249248242538
2011-03,Equity SIP,0.1874612077685255,-0.15158703082522806
2011-03,Equal-weight SIP,0.12134570665760326,-0.04179909357734146
2011-03,60/20/20 annual rebal,0.14331634063674822,-0.05821913084953456
2011-03,Risk-parity SIP,0.12214907650703845,-0.03412241057479526
2011-03,Max-Sharpe SIP,0.1252712993921307,-0.04406523408677476
2011-03,Optimized SIP,0.1236582554811247,-0.038318023156412195
2011-04,Equity SIP,0.18626921818928932,-0.15152302519226424
2011-04,Equal-weight SIP,0.11603336638205614,-0.04143109605006823
2011-04,60/20/20 annual rebal,0.13895460940190038,-0.059401398850216225
2011-04,Risk-parity SIP,0.11660383567484256,-0.03385882448629485
2011-04,Max-Sharpe SIP,0.12079119641378773,-0.04399025855525929
2011-04,Optimized SIP,0.11850771681055487,-0.03806647773435268
2011-05,Equity SIP,0.19850916359468324,-0.1514550695503204
2011-05,Equal-weight SIP,0.12480536964614063,-0.04103097002611977
2011-05,60/20/20 annual rebal,0.15207939644183127,-0.060609483517167106
2011-05,Risk-parity SIP,0.12396838105129927,-0.03358638966903471
2011-05,Max-Sharpe SIP,0.12910223355558967,-0.04391361251405457
2011-05,Optimized SIP,0.12649707736010693,-0.03780663672711415
2011-06,Equity SIP,0.19369748608623275,-0.151384961517657
2011-06,Equal-weight SIP,0.12270354075965766,-0.040621312320654024
2011-06,60/20/20 annual rebal,0.15010357527936674,-0.058585825218168464
2011-06,Risk-parity SIP,0.12152605979927945,-0.03330412953202422
2011-06,Max-Sharpe SIP,0.12556124608734925,-0.04383528475603726
2011-06,Optimized SIP,0.12384349822416563,-0.037538405444332734
2011-07,Equity SIP,0.19506243689874006,-0.15131346819701919
2011-07,Equal-weight SIP,0.12329127080236978,-0.04019941020216877
2011-07,60/20/20 annual rebal,0.1492947454485956,-0.05967850036596811
2011-07,Risk-parity SIP,0.12214963984525563,-0.033020664591536186
2011-07,Max-Sharpe SIP,0.12685811635590308,-0.04375694686052789
2011-07,Optimized SIP,0.12481011782993605,-0.03726910912612025
2011-08,Equity SIP,0.1999634577954522,-0.1512360056934482
2011-08,Equal-weight SIP,0.1264937042211971,-0.039728960235700383
2011-08,60/20/20 annual rebal,0.15181610212250984,-0.061008089524764886
2011-08,Risk-parity SIP,0.12549730535520212,-0.03272520100397114
2011-08,Max-Sharpe SIP,0.13135132860408855,-0.043676064114629876
2011-08,Optimized SIP,0.1287435151743218,-0.03698954278218225
2011-09,Equity SIP,0.1998165592761231,-0.15115691446311041
2011-09,Equal-weight SIP,0.12484894558190694,-0.039255385662544495
2011-09,60/20/20 annual rebal,0.15131242559482685,-0.0598643876958016
2011-09,Risk-parity SIP,0.12377311431328197,-0.03242082881221964
2011-09,Max-Sharpe SIP,0.1304801432235843,-0.043593407008293505
2011-09,Optimized SIP,0.12745958044675842,-0.03670207632454636
2011-10,Equity SIP,0.19495311679472482,-0.15106649146003925
2011-10,Equal-weight SIP,0.1206747802282305,-0.03866397872091021
2011-10,60/20/20 annual rebal,0.14724517811932003,-0.063917623142139
2011-10,Risk-parity SIP,0.11974767624201131,-0.032117256278324735
2011-10,Max-Sharpe SIP,0.12668506081608727,-0.04351414199897685
2011-10,Optimized SIP,0.12356036371436886,-0.03642035343471317
2011-11,Equity SIP,0.19559789421387494,-0.15097576541405722
2011-11,Equal-weight SIP,0.1214368247274825,-0.038068088961016766
2011-11,60/20/20 annual rebal,0.14799652972230712,-0.062232955980055515
2011-11,Risk-parity SIP,0.1203036602185187,-0.031821353323450485
2011-11,Max-Sharpe SIP,0.12736901211953128,-0.0434373798489045
2011-11,Optimized SIP,0.12419316995507906,-0.03614630866357105
2011-12,Equity SIP,0.1998546687189997,-0.15088645492455632
2011-12,Equal-weight SIP,0.12397487584682843,-0.03749978830902134
2011-12,60/20/20 annual rebal,0.14989877012076325,-0.06190710395351706
2011-12,Risk-parity SIP,0.12226268616643972,-0.03152108681964272
2011-12,Max-Sharpe SIP,0.12979805014301848,-0.04335862647765043
2011-12,Optimized SIP,0.12640333123160194,-0.03586624776772007
2012-01,Equity SIP,0.19948417337318433,-0.1507974372148131
2012-01,Equal-weight SIP,0.1240943796587254,-0.03693565262993337
2012-01,60/20/20 annual rebal,0.14970101552543896,-0.05892558185344687
2012-01,Risk-parity SIP,0.12293057733442572,-0.031225643012322224
2012-01,Max-Sharpe SIP,0.13108295745673787,-0.043282163549429264
2012-01,Optimized SIP,0.12739052547699814,-0.03559179124847278
2012-02,Equity SIP,0.19019022884375938,-0.15070893669737806
2012-02,Equal-weight SIP,0.11738128827272311,-0.03638602260920576
2012-02,60/20/20 annual rebal,0.141732438710846,-0.057527886253669225
2012-02,Risk-parity SIP,0.11608584213310087,-0.030927788968817094
2012-02,Max-Sharpe SIP,0.12338744694000227,-0.04320422094537024
2012-02,Optimized SIP,0.12012706534132458,-0.035313109701311296
2012-03,Equity SIP,0.1831512818365466,-0.1506184575425651
2012-03,Equal-weight SIP,0.11474430369557306,-0.035836744990691005
2012-03,60/20/20 annual rebal,0.13775569454542386,-0.05712259546656506
2012-03,Risk-parity SIP,0.11382770613985882,-0.030616854273817662
2012-03,Max-Sharpe SIP,0.11964489876327115,-0.0431229749601697
2012-03,Optimized SIP,0.1170326934268946,-0.035021971763029236
2012-04,Equity SIP,0.1814869944419431,-0.15052446908924877
2012-04,Equal-weight SIP,0.11701554155734739,-0.035273950354247074
2012-04,60/20/20 annual rebal,0.13832939399646443,-0.05829448783481417
2012-04,Risk-parity SIP,0.1156960355489759,-0.030290168109370574
2012-04,Max-Sharpe SIP,0.11991934319895406,-0.04303920337413625
2012-04,Optimized SIP,0.11810104441199809,-0.03471930614377294
2012-05,Equity SIP,0.17880058525821013,-0.15043141513967984
2012-05,Equal-weight SIP,0.11265274735917039,-0.03473156650408993
2012-05,60/20/20 annual rebal,0.13753181153581961,-0.05948508860185431
2012-05,Risk-parity SIP,0.10988288689316278,-0.029943559139471665
2012-05,Max-Sharpe SIP,0.11458745870648472,-0.04295255140358423
2012-05,Optimized SIP,0.11272618114727746,-0.0344100046549789
2012-06,Equity SIP,0.16346446944428528,-0.1503368773310777
2012-06,Equal-weight SIP,0.1033162580970971,-0.04340556430799758
2012-06,60/20/20 annual rebal,0.12783509888348224,-0.05747288045984511
2012-06,Risk-parity SIP,0.10255602818851406,-0.04165319237948262
2012-06,Max-Sharpe SIP,0.1058623263590393,-0.06520216328212836
2012-06,Optimized SIP,0.10449683013486542,-0.052930924761304676
2012-07,Equity SIP,0.1562327905843304,-0.15024014573305533
2012-07,Equal-weight SIP,0.09946322318232356,-0.049590415068142324
2012-07,60/20/20 annual rebal,0.12123524126773794,-0.0655008987449619
2012-07,Risk-parity SIP,0.09909555491474491,-0.046563768159073704
2012-07,Max-Sharpe SIP,0.10151787058964137,-0.07442724091965158
2012-07,Optimized SIP,0.10054269312336059,-0.06021750837108897
2012-08,Equity SIP,0.15791249807618388,-0.15014107807418475
2012-08,Equal-weight SIP,0.09955334962732071,-0.04929829117100326
2012-08,60/20/20 annual rebal,0.12113480795186374,-0.06430703576782226
2012-08,Risk-parity SIP,0.1004096285967119,-0.04638541881719305
2012-08,Max-Sharpe SIP,0.10461220587687287,-0.07407850631119306
2012-08,Optimized SIP,0.10274021037281783,-0.05984576182765522
2012-09,Equity SIP,0.16661780690510278,-0.15003979798142308
2012-09,Equal-weight SIP,0.10429869959040146,-0.049004847006758
2012-09,60/20/20 annual rebal,0.12751332190408474,-0.06281037783618215
2012-09,Risk-parity SIP,0.1039161926602646,-0.0462031618915999
2012-09,Max-Sharpe SIP,0.10975557362269753,-0.07372066023485147
2012-09,Optimized SIP,0.1072547760024227,-0.05946592055888489
2012-10,Equity SIP,0.15161866694917278,-0.14993782999174587
2012-10,Equal-weight SIP,0.09284787283711861,-0.048713157005207175
2012-10,60/20/20 annual rebal,0.11548665091771709,-0.06270052825795347
2012-10,Risk-parity SIP,0.09309856909786263,-0.04601873769999132
2012-10,Max-Sharpe SIP,0.09802939338143643,-0.07335961554947723
2012-10,Optimized SIP,0.0959153957980743,-0.0590830883381076
2012-11,Equity SIP,0.14779088836201962,-0.14983251098219474
2012-11,Equal-weight SIP,0.09116637592143438,-0.04841391987948951
2012-11,60/20/20 annual rebal,0.11308573927471259,-0.06104259470144957
2012-11,Risk-parity SIP,0.09121033015212567,-0.045830534736998496
2012-11,Max-Sharpe SIP,0.09560456689595885,-0.07299518434128205
2012-11,Optimized SIP,0.09376507443081132,-0.05869592950798497
2012-12,Equity SIP,0.15322995759610986,-0.1497197853660842
2012-12,Equal-weight SIP,0.09513088251000776,-0.04809816149826207
2012-12,60/20/20 annual rebal,0.11650328370356783,-0.060660216279669776
2012-12,Risk-parity SIP,0.0942662160629155,-0.045632258114596036
2012-12,Max-Sharpe SIP,0.09945223236840307,-0.07261189482889852
2012-12,Optimized SIP,0.09730653653950772,-0.05829593899784258
2013-01,Equity SIP,0.15221682711183857,-0.14960228572316814
2013-01,Equal-weight SIP,0.09894292442475582,-0.047774353847539364
2013-01,60/20/20 annual rebal,0.1184903683170424,-0.05948669399289441
2013-01,Risk-parity SIP,0.09849819837143696,-0.04543281590290671
2013-01,Max-Sharpe SIP,0.10232325522766689,-0.07222593265206712
2013-01,Optimized SIP,0.10081232544743073,-0.05789486322199899
2013-02,Equity SIP,0.15028384676907847,-0.1494817604890365
2013-02,Equal-weight SIP,0.10053125258338017,-0.047448530097628394
2013-02,60/20/20 annual rebal,0.11848853433936848,-0.05849441802859723
2013-02,Risk-parity SIP,0.09961840974393514,-0.0452275905346744
2013-02,Max-Sharpe SIP,0.102324024502889,-0.07182662452240218
2013-02,Optimized SIP,0.1013727312493673,-0.057473836230300224
2013-03,Equity SIP,0.1552597986635606,-0.14936000988627474
2013-03,Equal-weight SIP,0.10135983002890758,-0.04712505082037288
2013-03,60/20/20 annual rebal,0.12048917045257643,-0.05976883336734484
2013-03,Risk-parity SIP,0.09984299406927442,-0.04501659545275061
2013-03,Max-Sharpe SIP,0.1045566831154938,-0.07141397949641448
2013-03,Optimized SIP,0.10265750206076601,-0.05702517329071166
2013-04,Equity SIP,0.14686554845258668,-0.14923469481984786
2013-04,Equal-weight SIP,0.09914881963910845,-0.046798396678582876
2013-04,60/20/20 annual rebal,0.11568289394990434,-0.06112676884900814
2013-04,Risk-parity SIP,0.09805170815621193,-0.04479796799229108
2013-04,Max-Sharpe SIP,0.1008153775318476,-0.07098546743931644
2013-04,Optimized SIP,0.09983465148924286,-0.05655798127655476
2013-05,Equity SIP,0.1508453434083377,-0.14910866460887184
2013-05,Equal-weight SIP,0.10371964567984383,-0.04647605570050628
2013-05,60/20/20 annual rebal,0.12299827786344295,-0.060989769084423884
2013-05,Risk-parity SIP,0.10200731877270572,-0.04457701832492966
2013-05,Max-Sharpe SIP,0.10481058569951122,-0.07055118034139207
2013-05,Optimized SIP,0.10381728275537237,-0.05608406654794529
2013-06,Equity SIP,0.15029338745883628,-0.14897864617877088
2013-06,Equal-weight SIP,0.10287916243792684,-0.04615191197489121
2013-06,60/20/20 annual rebal,0.12313622652918915,-0.058832369231268
2013-06,Risk-parity SIP,0.10096668574965417,-0.0443483155944282
2013-06,Max-Sharpe SIP,0.10422598281003714,-0.07009664278167749
2013-06,Optimized SIP,0.10300729808944069,-0.05558958381135359
2013-07,Equity SIP,0.15659071509934053,-0.14885038609906842
2013-07,Equal-weight SIP,0.10296984815862295,-0.045838986441746776
2013-07,60/20/20 annual rebal,0.1236247231198416,-0.06068258494912693
2013-07,Risk-parity SIP,0.10031633893704671,-0.04411599358103002
2013-07,Max-Sharpe SIP,0.10624733519568115,-0.06963319855375505
2013-07,Optimized SIP,0.10373063105629304,-0.05508463344843906
2013-08,Equity SIP,0.16107890061960758,-0.148723005446869
2013-08,Equal-weight SIP,0.10429472945869996,-0.045533326750026415
2013-08,60/20/20 annual rebal,0.12485942335626776,-0.05936379603728692
2013-08,Risk-parity SIP,0.10074078824457822,-0.043884320848306735
2013-08,Max-Sharpe SIP,0.10810921126570383,-0.06917621287275455
2013-08,Optimized SIP,0.10488348970504041,-0.05457893816019088
2013-09,Equity SIP,0.1583820910567118,-0.148597493223807
2013-09,Equal-weight SIP,0.10158743933603635,-0.045237324264550405
2013-09,60/20/20 annual rebal,0.12290661653594315,-0.057792205536912
2013-09,Risk-parity SIP,0.09790046690696096,-0.043650006930639695
2013-09,Max-Sharpe SIP,0.10549732545716914,-0.06870478494171883
2013-09,Optimized SIP,0.10215983291202584,-0.054065534237682344
2013-10,Equity SIP,0.15943318781512425,-0.14847361240088786
2013-10,Equal-weight SIP,0.10132139721736146,-0.04494613217632848
2013-10,60/20/20 annual rebal,0.12305460556994964,-0.0611425670156277
2013-10,Risk-parity SIP,0.09705006562628962,-0.04342298810921241
2013-10,Max-Sharpe SIP,0.10535076699500047,-0.06825214436595384
2013-10,Optimized SIP,0.10167652573442729,-0.05356849949117304
2013-11,Equity SIP,0.14741075032042789,-0.14834806430776504
2013-11,Equal-weight SIP,0.09438361368112386,-0.04465442722677515
2013-11,60/20/20 annual rebal,0.1146947823069542,-0.05943897541023169
2013-11,Risk-parity SIP,0.09008092657283344,-0.04319350474544903
2013-11,Max-Sharpe SIP,0.09657999431851728,-0.06779431284095516
2013-11,Optimized SIP,0.09377979902849473,-0.05306436718241636
2013-12,Equity SIP,0.1537167875950114,-0.14821599845613442
2013-12,Equal-weight SIP,0.1001956959254759,-0.044446020147470566
2013-12,60/20/20 annual rebal,0.11967485780438039,-0.059058697208029476
2013-12,Risk-parity SIP,0.09568578178232692,-0.04432543372051578
2013-12,Max-Sharpe SIP,0.10244993024091122,-0.06731104143974298
2013-12,Optimized SIP,0.09944530028851534,-0.05253000274952335
2014-01,Equity SIP,0.16099638775977634,-0.14808572315786983
2014-01,Equal-weight SIP,0.10606913360729604,-0.044341704087446754
2014-01,60/20/20 annual rebal,0.12553352757348626,-0.05603983394303569
2014-01,Risk-parity SIP,0.10171550581508142,-0.04406011182346581
2014-01,Max-Sharpe SIP,0.10940687814971953,-0.06682288974232653
2014-01,Optimized SIP,0.1059753919605866,-0.051988059480574056
2014-02,Equity SIP,0.1634660182679178,-0.1479508286091289
2014-02,Equal-weight SIP,0.10673198516759012,-0.04423646303315798
2014-02,60/20/20 annual rebal,0.1265191277980769,-0.054595573291621124
2014-02,Risk-parity SIP,0.10193563399086758,-0.043781560297989186
2014-02,Max-Sharpe SIP,0.11044054467547795,-0.0663081254062905
2014-02,Optimized SIP,0.10659793324818297,-0.051414394197634494
2014-03,Equity SIP,0.1690593721688543,-0.14781257653426505
2014-03,Equal-weight SIP,0.1079218367593568,-0.04412967236013465
2014-03,60/20/20 annual rebal,0.12896685555119164,-0.05431616012535423
2014-03,Risk-parity SIP,0.10179272956566084,-0.04349906111181623
2014-03,Max-Sharpe SIP,0.11225115501853727,-0.06578671252720913
2014-03,Optimized SIP,0.10744439046140535,-0.05082921607470481
2014-04,Equity SIP,0.17306161497318698,-0.14766870691010314
2014-04,Equal-weight SIP,0.11350717234022248,-0.044018712681206607
2014-04,60/20/20 annual rebal,0.13296437689769833,-0.05558687819572683
2014-04,Risk-parity SIP,0.10601953757027935,-0.04321317798153779
2014-04,Max-Sharpe SIP,0.1167309682255501,-0.06525909512947814
2014-04,Optimized SIP,0.11179949937586948,-0.05023220073623513
2014-05,Equity SIP,0.16983817110358704,-0.14752000563755985
2014-05,Equal-weight SIP,0.11604143620381348,-0.04390571934298215
2014-05,60/20/20 annual rebal,0.13633907727402872,-0.05638334436221848
2014-05,Risk-parity SIP,0.10709031314517753,-0.042918366068317115
2014-05,Max-Sharpe SIP,0.11686162014778716,-0.06471597821504649
2014-05,Optimized SIP,0.11239740914375494,-0.049621435075453135
2014-06,Equity SIP,0.1722046736145234,-0.1473638575665015
2014-06,Equal-weight SIP,0.1174222135242963,-0.043789136942556706
2014-06,60/20/20 annual rebal,0.13854529331054827,-0.054382177939200305
2014-06,Risk-parity SIP,0.10810971455057068,-0.042629321166879786
2014-06,Max-Sharpe SIP,0.11848178016887821,-0.06414719637850397
2014-06,Optimized SIP,0.11371536099496944,-0.04902892265089709
2014-07,Equity SIP,0.17656735840655582,-0.14720058817791926
2014-07,Equal-weight SIP,0.11888280379906266,-0.04366923545700918
2014-07,60/20/20 annual rebal,0.1396242540152886,-0.05532415728624018
2014-07,Risk-parity SIP,0.10994928374263986,-0.04251766255166267
2014-07,Max-Sharpe SIP,0.12094240549536098,-0.06355533074032449
2014-07,Optimized SIP,0.11564756448631056,-0.04847510968050117
2014-08,Equity SIP,0.17901317730171223,-0.14703681259061652
2014-08,Equal-weight SIP,0.12186228137375071,-0.043551631260864476
2014-08,60/20/20 annual rebal,0.14119628775506607,-0.05649564160082321
2014-08,Risk-parity SIP,0.1123017467793699,-0.042404646117262246
2014-08,Max-Sharpe SIP,0.12354306611521383,-0.06295574721820907
2014-08,Optimized SIP,0.11812527866717774,-0.047907029284104063
2014-09,Equity SIP,0.17567553590734353,-0.14686957052079463
2014-09,Equal-weight SIP,0.12338213846981809,-0.043432912493807985
2014-09,60/20/20 annual rebal,0.14193298937494975,-0.055295405502083894
2014-09,Risk-parity SIP,0.11493311030347143,-0.04229059760268028
2014-09,Max-Sharpe SIP,0.12450008792742659,-0.062349925962727815
2014-09,Optimized SIP,0.11988705807188622,-0.04732720337100216
2014-10,Equity SIP,0.17826252105679272,-0.14669663827325763
2014-10,Equal-weight SIP,0.12706798238900452,-0.04331168268121233
2014-10,60/20/20 annual rebal,0.14495556060466977,-0.05914031633522565
2014-10,Risk-parity SIP,0.11802819653130917,-0.04217457703603478
2014-10,Max-Sharpe SIP,0.12765969637584385,-0.06173179515427463
2014-10,Optimized SIP,0.12301137225472503,-0.04673102291510334
2014-11,Equity SIP,0.182317078440498,-0.14651944188239874
2014-11,Equal-weight SIP,0.13046643001419858,-0.04319052631947873
2014-11,60/20/20 annual rebal,0.1479990420761976,-0.057392784714969336
2014-11,Risk-parity SIP,0.11911037139009199,-0.04205413585453199
2014-11,Max-Sharpe SIP,0.12992818318875382,-0.06108951667552598
2014-11,Optimized SIP,0.12468883647038498,-0.046107390988034735
2014-12,Equity SIP,0.18531224584040207,-0.14633082258263674
2014-12,Equal-weight SIP,0.12993617806644478,-0.043062440020214754
2014-12,60/20/20 annual rebal,0.1480271294853617,-0.05694423790601577
2014-12,Risk-parity SIP,0.11761210714001877,-0.04193027058271148
2014-12,Max-Sharpe SIP,0.1300094756505762,-0.06042560012697651
2014-12,Optimized SIP,0.12400170915165097,-0.04545984858121732
2015-01,Equity SIP,0.18727091742977434,-0.14614543087856435
2015-01,Equal-weight SIP,0.13089710573851165,-0.04294052207072174
2015-01,60/20/20 annual rebal,0.14886580307813116,-0.05387432495558919
2015-01,Risk-parity SIP,0.11834644864420238,-0.041804822885650905
2015-01,Max-Sharpe SIP,0.13138003578968324,-0.05978681726817814
2015-01,Optimized SIP,0.1249921685302528,-0.044801268359248025
2015-02,Equity SIP,0.1871881150845522,-0.14595635091949755
2015-02,Equal-weight SIP,0.13277888365415066,-0.04281733290812617
2015-02,60/20/20 annual rebal,0.14977395686607264,-0.052377385869186055
2015-02,Risk-parity SIP,0.11952918020295943,-0.041679175696813564
2015-02,Max-Sharpe SIP,0.13232159927913037,-0.059107991991074305
2015-02,Optimized SIP,0.12603749106195553,-0.04419152026577655
2015-03,Equity SIP,0.1887078682937024,-0.14575481946693936
2015-03,Equal-weight SIP,0.13897322431874548,-0.042686399235453365
2015-03,60/20/20 annual rebal,0.15416589884457402,-0.05185913615023752
2015-03,Risk-parity SIP,0.12531101081555826,-0.0415506605880146
2015-03,Max-Sharpe SIP,0.1380973199518052,-0.05841130467990496
2015-03,Optimized SIP,0.1312652812709455,-0.0440482530902353
2015-04,Equity SIP,0.1743597554365239,-0.14554951105213454
2015-04,Equal-weight SIP,0.13421264368207578,-0.042555978198517086
2015-04,60/20/20 annual rebal,0.14591052444005398,-0.05289640980238941
2015-04,Risk-parity SIP,0.12194283698191592,-0.04141831000910934
2015-04,Max-Sharpe SIP,0.13214124990998738,-0.05845296050215876
2015-04,Optimized SIP,0.12638998338551935,-0.04394282468193522
2015-05,Equity SIP,0.15981203806960717,-0.1453366762346755
2015-05,Equal-weight SIP,0.13219461463631843,-0.042423360954054856
2015-05,60/20/20 annual rebal,0.14170614138311072,-0.05394716477136563
2015-05,Risk-parity SIP,0.11930039426508462,-0.041281368620164405
2015-05,Max-Sharpe SIP,0.1286309004650384,-0.05772277400710957
2015-05,Optimized SIP,0.12288767909609377,-0.04383347684076355
2015-06,Equity SIP,0.17186164167428347,-0.14511655327785744
2015-06,Equal-weight SIP,0.13761253546735194,-0.04228790330126553
2015-06,60/20/20 annual rebal,0.14959538110312504,-0.05193612661207714
2015-06,Risk-parity SIP,0.12232725119229385,-0.041142100728499886
2015-06,Max-Sharpe SIP,0.13589822857709963,-0.05732354934732964
2015-06,Optimized SIP,0.12809614431040645,-0.043721635911701195
2015-07,Equity SIP,0.17819409500485944,-0.14489234033991405
2015-07,Equal-weight SIP,0.14146717990232527,-0.042152217095688393
2015-07,60/20/20 annual rebal,0.15270518630837066,-0.05277185046978827
2015-07,Risk-parity SIP,0.12572041844102183,-0.04100017335629014
2015-07,Max-Sharpe SIP,0.14051741933356882,-0.05658075683437547
2015-07,Optimized SIP,0.13201188743985773,-0.04360693108471558
2015-08,Equity SIP,0.18488652345759754,-0.14465687237140779
2015-08,Equal-weight SIP,0.14361180076296395,-0.042011918997254094
2015-08,60/20/20 annual rebal,0.15576363110824581,-0.05382284755131306
2015-08,Risk-parity SIP,0.12751475036950705,-0.04085231241976095
2015-08,Max-Sharpe SIP,0.14391173400078439,-0.05580483985364304
2015-08,Optimized SIP,0.13449754336612607,-0.043487335549031836
2015-09,Equity SIP,0.18912672757630894,-0.14440922179739446
2015-09,Equal-weight SIP,0.14739259388907336,-0.04186719932678584
2015-09,60/20/20 annual rebal,0.1598772650709533,-0.05254919977112871
2015-09,Risk-parity SIP,0.1314452206265089,-0.04069757767567106
2015-09,Max-Sharpe SIP,0.1478932790511049,-0.054989879063878644
2015-09,Optimized SIP,0.1384573458545703,-0.043362297563995233
2015-10,Equity SIP,0.1936259237098764,-0.14414901216508802
2015-10,Equal-weight SIP,0.15627511634123734,-0.041716874909033974
2015-10,60/20/20 annual rebal,0.16634137610512384,-0.05622189665096777
2015-10,Risk-parity SIP,0.13884212367636944,-0.04056619578233012
2015-10,Max-Sharpe SIP,0.1560846572285725,-0.05415811111759472
2015-10,Optimized SIP,0.1461910037491384,-0.04323519828772515
2015-11,Equity SIP,0.19572868408888067,-0.14386715059086708
2015-11,Equal-weight SIP,0.16450254742453618,-0.041555576068443956
2015-11,60/20/20 annual rebal,0.17167066965056066,-0.05438947436620667
2015-11,Risk-parity SIP,0.14433698346255774,-0.040431178150492686
2015-11,Max-Sharpe SIP,0.16332968639088602,-0.053296014504015776
2015-11,Optimized SIP,0.15283477961007982,-0.043103584449478816
2015-12,Equity SIP,0.19468419169754184,-0.143577683298434
2015-12,Equal-weight SIP,0.1643624525748521,-0.04139314479656242
2015-12,60/20/20 annual rebal,0.171071990154253,-0.05382716470162918
2015-12,Risk-parity SIP,0.14412486240910538,-0.04029295856550408
2015-12,Max-Sharpe SIP,0.16313329558863282,-0.05241658343476563
2015-12,Optimized SIP,0.15365470930976263,-0.04296865209239631
2016-01,Equity SIP,0.19811772483519338,-0.14328654932795415
2016-01,Equal-weight SIP,0.17049552114757913,-0.041234060438660625
2016-01,60/20/20 annual rebal,0.17539648681170691,-0.05066448536701462
2016-01,Risk-parity SIP,0.14915178938373413,-0.04015097871515949
2016-01,Max-Sharpe SIP,0.16893946728182768,-0.05151085060035476
2016-01,Optimized SIP,0.15867392659471613,-0.042828616685991916
2016-02,Equity SIP,0.19979069317521622,-0.14297854560198608
2016-02,Equal-weight SIP,0.17936960856184553,-0.0410684197736606
2016-02,60/20/20 annual rebal,0.18079514230405735,-0.04905196616827523
2016-02,Risk-parity SIP,0.15478343589388846,-0.040004139814338924
2016-02,Max-Sharpe SIP,0.1765995318778555,-0.050570412259786424
2016-02,Optimized SIP,0.1652186275141814,-0.04268373125536695
2016-03,Equity SIP,0.19617385800062145,-0.14263533783427096
2016-03,Equal-weight SIP,0.18183498536368073,-0.04088575976239406
2016-03,60/20/20 annual rebal,0.1809857425706433,-0.0483810646199474
2016-03,Risk-parity SIP,0.1560870141104472,-0.03985170475069666
2016-03,Max-Sharpe SIP,0.17802616091965534,-0.049587762126060864
2016-03,Optimized SIP,0.16652564611505602,-0.04253307900400505
2016-04,Equity SIP,0.19145652856649817,-0.14227481273783227
2016-04,Equal-weight SIP,0.178708613044333,-0.040696740506162676
2016-04,60/20/20 annual rebal,0.17730771734290454,-0.04925558943673036
2016-04,Risk-parity SIP,0.15428692525176707,-0.03969736252938516
2016-04,Max-Sharpe SIP,0.17460489096440074,-0.048606062370433634
2016-04,Optimized SIP,0.16393449168975743,-0.042383454285628175
2016-05,Equity SIP,0.19873617877147884,-0.14190862931465142
2016-05,Equal-weight SIP,0.17871014721419343,-0.04050935906801112
2016-05,60/20/20 annual rebal,0.18233151548146664,-0.0501634426499874
2016-05,Risk-parity SIP,0.15478853763799522,-0.03953869020025669
2016-05,Max-Sharpe SIP,0.1762437886264004,-0.04759543184375703
2016-05,Optimized SIP,0.16505428075333262,-0.042230182468080635
2016-06,Equity SIP,0.21221765424639255,-0.14152892473917356
2016-06,Equal-weight SIP,0.18269310115577928,-0.04031958581681516
2016-06,60/20/20 annual rebal,0.18996715324362923,-0.048096056149241395
2016-06,Risk-parity SIP,0.15876111991527142,-0.03937692500155432
2016-06,Max-Sharpe SIP,0.18247035692011018,-0.046553686127556726
2016-06,Optimized SIP,0.17056876968587834,-0.04207254513881464
2016-07,Equity SIP,0.20970983325220127,-0.1411281029867284
2016-07,Equal-weight SIP,0.1736969035089896,-0.040123564062751194
2016-07,60/20/20 annual rebal,0.183079226856591,-0.04870669574509323
2016-07,Risk-parity SIP,0.15259671517604234,-0.03921094206005127
2016-07,Max-Sharpe SIP,0.17384420664254138,-0.04548403301810344
2016-07,Optimized SIP,0.16377743270750414,-0.04191076793628645
2016-08,Equity SIP,0.20991246433791402,-0.14070966950177888
2016-08,Equal-weight SIP,0.17085035781106156,-0.039923688539167945
2016-08,60/20/20 annual rebal,0.18077501736695958,-0.049523968750065706
2016-08,Risk-parity SIP,0.1507040319948227,-0.03904210140005626
2016-08,Max-Sharpe SIP,0.17133396719930183,-0.044473230669612285
2016-08,Optimized SIP,0.16182748877197234,-0.04174622360791236
