start,Strategy,XIRR,Worst wealth drop
1983-02,Equity SIP,0.14757668644827437,-0.22843824576740068
1983-02,Equal-weight SIP,0.09607627034313035,-0.06191342961349333
1983-02,60/20/20 annual rebal,0.11013816678717017,-0.1290795449996578
1983-02,Risk-parity SIP,0.09877487512981675,-0.04908057661556764
1983-02,Max-Sharpe SIP,0.11542407319780139,-0.0705688340271734
1983-02,Optimized SIP,0.10663423279286588,-0.05910425599604663
1983-03,Equity SIP,0.14837869640561846,-0.22758323168253858
1983-03,Equal-weight SIP,0.09802071045263483,-0.06066869796447261
1983-03,60/20/20 annual rebal,0.11143011157771916,-0.12621721770108407
1983-03,Risk-parity SIP,0.10070744153855116,-0.04813844309519455
1983-03,Max-Sharpe SIP,0.11839738994402652,-0.06969593316010947
1983-03,Optimized SIP,0.10907619424290556,-0.05820176663038634
1983-04,Equity SIP,0.1499820494534764,-0.22670056097051805
1983-04,Equal-weight SIP,0.10009202060814537,-0.05941059425228978
1983-04,60/20/20 annual rebal,0.11267899786889156,-0.12126636832064064
1983-04,Risk-parity SIP,0.10262206593447519,-0.04716180198818698
1983-04,Max-Sharpe SIP,0.12101410240192287,-0.06878794370145114
1983-04,Optimized SIP,0.11133146862428452,-0.057270277251458834
1983-05,Equity SIP,0.14517107126965842,-0.22580471111474976
1983-05,Equal-weight SIP,0.0989657751794612,-0.058214029706130654
1983-05,60/20/20 annual rebal,0.11081121193855051,-0.11881165714707886
1983-05,Risk-parity SIP,0.10262127590826878,-0.04614097038830467
1983-05,Max-Sharpe SIP,0.12013349940055269,-0.0678273342174659
1983-05,Optimized SIP,0.11088203783791938,-0.05629056431409085
1983-06,Equity SIP,0.1443297529845331,-0.2250035458055104
1983-06,Equal-weight SIP,0.10046034874971838,-0.05702980841043748
1983-06,60/20/20 annual rebal,0.11283191148424317,-0.11944207213864544
1983-06,Risk-parity SIP,0.10514480470918587,-0.045101546261359204
1983-06,Max-Sharpe SIP,0.12005740405076323,-0.06684541889044937
1983-06,Optimized SIP,0.11211121772017087,-0.05529046708964125
1983-07,Equity SIP,0.1438429305901344,-0.22435046601387065
1983-07,Equal-weight SIP,0.100897014637859,-0.05587192629938953
1983-07,60/20/20 annual rebal,0.11348777554032793,-0.11911436883637283
1983-07,Risk-parity SIP,0.10568735313052127,-0.04403711632590945
1983-07,Max-Sharpe SIP,0.12042715469844303,-0.06574640047548519
1983-07,Optimized SIP,0.11255591138845913,-0.05426392908816824
1983-08,Equity SIP,0.14188120899134585,-0.2236750862776966
1983-08,Equal-weight SIP,0.10252885241454464,-0.05472747275300649
1983-08,60/20/20 annual rebal,0.11436528782815572,-0.11557799822443826
1983-08,Risk-parity SIP,0.1084073566407049,-0.04290660658058454
1983-08,Max-Sharpe SIP,0.12177414227627671,-0.06453037090979041
1983-08,Optimized SIP,0.11458144702741142,-0.05316904791130761
1983-09,Equity SIP,0.14306324954601737,-0.22296890743213538
1983-09,Equal-weight SIP,0.1020265128543199,-0.05356399932038591
1983-09,60/20/20 annual rebal,0.11376498834272614,-0.11300121421819764
1983-09,Risk-parity SIP,0.10688552229191224,-0.041704706563089444
1983-09,Max-Sharpe SIP,0.12191176482028808,-0.06322622003419032
1983-09,Optimized SIP,0.11388379114252073,-0.05190258329219466
1983-10,Equity SIP,0.14338881197803097,-0.22220554239315293
1983-10,Equal-weight SIP,0.10110040715206646,-0.05228647967746336
1983-10,60/20/20 annual rebal,0.1139147237641506,-0.1085251555818264
1983-10,Risk-parity SIP,0.10470245738917036,-0.04042760506044618
1983-10,Max-Sharpe SIP,0.12311343171293096,-0.061841395281028944
1983-10,Optimized SIP,0.11340142838098305,-0.05053052357819188
1983-11,Equity SIP,0.14356557908317047,-0.22142510037850083
1983-11,Equal-weight SIP,0.1018078158503672,-0.05100816229366323
1983-11,60/20/20 annual rebal,0.11498572242397523,-0.10871871223705054
1983-11,Risk-parity SIP,0.10553732721669362,-0.03910955676586725
1983-11,Max-Sharpe SIP,0.12316675643667492,-0.06042861555496071
1983-11,Optimized SIP,0.1138322626259483,-0.04911107078487509
1983-12,Equity SIP,0.14143743581992366,-0.22060570515706934
1983-12,Equal-weight SIP,0.09931735367154082,-0.04968527621512042
1983-12,60/20/20 annual rebal,0.11211734008731433,-0.11964433437928879
1983-12,Risk-parity SIP,0.10323267153552504,-0.037725828883886425
1983-12,Max-Sharpe SIP,0.11866445571103583,-0.058895587794101534
1983-12,Optimized SIP,0.11045998527313003,-0.04761803553767152
1984-01,Equity SIP,0.14088512521361854,-0.2197283353133187
1984-01,Equal-weight SIP,0.09929924315808704,-0.04827490236127252
1984-01,60/20/20 annual rebal,0.111650701069339,-0.12070356677984384
1984-01,Risk-parity SIP,0.10337383852959532,-0.0362536300718852
1984-01,Max-Sharpe SIP,0.11775825462037971,-0.05726862340971839
1984-01,Optimized SIP,0.1101035178243826,-0.04602643627089409
1984-02,Equity SIP,0.14186023876774403,-0.21879652085346712
1984-02,Equal-weight SIP,0.0997893502326384,-0.046774987062372375
1984-02,60/20/20 annual rebal,0.11275264498461489,-0.11855461600787265
1984-02,Risk-parity SIP,0.10358616417616097,-0.034888596971489494
1984-02,Max-Sharpe SIP,0.11764876739877103,-0.05556159462562982
1984-02,Optimized SIP,0.11008996658905663,-0.044295673005713465
1984-03,Equity SIP,0.13948714371801013,-0.21782217857209463
1984-03,Equal-weight SIP,0.09668139518056931,-0.04523618408640073
1984-03,60/20/20 annual rebal,0.10996911137390505,-0.11525774655188592
1984-03,Risk-parity SIP,0.10011003017221047,-0.03376782708872961
1984-03,Max-Sharpe SIP,0.1139282001320472,-0.05375794699752723
1984-03,Optimized SIP,0.10657957063744232,-0.042530420664067425
1984-04,Equity SIP,0.13438321846026594,-0.21672816951674445
1984-04,Equal-weight SIP,0.09169570905066175,-0.043447189020620613
1984-04,60/20/20 annual rebal,0.10486115716049005,-0.10981536847577189
1984-04,Risk-parity SIP,0.09537461196474749,-0.0325657792395625
1984-04,Max-Sharpe SIP,0.10784186694016384,-0.051815073717413895
1984-04,Optimized SIP,0.10103186247394717,-0.04063191681099532
1984-05,Equity SIP,0.12557666461620862,-0.21556349585056467
1984-05,Equal-weight SIP,0.08439495138627094,-0.041562445439580875
1984-05,60/20/20 annual rebal,0.0972169606807445,-0.10679153907829098
1984-05,Risk-parity SIP,0.08843896414476217,-0.03604950607582991
1984-05,Max-Sharpe SIP,0.1004737772991653,-0.049950944448604484
1984-05,Optimized SIP,0.09382805801799629,-0.04130639840189887
1984-06,Equity SIP,0.1251249020861293,-0.2143219250407873
1984-06,Equal-weight SIP,0.08325932644992391,-0.03959009861232998
1984-06,60/20/20 annual rebal,0.0966716226959604,-0.10672150610157205
1984-06,Risk-parity SIP,0.08710467127433542,-0.035805075633886796
1984-06,Max-Sharpe SIP,0.09820413498552887,-0.04818299966464501
1984-06,Optimized SIP,0.09204011351818223,-0.04106541713280387
1984-07,Equity SIP,0.12471666094145326,-0.2129851222217497
1984-07,Equal-weight SIP,0.08362200054495383,-0.037501887901387976
1984-07,60/20/20 annual rebal,0.09715235116539658,-0.10557408081896824
1984-07,Risk-parity SIP,0.08749207493048099,-0.03554879890264928
1984-07,Max-Sharpe SIP,0.09833136174910208,-0.046249986972123236
1984-07,Optimized SIP,0.09229761117514694,-0.04082617148193912
1984-08,Equity SIP,0.12115986252799696,-0.2115173112011176
1984-08,Equal-weight SIP,0.08064485556944262,-0.03613717021095786
1984-08,60/20/20 annual rebal,0.0939576805869925,-0.10113756649528238
1984-08,Risk-parity SIP,0.08453341725798845,-0.03528417299185438
1984-08,Max-Sharpe SIP,0.09497249793644813,-0.044307692416880706
1984-08,Optimized SIP,0.089136929515817,-0.04058128931842042
1984-09,Equity SIP,0.12420923479341259,-0.2099145237627077
1984-09,Equal-weight SIP,0.08123593172429718,-0.03583723982147913
1984-09,60/20/20 annual rebal,0.09521573166199562,-0.09761354299139247
1984-09,Risk-parity SIP,0.08407680218371168,-0.035011641873126
1984-09,Max-Sharpe SIP,0.09475310039116983,-0.044062276978059645
1984-09,Optimized SIP,0.0889626588162696,-0.040326650469144965
1984-10,Equity SIP,0.12332824753747251,-0.20832645998625365
1984-10,Equal-weight SIP,0.08080566684663681,-0.03554615077622991
1984-10,60/20/20 annual rebal,0.09657942398979912,-0.0922391989010638
1984-10,Risk-parity SIP,0.08379505212447799,-0.03475047748645066
1984-10,Max-Sharpe SIP,0.09299126954451685,-0.043819845767800625
1984-10,Optimized SIP,0.08793944171126722,-0.04007607205276231
1984-11,Equity SIP,0.12009183288024294,-0.20663356248445008
1984-11,Equal-weight SIP,0.07756927779208554,-0.03525241929829903
1984-11,60/20/20 annual rebal,0.09391218877399139,-0.09137666983688553
1984-11,Risk-parity SIP,0.08038103713504308,-0.0344847519650644
1984-11,Max-Sharpe SIP,0.08913908886621508,-0.04357631687011487
1984-11,Optimized SIP,0.08432405597997251,-0.03981582642724113
1984-12,Equity SIP,0.11695127894622431,-0.20479085271548358
1984-12,Equal-weight SIP,0.0742453432767636,-0.03495568449485231
1984-12,60/20/20 annual rebal,0.08964874233660951,-0.1008945555359293
1984-12,Risk-parity SIP,0.07675193419399777,-0.03421495424660759
1984-12,Max-Sharpe SIP,0.08550103334224947,-0.04332706769892114
1984-12,Optimized SIP,0.080726982450492,-0.03954400857122098
1985-01,Equity SIP,0.11257924183674481,-0.2028127633431268
1985-01,Equal-weight SIP,0.0722437664086215,-0.034660330105374726
1985-01,60/20/20 annual rebal,0.08603535233314409,-0.10043739143418928
1985-01,Risk-parity SIP,0.07555868222056072,-0.033889865802385954
1985-01,Max-Sharpe SIP,0.08473655514570241,-0.043078910589638975
1985-01,Optimized SIP,0.07941989542834835,-0.039270647170327355
1985-02,Equity SIP,0.11465201470611393,-0.20063929666792946
1985-02,Equal-weight SIP,0.07296606927734887,-0.03435909605216292
1985-02,60/20/20 annual rebal,0.08725944275377497,-0.09691393734696985
1985-02,Risk-parity SIP,0.07563254712357857,-0.033620094072658424
1985-02,Max-Sharpe SIP,0.08474019146413968,-0.04281867988195642
1985-02,Optimized SIP,0.07955411950521885,-0.03898657561358998
1985-03,Equity SIP,0.1193137213768877,-0.19836957716241255
1985-03,Equal-weight SIP,0.07582800744757699,-0.03405766279175071
1985-03,60/20/20 annual rebal,0.09055993141666226,-0.0921891458527464
1985-03,Risk-parity SIP,0.07760185248737635,-0.03334526159198847
1985-03,Max-Sharpe SIP,0.08714827388765813,-0.04255455021702936
1985-03,Optimized SIP,0.08195392879902214,-0.03869743328929187
1985-04,Equity SIP,0.1217950729680438,-0.1960251347507792
1985-04,Equal-weight SIP,0.07837040232602539,-0.03375297223198637
1985-04,60/20/20 annual rebal,0.09245631443408628,-0.08538328245561666
1985-04,Risk-parity SIP,0.07987394677885316,-0.03306676524349472
1985-04,Max-Sharpe SIP,0.08951750828143014,-0.04228890673123353
1985-04,Optimized SIP,0.08435580799009121,-0.038405324415777486
1985-05,Equity SIP,0.12540844846931581,-0.19344659425329425
1985-05,Equal-weight SIP,0.081210441366983,-0.033434437382690696
1985-05,60/20/20 annual rebal,0.095594753614706,-0.08079983623354925
1985-05,Risk-parity SIP,0.08232022548623995,-0.03278016935290995
1985-05,Max-Sharpe SIP,0.0916448128832022,-0.042013860759864574
1985-05,Optimized SIP,0.08661347802630881,-0.038106119186606335
1985-06,Equity SIP,0.1292351799435435,-0.19064156675807042
1985-06,Equal-weight SIP,0.08388724080678335,-0.03311398902027407
1985-06,60/20/20 annual rebal,0.09832165530068997,-0.07953699397856284
1985-06,Risk-parity SIP,0.08416043006991605,-0.032492699438789074
1985-06,Max-Sharpe SIP,0.09434828978626468,-0.04173605069347597
1985-06,Optimized SIP,0.0891344451893671,-0.03781785275519378
1985-07,Equity SIP,0.13278047204801202,-0.18763257792771182
1985-07,Equal-weight SIP,0.0876257623478429,-0.03279685996927695
1985-07,60/20/20 annual rebal,0.10206088731821623,-0.07736627305131705
1985-07,Risk-parity SIP,0.08754069734556373,-0.03220105589292821
1985-07,Max-Sharpe SIP,0.09819994941363876,-0.04145674851628389
1985-07,Optimized SIP,0.09291017614214761,-0.0375278201090119
1985-08,Equity SIP,0.1370137177804232,-0.18439030954320157
1985-08,Equal-weight SIP,0.08836719502538859,-0.032483723773793605
1985-08,60/20/20 annual rebal,0.10386967696477845,-0.0723863054479249
1985-08,Risk-parity SIP,0.08708697615271574,-0.03190944150498343
1985-08,Max-Sharpe SIP,0.09757932409049588,-0.041177655001905844
1985-08,Optimized SIP,0.09237295733031711,-0.03723803134891235
1985-09,Equity SIP,0.1356987723444556,-0.1808781441165087
1985-09,Equal-weight SIP,0.08622645594713818,-0.032162972713417726
1985-09,60/20/20 annual rebal,0.10221438547149943,-0.06807002759948966
1985-09,Risk-parity SIP,0.0845563662982885,-0.03161072907622209
1985-09,Max-Sharpe SIP,0.09480993785181671,-0.04089171038492756
1985-09,Optimized SIP,0.08970931844539744,-0.036941404261562005
1985-10,Equity SIP,0.1401588931122171,-0.17689366603311885
1985-10,Equal-weight SIP,0.08918204591006394,-0.03183078939551587
1985-10,60/20/20 annual rebal,0.10644349995231808,-0.06151673333519836
1985-10,Risk-parity SIP,0.0866610477940084,-0.03130379795666938
1985-10,Max-Sharpe SIP,0.09729465068056957,-0.04059478692506757
1985-10,Optimized SIP,0.09212722494429997,-0.036635373177037356
1985-11,Equity SIP,0.13937608502631726,-0.17336621853346446
1985-11,Equal-weight SIP,0.08928277595961975,-0.0314871650082692
1985-11,60/20/20 annual rebal,0.10692749720066491,-0.058927434327092354
1985-11,Risk-parity SIP,0.08668919318469086,-0.030983623723087717
1985-11,Max-Sharpe SIP,0.09752199615968431,-0.04028504744694894
1985-11,Optimized SIP,0.0923421280958511,-0.03631638632434364
1985-12,Equity SIP,0.14125854355815118,-0.16999296757746662
1985-12,Equal-weight SIP,0.09053090045929298,-0.031137824195731967
1985-12,60/20/20 annual rebal,0.10769777621168915,-0.06605517480466239
1985-12,Risk-parity SIP,0.08722767334112642,-0.030676815202193675
1985-12,Max-Sharpe SIP,0.09829741736546069,-0.03996929686340611
1985-12,Optimized SIP,0.09316772064548152,-0.03599135452795066
1986-01,Equity SIP,0.1451575005860543,-0.16641216097557854
1986-01,Equal-weight SIP,0.09323390665621767,-0.03079389189367865
1986-01,60/20/20 annual rebal,0.11010964308731785,-0.06340006868725634
1986-01,Risk-parity SIP,0.08927223056367188,-0.03035269412508035
1986-01,Max-Sharpe SIP,0.10047014060446613,-0.03965684665265268
1986-01,Optimized SIP,0.09531610928837227,-0.035662904570951115
1986-02,Equity SIP,0.1432421756084122,-0.1625684077998264
1986-02,Equal-weight SIP,0.09359592171865135,-0.03045492702753505
1986-02,60/20/20 annual rebal,0.11020255197048631,-0.05810825904821837
1986-02,Risk-parity SIP,0.09031869158436272,-0.030029501438111228
1986-02,Max-Sharpe SIP,0.10097225666130899,-0.03934733509414268
1986-02,Optimized SIP,0.09603679725385829,-0.03532326774917249
1986-03,Equity SIP,0.1517174945157476,-0.15823856525132984
1986-03,Equal-weight SIP,0.09691598272255293,-0.030108083771806182
1986-03,60/20/20 annual rebal,0.11503217077483528,-0.05143491890531837
1986-03,Risk-parity SIP,0.09213309520945691,-0.02970286194091243
1986-03,Max-Sharpe SIP,0.10204452238739006,-0.03903208601872088
1986-03,Optimized SIP,0.0973712914808655,-0.03497958787733335
1986-04,Equity SIP,0.14921566444683815,-0.15356989644026808
1986-04,Equal-weight SIP,0.0924381190243373,-0.02976682130101571
1986-04,60/20/20 annual rebal,0.11078456003505477,-0.042911873621308105
1986-04,Risk-parity SIP,0.08696184500773914,-0.0293772845651179
1986-04,Max-Sharpe SIP,0.0965655722235683,-0.038719143287250235
1986-04,Optimized SIP,0.09202953369272705,-0.03463810091081099
1986-05,Equity SIP,0.1475990611209178,-0.14855368958067028
1986-05,Equal-weight SIP,0.09012878827918162,-0.02943779380521727
1986-05,60/20/20 annual rebal,0.1087736408417434,-0.03578664528637743
1986-05,Risk-parity SIP,0.08432962423594184,-0.029060330922891175
1986-05,Max-Sharpe SIP,0.09370262831070945,-0.038416067153955624
1986-05,Optimized SIP,0.08928045503979282,-0.034305550830858955
1986-06,Equity SIP,0.15000519536634377,-0.14296618017285634
1986-06,Equal-weight SIP,0.0899902634634781,-0.029111136747570487
1986-06,60/20/20 annual rebal,0.10935226423794558,-0.03096247547398734
1986-06,Risk-parity SIP,0.08331328973573367,-0.028741735293574933
1986-06,Max-Sharpe SIP,0.09234220409849726,-0.03811261340570493
1986-06,Optimized SIP,0.08806759598213743,-0.03397164918589424
1986-07,Equity SIP,0.15041667096564995,-0.13655547836841697
1986-07,Equal-weight SIP,0.08859359543286832,-0.028846624595270876
1986-07,60/20/20 annual rebal,0.10854968342726126,-0.028839888481037024
1986-07,Risk-parity SIP,0.08109480568007646,-0.028411933644404086
1986-07,Max-Sharpe SIP,0.09024352545902545,-0.03779742084735749
1986-07,Optimized SIP,0.08590892636975278,-0.03362495886313299
1986-08,Equity SIP,0.14191082708139668,-0.1293307982892169
1986-08,Equal-weight SIP,0.08449626153719277,-0.028604011388202233
1986-08,60/20/20 annual rebal,0.10335799888606383,-0.028632317705512
1986-08,Risk-parity SIP,0.07815861092597315,-0.02807675499685114
1986-08,Max-Sharpe SIP,0.08758616795763026,-0.0374774576068968
1986-08,Optimized SIP,0.08317715700170251,-0.033271799201534
1986-09,Equity SIP,0.14561543944233699,-0.12068197121170288
1986-09,Equal-weight SIP,0.08758152668778679,-0.02835812247898073
1986-09,60/20/20 annual rebal,0.10599712443002855,-0.028634015938727053
1986-09,Risk-parity SIP,0.08080870115734959,-0.027737353693228384
1986-09,Max-Sharpe SIP,0.09035196204148978,-0.03715232831555759
1986-09,Optimized SIP,0.08588553290716973,-0.032913421043974656
1986-10,Equity SIP,0.1474223347917141,-0.11060455186579432
1986-10,Equal-weight SIP,0.08709291905628758,-0.028106839006235895
1986-10,60/20/20 annual rebal,0.10685757429875013,-0.02821072841445782
1986-10,Risk-parity SIP,0.07943736209560431,-0.027399014186187953
1986-10,Max-Sharpe SIP,0.08885313948859978,-0.03682532903427416
1986-10,Optimized SIP,0.0844290490387178,-0.03255449089138984
1986-11,Equity SIP,0.15291488120855373,-0.09807651396394801
1986-11,Equal-weight SIP,0.09077498946654163,-0.02783845960304654
1986-11,60/20/20 annual rebal,0.11144965591078762,-0.027495524886195888
1986-11,Risk-parity SIP,0.08214031383436544,-0.027052328041917262
1986-11,Max-Sharpe SIP,0.09206629987831692,-0.03648618921670832
1986-11,Optimized SIP,0.0873629162005899,-0.03219374202750869
1986-12,Equity SIP,0.16000696267451667,-0.09101201463488995
1986-12,Equal-weight SIP,0.09528673674867034,-0.027562720459560652
1986-12,60/20/20 annual rebal,0.11623615739661121,-0.027314195791113494
1986-12,Risk-parity SIP,0.08538523108277138,-0.026694576422958805
1986-12,Max-Sharpe SIP,0.0958867784184221,-0.036138239537301775
1986-12,Optimized SIP,0.09085653966052376,-0.031825704334759064
1987-01,Equity SIP,0.16018008714393658,-0.08959698448671627
1987-01,Equal-weight SIP,0.09394214605508006,-0.027289129429217684
1987-01,60/20/20 annual rebal,0.11496544233661514,-0.02728201123787999
1987-01,Risk-parity SIP,0.08325559192482136,-0.026329153895388036
1987-01,Max-Sharpe SIP,0.09404215761098283,-0.035785462114702016
1987-01,Optimized SIP,0.08884063060511721,-0.031458685336784975
1987-02,Equity SIP,0.1641151409940346,-0.08812197999436078
1987-02,Equal-weight SIP,0.09314838938754012,-0.02701309448888889
1987-02,60/20/20 annual rebal,0.11526409023381669,-0.027144036471078103
1987-02,Risk-parity SIP,0.08054738582089037,-0.025958493707311403
1987-02,Max-Sharpe SIP,0.09157147440896278,-0.035426069253566506
1987-02,Optimized SIP,0.08618072544003887,-0.03108602058490806
1987-03,Equity SIP,0.17015014316796218,-0.08665699893757661
1987-03,Equal-weight SIP,0.09605397903818101,-0.02673736090502199
1987-03,60/20/20 annual rebal,0.11914038033674558,-0.026911990083374193
1987-03,Risk-parity SIP,0.08121934882463518,-0.02559026450981694
1987-03,Max-Sharpe SIP,0.09358160402751049,-0.03506799559283569
1987-03,Optimized SIP,0.08778500806266397,-0.030716033515207686
1987-04,Equity SIP,0.16720102373123516,-0.08520199549003937
1987-04,Equal-weight SIP,0.09387146296121561,-0.026461208755065524
1987-04,60/20/20 annual rebal,0.11684865997245429,-0.026611793326733246
1987-04,Risk-parity SIP,0.07965650210137484,-0.025217195364944822
1987-04,Max-Sharpe SIP,0.09106032225450497,-0.03470710591917103
1987-04,Optimized SIP,0.08566877010516677,-0.030345213771032276
1987-05,Equity SIP,0.15906036288854078,-0.08373008107696323
1987-05,Equal-weight SIP,0.08811723428469172,-0.02618282744192746
1987-05,60/20/20 annual rebal,0.11013229519662589,-0.026089698631209912
1987-05,Risk-parity SIP,0.07470603363224414,-0.02484118546248204
1987-05,Max-Sharpe SIP,0.08614795599631792,-0.03434361927424001
1987-05,Optimized SIP,0.08069707253092041,-0.0299716269788306
1987-06,Equity SIP,0.17373636069471224,-0.08216158087444758
1987-06,Equal-weight SIP,0.09629114068831938,-0.025883284746872404
1987-06,60/20/20 annual rebal,0.11927707129964332,-0.025810560443020547
1987-06,Risk-parity SIP,0.07931514243696365,-0.024449458217230657
1987-06,Max-Sharpe SIP,0.09200283901171913,-0.03396169612566591
1987-06,Optimized SIP,0.08613500706444294,-0.02958072235217646
1987-07,Equity SIP,0.18160575826559808,-0.08050443966741327
1987-07,Equal-weight SIP,0.10096278950555293,-0.025566361411571648
1987-07,60/20/20 annual rebal,0.12489910020474024,-0.0259237733565012
1987-07,Risk-parity SIP,0.08183993992624626,-0.024043731975335825
1987-07,Max-Sharpe SIP,0.095659398408189,-0.0335636054250712
1987-07,Optimized SIP,0.08934839823262375,-0.029174486765648155
1987-08,Equity SIP,0.1902237853328437,-0.07882559496366592
1987-08,Equal-weight SIP,0.10497014252769582,-0.02525102109839683
1987-08,60/20/20 annual rebal,0.12948694450259254,-0.025678650003205128
1987-08,Risk-parity SIP,0.08235098013840343,-0.02373148140591219
1987-08,Max-Sharpe SIP,0.09874257513777865,-0.03316333782422032
1987-08,Optimized SIP,0.09133961836698588,-0.028765230539888442
1987-09,Equity SIP,0.18916986355452645,-0.07755907941893803
1987-09,Equal-weight SIP,0.10401588804744985,-0.02493098084353007
1987-09,60/20/20 annual rebal,0.12969274369818598,-0.025642313421961105
1987-09,Risk-parity SIP,0.08136756426664261,-0.023453132766653617
1987-09,Max-Sharpe SIP,0.09760402470985016,-0.032756397782727764
1987-09,Optimized SIP,0.09026194677429672,-0.028423786214912816
1987-10,Equity SIP,0.18978975362573416,-0.07642503318036653
1987-10,Equal-weight SIP,0.1045753881485559,-0.02460576237642098
1987-10,60/20/20 annual rebal,0.1303281747045333,-0.02517367160717343
1987-10,Risk-parity SIP,0.08161879031067365,-0.02317235853586519
1987-10,Max-Sharpe SIP,0.09813517573034766,-0.03234587850739812
1987-10,Optimized SIP,0.09065182376460658,-0.02814229524522549
1987-11,Equity SIP,0.191149414132355,-0.07518799797588038
1987-11,Equal-weight SIP,0.10616507899306722,-0.024258095187127182
1987-11,60/20/20 annual rebal,0.13213745089901438,-0.02442982747130562
1987-11,Risk-parity SIP,0.08309315267485724,-0.022874906889936653
1987-11,Max-Sharpe SIP,0.09976119379511762,-0.03190894272079903
1987-11,Optimized SIP,0.09218995752403002,-0.027843389292775522
1987-12,Equity SIP,0.18700900012881283,-0.07369374352365898
1987-12,Equal-weight SIP,0.10264425746514833,-0.023880468107557173
1987-12,60/20/20 annual rebal,0.12738502493300394,-0.024196261917500794
1987-12,Risk-parity SIP,0.07880378196499326,-0.022556454059178166
1987-12,Max-Sharpe SIP,0.09733892048041487,-0.03143386620768984
1987-12,Optimized SIP,0.08886235605005892,-0.02752076971295392
1988-01,Equity SIP,0.18945391797567365,-0.07185923138754924
1988-01,Equal-weight SIP,0.1025133514995785,-0.023479155683922448
1988-01,60/20/20 annual rebal,0.12660364803307092,-0.024056838024212657
1988-01,Risk-parity SIP,0.07636190158837262,-0.022221880179317477
1988-01,Max-Sharpe SIP,0.0968196701094014,-0.03092727074061008
1988-01,Optimized SIP,0.0874786424255134,-0.02717923705687042
1988-02,Equity SIP,0.1874320177544739,-0.06984039269968467
1988-02,Equal-weight SIP,0.10256871677871526,-0.023059612904392512
1988-02,60/20/20 annual rebal,0.12665024109612233,-0.02380625254374369
1988-02,Risk-parity SIP,0.0771489256607264,-0.02187608945517394
1988-02,Max-Sharpe SIP,0.09779891466868777,-0.03046489019646681
1988-02,Optimized SIP,0.08834132983119426,-0.026825259695627657
1988-03,Equity SIP,0.19655869703750906,-0.0677328632000247
1988-03,Equal-weight SIP,0.10806525237754083,-0.02264101184153955
1988-03,60/20/20 annual rebal,0.13304024188729496,-0.023476651398602666
1988-03,Risk-parity SIP,0.08104161807338406,-0.021526721526844095
1988-03,Max-Sharpe SIP,0.10190601846308901,-0.030111922897913534
1988-03,Optimized SIP,0.0921279196013533,-0.026468109569799503
1988-04,Equity SIP,0.20380452919275996,-0.0655122126002573
1988-04,Equal-weight SIP,0.11154077094538739,-0.022225600425328507
1988-04,60/20/20 annual rebal,0.1367260155860864,-0.02306690488167129
1988-04,Risk-parity SIP,0.0823928104691054,-0.021170170251189835
1988-04,Max-Sharpe SIP,0.10443682562602118,-0.029754584999536537
1988-04,Optimized SIP,0.09384522875357384,-0.026105128848501136
1988-05,Equity SIP,0.20769980090136025,-0.06316808634500926
1988-05,Equal-weight SIP,0.11481640165083451,-0.02180053908830215
1988-05,60/20/20 annual rebal,0.1411202369786201,-0.02243051288787201
1988-05,Risk-parity SIP,0.08577747599163774,-0.020804457796539277
1988-05,Max-Sharpe SIP,0.10690491231394271,-0.029388211468393544
1988-05,Optimized SIP,0.09675342299709183,-0.025732885622367196
1988-06,Equity SIP,0.20491532812313737,-0.060583469996641215
1988-06,Equal-weight SIP,0.1122826983400487,-0.021353461453419653
1988-06,60/20/20 annual rebal,0.13807958803289394,-0.022276713338092446
1988-06,Risk-parity SIP,0.0828627174608462,-0.020422656772078218
1988-06,Max-Sharpe SIP,0.10493957537099052,-0.029004106030025234
1988-06,Optimized SIP,0.09427831325487733,-0.025343586498139725
1988-07,Equity SIP,0.20266108158230126,-0.05767943438344014
1988-07,Equal-weight SIP,0.11089719341930522,-0.02088030318143952
1988-07,60/20/20 annual rebal,0.1359331721333498,-0.022060621294466065
1988-07,Risk-parity SIP,0.08191852928809341,-0.020020508101616263
1988-07,Max-Sharpe SIP,0.10437918346965679,-0.028597663412984087
1988-07,Optimized SIP,0.09322951904713998,-0.024932638657184536
1988-08,Equity SIP,0.2084176634668132,-0.05466006122018108
1988-08,Equal-weight SIP,0.11427846856162661,-0.020407290846733206
1988-08,60/20/20 annual rebal,0.13971848663201925,-0.021897993439806585
1988-08,Risk-parity SIP,0.08389492393066811,-0.019614908229482753
1988-08,Max-Sharpe SIP,0.10715727763232546,-0.028188684186172708
1988-08,Optimized SIP,0.09547090864908991,-0.0245185317721881
1988-09,Equity SIP,0.19264927790156458,-0.06708999506269231
1988-09,Equal-weight SIP,0.1051033276795084,-0.03438008061751985
1988-09,60/20/20 annual rebal,0.13001400476191288,-0.04146029998378631
1988-09,Risk-parity SIP,0.07760836828934452,-0.020254619291552478
1988-09,Max-Sharpe SIP,0.10032035548235696,-0.027761101684741663
1988-09,Optimized SIP,0.08916352414908647,-0.02408537365339669
1988-10,Equity SIP,0.1809004166868204,-0.11002483960855458
1988-10,Equal-weight SIP,0.10171640987046633,-0.03806443879551957
1988-10,60/20/20 annual rebal,0.12466043655243138,-0.05562488488483408
1988-10,Risk-parity SIP,0.07804131967194218,-0.020180998482675294
1988-10,Max-Sharpe SIP,0.09930677854192509,-0.027310718609284024
1988-10,Optimized SIP,0.08915039962865702,-0.023629528892061158
1988-11,Equity SIP,0.18089226267309355,-0.10993885456595098
1988-11,Equal-weight SIP,0.10362258628618418,-0.03779948343661321
1988-11,60/20/20 annual rebal,0.1260674850677499,-0.057457230178573626
1988-11,Risk-parity SIP,0.08080965924834863,-0.02010600240688276
1988-11,Max-Sharpe SIP,0.10156558008421442,-0.0268490709660546
1988-11,Optimized SIP,0.09172011189790245,-0.02316134259649205
1988-12,Equity SIP,0.19787418586498898,-0.10985331484781458
1988-12,Equal-weight SIP,0.11072029635387678,-0.037545566325148716
1988-12,60/20/20 annual rebal,0.13503344411549625,-0.057297608327512184
1988-12,Risk-parity SIP,0.08311241234594613,-0.02003029001189105
1988-12,Max-Sharpe SIP,0.10617793571733583,-0.026378840236911394
1988-12,Optimized SIP,0.09492865000681543,-0.022684100313773436
1989-01,Equity SIP,0.20285858874156057,-0.10976313915761793
1989-01,Equal-weight SIP,0.11389293629894413,-0.03727056477779933
1989-01,60/20/20 annual rebal,0.137896487238196,-0.0573991647761708
1989-01,Risk-parity SIP,0.08491623323675565,-0.019952397194654137
1989-01,Max-Sharpe SIP,0.10929434086098959,-0.025885099471701034
1989-01,Optimized SIP,0.09736012463398007,-0.022184998380349485
1989-02,Equity SIP,0.2095248744595477,-0.10967206985377187
1989-02,Equal-weight SIP,0.1165880880812874,-0.037004889725941736
1989-02,60/20/20 annual rebal,0.14143131917403948,-0.05621908944412202
1989-02,Risk-parity SIP,0.08521215364036201,-0.01987268964707123
1989-02,Max-Sharpe SIP,0.11125656643212842,-0.025373736664094038
1989-02,Optimized SIP,0.09839536058061855,-0.021668402630102612
1989-03,Equity SIP,0.2070011676862826,-0.10958118926760263
1989-03,Equal-weight SIP,0.11375500064036992,-0.036753153213283984
1989-03,60/20/20 annual rebal,0.1392572625496555,-0.05658269365603641
1989-03,Risk-parity SIP,0.08247038633466161,-0.019789870692685008
1989-03,Max-Sharpe SIP,0.10761478264612113,-0.02484771126992069
1989-03,Optimized SIP,0.09513119386836431,-0.021135989440361658
1989-04,Equity SIP,0.20999529115151522,-0.10949036107933907
1989-04,Equal-weight SIP,0.11418504641016149,-0.036516750647912266
1989-04,60/20/20 annual rebal,0.1395904564869924,-0.05477800047380965
1989-04,Risk-parity SIP,0.0815994117755565,-0.019704818965873727
1989-04,Max-Sharpe SIP,0.10632268739640234,-0.024304163570615267
1989-04,Optimized SIP,0.09385778517253851,-0.020584553104189496
1989-05,Equity SIP,0.21530745585408534,-0.10939643637020191
1989-05,Equal-weight SIP,0.11698365886779014,-0.0362741378966821
1989-05,60/20/20 annual rebal,0.14288684984293762,-0.05294874043432374
1989-05,Risk-parity SIP,0.08191320540554763,-0.019025413116084855
1989-05,Max-Sharpe SIP,0.10803908144237427,-0.023734589385342453
1989-05,Optimized SIP,0.09506508170138821,-0.020007480288368518
1989-06,Equity SIP,0.2127883715941268,-0.10930280662185654
1989-06,Equal-weight SIP,0.11321820961618287,-0.03604113335402648
1989-06,60/20/20 annual rebal,0.13943997305918135,-0.05220766460656301
1989-06,Risk-parity SIP,0.07707432167697952,-0.01894413626766389
1989-06,Max-Sharpe SIP,0.10348471118792966,-0.023151839290935117
1989-06,Optimized SIP,0.0904169770528003,-0.019587780015950185
1989-07,Equity SIP,0.20940150634810653,-0.10921002844846373
1989-07,Equal-weight SIP,0.10819255027899505,-0.03581818049628771
1989-07,60/20/20 annual rebal,0.1339511703522139,-0.051975954234028565
1989-07,Risk-parity SIP,0.07023221136159076,-0.03512606476465907
1989-07,Max-Sharpe SIP,0.09820542397283862,-0.025286037578656217
1989-07,Optimized SIP,0.08441467505809117,-0.029810311680219415
1989-08,Equity SIP,0.2153977617619638,-0.10911751277675363
1989-08,Equal-weight SIP,0.111611081475772,-0.03559312345085508
1989-08,60/20/20 annual rebal,0.13740995452964305,-0.051982024640001456
1989-08,Risk-parity SIP,0.07113396170966597,-0.03499102547430166
1989-08,Max-Sharpe SIP,0.10076796719321497,-0.025166647927827968
1989-08,Optimized SIP,0.08622557290560709,-0.029685250605614666
1989-09,Equity SIP,0.20612291721488923,-0.10902477037111447
1989-09,Equal-weight SIP,0.1056404701816478,-0.0353697823984187
1989-09,60/20/20 annual rebal,0.1322197948003703,-0.05075547993745466
1989-09,Risk-parity SIP,0.06769179760335993,-0.03485588664947914
1989-09,Max-Sharpe SIP,0.09617561326011971,-0.025047302646556413
1989-09,Optimized SIP,0.08215852631982515,-0.029560222516995194
1989-10,Equity SIP,0.20296925779198796,-0.10893353863615862
1989-10,Equal-weight SIP,0.10470025497994011,-0.03517030956689593
1989-10,60/20/20 annual rebal,0.13104790205655706,-0.054186797945003695
1989-10,Risk-parity SIP,0.06866039478268726,-0.03471716800362479
1989-10,Max-Sharpe SIP,0.09564028628134466,-0.024926949325441927
1989-10,Optimized SIP,0.08231944232758195,-0.029433585116388272
1989-11,Equity SIP,0.19854674722609725,-0.10884003847608159
1989-11,Equal-weight SIP,0.10620015338365825,-0.03496795816539289
1989-11,60/20/20 annual rebal,0.13464528494088537,-0.055988112778741606
1989-11,Risk-parity SIP,0.07674282895647269,-0.034576709886773305
1989-11,Max-Sharpe SIP,0.09567514908871444,-0.024803739160171756
1989-11,Optimized SIP,0.08628438880504491,-0.029304030153707195
1989-12,Equity SIP,0.20918987929897961,-0.10874402101307701
1989-12,Equal-weight SIP,0.11063451395951941,-0.03475388479118713
1989-12,60/20/20 annual rebal,0.13761150865838273,-0.05580801069954344
1989-12,Risk-parity SIP,0.07562159230921826,-0.03443462686099774
1989-12,Max-Sharpe SIP,0.09867788252487866,-0.024678858505071566
1989-12,Optimized SIP,0.08731516741942451,-0.02917286796171359
1990-01,Equity SIP,0.21214535436665438,-0.10864324163071093
1990-01,Equal-weight SIP,0.11037064425583118,-0.034513217590532275
1990-01,60/20/20 annual rebal,0.13689634029273853,-0.05589188644946186
1990-01,Risk-parity SIP,0.07258537801263672,-0.03429178686643841
1990-01,Max-Sharpe SIP,0.09711563304709615,-0.024551754480744203
1990-01,Optimized SIP,0.08507125385921153,-0.029039998092137864
1990-02,Equity SIP,0.2097898830417587,-0.10854211647769418
1990-02,Equal-weight SIP,0.10771448530164318,-0.03427931851869592
1990-02,60/20/20 annual rebal,0.13505874719057537,-0.05470368472499265
1990-02,Risk-parity SIP,0.06991435049337576,-0.034148515976930804
1990-02,Max-Sharpe SIP,0.09347690435185749,-0.024423836365833562
1990-02,Optimized SIP,0.08192340229583134,-0.02890642133465371
1990-03,Equity SIP,0.20292615641332068,-0.10843546711049334
1990-03,Equal-weight SIP,0.10594545990966452,-0.03403107438426001
1990-03,60/20/20 annual rebal,0.13324734128020252,-0.05503799146492805
1990-03,Risk-parity SIP,0.0722222865745848,-0.033999351736920924
1990-03,Max-Sharpe SIP,0.0930314091682391,-0.02429011179337759
1990-03,Optimized SIP,0.08277719044247135,-0.028767004239692584
1990-04,Equity SIP,0.20777087071100137,-0.10832248604987316
1990-04,Equal-weight SIP,0.10822508027544817,-0.03376139658538779
1990-04,60/20/20 annual rebal,0.13414501276747576,-0.05321150435403854
1990-04,Risk-parity SIP,0.07175438469433174,-0.03384511058845163
1990-04,Max-Sharpe SIP,0.09596866250862929,-0.02415099030247614
1990-04,Optimized SIP,0.083963725906491,-0.0286222441849584
1990-05,Equity SIP,0.20810764887946848,-0.10820884061372549
1990-05,Equal-weight SIP,0.10878655291410877,-0.03350501595253996
1990-05,60/20/20 annual rebal,0.1346166686842581,-0.051368691017520396
1990-05,Risk-parity SIP,0.0722873018691024,-0.03370831470800628
1990-05,Max-Sharpe SIP,0.09754751635080515,-0.024009068251420462
1990-05,Optimized SIP,0.08487568313647487,-0.02847360899425877
1990-06,Equity SIP,0.20046756614339256,-0.10809165431677237
1990-06,Equal-weight SIP,0.10205944226826849,-0.033246434532709146
1990-06,60/20/20 annual rebal,0.12803629180242898,-0.05059944864551391
1990-06,Risk-parity SIP,0.06619916607637549,-0.0335425173306263
1990-06,Max-Sharpe SIP,0.09087307961040174,-0.02386218044013133
1990-06,Optimized SIP,0.07848676138126079,-0.028319404364497203
1990-07,Equity SIP,0.20401313007966132,-0.10797508308191062
1990-07,Equal-weight SIP,0.10653173568300855,-0.03300364189505611
1990-07,60/20/20 annual rebal,0.1321895783092666,-0.050334810987037626
1990-07,Risk-parity SIP,0.07132364526979133,-0.03337650299951267
1990-07,Max-Sharpe SIP,0.0953727647369893,-0.023713920006036004
1990-07,Optimized SIP,0.0832708526727005,-0.028163373689685467
1990-08,Equity SIP,0.2034043838063544,-0.10785842753412767
1990-08,Equal-weight SIP,0.1058909875676971,-0.032766200590218286
1990-08,60/20/20 annual rebal,0.13152350760375597,-0.05030650649772139
1990-08,Risk-parity SIP,0.07038866279487052,-0.033207463658066816
1990-08,Max-Sharpe SIP,0.09514568263082926,-0.023564605772252833
1990-08,Optimized SIP,0.0827021227136899,-0.02800562911860449
1990-09,Equity SIP,0.20293377330188533,-0.10773819297311349
1990-09,Equal-weight SIP,0.10562214108213422,-0.032518423771441984
1990-09,60/20/20 annual rebal,0.1314882187140242,-0.04904862316427938
1990-09,Risk-parity SIP,0.06983942104202821,-0.03303576357711435
1990-09,Max-Sharpe SIP,0.09590851487055614,-0.023412298536424125
1990-09,Optimized SIP,0.08291804931247576,-0.027851225587432027
1990-10,Equity SIP,0.1984535853044926,-0.10760321255809568
1990-10,Equal-weight SIP,0.1030854309529467,-0.03220362959120415
1990-10,60/20/20 annual rebal,0.12830011367293223,-0.05241629820209048
1990-10,Risk-parity SIP,0.0685305590277311,-0.032858017946353235
1990-10,Max-Sharpe SIP,0.09417234880770595,-0.023251176994946388
1990-10,Optimized SIP,0.08135075103827888,-0.02768088571258298
1990-11,Equity SIP,0.18589447897363742,-0.10745684253151999
1990-11,Equal-weight SIP,0.0958038851702002,-0.031843560818372696
1990-11,60/20/20 annual rebal,0.12069605445348569,-0.05414361178414606
1990-11,Risk-parity SIP,0.06449580490901603,-0.03267188479220917
1990-11,Max-Sharpe SIP,0.08863640314692373,-0.02308199515008813
1990-11,Optimized SIP,0.07678061505627269,-0.027503478759146383
1990-12,Equity SIP,0.18172992407450406,-0.10730110575224094
1990-12,Equal-weight SIP,0.09307855503845532,-0.031443541845750045
1990-12,60/20/20 annual rebal,0.11705039781342699,-0.05389820602458473
1990-12,Risk-parity SIP,0.062491674444352996,-0.03247955742735109
1990-12,Max-Sharpe SIP,0.08678594017229659,-0.022907377731015255
1990-12,Optimized SIP,0.0748434149331256,-0.027321383144606637
1991-01,Equity SIP,0.17279808395742252,-0.10714383048398024
1991-01,Equal-weight SIP,0.09092284789895584,-0.03108373316122759
1991-01,60/20/20 annual rebal,0.11312553322963331,-0.05391684357980453
1991-01,Risk-parity SIP,0.06415880877455274,-0.03228603612010261
1991-01,Max-Sharpe SIP,0.08704828139227537,-0.02273212944095615
1991-01,Optimized SIP,0.07582293855368852,-0.027139752790438898
1991-02,Equity SIP,0.17110077508532387,-0.10698754263952837
1991-02,Equal-weight SIP,0.08960780075418719,-0.030906226866282083
1991-02,60/20/20 annual rebal,0.11220387050225247,-0.05267961684871836
1991-02,Risk-parity SIP,0.06281090533008404,-0.0320914601256046
1991-02,Max-Sharpe SIP,0.08651623577531657,-0.022556940717920693
1991-02,Optimized SIP,0.0748919709062384,-0.026957705766953
1991-03,Equity SIP,0.16448619048101898,-0.10682399025625944
1991-03,Equal-weight SIP,0.08600173156798648,-0.03071873754091481
1991-03,60/20/20 annual rebal,0.10789429841754805,-0.05293915786471992
1991-03,Risk-parity SIP,0.0606941440262506,-0.03189225192048528
1991-03,Max-Sharpe SIP,0.0841218357817621,-0.022376928650601036
1991-03,Optimized SIP,0.07264516178966929,-0.02677098964740443
1991-04,Equity SIP,0.14447200657676648,-0.1765807143657172
1991-04,Equal-weight SIP,0.07702874259259143,-0.04882939459629976
1991-04,60/20/20 annual rebal,0.09606806100756773,-0.07792731237730899
1991-04,Risk-parity SIP,0.05793086666971056,-0.03176401635354509
1991-04,Max-Sharpe SIP,0.07815574756940788,-0.02219774030272048
1991-04,Optimized SIP,0.06790175704194129,-0.02658480966720156
1991-05,Equity SIP,0.14314314118114793,-0.1762684640592045
1991-05,Equal-weight SIP,0.07460321380551635,-0.04820957645965551
1991-05,60/20/20 annual rebal,0.09495921038963763,-0.07354203137125837
1991-05,Risk-parity SIP,0.05532538912371243,-0.030824332886530748
1991-05,Max-Sharpe SIP,0.07527077135427701,-0.022012839202042
1991-05,Optimized SIP,0.06497542316857723,-0.02639333530221577
1991-06,Equity SIP,0.1534218035573303,-0.17595325030746678
1991-06,Equal-weight SIP,0.07994626409114597,-0.04759302780674868
1991-06,60/20/20 annual rebal,0.10202424052336587,-0.07316961328836435
1991-06,Risk-parity SIP,0.05857575511445986,-0.03061878021746456
1991-06,Max-Sharpe SIP,0.07804342439898802,-0.02182445902034713
1991-06,Optimized SIP,0.06799866140002829,-0.026197894638968156
1991-07,Equity SIP,0.1467124118584488,-0.17562721496743028
1991-07,Equal-weight SIP,0.07678812050099738,-0.046954195321467385
1991-07,60/20/20 annual rebal,0.09690666175259102,-0.07284903049513303
1991-07,Risk-parity SIP,0.056907030680892305,-0.030407465425373648
1991-07,Max-Sharpe SIP,0.07598216763643115,-0.021630853882203316
1991-07,Optimized SIP,0.06614519369273336,-0.025996936052860242
1991-08,Equity SIP,0.1394745617080962,-0.17529158903922482
1991-08,Equal-weight SIP,0.0730902239798263,-0.04630542667357229
1991-08,60/20/20 annual rebal,0.09273324331476368,-0.07248067093324151
1991-08,Risk-parity SIP,0.0546500027838669,-0.030191100045317998
1991-08,Max-Sharpe SIP,0.07321718916102539,-0.02143234967494201
1991-08,Optimized SIP,0.06363844052435841,-0.025790240733148617
1991-09,Equity SIP,0.1334190219905163,-0.17494745650786003
1991-09,Equal-weight SIP,0.07199108107182815,-0.04564326237362992
1991-09,60/20/20 annual rebal,0.09135719866252287,-0.07188405055515978
1991-09,Risk-parity SIP,0.05576438571641458,-0.03028999246471753
1991-09,Max-Sharpe SIP,0.07310808427480955,-0.021227448562823437
1991-09,Optimized SIP,0.0640354845324417,-0.025578695509587024
1991-10,Equity SIP,0.10889513503085434,-0.24956888564389434
1991-10,Equal-weight SIP,0.06361091003706038,-0.04497723192643366
1991-10,60/20/20 annual rebal,0.07917820573262647,-0.08452676096924916
1991-10,Risk-parity SIP,0.05347310736179318,-0.030063618253631796
1991-10,Max-Sharpe SIP,0.0666996792165597,-0.02102124396457483
1991-10,Optimized SIP,0.05971948306708624,-0.02536472001132195
1991-11,Equity SIP,0.112724490986031,-0.24894105006830503
1991-11,Equal-weight SIP,0.06600481875668825,-0.044274699802652306
1991-11,60/20/20 annual rebal,0.08378834753383457,-0.07630679013742436
1991-11,Risk-parity SIP,0.055196315663055134,-0.029831359830332138
1991-11,Max-Sharpe SIP,0.06917191654163618,-0.020811543899391105
1991-11,Optimized SIP,0.06182084225210403,-0.025146130722548676
1991-12,Equity SIP,0.11987559074864496,-0.2482929970226545
1991-12,Equal-weight SIP,0.06760577100866687,-0.04354557692857064
1991-12,60/20/20 annual rebal,0.08524941678857355,-0.08071411010616836
1991-12,Risk-parity SIP,0.05473562651218611,-0.029595539776156476
1991-12,Max-Sharpe SIP,0.0705060226157311,-0.020603282978923776
1991-12,Optimized SIP,0.06225003042286205,-0.02492376636675475
1992-01,Equity SIP,0.12043108434650106,-0.2476226060677149
1992-01,Equal-weight SIP,0.06539422236573374,-0.0427873724145017
1992-01,60/20/20 annual rebal,0.08268551104778586,-0.07863115648981833
1992-01,Risk-parity SIP,0.05166617358763905,-0.029354215395171024
1992-01,Max-Sharpe SIP,0.0671759799915741,-0.020511261963538585
1992-01,Optimized SIP,0.059052921233006324,-0.02469645365940576
1992-02,Equity SIP,0.1176847081329057,-0.24693513258380995
1992-02,Equal-weight SIP,0.06520499191646799,-0.04200306991992875
1992-02,60/20/20 annual rebal,0.08172509950811165,-0.08041456219236709
1992-02,Risk-parity SIP,0.05235062969483431,-0.029109657292065494
1992-02,Max-Sharpe SIP,0.06692353581313507,-0.020419023377514556
1992-02,Optimized SIP,0.05927175421126159,-0.024466833303391056
1992-03,Equity SIP,0.1092689678793767,-0.24627283242828368
1992-03,Equal-weight SIP,0.064103742085982,-0.04128392586162555
1992-03,60/20/20 annual rebal,0.07914824431509232,-0.07810728081338414
1992-03,Risk-parity SIP,0.053649631347176194,-0.028862464532496523
1992-03,Max-Sharpe SIP,0.06631756768757342,-0.020326222035220165
1992-03,Optimized SIP,0.05931164440408439,-0.0242333730543719
1992-04,Equity SIP,0.11633734975856834,-0.24558406558396528
1992-04,Equal-weight SIP,0.06488032268464317,-0.04054490653499543
1992-04,60/20/20 annual rebal,0.08195731820845649,-0.0785041510118869
1992-04,Risk-parity SIP,0.05247703410356302,-0.02860535700445832
1992-04,Max-Sharpe SIP,0.06495097263370525,-0.020229573800423006
1992-04,Optimized SIP,0.05849351249958264,-0.023990166527709467
1992-05,Equity SIP,0.1074989703004715,-0.24486419452442376
1992-05,Equal-weight SIP,0.06255810294756495,-0.039774652612289074
1992-05,60/20/20 annual rebal,0.07777988286400211,-0.07804078560793415
1992-05,Risk-parity SIP,0.05232594435763567,-0.02880164230126514
1992-05,Max-Sharpe SIP,0.06328206041302957,-0.020129028093040957
1992-05,Optimized SIP,0.05724593332227604,-0.023736502749524213
1992-06,Equity SIP,0.10000617086795417,-0.24412086184842863
1992-06,Equal-weight SIP,0.06112505349232792,-0.0389785984277049
1992-06,60/20/20 annual rebal,0.07491985704568536,-0.07740246703467579
1992-06,Risk-parity SIP,0.052636064854333905,-0.028520515287763892
1992-06,Max-Sharpe SIP,0.062042124816242085,-0.020026093470065787
1992-06,Optimized SIP,0.05660810193166971,-0.023475541491095986
1992-07,Equity SIP,0.08641283386021986,-0.24336671654015796
1992-07,Equal-weight SIP,0.05775494021530048,-0.0381793188229439
1992-07,60/20/20 annual rebal,0.06822869535499522,-0.07706327299748827
1992-07,Risk-parity SIP,0.051905718771740904,-0.028232916312350476
1992-07,Max-Sharpe SIP,0.06042272257862531,-0.01995711693107194
1992-07,Optimized SIP,0.05508160693220635,-0.023208946518554985
1992-08,Equity SIP,0.06265283550484232,-0.3018960598975614
1992-08,Equal-weight SIP,0.04904345056365119,-0.03732793162292958
1992-08,60/20/20 annual rebal,0.055032742813183544,-0.07969145832137337
1992-08,Risk-parity SIP,0.0465539485921639,-0.02793862461823715
1992-08,Max-Sharpe SIP,0.055815506690794166,-0.0199012415612827
1992-08,Optimized SIP,0.04960406068079418,-0.02293578860055079
1992-09,Equity SIP,0.06291895068253606,-0.3005579605487705
1992-09,Equal-weight SIP,0.05087281575583852,-0.03645759368701773
1992-09,60/20/20 annual rebal,0.057888516038186365,-0.07511064168761794
1992-09,Risk-parity SIP,0.048563498555341075,-0.02764472037811294
1992-09,Max-Sharpe SIP,0.05921859062101446,-0.019845948281167924
1992-09,Optimized SIP,0.0522045052125477,-0.022662298427802208
1992-10,Equity SIP,0.051641967340973885,-0.31655821330979106
1992-10,Equal-weight SIP,0.05062167766058313,-0.035765071720028185
1992-10,60/20/20 annual rebal,0.05287324846364308,-0.07613928127606273
1992-10,Risk-parity SIP,0.05034132272442732,-0.027343833243484883
1992-10,Max-Sharpe SIP,0.060516615107267885,-0.01978998108432284
1992-10,Optimized SIP,0.05347059620665106,-0.022382751724034144
1992-11,Equity SIP,0.047120114699902384,-0.3200108773855983
1992-11,Equal-weight SIP,0.048144466138658144,-0.03535055779778251
1992-11,60/20/20 annual rebal,0.0507011259760295,-0.08577880675313221
1992-11,Risk-parity SIP,0.048116250092457666,-0.02703635485899658
1992-11,Max-Sharpe SIP,0.05813916274478429,-0.01973361799185014
1992-11,Optimized SIP,0.05119050380755906,-0.02209731055011388
1992-12,Equity SIP,0.05757042067969856,-0.3183487896793209
1992-12,Equal-weight SIP,0.051085191919888855,-0.03491775014150622
1992-12,60/20/20 annual rebal,0.05575143241816006,-0.0837872867016074
1992-12,Risk-parity SIP,0.049710687853108816,-0.02671628264140935
1992-12,Max-Sharpe SIP,0.06026740819913379,-0.01967548152355525
1992-12,Optimized SIP,0.05296771147680761,-0.02180013555536553
1993-01,Equity SIP,0.05365714898744945,-0.3166690633125536
1993-01,Equal-weight SIP,0.05164550949685639,-0.03450382071779712
1993-01,60/20/20 annual rebal,0.05344693841774681,-0.07918602547172893
1993-01,Risk-parity SIP,0.05092326517876914,-0.026383091861969965
1993-01,Max-Sharpe SIP,0.059756377208111576,-0.01961589144382958
1993-01,Optimized SIP,0.05337907974535208,-0.021490709108776596
1993-02,Equity SIP,0.05140617429772423,-0.3149806564010693
1993-02,Equal-weight SIP,0.05434557775969055,-0.03410144083895328
1993-02,60/20/20 annual rebal,0.055482789999824034,-0.07689755510144147
1993-02,Risk-parity SIP,0.054272654429440716,-0.02604305193249512
1993-02,Max-Sharpe SIP,0.05983782278079044,-0.019556299731881444
1993-02,Optimized SIP,0.05532749384143774,-0.021174894102569897
1993-03,Equity SIP,0.036747170166528294,-0.313230384332294
1993-03,Equal-weight SIP,0.050660893651179775,-0.033684238082104745
1993-03,60/20/20 annual rebal,0.04803381934560576,-0.07777608430571636
1993-03,Risk-parity SIP,0.05196165762623152,-0.02569227838566579
1993-03,Max-Sharpe SIP,0.05800386130331279,-0.01949625334871863
1993-03,Optimized SIP,0.05315834223594645,-0.02085045365210003
1993-04,Equity SIP,0.037544224083324494,-0.3114435482889255
1993-04,Equal-weight SIP,0.04843423175648495,-0.03325969537041629
1993-04,60/20/20 annual rebal,0.04671398069403254,-0.08177638670043197
1993-04,Risk-parity SIP,0.049419207561040075,-0.024287305304604656
1993-04,Max-Sharpe SIP,0.057851661823249904,-0.019435051297537975
1993-04,Optimized SIP,0.05295222469004435,-0.020521921466818416
1993-05,Equity SIP,0.04582766294610119,-0.30962701082103083
1993-05,Equal-weight SIP,0.04787881867199891,-0.03283271387937081
1993-05,60/20/20 annual rebal,0.04999934236271184,-0.07718693604496807
1993-05,Risk-parity SIP,0.047713674522028585,-0.023929671617804127
1993-05,Max-Sharpe SIP,0.05711114079019297,-0.019372159084019458
1993-05,Optimized SIP,0.051887366102191496,-0.020188856927813137
1993-06,Equity SIP,0.0540012347109388,-0.307713803591415
1993-06,Equal-weight SIP,0.057100327129770305,-0.03237838969162288
1993-06,60/20/20 annual rebal,0.05715472201785874,-0.07857447706945009
1993-06,Risk-parity SIP,0.05695322399200413,-0.023564654090896697
1993-06,Max-Sharpe SIP,0.06437908274949963,-0.019304928940006683
1993-06,Optimized SIP,0.06015522089770439,-0.019846606797906063
1993-07,Equity SIP,0.06279574486135037,-0.3057384061900663
1993-07,Equal-weight SIP,0.061308746592854894,-0.03191399596904965
1993-07,60/20/20 annual rebal,0.06258068648894193,-0.07747252468346533
1993-07,Risk-parity SIP,0.060619002449581155,-0.023196616640472456
1993-07,Max-Sharpe SIP,0.06866980354849753,-0.019233890888536997
1993-07,Optimized SIP,0.06422099672018988,-0.019498177993883092
1993-08,Equity SIP,0.06202247727101674,-0.30370068917692206
1993-08,Equal-weight SIP,0.05603791144728273,-0.03144015982526627
1993-08,60/20/20 annual rebal,0.05935693731007516,-0.0757188572227806
1993-08,Risk-parity SIP,0.05466911012555218,-0.022818644221585416
1993-08,Max-Sharpe SIP,0.06105728012589449,-0.02763079531470125
1993-08,Optimized SIP,0.056442919393395026,-0.023537338513553885
1993-09,Equity SIP,0.059765528980299826,-0.3015804869809
1993-09,Equal-weight SIP,0.05372972357718896,-0.03094559544087261
1993-09,60/20/20 annual rebal,0.05900224048402084,-0.06976499371869771
1993-09,Risk-parity SIP,0.05216184299429942,-0.022435924761133985
1993-09,Max-Sharpe SIP,0.056081094708194064,-0.041366312909765335
1993-09,Optimized SIP,0.0526732367275681,-0.031552702302984015
1993-10,Equity SIP,0.06383212480530245,-0.29941036325295556
1993-10,Equal-weight SIP,0.05888652657309444,-0.030450412023316997
1993-10,60/20/20 annual rebal,0.06356236430000002,-0.07200287713975717
1993-10,Risk-parity SIP,0.05732123057808659,-0.02204030781839139
1993-10,Max-Sharpe SIP,0.059851599786399264,-0.04123036785239209
1993-10,Optimized SIP,0.05711692646981367,-0.031412529089425156
1993-11,Equity SIP,0.06576429577463244,-0.29717976012861125
1993-11,Equal-weight SIP,0.059301846477886125,-0.029948021274454284
1993-11,60/20/20 annual rebal,0.065906322662153,-0.08152458602138224
1993-11,Risk-parity SIP,0.05773055627418958,-0.02102681824189523
1993-11,Max-Sharpe SIP,0.06004032164191821,-0.04109141350999912
1993-11,Optimized SIP,0.05735850147783314,-0.03127020245204237
1993-12,Equity SIP,0.06615210301081723,-0.29488370939524045
1993-12,Equal-weight SIP,0.06086442659025626,-0.029439479925094658
1993-12,60/20/20 annual rebal,0.06632089363702222,-0.07943424279783395
1993-12,Risk-parity SIP,0.05930542195645373,-0.020910482416732545
1993-12,Max-Sharpe SIP,0.06053443290117419,-0.04095059316367711
1993-12,Optimized SIP,0.058391346951589124,-0.031126571804689918
1994-01,Equity SIP,0.0699757178415696,-0.29248966561132195
1994-01,Equal-weight SIP,0.06464528667793004,-0.028924191700367308
1994-01,60/20/20 annual rebal,0.06889383730617206,-0.0747413644578454
1994-01,Risk-parity SIP,0.06285183762632224,-0.02079411669440645
1994-01,Max-Sharpe SIP,0.06254537869031929,-0.0408044177106307
1994-01,Optimized SIP,0.06119136923856272,-0.030979473457770967
1994-02,Equity SIP,0.07719564058051265,-0.29001347417960377
1994-02,Equal-weight SIP,0.0686274775031849,-0.0284012041751589
1994-02,60/20/20 annual rebal,0.07495532487551197,-0.07235694284160021
1994-02,Risk-parity SIP,0.06638987110846739,-0.02067723196307414
1994-02,Max-Sharpe SIP,0.06578608594412548,-0.040655685669007124
1994-02,Optimized SIP,0.06464412640356673,-0.030830143553480793
1994-03,Equity SIP,0.07726842428313051,-0.2874727768297898
1994-03,Equal-weight SIP,0.06761316098525037,-0.02787705646554195
1994-03,60/20/20 annual rebal,0.07518034737006263,-0.07314947977886199
1994-03,Risk-parity SIP,0.06547861045458994,-0.020559891921863693
1994-03,Max-Sharpe SIP,0.06591708996915915,-0.04050463050264641
1994-03,Optimized SIP,0.06431611879633674,-0.03067887625879706
1994-04,Equity SIP,0.07223801081233582,-0.28481708917529236
1994-04,Equal-weight SIP,0.06734306089977815,-0.027342296019124745
1994-04,60/20/20 annual rebal,0.07398753730262414,-0.07705230764222715
1994-04,Risk-parity SIP,0.06599761573500278,-0.020439771559338626
1994-04,Max-Sharpe SIP,0.06699366256025924,-0.04034835377497059
1994-04,Optimized SIP,0.0651722544731221,-0.030522592173438223
1994-05,Equity SIP,0.07200214268465636,-0.28199954676123984
1994-05,Equal-weight SIP,0.06358779661869496,-0.026965833169925957
1994-05,60/20/20 annual rebal,0.07154804263089182,-0.07233303192804352
1994-05,Risk-parity SIP,0.06150611673153129,-0.020325493103290015
1994-05,Max-Sharpe SIP,0.06139173358348267,-0.04018455054252423
1994-05,Optimized SIP,0.060155207869535494,-0.03035959082860895
1994-06,Equity SIP,0.06481267943857771,-0.2789441869015451
1994-06,Equal-weight SIP,0.056099708782181006,-0.03351845687066046
1994-06,60/20/20 annual rebal,0.062285108086299175,-0.07359551351230698
1994-06,Risk-parity SIP,0.054206535932926306,-0.037338819116120026
1994-06,Max-Sharpe SIP,0.05477280891620587,-0.04001156217581281
1994-06,Optimized SIP,0.05324853281240771,-0.03776586758465461
1994-07,Equity SIP,0.06801685621713215,-0.27576999147914627
1994-07,Equal-weight SIP,0.05818669620347516,-0.0334398149750863
1994-07,60/20/20 annual rebal,0.06436504918884516,-0.07236244891880583
1994-07,Risk-parity SIP,0.056270010659673485,-0.03722009912564961
1994-07,Max-Sharpe SIP,0.05581156507554381,-0.03983362905449406
1994-07,Optimized SIP,0.05469662917952831,-0.03762892562221054
1994-08,Equity SIP,0.06147282488438492,-0.2724717443954471
1994-08,Equal-weight SIP,0.05785234863733371,-0.0333602071548984
1994-08,60/20/20 annual rebal,0.0615396535635793,-0.07048360002497733
1994-08,Risk-parity SIP,0.05684135664563846,-0.03708411431090752
1994-08,Max-Sharpe SIP,0.05641455301253267,-0.03965295502282973
1994-08,Optimized SIP,0.055333735761343296,-0.037488749908843544
1994-09,Equity SIP,0.05655888018865964,-0.2689846977722088
1994-09,Equal-weight SIP,0.0576305551788639,-0.033277851431077865
1994-09,60/20/20 annual rebal,0.06032615996917775,-0.06437290181113875
1994-09,Risk-parity SIP,0.057402880827775046,-0.03693967067933601
1994-09,Max-Sharpe SIP,0.0572072211267469,-0.039466244178883114
1994-09,Optimized SIP,0.05604579022074258,-0.03734361919117146
1994-10,Equity SIP,0.05969109567505812,-0.26542453390620613
1994-10,Equal-weight SIP,0.05985082824336297,-0.03319091011060371
1994-10,60/20/20 annual rebal,0.06250217378280468,-0.06642181389244695
1994-10,Risk-parity SIP,0.059604339064800206,-0.03679161670237041
1994-10,Max-Sharpe SIP,0.05946986416782256,-0.039276519028540346
1994-10,Optimized SIP,0.058296888215488944,-0.037195921664402776
1994-11,Equity SIP,0.05772039766862205,-0.26170684858316373
1994-11,Equal-weight SIP,0.061294008587367166,-0.03310120302177644
1994-11,60/20/20 annual rebal,0.06388080209643097,-0.07572677259744565
1994-11,Risk-parity SIP,0.06112838191760623,-0.03664405549429761
1994-11,Max-Sharpe SIP,0.05969230645657004,-0.03908177397685797
1994-11,Optimized SIP,0.059177249179292894,-0.037044162733893216
1994-12,Equity SIP,0.06445756426640005,-0.2577705109530749
1994-12,Equal-weight SIP,0.06545797829570199,-0.03300743683350127
1994-12,60/20/20 annual rebal,0.06853410657652799,-0.07342135509874503
1994-12,Risk-parity SIP,0.06444381838250915,-0.03649180028392007
1994-12,Max-Sharpe SIP,0.06124156391125247,-0.03887944331071835
1994-12,Optimized SIP,0.06161734179225924,-0.03688683128686698
1995-01,Equity SIP,0.06731179988074656,-0.2535988822983749
1995-01,Equal-weight SIP,0.06631764821325443,-0.032909423004237826
1995-01,60/20/20 annual rebal,0.06905231208227482,-0.06851061399373015
1995-01,Risk-parity SIP,0.06501946912820716,-0.03633400686153265
1995-01,Max-Sharpe SIP,0.061495095069770286,-0.03866933600402822
1995-01,Optimized SIP,0.06312919683957775,-0.03638486318132861
1995-02,Equity SIP,0.062319134411338045,-0.24914004893280162
1995-02,Equal-weight SIP,0.061842562932106965,-0.032811551706440345
1995-02,60/20/20 annual rebal,0.06503394516343008,-0.06588801539620659
1995-02,Risk-parity SIP,0.061266665928299574,-0.03616721803567513
1995-02,Max-Sharpe SIP,0.05913576034543605,-0.03845411449037872
1995-02,Optimized SIP,0.06009042953097404,-0.036207308395334814
1995-03,Equity SIP,0.06319166819416643,-0.24453039346309668
1995-03,Equal-weight SIP,0.06197380362569069,-0.03270965992933861
1995-03,60/20/20 annual rebal,0.06623989713650297,-0.06645201685038526
1995-03,Risk-parity SIP,0.061502966577461606,-0.03599618164507146
1995-03,Max-Sharpe SIP,0.059548072988733464,-0.0382346723113256
1995-03,Optimized SIP,0.060431860313990664,-0.036026505861219915
1995-04,Equity SIP,0.06046017672125459,-0.23982818071406398
1995-04,Equal-weight SIP,0.06063429236592665,-0.03260487782675725
1995-04,60/20/20 annual rebal,0.06539157913376605,-0.07013794519125005
1995-04,Risk-parity SIP,0.059504866768115595,-0.03581487875565237
1995-04,Max-Sharpe SIP,0.055862486162491246,-0.038013814867652984
1995-04,Optimized SIP,0.05767565514285901,-0.03584483544084316
1995-05,Equity SIP,0.053592284589704414,-0.2349733402859745
1995-05,Equal-weight SIP,0.05825375831018452,-0.0324991395079145
1995-05,60/20/20 annual rebal,0.061071213268280244,-0.06518514915217066
1995-05,Risk-parity SIP,0.058109063404879244,-0.03564573748120714
1995-05,Max-Sharpe SIP,0.05513009104580133,-0.037791456564962966
1995-05,Optimized SIP,0.05662546694461649,-0.03566264621459292
1995-06,Equity SIP,0.0540709600740481,-0.22999279998092892
1995-06,Equal-weight SIP,0.05823287136481012,-0.03239111712528664
1995-06,60/20/20 annual rebal,0.059469192684949046,-0.0664501164279625
1995-06,Risk-parity SIP,0.05865030408820366,-0.03547665416664747
1995-06,Max-Sharpe SIP,0.05670724402326697,-0.037567466847207465
1995-06,Optimized SIP,0.0577032130438798,-0.03548012536560974
1995-07,Equity SIP,0.05621545596488174,-0.22489092990825066
1995-07,Equal-weight SIP,0.06078096143040999,-0.032281384640011734
1995-07,60/20/20 annual rebal,0.06141906884776878,-0.06830555594705068
1995-07,Risk-parity SIP,0.06116922678634876,-0.035306075156780636
1995-07,Max-Sharpe SIP,0.058850909264405685,-0.03734278007945302
1995-07,Optimized SIP,0.06004570433475853,-0.0352971034154439
1995-08,Equity SIP,0.057708903880083394,-0.21965728814974794
1995-08,Equal-weight SIP,0.05907659918481304,-0.03217181768542954
1995-08,60/20/20 annual rebal,0.06089952321801286,-0.0661307349673177
1995-08,Risk-parity SIP,0.05923781635985926,-0.03513524016814962
1995-08,Max-Sharpe SIP,0.05697488314129539,-0.037118511163647394
1995-08,Optimized SIP,0.058137575673155306,-0.035114903580332424
1995-09,Equity SIP,0.05642267363336969,-0.2143090436882641
1995-09,Equal-weight SIP,0.060068590676239805,-0.0320554572378432
1995-09,60/20/20 annual rebal,0.061759413042684244,-0.059661932701279285
1995-09,Risk-parity SIP,0.05990902149112674,-0.03496178894588742
1995-09,Max-Sharpe SIP,0.05629667012387499,-0.03688927267846509
1995-09,Optimized SIP,0.05814794624761558,-0.03492965694022354
1995-10,Equity SIP,0.05507110515894913,-0.2086759929590568
1995-10,Equal-weight SIP,0.06232071664164895,-0.03193376979932783
1995-10,60/20/20 annual rebal,0.06228020226363767,-0.06098425465562163
1995-10,Risk-parity SIP,0.061994803204133586,-0.03478928069412046
1995-10,Max-Sharpe SIP,0.05712145428738134,-0.036651798691298754
1995-10,Optimized SIP,0.05963311994896888,-0.034739285539264975
1995-11,Equity SIP,0.04814679922329613,-0.202923733587417
1995-11,Equal-weight SIP,0.06058156928647707,-0.03180935220967818
1995-11,60/20/20 annual rebal,0.059393137483481614,-0.067493396338416
1995-11,Risk-parity SIP,0.05990288196670965,-0.034616988952461125
1995-11,Max-Sharpe SIP,0.053198840467923204,-0.03641255065143989
1995-11,Optimized SIP,0.05666756767747124,-0.03454841753086024
1995-12,Equity SIP,0.05387444314605519,-0.19688435443303398
1995-12,Equal-weight SIP,0.06277998320897767,-0.031683351863174836
1995-12,60/20/20 annual rebal,0.06250879212292076,-0.06539412779228282
1995-12,Risk-parity SIP,0.061416022115376646,-0.034440084134599314
1995-12,Max-Sharpe SIP,0.05406974332506309,-0.03616869239217069
1995-12,Optimized SIP,0.05787073526230743,-0.03435501312717926
1996-01,Equity SIP,0.05620497833236628,-0.19075745578056813
1996-01,Equal-weight SIP,0.06827512587736909,-0.03155431741331649
1996-01,60/20/20 annual rebal,0.06554549912135636,-0.062385757091411254
1996-01,Risk-parity SIP,0.06607991655959099,-0.034261403842640537
1996-01,Max-Sharpe SIP,0.056624707179898176,-0.03592143597328101
1996-01,Optimized SIP,0.06152443403629514,-0.034161287181283306
1996-02,Equity SIP,0.05731170286820884,-0.18470485937123227
1996-02,Equal-weight SIP,0.0740484518496532,-0.031422593042480074
1996-02,60/20/20 annual rebal,0.06977629096477528,-0.06059155553176798
1996-02,Risk-parity SIP,0.0709061302167087,-0.03408415165811929
1996-02,Max-Sharpe SIP,0.05891041468216682,-0.035672349591837405
1996-02,Optimized SIP,0.06512712749335454,-0.03396645186136815
1996-03,Equity SIP,0.05556020798652926,-0.1817134246009947
1996-03,Equal-weight SIP,0.07325926505494472,-0.03129076362935346
1996-03,60/20/20 annual rebal,0.06950039695704123,-0.06089800124934497
1996-03,Risk-parity SIP,0.06963086566775775,-0.033905814575224236
1996-03,Max-Sharpe SIP,0.057103106685076434,-0.035418795408692194
1996-03,Optimized SIP,0.06347576913517078,-0.034315810204537334
1996-04,Equity SIP,0.056825490132237456,-0.18031718725831536
1996-04,Equal-weight SIP,0.07300441892610852,-0.031150808331554147
1996-04,60/20/20 annual rebal,0.07087164041230547,-0.06313278832113345
1996-04,Risk-parity SIP,0.06888892757734666,-0.03372649664037097
1996-04,Max-Sharpe SIP,0.05597042156954559,-0.03516170072074931
1996-04,Optimized SIP,0.06258059536896354,-0.034115270707321343
1996-05,Equity SIP,0.05674717040770074,-0.17885138438752302
1996-05,Equal-weight SIP,0.07860873314120151,-0.031001245282981205
1996-05,60/20/20 annual rebal,0.07314770158301072,-0.05984957693216819
1996-05,Risk-parity SIP,0.07143921631148549,-0.03353909748675599
1996-05,Max-Sharpe SIP,0.05545454679569485,-0.03488979799714387
1996-05,Optimized SIP,0.0635645655959439,-0.03383777836662394
1996-06,Equity SIP,0.05360337683585639,-0.17731695258332691
1996-06,Equal-weight SIP,0.0850044497829835,-0.030845002606320282
1996-06,60/20/20 annual rebal,0.07382441186344503,-0.061756606897810595
1996-06,Risk-parity SIP,0.07502313259624288,-0.033345694938391124
1996-06,Max-Sharpe SIP,0.05593555890363845,-0.03460743172423275
1996-06,Optimized SIP,0.0651544386799332,-0.033622036066464855
1996-07,Equity SIP,0.04674851329496971,-0.175743686878848
1996-07,Equal-weight SIP,0.07264444978896477,-0.05291875882050612
1996-07,60/20/20 annual rebal,0.06587840720070424,-0.06350495657000876
1996-07,Risk-parity SIP,0.06645056990389704,-0.03334909280367049
1996-07,Max-Sharpe SIP,0.05086338287403404,-0.03431622083928465
1996-07,Optimized SIP,0.0589360854539207,-0.03340050628869595
1996-08,Equity SIP,0.04662141266911709,-0.17411297077790366
1996-08,Equal-weight SIP,0.07735835143544638,-0.05301630184794881
1996-08,60/20/20 annual rebal,0.06645214714784513,-0.061278759998347754
1996-08,Risk-parity SIP,0.06956141330170033,-0.03327787155773587
1996-08,Max-Sharpe SIP,0.0523268526171399,-0.03401464408778532
1996-08,Optimized SIP,0.06104897255596281,-0.03317170639328637
1996-09,Equity SIP,0.04935988908628957,-0.17233623011182986
1996-09,Equal-weight SIP,0.0785767883042805,-0.05311706362804647
1996-09,60/20/20 annual rebal,0.06967831409007036,-0.05470294415279808
1996-09,Risk-parity SIP,0.07139378806436567,-0.03320472537315755
1996-09,Max-Sharpe SIP,0.054696222335465554,-0.033701696390981084
1996-09,Optimized SIP,0.06327314652775913,-0.03293475169896731
1996-10,Equity SIP,0.052589765767531854,-0.17052088629918483
1996-10,Equal-weight SIP,0.07540921113209592,-0.05321447535194468
1996-10,60/20/20 annual rebal,0.06896774719334617,-0.05583993285272926
1996-10,Risk-parity SIP,0.0702779008323449,-0.033131635382291136
1996-10,Max-Sharpe SIP,0.05546387976221236,-0.03338581756395165
1996-10,Optimized SIP,0.0634043987240624,-0.03269525026190401
1996-11,Equity SIP,0.057849391234282226,-0.16864690289916373
1996-11,Equal-weight SIP,0.07507032777295852,-0.05331119926809347
1996-11,60/20/20 annual rebal,0.07098572189188039,-0.06136062816075738
1996-11,Risk-parity SIP,0.07034841037834288,-0.033056833590012324
1996-11,Max-Sharpe SIP,0.055868634685409355,-0.03303720945362454
1996-11,Optimized SIP,0.06382606275673156,-0.032448580883128186
1996-12,Equity SIP,0.06014127908103024,-0.1667517483452603
1996-12,Equal-weight SIP,0.08135385913780664,-0.05339915415955376
1996-12,60/20/20 annual rebal,0.07454359125360081,-0.05983007306274157
1996-12,Risk-parity SIP,0.07503928768528384,-0.03298174741116444
1996-12,Max-Sharpe SIP,0.05903032656791112,-0.03271080093816936
1996-12,Optimized SIP,0.06765302900550044,-0.03220005782410529
1997-01,Equity SIP,0.06280182539466958,-0.16485406307326222
1997-01,Equal-weight SIP,0.08225087780929517,-0.05347637500145652
1997-01,60/20/20 annual rebal,0.0754366681837594,-0.05670543519279858
1997-01,Risk-parity SIP,0.07591671367967331,-0.03290639881432855
1997-01,Max-Sharpe SIP,0.059963406597554086,-0.0323829146539617
1997-01,Optimized SIP,0.06858586820561594,-0.03195040002170213
1997-02,Equity SIP,0.06270621849454373,-0.1628820173825486
1997-02,Equal-weight SIP,0.08114461780107332,-0.05354905409733646
1997-02,60/20/20 annual rebal,0.07487688728248708,-0.054748106080415915
1997-02,Risk-parity SIP,0.07423462602084331,-0.032828774293591434
1997-02,Max-Sharpe SIP,0.057856757835564716,-0.03204318310065524
1997-02,Optimized SIP,0.06669350443789716,-0.031692217996749705
1997-03,Equity SIP,0.06438492814938745,-0.16087324242098378
1997-03,Equal-weight SIP,0.08559387494889378,-0.05361402839852625
1997-03,60/20/20 annual rebal,0.07864974139964177,-0.05488578790224319
1997-03,Risk-parity SIP,0.07724263540904562,-0.03274852909938197
1997-03,Max-Sharpe SIP,0.059622872613186655,-0.03169737721684296
1997-03,Optimized SIP,0.06901138686457191,-0.03142396059292374
1997-04,Equity SIP,0.05830360404536154,-0.15890182007711373
1997-04,Equal-weight SIP,0.08288685213714148,-0.053667220769339385
1997-04,60/20/20 annual rebal,0.0756775622381077,-0.056921749739640926
1997-04,Risk-parity SIP,0.07579175343134717,-0.032667229673874254
1997-04,Max-Sharpe SIP,0.0589856180803476,-0.03135039480973589
1997-04,Optimized SIP,0.06800981142245312,-0.031152118444236487
1997-05,Equity SIP,0.06488351702804998,-0.1575095132230564
1997-05,Equal-weight SIP,0.08673368357107543,-0.05372859408392716
1997-05,60/20/20 annual rebal,0.0797719482398788,-0.053450159678869236
1997-05,Risk-parity SIP,0.07790495920014098,-0.03258384006155868
1997-05,Max-Sharpe SIP,0.05995015062309613,-0.03098892308483192
1997-05,Optimized SIP,0.06951402900120371,-0.03087083106837063
1997-06,Equity SIP,0.06984977571643251,-0.1559902271542346
1997-06,Equal-weight SIP,0.08612083162874645,-0.05379098810281946
1997-06,60/20/20 annual rebal,0.08092992236433848,-0.05512368905617315
1997-06,Risk-parity SIP,0.0774948450522572,-0.032499297492449286
1997-06,Max-Sharpe SIP,0.05994036456013031,-0.030606770175379272
1997-06,Optimized SIP,0.06960354092538835,-0.030604862625101648
1997-07,Equity SIP,0.06926572759152634,-0.15452402417929523
1997-07,Equal-weight SIP,0.0827917353530892,-0.05384192509238983
1997-07,60/20/20 annual rebal,0.08012771357269519,-0.05669694301336592
1997-07,Risk-parity SIP,0.073675478441544,-0.03241756602806245
1997-07,Max-Sharpe SIP,0.05589186528374217,-0.03022560434785415
1997-07,Optimized SIP,0.06566875846980594,-0.0303078073220433
1997-08,Equity SIP,0.06922709508320143,-0.15306028981992092
1997-08,Equal-weight SIP,0.08388195512674668,-0.05388227416657698
1997-08,60/20/20 annual rebal,0.0792098985050121,-0.054392468919012504
1997-08,Risk-parity SIP,0.07474159927218736,-0.03233569457032759
1997-08,Max-Sharpe SIP,0.05691579788461414,-0.02987975193643444
1997-08,Optimized SIP,0.06668985587582227,-0.030008388960439558
1997-09,Equity SIP,0.059983324314177654,-0.15160663127417173
1997-09,Equal-weight SIP,0.08204780972672902,-0.053899461783867064
1997-09,60/20/20 annual rebal,0.07566944436965595,-0.04774340436785873
1997-09,Risk-parity SIP,0.07450507135547349,-0.032252930696332616
1997-09,Max-Sharpe SIP,0.05745234842266446,-0.029573680711497907
1997-09,Optimized SIP,0.06682679125352882,-0.029704153901899177
1997-10,Equity SIP,0.06481262229957946,-0.150085857404466
1997-10,Equal-weight SIP,0.0892516266364169,-0.05391683926326729
1997-10,60/20/20 annual rebal,0.08023215998241408,-0.048643602815202636
1997-10,Risk-parity SIP,0.07980392680426375,-0.032168322652582515
1997-10,Max-Sharpe SIP,0.061453924040534146,-0.02925832676403395
1997-10,Optimized SIP,0.07133840377726672,-0.029389649656464623
1997-11,Equity SIP,0.06946278991103327,-0.1485068417571611
1997-11,Equal-weight SIP,0.09478562845178791,-0.053930193500055124
1997-11,60/20/20 annual rebal,0.0846511832440016,-0.05379609255886153
1997-11,Risk-parity SIP,0.08329936283491303,-0.03208229944992502
1997-11,Max-Sharpe SIP,0.06361630038605598,-0.028935535615186248
1997-11,Optimized SIP,0.07442816423090172,-0.02912798107362602
1997-12,Equity SIP,0.05903668170561649,-0.14687379393394262
1997-12,Equal-weight SIP,0.09846666096775061,-0.053940315834630104
1997-12,60/20/20 annual rebal,0.0817103549918795,-0.05208387086516297
1997-12,Risk-parity SIP,0.08657262134196225,-0.031995527853650674
1997-12,Max-Sharpe SIP,0.06615273355392146,-0.028607223019793793
1997-12,Optimized SIP,0.07682268035511713,-0.028743450448911245
1998-01,Equity SIP,0.06043017596592746,-0.14513504150752154
1998-01,Equal-weight SIP,0.09811921776622069,-0.053930504951224645
1998-01,60/20/20 annual rebal,0.08155287231181843,-0.04875977775832152
1998-01,Risk-parity SIP,0.08655952326407543,-0.03190514198514771
1998-01,Max-Sharpe SIP,0.06649250293687996,-0.02826624945569367
1998-01,Optimized SIP,0.07700720978821182,-0.02840515894707618
1998-02,Equity SIP,0.04628110663502525,-0.14335034943284686
1998-02,Equal-weight SIP,0.104452071110111,-0.053897747589681244
1998-02,60/20/20 annual rebal,0.07845376713535804,-0.04656157934036376
1998-02,Risk-parity SIP,0.09108466498228117,-0.03181175549138926
1998-02,Max-Sharpe SIP,0.06935895049591645,-0.02791554007417052
1998-02,Optimized SIP,0.08049352771017704,-0.028055377777700063
1998-03,Equity SIP,0.042380041911576925,-0.14147350071217435
1998-03,Equal-weight SIP,0.10604352526881548,-0.053858869957041255
1998-03,60/20/20 annual rebal,0.0787741908631939,-0.04641362456753728
1998-03,Risk-parity SIP,0.0908487979437232,-0.031717066928773185
1998-03,Max-Sharpe SIP,0.0691455632371365,-0.027558037415385317
1998-03,Optimized SIP,0.08052367310629813,-0.027698488992148662
1998-04,Equity SIP,0.03651121130445409,-0.13961466973538683
1998-04,Equal-weight SIP,0.10950130411066165,-0.05382204722930395
1998-04,60/20/20 annual rebal,0.07864390672704175,-0.048167438111061056
1998-04,Risk-parity SIP,0.09263515631960503,-0.031622823392479904
1998-04,Max-Sharpe SIP,0.07138751781596057,-0.027199235311934244
1998-04,Optimized SIP,0.08281830150673564,-0.027340902912183718
1998-05,Equity SIP,0.04398790411344792,-0.13775763182613532
1998-05,Equal-weight SIP,0.10394249237329226,-0.05377905493459045
1998-05,60/20/20 annual rebal,0.08006218874410849,-0.04446935994256618
1998-05,Risk-parity SIP,0.09010187430171647,-0.03152758389507926
1998-05,Max-Sharpe SIP,0.0687487689444321,-0.02683597843144958
1998-05,Optimized SIP,0.07992718081601222,-0.026944248721373465
1998-06,Equity SIP,0.04830856136978978,-0.1358698341395772
1998-06,Equal-weight SIP,0.10132404290300533,-0.053744227408586975
1998-06,60/20/20 annual rebal,0.07893572655951951,-0.04591388176928457
1998-06,Risk-parity SIP,0.0881994157822152,-0.03143244768766096
1998-06,Max-Sharpe SIP,0.06658745200946994,-0.026481407222585407
1998-06,Optimized SIP,0.07775062675641546,-0.02658203369068246
1998-07,Equity SIP,0.0393118100160531,-0.13388004687714572
1998-07,Equal-weight SIP,0.09751015521287841,-0.05369803271461593
1998-07,60/20/20 annual rebal,0.07393152109240754,-0.04722828931465395
1998-07,Risk-parity SIP,0.08347098374559936,-0.03133418901141072
1998-07,Max-Sharpe SIP,0.06223764952459374,-0.026102888435495797
1998-07,Optimized SIP,0.0732869137631558,-0.026206466660678496
1998-08,Equity SIP,0.02656334635277427,-0.13178706633909243
1998-08,Equal-weight SIP,0.09941919467158764,-0.05363905214017306
1998-08,60/20/20 annual rebal,0.06804344310717145,-0.044748941079450155
1998-08,Risk-parity SIP,0.08265254974836506,-0.031233337223032565
1998-08,Max-Sharpe SIP,0.062183218994098434,-0.025707931380691385
1998-08,Optimized SIP,0.07299988525822837,-0.025819204879430235
1998-09,Equity SIP,0.030247547162687422,-0.1296768615804803
1998-09,Equal-weight SIP,0.08953987333647401,-0.05357462063182883
1998-09,60/20/20 annual rebal,0.0684661993124484,-0.03877001915900702
1998-09,Risk-parity SIP,0.07961224399282478,-0.03113163391612772
1998-09,Max-Sharpe SIP,0.059944048300157156,-0.025310230907315323
1998-09,Optimized SIP,0.07009712243251996,-0.025436550672726765
1998-10,Equity SIP,0.019986619182272042,-0.12993233724093323
1998-10,Equal-weight SIP,0.08633844128413166,-0.05725916152937327
1998-10,60/20/20 annual rebal,0.05869234665260021,-0.060738423782536244
1998-10,Risk-parity SIP,0.0777473607982911,-0.031024743691227874
1998-10,Max-Sharpe SIP,0.05927346164100042,-0.024888602463888243
1998-10,Optimized SIP,0.06878438399719375,-0.025029697121270233
1998-11,Equity SIP,-0.02544179142620207,-0.2997569247068046
1998-11,Equal-weight SIP,0.07297567050576657,-0.111396510596662
1998-11,60/20/20 annual rebal,0.03127760918085956,-0.17295711031001815
1998-11,Risk-parity SIP,0.06474822608744485,-0.06756395893791067
1998-11,Max-Sharpe SIP,0.04905764419010273,-0.041432587874868476
1998-11,Optimized SIP,0.057125535701480934,-0.05693151168820365
1998-12,Equity SIP,-0.04393208958037181,-0.3532954167007778
1998-12,Equal-weight SIP,0.06487993872224881,-0.1388588055113289
1998-12,60/20/20 annual rebal,0.021795875389902748,-0.20230547362583795
1998-12,Risk-parity SIP,0.06097386788086235,-0.07607584398007061
1998-12,Max-Sharpe SIP,0.04593864515582111,-0.04667821414355566
1998-12,Optimized SIP,0.05404459060300016,-0.0614966508048822
1999-01,Equity SIP,-0.04445627124651987,-0.35267881462881734
1999-01,Equal-weight SIP,0.07639505878463741,-0.13850256980702558
1999-01,60/20/20 annual rebal,0.026852982125327447,-0.20057217183496
1999-01,Risk-parity SIP,0.07240993870635436,-0.07563863658133985
1999-01,Max-Sharpe SIP,0.05923473791307755,-0.046556091036046965
1999-01,Optimized SIP,0.06727185554406317,-0.06126586999678052
1999-02,Equity SIP,-0.04643523845417824,-0.3520742678654417
1999-02,Equal-weight SIP,0.0793930619623984,-0.1381432972301666
1999-02,60/20/20 annual rebal,0.029308539199388566,-0.1997334298287129
1999-02,Risk-parity SIP,0.07317963060543996,-0.0753853068203475
1999-02,Max-Sharpe SIP,0.05907541652424916,-0.04643626006456414
1999-02,Optimized SIP,0.06716591642725887,-0.06080715646451318
1999-03,Equity SIP,-0.06035962970098704,-0.3845320892638462
1999-03,Equal-weight SIP,0.08344809213284467,-0.13778868212469664
1999-03,60/20/20 annual rebal,0.02312472807678956,-0.20846767798566124
1999-03,Risk-parity SIP,0.0701482456066344,-0.07493951015776101
1999-03,Max-Sharpe SIP,0.05774898473065968,-0.046316877531066725
1999-03,Optimized SIP,0.06427592442370447,-0.06034378253833894
1999-04,Equity SIP,-0.0720248038104453,-0.41226652075354453
1999-04,Equal-weight SIP,0.07905890636638827,-0.13743463494201225
1999-04,60/20/20 annual rebal,0.0173625299088848,-0.2103117547921718
1999-04,Risk-parity SIP,0.06627472519543602,-0.07447875072910626
1999-04,Max-Sharpe SIP,0.055841641842504654,-0.04619403964946467
1999-04,Optimized SIP,0.06102224773532003,-0.05986508325505946
1999-05,Equity SIP,-0.04717836289747385,-0.41151232091515977
1999-05,Equal-weight SIP,0.07766769865219414,-0.13708901446437938
1999-05,60/20/20 annual rebal,0.029503162363355505,-0.21415543388547909
1999-05,Risk-parity SIP,0.06864345265475279,-0.07400831177659994
1999-05,Max-Sharpe SIP,0.054653808245949,-0.04606916537988026
1999-05,Optimized SIP,0.062440579433882704,-0.0593743858376129
1999-06,Equity SIP,-0.033483843865788336,-0.4107750507187148
1999-06,Equal-weight SIP,0.08134225655314867,-0.13674220654629765
1999-06,60/20/20 annual rebal,0.03387287332230647,-0.20871930874942057
1999-06,Risk-parity SIP,0.07024506692697509,-0.07353275815055937
1999-06,Max-Sharpe SIP,0.053725545221185216,-0.045944058551642186
1999-06,Optimized SIP,0.06311877413159463,-0.058878864649115514
1999-07,Equity SIP,-0.027363086823349408,-0.41002311204041675
1999-07,Equal-weight SIP,0.08116750259910423,-0.1363865092584422
1999-07,60/20/20 annual rebal,0.036895482939906875,-0.2056186867778127
1999-07,Risk-parity SIP,0.06851879817565167,-0.0730367918463779
1999-07,Max-Sharpe SIP,0.05038136171048988,-0.04581457374072295
1999-07,Optimized SIP,0.06080198158057886,-0.058362331023409264
1999-08,Equity SIP,-0.024477151834304132,-0.40925206642623624
1999-08,Equal-weight SIP,0.08016088576521269,-0.13600250343215958
1999-08,60/20/20 annual rebal,0.036028130120710836,-0.20529360712968647
1999-08,Risk-parity SIP,0.06914790644130447,-0.07251360104185067
1999-08,Max-Sharpe SIP,0.051284137331911714,-0.04567992453607017
1999-08,Optimized SIP,0.06162741961400577,-0.057819982062006336
1999-09,Equity SIP,-0.0084515755972008,-0.40850039924527837
1999-09,Equal-weight SIP,0.08354664083971289,-0.135608099873624
1999-09,60/20/20 annual rebal,0.04609555392136754,-0.20288898509507247
1999-09,Risk-parity SIP,0.07324466503975008,-0.071982283427658
1999-09,Max-Sharpe SIP,0.05312027519355789,-0.04554559342021247
1999-09,Optimized SIP,0.0643124802902414,-0.05727255739746984
1999-10,Equity SIP,-0.0011564928298122476,-0.40770434187563254
1999-10,Equal-weight SIP,0.08945744491065123,-0.13519417438967796
1999-10,60/20/20 annual rebal,0.04922249907309139,-0.20784060490435852
1999-10,Risk-parity SIP,0.07799029361628809,-0.0714933680189892
1999-10,Max-Sharpe SIP,0.0577618396335963,-0.04540663694533431
1999-10,Optimized SIP,0.06886867637078338,-0.05670328412166137
1999-11,Equity SIP,0.0036402409212163986,-0.4068877177472049
1999-11,Equal-weight SIP,0.0937671183688505,-0.13478095360898046
1999-11,60/20/20 annual rebal,0.0527275235875593,-0.2081008435154651
1999-11,Risk-parity SIP,0.080536731349341,-0.07108852562943402
1999-11,Max-Sharpe SIP,0.06013675143551945,-0.045265834139765704
1999-11,Optimized SIP,0.07116465567735238,-0.05612401855802218
1999-12,Equity SIP,0.0077674755003442975,-0.4060439521403496
1999-12,Equal-weight SIP,0.10121234814321914,-0.13444114701651722
1999-12,60/20/20 annual rebal,0.06005762838646761,-0.19837443612944428
1999-12,Risk-parity SIP,0.08429609576746738,-0.07069326829834766
1999-12,Max-Sharpe SIP,0.06388529770342893,-0.045123368999448465
1999-12,Optimized SIP,0.07469861849221818,-0.05554722530770961
2000-01,Equity SIP,0.012209137950148496,-0.4052406210062044
2000-01,Equal-weight SIP,0.10098003754885758,-0.13408478623257936
2000-01,60/20/20 annual rebal,0.06218839410145173,-0.19656249533791648
2000-01,Risk-parity SIP,0.08369377693603877,-0.07028983294055557
2000-01,Max-Sharpe SIP,0.06215093924448194,-0.04498175459893006
2000-01,Optimized SIP,0.07351871225185351,-0.054963991088817
2000-02,Equity SIP,0.014968198065274281,-0.4044444130208088
2000-02,Equal-weight SIP,0.09840955883963971,-0.13371927592908184
2000-02,60/20/20 annual rebal,0.06512833482446685,-0.19567452715879285
2000-02,Risk-parity SIP,0.08185598428705061,-0.06987214162760935
2000-02,Max-Sharpe SIP,0.059865847152834856,-0.04483723398234418
2000-02,Optimized SIP,0.07147388866638174,-0.05436363524190768
2000-03,Equity SIP,0.009264866581501632,-0.4036321933969256
2000-03,Equal-weight SIP,0.09429015241444375,-0.1333589076473385
2000-03,60/20/20 annual rebal,0.06004059982328508,-0.20433038586153096
2000-03,Risk-parity SIP,0.07903421247139537,-0.0694402415541483
2000-03,Max-Sharpe SIP,0.05807442669173686,-0.044687884018938306
2000-03,Optimized SIP,0.06912713102585416,-0.053742142584540686
2000-04,Equity SIP,0.020703625025002302,-0.4027832311322881
2000-04,Equal-weight SIP,0.09713019314549191,-0.1329999104181241
2000-04,60/20/20 annual rebal,0.06890483571994034,-0.20610806782604274
2000-04,Risk-parity SIP,0.08161702870013102,-0.06900475669850026
2000-04,Max-Sharpe SIP,0.06001269623473673,-0.04040840820617242
2000-04,Optimized SIP,0.07153593616161578,-0.05311164178833849
2000-05,Equity SIP,0.02859431634350507,-0.40195062064989684
2000-05,Equal-weight SIP,0.1004195172800543,-0.1326064660868599
2000-05,60/20/20 annual rebal,0.07546685606916476,-0.2098989825957812
2000-05,Risk-parity SIP,0.08335610743233128,-0.0685616060391443
2000-05,Max-Sharpe SIP,0.06105081318615975,-0.04034216546333025
2000-05,Optimized SIP,0.07289956082562737,-0.05247541900309283
2000-06,Equity SIP,0.016760480256880955,-0.4011140588099107
2000-06,Equal-weight SIP,0.10320915372927214,-0.13218134138253324
2000-06,60/20/20 annual rebal,0.06771905135581313,-0.20439040104253448
2000-06,Risk-parity SIP,0.08487731882627038,-0.06811078483161903
2000-06,Max-Sharpe SIP,0.06624591201300374,-0.040278640836469815
2000-06,Optimized SIP,0.0761900929387497,-0.05184553030747241
2000-07,Equity SIP,0.009736561281649046,-0.40023635953135384
2000-07,Equal-weight SIP,0.10380962342864127,-0.1317381099256395
2000-07,60/20/20 annual rebal,0.06377219881849085,-0.20124045086194686
2000-07,Risk-parity SIP,0.08508422173848766,-0.06763651121013936
2000-07,Max-Sharpe SIP,0.06849211533854628,-0.0402277640951072
2000-07,Optimized SIP,0.07740040384211463,-0.05171050957200951
2000-08,Equity SIP,0.009594849078553227,-0.3993689379544648
2000-08,Equal-weight SIP,0.10016700216963972,-0.13130229268594917
2000-08,60/20/20 annual rebal,0.060354719793403254,-0.20085215384693067
2000-08,Risk-parity SIP,0.08440290899676064,-0.06716574300437872
2000-08,Max-Sharpe SIP,0.06797388829158366,-0.040178489661521155
2000-08,Optimized SIP,0.07682098831895051,-0.05157611713563903
2000-09,Equity SIP,0.01147512663475968,-0.398492184047225
2000-09,Equal-weight SIP,0.10259903916264415,-0.1308441684530861
2000-09,60/20/20 annual rebal,0.06306831545301687,-0.19841436396972623
2000-09,Risk-parity SIP,0.08744190968279976,-0.06668303987929236
2000-09,Max-Sharpe SIP,0.0717554874823463,-0.04013478634202339
2000-09,Optimized SIP,0.08023137409304847,-0.05143858752380004
2000-10,Equity SIP,0.018175423373801052,-0.39760677051337123
2000-10,Equal-weight SIP,0.10725080128666444,-0.1303472093879825
2000-10,60/20/20 annual rebal,0.065728684255049,-0.20323040252981905
2000-10,Risk-parity SIP,0.0908409385869879,-0.06618909076107204
2000-10,Max-Sharpe SIP,0.07478672753004813,-0.040091319780588996
2000-10,Optimized SIP,0.08324048431506519,-0.05129817983405793
2000-11,Equity SIP,0.027049558634740147,-0.396694174670423
2000-11,Equal-weight SIP,0.11361269941818557,-0.12982610863427058
2000-11,60/20/20 annual rebal,0.072213926291908,-0.2034083187182545
2000-11,Risk-parity SIP,0.09536597130922761,-0.06568146719884549
2000-11,Max-Sharpe SIP,0.07922524338120537,-0.04004750477145602
2000-11,Optimized SIP,0.087713280603865,-0.05115387160406937
2000-12,Equity SIP,0.031822822733760595,-0.3957117046558353
2000-12,Equal-weight SIP,0.11438962405210314,-0.1292499134251165
2000-12,60/20/20 annual rebal,0.07670325322731196,-0.1936619223778755
2000-12,Risk-parity SIP,0.09463006579869461,-0.06515210815932038
2000-12,Max-Sharpe SIP,0.07805765237992934,-0.040002506970519436
2000-12,Optimized SIP,0.08676078543972726,-0.051003101680263785
2001-01,Equity SIP,0.03883907605210146,-0.3947005102908713
2001-01,Equal-weight SIP,0.11391942810249506,-0.1286384302996142
2001-01,60/20/20 annual rebal,0.07946058937961972,-0.19169223417167336
2001-01,Risk-parity SIP,0.09182953139997072,-0.06460566191802353
2001-01,Max-Sharpe SIP,0.07396544554056714,-0.03995652578078879
2001-01,Optimized SIP,0.08332499750495434,-0.05084801088778468
2001-02,Equity SIP,0.045262157279944766,-0.39363160374435446
2001-02,Equal-weight SIP,0.11145933187849293,-0.12798164311668747
2001-02,60/20/20 annual rebal,0.08413979940987124,-0.1906892822319386
2001-02,Risk-parity SIP,0.09086099485050911,-0.06405177677681129
2001-02,Max-Sharpe SIP,0.07182005863938774,-0.039899499225749424
2001-02,Optimized SIP,0.08180284344665427,-0.050691448066794265
2001-03,Equity SIP,0.05104644654656938,-0.3925435453087298
2001-03,Equal-weight SIP,0.11186038241184196,-0.12728435388913473
2001-03,60/20/20 annual rebal,0.08617530875549641,-0.19920354945566132
2001-03,Risk-parity SIP,0.09058343112841202,-0.06348142562016557
2001-03,Max-Sharpe SIP,0.07108107830909334,-0.03984179317079051
2001-03,Optimized SIP,0.08120628877179058,-0.05053679153357671
2001-04,Equity SIP,0.04861668138692225,-0.39140615556812564
2001-04,Equal-weight SIP,0.11396726070226589,-0.1265398798864329
2001-04,60/20/20 annual rebal,0.08809622689120815,-0.20083633237570808
2001-04,Risk-parity SIP,0.09188518132282969,-0.06289117403899025
2001-04,Max-Sharpe SIP,0.07409441559977793,-0.03978285737212173
2001-04,Optimized SIP,0.08326839279784663,-0.05037237384733728
2001-05,Equity SIP,0.052439944717738336,-0.39012423701859833
2001-05,Equal-weight SIP,0.11726029540860985,-0.1257086739598663
2001-05,60/20/20 annual rebal,0.09250747964542613,-0.20447158862181047
2001-05,Risk-parity SIP,0.09343589878356934,-0.062273762386799714
2001-05,Max-Sharpe SIP,0.07633480119784095,-0.03972022792818586
2001-05,Optimized SIP,0.0850371061341342,-0.050201839015646565
2001-06,Equity SIP,0.05327424491978361,-0.38881462131817934
2001-06,Equal-weight SIP,0.11922811825771854,-0.12485222092406101
2001-06,60/20/20 annual rebal,0.09093664308720642,-0.19878296566330667
2001-06,Risk-parity SIP,0.09592934999060264,-0.061631482021006434
2001-06,Max-Sharpe SIP,0.07983799668132116,-0.03965728508558697
2001-06,Optimized SIP,0.08794892010548505,-0.05002394959128087
2001-07,Equity SIP,0.045745937823815454,-0.3875579273112525
2001-07,Equal-weight SIP,0.11782296955557016,-0.12405376499548026
2001-07,60/20/20 annual rebal,0.0861450175159588,-0.19550285969809278
2001-07,Risk-parity SIP,0.09486860442046464,-0.06098577979945019
2001-07,Max-Sharpe SIP,0.08052195606005932,-0.03959493843347339
2001-07,Optimized SIP,0.0877685228613891,-0.04984426530136865
2001-08,Equity SIP,0.05131335690207382,-0.3862378097897611
2001-08,Equal-weight SIP,0.12045870226398721,-0.12320048788971427
2001-08,60/20/20 annual rebal,0.08800367930964303,-0.19493842171171705
2001-08,Risk-parity SIP,0.09658815510095047,-0.06037105830897538
2001-08,Max-Sharpe SIP,0.08244148948879274,-0.03953126383338501
2001-08,Optimized SIP,0.08953279515242978,-0.04965759823355975
2001-09,Equity SIP,0.029628997129725713,-0.38484583490835855
2001-09,Equal-weight SIP,0.12856481629714656,-0.12257055709188258
2001-09,60/20/20 annual rebal,0.08261857155623722,-0.19234946491665816
2001-09,Risk-parity SIP,0.10154220931999063,-0.060174955754008885
2001-09,Max-Sharpe SIP,0.09372499882501222,-0.039466014837250984
2001-09,Optimized SIP,0.09756447457975628,-0.04946245201249111
2001-10,Equity SIP,0.02778163310177662,-0.3833858638577198
2001-10,Equal-weight SIP,0.1286741004442287,-0.12207865371957094
2001-10,60/20/20 annual rebal,0.07968950475239205,-0.19686937098649593
2001-10,Risk-parity SIP,0.10389239962129576,-0.060040013053359265
2001-10,Max-Sharpe SIP,0.09593716181526409,-0.03940013540698162
2001-10,Optimized SIP,0.09953456606519195,-0.049261784209251536
2001-11,Equity SIP,0.033066363602540005,-0.38169170100457595
2001-11,Equal-weight SIP,0.12112836328789653,-0.12150887838549451
2001-11,60/20/20 annual rebal,0.07863729788440244,-0.19679902825191198
2001-11,Risk-parity SIP,0.09949158267872288,-0.05983107018281997
2001-11,Max-Sharpe SIP,0.08941075269641963,-0.03933411868514791
2001-11,Optimized SIP,0.0942174336352997,-0.049049827874272145
2001-12,Equity SIP,0.03598026962748183,-0.3799978139924699
2001-12,Equal-weight SIP,0.12513493254245536,-0.1209282700230494
2001-12,60/20/20 annual rebal,0.08295414270701595,-0.1868838335281615
2001-12,Risk-parity SIP,0.10227134813385341,-0.05961863639907794
2001-12,Max-Sharpe SIP,0.09312652248481303,-0.039268917021283434
2001-12,Optimized SIP,0.09742156483289029,-0.048833975699764665
2002-01,Equity SIP,0.0385491224263185,-0.3783356059844998
2002-01,Equal-weight SIP,0.11836768975038074,-0.12034333486906845
2002-01,60/20/20 annual rebal,0.08218594886956955,-0.18460229615011936
2002-01,Risk-parity SIP,0.09932936007381417,-0.05940041920059069
2002-01,Max-Sharpe SIP,0.08853564960131405,-0.03920358015354708
2002-01,Optimized SIP,0.09315498649928769,-0.04854381130774588
2002-02,Equity SIP,0.04716812592766021,-0.37664768512856905
2002-02,Equal-weight SIP,0.11954187648031551,-0.11976851062687677
2002-02,60/20/20 annual rebal,0.08899190309353384,-0.18333429189042505
2002-02,Risk-parity SIP,0.10072494693092914,-0.05917286996943116
2002-02,Max-Sharpe SIP,0.08922541513778148,-0.039136408373951714
2002-02,Optimized SIP,0.09425102792834289,-0.048311692096938974
2002-03,Equity SIP,0.0545428383622931,-0.3749028461711337
2002-03,Equal-weight SIP,0.12485321459065969,-0.11918047119658515
2002-03,60/20/20 annual rebal,0.09407223873304375,-0.19156955824237232
2002-03,Risk-parity SIP,0.10381911971000107,-0.05893972022420879
2002-03,Max-Sharpe SIP,0.09281764265575704,-0.03906836415874304
2002-03,Optimized SIP,0.09763789397507096,-0.048072697852289736
2002-04,Equity SIP,0.05941030080566372,-0.3730402015761236
2002-04,Equal-weight SIP,0.11976122803038347,-0.11857259320602509
2002-04,60/20/20 annual rebal,0.09600293609748725,-0.19292854305952545
2002-04,Risk-parity SIP,0.10051698542775427,-0.058701415224730935
2002-04,Max-Sharpe SIP,0.08845283450971853,-0.03899649742089761
2002-04,Optimized SIP,0.09365565744248132,-0.04782686340699194
2002-05,Equity SIP,0.058791856979798246,-0.37120853716099933
2002-05,Equal-weight SIP,0.11710299800190799,-0.11798818731241578
2002-05,60/20/20 annual rebal,0.09546361453845832,-0.19634743562266022
2002-05,Risk-parity SIP,0.09956649675677204,-0.058449393374275904
2002-05,Max-Sharpe SIP,0.08808395378096663,-0.03892653829932746
2002-05,Optimized SIP,0.09270757228228618,-0.0475732705205848
2002-06,Equity SIP,0.05214454967671791,-0.3692488047069925
2002-06,Equal-weight SIP,0.1117324862087207,-0.11737255065392171
2002-06,60/20/20 annual rebal,0.08769485119003584,-0.19044951889261053
2002-06,Risk-parity SIP,0.09736462338553213,-0.05818524271831971
2002-06,Max-Sharpe SIP,0.08607534154510531,-0.03885528787013659
2002-06,Optimized SIP,0.0906174458041575,-0.04731071917067742
2002-07,Equity SIP,0.049282738753454854,-0.36716373796686097
2002-07,Equal-weight SIP,0.11106757073303522,-0.11673303492004561
2002-07,60/20/20 annual rebal,0.08549834952713146,-0.18692964846777216
2002-07,Risk-parity SIP,0.09738420922175936,-0.057914082595058924
2002-07,Max-Sharpe SIP,0.08668390113967095,-0.03874399505404669
2002-07,Optimized SIP,0.09099571119394048,-0.0470395067973024
2002-08,Equity SIP,0.05409588270330102,-0.36522660054344613
2002-08,Equal-weight SIP,0.11098378948461025,-0.1160225118821
2002-08,60/20/20 annual rebal,0.086288061718584,-0.18609185513018034
2002-08,Risk-parity SIP,0.09824750405086655,-0.057635027843832565
2002-08,Max-Sharpe SIP,0.08717083418977728,-0.03861786604783912
2002-08,Optimized SIP,0.09165925064112618,-0.04675819057826558
2002-09,Equity SIP,0.05948841105631081,-0.3636158473587052
2002-09,Equal-weight SIP,0.11222366085664666,-0.11515105696559769
2002-09,60/20/20 annual rebal,0.08964599793750667,-0.18321206959802505
2002-09,Risk-parity SIP,0.09817492846400366,-0.05733869773768252
2002-09,Max-Sharpe SIP,0.08709226525334293,-0.038488769529175126
2002-09,Optimized SIP,0.0916185004302472,-0.04645937673097689
2002-10,Equity SIP,0.06416744760017247,-0.3619598334704279
2002-10,Equal-weight SIP,0.11801608116805214,-0.1142221333205029
2002-10,60/20/20 annual rebal,0.09362332746800857,-0.18720179706626994
2002-10,Risk-parity SIP,0.10086688815881761,-0.0570356274463415
2002-10,Max-Sharpe SIP,0.0908473340131406,-0.03836189497432119
2002-10,Optimized SIP,0.09488343276095954,-0.046159615253777764
2002-11,Equity SIP,0.06257302267339528,-0.3601490571530006
2002-11,Equal-weight SIP,0.11619139932226055,-0.1132065402278728
2002-11,60/20/20 annual rebal,0.09130754188221571,-0.18670549873228692
2002-11,Risk-parity SIP,0.09920943910241439,-0.05672463972628117
2002-11,Max-Sharpe SIP,0.0895158421865455,-0.038220732518980616
2002-11,Optimized SIP,0.09341139325763628,-0.045852653056811965
2002-12,Equity SIP,0.05583023570371624,-0.3582330027629316
2002-12,Equal-weight SIP,0.11222988701023702,-0.1121325694307671
2002-12,60/20/20 annual rebal,0.08698634184785224,-0.17646026861270414
2002-12,Risk-parity SIP,0.0966402181903955,-0.05639952863548514
2002-12,Max-Sharpe SIP,0.08747726181498391,-0.03806089501157284
2002-12,Optimized SIP,0.09113913838179329,-0.045532901797897374
2003-01,Equity SIP,0.05892198241329141,-0.3563578296115024
2003-01,Equal-weight SIP,0.1092674935901966,-0.11108801709058913
2003-01,60/20/20 annual rebal,0.08756246772229605,-0.1736424131097003
2003-01,Risk-parity SIP,0.09491798189336582,-0.05606718943445277
2003-01,Max-Sharpe SIP,0.08511356744574591,-0.03789823210660892
2003-01,Optimized SIP,0.08912448224670208,-0.045207027716552384
2003-02,Equity SIP,0.06583850798695214,-0.3543810922698346
2003-02,Equal-weight SIP,0.10813865872310285,-0.11001920010006427
2003-02,60/20/20 annual rebal,0.09185536441328278,-0.17190565705236505
2003-02,Risk-parity SIP,0.09335860324295413,-0.055652833415406944
2003-02,Max-Sharpe SIP,0.08330681001291787,-0.03773071020028551
2003-02,Optimized SIP,0.08795106922982804,-0.04487167033052364
2003-03,Equity SIP,0.0690957020160878,-0.3523117970212104
2003-03,Equal-weight SIP,0.10513022791170845,-0.10896176122265588
2003-03,60/20/20 annual rebal,0.09139037578530856,-0.17961788067509876
2003-03,Risk-parity SIP,0.09173992120899682,-0.055307347305101895
2003-03,Max-Sharpe SIP,0.08137084613535964,-0.037558858342195856
2003-03,Optimized SIP,0.08594505514894571,-0.04452893634714694
2003-04,Equity SIP,0.07288179016303073,-0.3499963097031189
2003-04,Equal-weight SIP,0.10321242889685751,-0.10777993344280645
2003-04,60/20/20 annual rebal,0.09399363480908324,-0.1803615962789732
2003-04,Risk-parity SIP,0.09218295961657771,-0.05506778199854423
2003-04,Max-Sharpe SIP,0.08066867415414997,-0.037380313789861175
2003-04,Optimized SIP,0.08519059709217643,-0.044171247246570844
2003-05,Equity SIP,0.07428599763667046,-0.3475972653149395
2003-05,Equal-weight SIP,0.09767486875518555,-0.106510039349622
2003-05,60/20/20 annual rebal,0.0930627748650372,-0.18326687973656375
2003-05,Risk-parity SIP,0.09092105457873872,-0.054678384104766
2003-05,Max-Sharpe SIP,0.07866754250978941,-0.03719623005179029
2003-05,Optimized SIP,0.08332388999071723,-0.04387565832003559
2003-06,Equity SIP,0.08155434952384447,-0.3452064898539954
2003-06,Equal-weight SIP,0.09377960128671467,-0.10521413137389268
2003-06,60/20/20 annual rebal,0.09233066028175826,-0.1767266572811067
2003-06,Risk-parity SIP,0.08888270811434845,-0.054272388448892706
2003-06,Max-Sharpe SIP,0.07597451500972476,-0.03700527068004977
2003-06,Optimized SIP,0.08068988651070196,-0.043681757108989805
2003-07,Equity SIP,0.07823117750236903,-0.342827701669002
2003-07,Equal-weight SIP,0.08595632307048659,-0.10396959570687381
2003-07,60/20/20 annual rebal,0.08664962933003174,-0.17268677994115988
2003-07,Risk-parity SIP,0.08205293708817454,-0.05387154943743455
2003-07,Max-Sharpe SIP,0.06895466020699206,-0.03681521869123405
2003-07,Optimized SIP,0.07366927387116211,-0.043489958567886844
2003-08,Equity SIP,0.08326405956763439,-0.34047293264035905
2003-08,Equal-weight SIP,0.08205599811295744,-0.10271477549943175
2003-08,60/20/20 annual rebal,0.08600775963248491,-0.17137598665279052
2003-08,Risk-parity SIP,0.0794169669696227,-0.053717857561147
2003-08,Max-Sharpe SIP,0.06551004926352909,-0.03662377240135983
2003-08,Optimized SIP,0.07025428442492045,-0.04329608977017507
2003-09,Equity SIP,0.0826588976070805,-0.33802448252904915
2003-09,Equal-weight SIP,0.08380630455088962,-0.10143764305117475
2003-09,60/20/20 annual rebal,0.08742269661401199,-0.16817276417605365
2003-09,Risk-parity SIP,0.07891060636261696,-0.05328249168321453
2003-09,Max-Sharpe SIP,0.06585063071191434,-0.036418367620644765
2003-09,Optimized SIP,0.07030394189142018,-0.04308848210031324
2003-10,Equity SIP,0.08381458914102392,-0.335456783951706
2003-10,Equal-weight SIP,0.08267097670120417,-0.10015502749238403
2003-10,60/20/20 annual rebal,0.08618603320002761,-0.17141195444214596
2003-10,Risk-parity SIP,0.07788045983373178,-0.05282474618113231
2003-10,Max-Sharpe SIP,0.06487856358688962,-0.03620012288781793
2003-10,Optimized SIP,0.06926557332011976,-0.04286923026774203
2003-11,Equity SIP,0.08674438437127445,-0.3328498949461772
2003-11,Equal-weight SIP,0.08179940249938127,-0.09888619694783063
2003-11,60/20/20 annual rebal,0.087074145771789,-0.17045873122923083
2003-11,Risk-parity SIP,0.07871569817578951,-0.052360159605697065
2003-11,Max-Sharpe SIP,0.06541863778182355,-0.03597897964750085
2003-11,Optimized SIP,0.06989169613179294,-0.04264637124028259
2003-12,Equity SIP,0.09289047444581398,-0.3301741264574285
2003-12,Equal-weight SIP,0.08030366604971902,-0.09758078537807935
2003-12,60/20/20 annual rebal,0.08959657624741081,-0.15991808665445373
2003-12,Risk-parity SIP,0.07859071962217769,-0.051878140631582026
2003-12,Max-Sharpe SIP,0.06429965880481729,-0.03575052035088211
2003-12,Optimized SIP,0.06980749417538984,-0.042415743566908914
2004-01,Equity SIP,0.09469885080820871,-0.32740456851363675
2004-01,Equal-weight SIP,0.07629618807651158,-0.09625659562054978
2004-01,60/20/20 annual rebal,0.08972020042735482,-0.15634093992251397
2004-01,Risk-parity SIP,0.07277296140218159,-0.05141984200915217
2004-01,Max-Sharpe SIP,0.06086435401211747,-0.03551478466112701
2004-01,Optimized SIP,0.06645991414531441,-0.04217795191859208
2004-02,Equity SIP,0.09551157554817041,-0.3245891976834834
2004-02,Equal-weight SIP,0.07718698558713183,-0.09494623956001691
2004-02,60/20/20 annual rebal,0.09215866105743005,-0.15408029780017563
2004-02,Risk-parity SIP,0.07332567375027252,-0.05101469428754979
2004-02,Max-Sharpe SIP,0.0617015660822399,-0.035273345739458395
2004-02,Optimized SIP,0.06717097515698342,-0.0419352979002815
2004-03,Equity SIP,0.0943348297509336,-0.3217803656481413
2004-03,Equal-weight SIP,0.0796471819153558,-0.0936381590053248
2004-03,60/20/20 annual rebal,0.09174444756187683,-0.1612207912438881
2004-03,Risk-parity SIP,0.07530052353910002,-0.05059555969032736
2004-03,Max-Sharpe SIP,0.06378614391092617,-0.0350276453662951
2004-03,Optimized SIP,0.06926833419875118,-0.04168816734919378
2004-04,Equity SIP,0.09850092935462695,-0.3188722663217163
2004-04,Equal-weight SIP,0.08214479240674377,-0.09224950376972163
2004-04,60/20/20 annual rebal,0.09503189434510566,-0.16148752330888616
2004-04,Risk-parity SIP,0.0767824969781804,-0.05015645631478216
2004-04,Max-Sharpe SIP,0.06536806994099179,-0.03477379582387874
2004-04,Optimized SIP,0.07093454789754537,-0.04143165762042045
2004-05,Equity SIP,0.09790902587038001,-0.3157766067098614
2004-05,Equal-weight SIP,0.07914560631744835,-0.09076032328170813
2004-05,60/20/20 annual rebal,0.09331271669254866,-0.1639479019579153
2004-05,Risk-parity SIP,0.0748479690125462,-0.04969987729585357
2004-05,Max-Sharpe SIP,0.06364231515169608,-0.03451270490590874
2004-05,Optimized SIP,0.06804034672271002,-0.04116763402384682
2004-06,Equity SIP,0.09982080919380543,-0.3125599246926317
2004-06,Equal-weight SIP,0.0792060533957501,-0.08923339331280977
2004-06,60/20/20 annual rebal,0.09210636128656115,-0.15669809740494134
2004-06,Risk-parity SIP,0.07564151235082935,-0.04921190738306891
2004-06,Max-Sharpe SIP,0.0646319178206363,-0.034234525383281866
2004-06,Optimized SIP,0.06888486306012245,-0.04088666386809958
2004-07,Equity SIP,0.10472897775384662,-0.3090907576646186
2004-07,Equal-weight SIP,0.07942654018481538,-0.08755592187453409
2004-07,60/20/20 annual rebal,0.09347638237577303,-0.15187605188014708
2004-07,Risk-parity SIP,0.07562618794199268,-0.04860729084371562
2004-07,Max-Sharpe SIP,0.06472642979409489,-0.033936195752131026
2004-07,Optimized SIP,0.06898427997501655,-0.04058400711520471
2004-08,Equity SIP,0.10651954443740835,-0.3055422995129059
2004-08,Equal-weight SIP,0.0810771514371592,-0.08585143067185996
2004-08,60/20/20 annual rebal,0.09477598288075345,-0.14980770316767156
2004-08,Risk-parity SIP,0.0768071154658668,-0.04786457760689078
2004-08,Max-Sharpe SIP,0.06603570403361336,-0.033628226713790066
2004-08,Optimized SIP,0.07028820655323077,-0.04027138252043072
2004-09,Equity SIP,0.10464094897406194,-0.30171896675178067
2004-09,Equal-weight SIP,0.07920522016655875,-0.08402260636745362
2004-09,60/20/20 annual rebal,0.09329896756299032,-0.1506914484236721
2004-09,Risk-parity SIP,0.07605310021951305,-0.0470918067168804
2004-09,Max-Sharpe SIP,0.06545230740066246,-0.03330957060012352
2004-09,Optimized SIP,0.06952144061228188,-0.03994705106152785
2004-10,Equity SIP,0.1068612130320963,-0.2976252900731583
2004-10,Equal-weight SIP,0.07578502246801073,-0.08206217910472924
2004-10,60/20/20 annual rebal,0.0915030217395918,-0.1478810968705786
2004-10,Risk-parity SIP,0.0733181746613866,-0.046483129438069315
2004-10,Max-Sharpe SIP,0.06281374316495483,-0.03296473134051536
2004-10,Optimized SIP,0.06679817304674418,-0.03961051101152635
2004-11,Equity SIP,0.10073118694857291,-0.2934152527779026
2004-11,Equal-weight SIP,0.0728854616773719,-0.08003260891377884
2004-11,60/20/20 annual rebal,0.08791419844213488,-0.1459984050430676
2004-11,Risk-parity SIP,0.07234480214079984,-0.04608651521588103
2004-11,Max-Sharpe SIP,0.062086416665644066,-0.03258333147021886
2004-11,Optimized SIP,0.06583140171695982,-0.039264014564859284
2004-12,Equity SIP,0.11014368846527338,-0.2889662045596486
2004-12,Equal-weight SIP,0.07336623512637251,-0.07793904736186308
2004-12,60/20/20 annual rebal,0.0917914533022633,-0.13593594785343743
2004-12,Risk-parity SIP,0.07273908014300069,-0.04568426860564068
2004-12,Max-Sharpe SIP,0.06252247654955537,-0.03218476867583897
2004-12,Optimized SIP,0.06627644005176032,-0.03890464164779717
2005-01,Equity SIP,0.11032008009247958,-0.28447310690636574
2005-01,Equal-weight SIP,0.07456692908061287,-0.07587110580208223
2005-01,60/20/20 annual rebal,0.09431656281244181,-0.13160594124200808
2005-01,Risk-parity SIP,0.07390250500714442,-0.04527031628623668
2005-01,Max-Sharpe SIP,0.06385532468283107,-0.03176192535071087
2005-01,Optimized SIP,0.06749229073208274,-0.03852333525215168
2005-02,Equity SIP,0.10724390222861807,-0.27984739172851014
2005-02,Equal-weight SIP,0.0766109396023815,-0.07373692061674053
2005-02,60/20/20 annual rebal,0.09563180560671547,-0.12974601258034946
2005-02,Risk-parity SIP,0.07697968733342744,-0.04483808053633953
2005-02,Max-Sharpe SIP,0.06684803465186198,-0.03128714933530763
2005-02,Optimized SIP,0.07030118078580799,-0.03809213425400515
2005-03,Equity SIP,0.11149976653755678,-0.2748822054547101
2005-03,Equal-weight SIP,0.07583390199404037,-0.07137917435927088
2005-03,60/20/20 annual rebal,0.09512010812485178,-0.13554719322705466
2005-03,Risk-parity SIP,0.07578027098985173,-0.04437594927979449
2005-03,Max-Sharpe SIP,0.06576595523975445,-0.030785002583344157
2005-03,Optimized SIP,0.06918528899990924,-0.03763349628135504
2005-04,Equity SIP,0.11061143486496612,-0.269703286893748
2005-04,Equal-weight SIP,0.07207164538384007,-0.06889164412754589
2005-04,60/20/20 annual rebal,0.0928311832895469,-0.13568871095896473
2005-04,Risk-parity SIP,0.07272272154543545,-0.043891013343112184
2005-04,Max-Sharpe SIP,0.06289900790877746,-0.030260375974153764
2005-04,Optimized SIP,0.06623164037031802,-0.037153209685817146
2005-05,Equity SIP,0.11125437419479443,-0.2641890692372738
2005-05,Equal-weight SIP,0.07300014322666425,-0.06631304440363028
2005-05,60/20/20 annual rebal,0.09397860588325063,-0.13760257503165718
2005-05,Risk-parity SIP,0.0735691472746227,-0.04337612194503748
2005-05,Max-Sharpe SIP,0.06394133460635346,-0.029699717218987787
2005-05,Optimized SIP,0.0671702782293245,-0.03664099360819506
2005-06,Equity SIP,0.11202443243920596,-0.25817184404660054
2005-06,Equal-weight SIP,0.07119694817916551,-0.06347964645618576
2005-06,60/20/20 annual rebal,0.09102652455962125,-0.13133991969300118
2005-06,Risk-parity SIP,0.07069094970336115,-0.04282943930584582
2005-06,Max-Sharpe SIP,0.0611340344519266,-0.029109950649663263
2005-06,Optimized SIP,0.06430159316387642,-0.03609127730417583
2005-07,Equity SIP,0.11015101071771931,-0.2518332503052164
2005-07,Equal-weight SIP,0.06801693475612194,-0.0604238811319906
2005-07,60/20/20 annual rebal,0.08749616825948772,-0.12691185127744276
2005-07,Risk-parity SIP,0.06743908421234607,-0.042252953808702975
2005-07,Max-Sharpe SIP,0.05806099887369734,-0.028496814688572014
2005-07,Optimized SIP,0.06113563793326754,-0.03546870306441052
2005-08,Equity SIP,0.10898803789561105,-0.24520459363544045
2005-08,Equal-weight SIP,0.06442001315271527,-0.05723010158757236
2005-08,60/20/20 annual rebal,0.08443051887343643,-0.12711127438930225
2005-08,Risk-parity SIP,0.06503299289165065,-0.041650097330560465
2005-08,Max-Sharpe SIP,0.055953124257926104,-0.028039579729239872
2005-08,Optimized SIP,0.05891401082362999,-0.03481915270170899
2005-09,Equity SIP,0.10337717599237953,-0.23938984549777464
2005-09,Equal-weight SIP,0.061567232742389615,-0.05529668671205634
2005-09,60/20/20 annual rebal,0.08104925875198836,-0.13120802437653067
2005-09,Risk-parity SIP,0.06362341624716081,-0.04100485349929783
2005-09,Max-Sharpe SIP,0.054906717696772626,-0.02774442856514836
2005-09,Optimized SIP,0.057695432237085814,-0.03412530108834311
2005-10,Equity SIP,0.09369827037077501,-0.23722321862269946
2005-10,Equal-weight SIP,0.057124833578699984,-0.053710450619464445
2005-10,60/20/20 annual rebal,0.07464018137344382,-0.12519736936098136
2005-10,Risk-parity SIP,0.06031728490768167,-0.04030381003062222
2005-10,Max-Sharpe SIP,0.051882800477959685,-0.02744124488385724
2005-10,Optimized SIP,0.05450693060370673,-0.0333907033656059
2005-11,Equity SIP,0.1007681686422406,-0.23491750191713023
2005-11,Equal-weight SIP,0.06146663785086094,-0.05202980678042468
2005-11,60/20/20 annual rebal,0.07995121790294335,-0.12610048782252958
2005-11,Risk-parity SIP,0.06359938103753952,-0.03952047548588011
2005-11,Max-Sharpe SIP,0.05521049377934232,-0.02719203274936144
2005-11,Optimized SIP,0.057804617323498064,-0.03261785771195658
2005-12,Equity SIP,0.1052069819258642,-0.23238293137650023
2005-12,Equal-weight SIP,0.05822568043743119,-0.050199908612713395
2005-12,60/20/20 annual rebal,0.07907078073333967,-0.11695997713665496
2005-12,Risk-parity SIP,0.06014104125013789,-0.03867774051060924
2005-12,Max-Sharpe SIP,0.05195751119156777,-0.02697624262807352
2005-12,Optimized SIP,0.054483964523944516,-0.031783695616399044
2006-01,Equity SIP,0.10214278277320338,-0.22976825784393062
2006-01,Equal-weight SIP,0.055879973927310034,-0.04832710347300484
2006-01,60/20/20 annual rebal,0.07797376470948181,-0.11111330977152256
2006-01,Risk-parity SIP,0.05829501541874243,-0.037784054550902835
2006-01,Max-Sharpe SIP,0.050414223006714824,-0.026756077699560454
2006-01,Optimized SIP,0.05281004112758548,-0.030901430148222664
2006-02,Equity SIP,0.08866188158310127,-0.22702198286198294
2006-02,Equal-weight SIP,0.05144100739018712,-0.04638981392839303
2006-02,60/20/20 annual rebal,0.07151720531584467,-0.10893369247865681
2006-02,Risk-parity SIP,0.05574823753718735,-0.03685211713624259
2006-02,Max-Sharpe SIP,0.04824893201693175,-0.02653341768006079
2006-02,Optimized SIP,0.050451507179601854,-0.029977920409307468
2006-03,Equity SIP,0.08677079323718499,-0.22411459560499558
2006-03,Equal-weight SIP,0.0566071727325711,-0.04437658405481937
2006-03,60/20/20 annual rebal,0.07305061595214024,-0.11258274909693444
2006-03,Risk-parity SIP,0.06067883906158468,-0.03587980779049493
2006-03,Max-Sharpe SIP,0.05237122908992954,-0.0263078504488109
2006-03,Optimized SIP,0.055392686015478906,-0.029008947822949938
2006-04,Equity SIP,0.09761072102868108,-0.2209843398790896
2006-04,Equal-weight SIP,0.06174879143454335,-0.04222007684879747
2006-04,60/20/20 annual rebal,0.0804239946545431,-0.111818678675902
2006-04,Risk-parity SIP,0.06376336760489254,-0.034831804804263955
2006-04,Max-Sharpe SIP,0.054340931270010384,-0.02607416697319842
2006-04,Optimized SIP,0.05793047854033249,-0.027964670373345935
2006-05,Equity SIP,0.10200701828189712,-0.2176565744851836
2006-05,Equal-weight SIP,0.063193150957005,-0.03993625552548874
2006-05,60/20/20 annual rebal,0.08283461196446468,-0.11238727697245887
2006-05,Risk-parity SIP,0.06487168914643421,-0.03370214837261176
2006-05,Max-Sharpe SIP,0.05576727235637258,-0.025832749281075817
2006-05,Optimized SIP,0.059117710408551016,-0.02683933584020548
2006-06,Equity SIP,0.10053892088956919,-0.21408723379500127
2006-06,Equal-weight SIP,0.06281313486744149,-0.0385241177778316
2006-06,60/20/20 annual rebal,0.08041134858196185,-0.10638845635427951
2006-06,Risk-parity SIP,0.06423639815258039,-0.03250311079641799
2006-06,Max-Sharpe SIP,0.055042263554495666,-0.025583821302273657
2006-06,Optimized SIP,0.058557430247291375,-0.025635231188113727
2006-07,Equity SIP,0.10163322543352422,-0.21018522902694836
2006-07,Equal-weight SIP,0.06427569826890973,-0.037255988341050705
2006-07,60/20/20 annual rebal,0.08101115131655988,-0.10171996638058112
2006-07,Risk-parity SIP,0.06576646253700268,-0.03123338511913465
2006-07,Max-Sharpe SIP,0.056792463487621604,-0.025328292596092594
2006-07,Optimized SIP,0.060210634451808784,-0.024349448982740496
2006-08,Equity SIP,0.10677858150343271,-0.20581357479806728
2006-08,Equal-weight SIP,0.06905475505366235,-0.03583971036813782
2006-08,60/20/20 annual rebal,0.08590477669244348,-0.10066845212014308
2006-08,Risk-parity SIP,0.06943975057162648,-0.029806276817198718
2006-08,Max-Sharpe SIP,0.059495635647438795,-0.024996837030152874
2006-08,Optimized SIP,0.06389057818292246,-0.023716338425420203
2006-09,Equity SIP,0.10803090577055378,-0.20105965327579212
2006-09,Equal-weight SIP,0.0687408051706912,-0.03429771347065835
2006-09,60/20/20 annual rebal,0.08645294428185214,-0.10260019350678196
2006-09,Risk-parity SIP,0.06850655013709878,-0.02828014221720998
2006-09,Max-Sharpe SIP,0.058550969103863565,-0.024722279513084144
2006-09,Optimized SIP,0.06301591988741144,-0.02342970451948545
2006-10,Equity SIP,0.10623533036501741,-0.19595477274240813
2006-10,Equal-weight SIP,0.06646166495920651,-0.03265219083763027
2006-10,60/20/20 annual rebal,0.08422288017851876,-0.09603222126961108
2006-10,Risk-parity SIP,0.06617442267902018,-0.02663671634137188
2006-10,Max-Sharpe SIP,0.05642835184975946,-0.02444372038129161
2006-10,Optimized SIP,0.06080030526694578,-0.023138717514556317
2006-11,Equity SIP,0.10435661127579444,-0.19047351361398235
2006-11,Equal-weight SIP,0.061827010027866926,-0.03090013726050389
2006-11,60/20/20 annual rebal,0.08050125655049357,-0.0959952490059991
2006-11,Risk-parity SIP,0.061918147541748236,-0.024834258887709293
2006-11,Max-Sharpe SIP,0.052904693169789234,-0.024159384347322455
2006-11,Optimized SIP,0.05672433054605865,-0.022839312026101788
2006-12,Equity SIP,0.1057500428211797,-0.18538660471788138
2006-12,Equal-weight SIP,0.05857967639498801,-0.029050031648991337
2006-12,60/20/20 annual rebal,0.07831102692076514,-0.08628158438816624
2006-12,Risk-parity SIP,0.05727535758554062,-0.022859023115183397
2006-12,Max-Sharpe SIP,0.04812946163498023,-0.023868881320083246
2006-12,Optimized SIP,0.05204993936105542,-0.022530313569278815
2007-01,Equity SIP,0.11220172985566758,-0.18117612365968339
2007-01,Equal-weight SIP,0.05572144071357347,-0.027042408813837793
2007-01,60/20/20 annual rebal,0.07978635885888663,-0.07757531347169822
2007-01,Risk-parity SIP,0.05312480383470101,-0.03064113631766019
2007-01,Max-Sharpe SIP,0.04453469677264404,-0.026163950469020425
2007-01,Optimized SIP,0.04789793570526556,-0.030755892175072908
2007-02,Equity SIP,0.11404932514588972,-0.17663071367424588
2007-02,Equal-weight SIP,0.05790312334354458,-0.02486455531809062
2007-02,60/20/20 annual rebal,0.08214083855189543,-0.07515822281493745
2007-02,Risk-parity SIP,0.05466212959965238,-0.030437876996003532
2007-02,Max-Sharpe SIP,0.04585789473332806,-0.02595933133242767
2007-02,Optimized SIP,0.04943213766915478,-0.03053608379013306
2007-03,Equity SIP,0.11798906834233534,-0.17163500623057204
2007-03,Equal-weight SIP,0.061030182478311615,-0.02245564845629544
2007-03,60/20/20 annual rebal,0.08482019229586607,-0.07630647828716464
2007-03,Risk-parity SIP,0.05661000933899349,-0.030228852002607054
2007-03,Max-Sharpe SIP,0.047371521348362935,-0.025748172506782296
2007-03,Optimized SIP,0.05128204486275458,-0.03031040251549355
2007-04,Equity SIP,0.1204062945923479,-0.16617048737142948
2007-04,Equal-weight SIP,0.06128908395346974,-0.020095223556613084
2007-04,60/20/20 annual rebal,0.08628386382828439,-0.07451027747286565
2007-04,Risk-parity SIP,0.056152793586511804,-0.030019908798984196
2007-04,Max-Sharpe SIP,0.04700041011368084,-0.02553474199528405
2007-04,Optimized SIP,0.05086106806470843,-0.030083879664981383
2007-05,Equity SIP,0.11921679595557529,-0.15990321093055782
2007-05,Equal-weight SIP,0.0626030776397161,-0.019853214247462225
2007-05,60/20/20 annual rebal,0.08656064900668696,-0.07320790954970036
2007-05,Risk-parity SIP,0.057750539532480154,-0.02980428596323248
2007-05,Max-Sharpe SIP,0.04859515369948668,-0.025316528223204404
2007-05,Optimized SIP,0.05255866986679606,-0.02985364305829674
2007-06,Equity SIP,0.12153391298669237,-0.15313666669628212
2007-06,Equal-weight SIP,0.062375281384163275,-0.019608930557751147
2007-06,60/20/20 annual rebal,0.08540575125384568,-0.06716369599956129
2007-06,Risk-parity SIP,0.057214525859408005,-0.02958535437041898
2007-06,Max-Sharpe SIP,0.048499455271079066,-0.025095019542333508
2007-06,Optimized SIP,0.05218635368998146,-0.029620813104169197
2007-07,Equity SIP,0.12404194888405404,-0.14575577008466145
2007-07,Equal-weight SIP,0.06416536433823528,-0.019350654543135448
2007-07,60/20/20 annual rebal,0.0870622711759199,-0.06178169007266554
2007-07,Risk-parity SIP,0.05871126446746396,-0.029363938634773046
2007-07,Max-Sharpe SIP,0.05011760401279042,-0.02486898697050466
2007-07,Optimized SIP,0.05376847460281972,-0.029383510002836344
2007-08,Equity SIP,0.12507817780133876,-0.1374159137258717
2007-08,Equal-weight SIP,0.06262242878991624,-0.01907743928005723
2007-08,60/20/20 annual rebal,0.0862957687601708,-0.058522973247071675
2007-08,Risk-parity SIP,0.05654039465498579,-0.029140716453499693
2007-08,Max-Sharpe SIP,0.04819177355117471,-0.02463407530440853
2007-08,Optimized SIP,0.0517084322846182,-0.02913638553667275
2007-09,Equity SIP,0.12473320382629374,-0.13264926834481805
2007-09,Equal-weight SIP,0.06430899057449874,-0.01879822606963588
2007-09,60/20/20 annual rebal,0.08796585948428735,-0.05698640250142328
2007-09,Risk-parity SIP,0.05805760655219652,-0.028885732811069542
2007-09,Max-Sharpe SIP,0.04941208872619972,-0.024396138663485778
2007-09,Optimized SIP,0.05318967129952343,-0.028885653999121796
2007-10,Equity SIP,0.12692048122618083,-0.12709145074874972
2007-10,Equal-weight SIP,0.06608987263977006,-0.018512279394586217
2007-10,60/20/20 annual rebal,0.08969973859950582,-0.04793271118102582
2007-10,Risk-parity SIP,0.05906494754850549,-0.028627585829374524
2007-10,Max-Sharpe SIP,0.05015132739431475,-0.02415531107518032
2007-10,Optimized SIP,0.05413251104576048,-0.02863042616172151
2007-11,Equity SIP,0.13112142194761503,-0.1207753727342703
2007-11,Equal-weight SIP,0.06561391837702114,-0.018233331410516973
2007-11,60/20/20 annual rebal,0.09046193363432935,-0.04336347968640264
2007-11,Risk-parity SIP,0.05740750394422983,-0.028373222139557286
2007-11,Max-Sharpe SIP,0.048826769504290476,-0.023914719136849394
2007-11,Optimized SIP,0.052605816461115826,-0.028375635143250366
2007-12,Equity SIP,0.13324437853616863,-0.11353169879095903
2007-12,Equal-weight SIP,0.06639538325725736,-0.01795737423587651
2007-12,60/20/20 annual rebal,0.09101553609260475,-0.03074860789920597
2007-12,Risk-parity SIP,0.05765470752494387,-0.02811814496108267
2007-12,Max-Sharpe SIP,0.04919668996110299,-0.023672089574505728
2007-12,Optimized SIP,0.05293889636120547,-0.02811996334709943
2008-01,Equity SIP,0.13763390509947737,-0.10438563164994041
2008-01,Equal-weight SIP,0.06733940165624645,-0.017690988004386843
2008-01,60/20/20 annual rebal,0.09383589828220941,-0.02513145123579663
2008-01,Risk-parity SIP,0.057611813589164736,-0.02786191815053085
2008-01,Max-Sharpe SIP,0.04944485245805785,-0.02342865206979794
2008-01,Optimized SIP,0.05303655460577775,-0.02786286701553342
2008-02,Equity SIP,0.14556805413255477,-0.09328207703234326
2008-02,Equal-weight SIP,0.07265347247241515,-0.017414311262023974
2008-02,60/20/20 annual rebal,0.0995434217278199,-0.024813968357866756
2008-02,Risk-parity SIP,0.060166293148651996,-0.027600050171099566
2008-02,Max-Sharpe SIP,0.050862787784898125,-0.02318159336472625
2008-02,Optimized SIP,0.05509264520067095,-0.027601121489837843
2008-03,Equity SIP,0.13900880497630766,-0.08658969572458253
2008-03,Equal-weight SIP,0.06794949081326611,-0.017155874355924694
2008-03,60/20/20 annual rebal,0.09417028811688868,-0.02631487306254876
2008-03,Risk-parity SIP,0.055362559382092814,-0.027334007610368305
2008-03,Max-Sharpe SIP,0.04574737737968805,-0.022933945370191444
2008-03,Optimized SIP,0.050199953383405,-0.027338612757150882
2008-04,Equity SIP,0.1380238450288225,-0.08622405560841295
2008-04,Equal-weight SIP,0.06713277352343258,-0.016896599454448435
2008-04,60/20/20 annual rebal,0.09345062869971743,-0.025312125150138032
2008-04,Risk-parity SIP,0.054666220212756154,-0.027062845229920307
2008-04,Max-Sharpe SIP,0.045347642458258265,-0.022681760515459226
2008-04,Optimized SIP,0.04967566585767973,-0.02707006028270964
2008-05,Equity SIP,0.13372276113519266,-0.08583222134782997
2008-05,Equal-weight SIP,0.06509452622343413,-0.01664103035494835
2008-05,60/20/20 annual rebal,0.09026738477093288,-0.024748072606787908
2008-05,Risk-parity SIP,0.05303280588279098,-0.026789971506461452
2008-05,Max-Sharpe SIP,0.04363613855466672,-0.02242730499072465
2008-05,Optimized SIP,0.0480459051509541,-0.026799183145875594
2008-06,Equity SIP,0.13627584599759018,-0.0854397604651912
2008-06,Equal-weight SIP,0.06450203330649268,-0.016360076762600984
2008-06,60/20/20 annual rebal,0.08928359186706226,-0.024710035177291645
2008-06,Risk-parity SIP,0.05167197199733574,-0.02650916474658116
2008-06,Max-Sharpe SIP,0.042840780083240056,-0.02216395874288435
2008-06,Optimized SIP,0.046979438837806455,-0.026519322335016415
2008-07,Equity SIP,0.13912993348937855,-0.08504043461181765
2008-07,Equal-weight SIP,0.06525745461586224,-0.01606100409431066
2008-07,60/20/20 annual rebal,0.0904016319345475,-0.02421801776020538
2008-07,Risk-parity SIP,0.05218218731075065,-0.026219485676796883
2008-07,Max-Sharpe SIP,0.04401244743754057,-0.021884737517249286
2008-07,Optimized SIP,0.047831808107066984,-0.02623092624927803
2008-08,Equity SIP,0.14090314473300664,-0.0846046409870258
2008-08,Equal-weight SIP,0.06442130212686716,-0.015750164290837865
2008-08,60/20/20 annual rebal,0.09036043512292337,-0.02395735635492402
2008-08,Risk-parity SIP,0.05124669873641194,-0.025916669607504383
2008-08,Max-Sharpe SIP,0.04399619028454096,-0.021576520124794052
2008-08,Optimized SIP,0.04735189406773793,-0.02592948621178226
2008-09,Equity SIP,0.14412366687267758,-0.08411807826525874
2008-09,Equal-weight SIP,0.0646076387769268,-0.015443516304777472
2008-09,60/20/20 annual rebal,0.09158855474067457,-0.023483149069247422
2008-09,Risk-parity SIP,0.05089309676952027,-0.02560570129741513
2008-09,Max-Sharpe SIP,0.04448427491793113,-0.021261598947128868
2008-09,Optimized SIP,0.0474156308622538,-0.0256215746333337
2008-10,Equity SIP,0.14594852061890173,-0.08361732401625488
2008-10,Equal-weight SIP,0.06475562464017737,-0.01509499837268713
2008-10,60/20/20 annual rebal,0.0922853658552551,-0.02389988763188111
2008-10,Risk-parity SIP,0.050106734519745434,-0.025282898828717815
2008-10,Max-Sharpe SIP,0.043931765988991414,-0.02093551353308931
2008-10,Optimized SIP,0.04676846034257509,-0.0253026979844454
2008-11,Equity SIP,0.13721078097724715,-0.08306314435330409
2008-11,Equal-weight SIP,0.06001845130080863,-0.014731613382790165
2008-11,60/20/20 annual rebal,0.08705953991769791,-0.02474464567410395
2008-11,Risk-parity SIP,0.04621870780425606,-0.02494968556684496
2008-11,Max-Sharpe SIP,0.0395464183994745,-0.02060050587443385
2008-11,Optimized SIP,0.04271090775406945,-0.024972812368455832
2008-12,Equity SIP,0.13134581739085444,-0.08232471636022176
2008-12,Equal-weight SIP,0.05717417668307354,-0.014722931164527386
2008-12,60/20/20 annual rebal,0.08234601342825813,-0.024155957548864904
2008-12,Risk-parity SIP,0.044473016081704994,-0.024583007292822923
2008-12,Max-Sharpe SIP,0.03700752080608437,-0.020113577075064337
2008-12,Optimized SIP,0.0410259954751837,-0.024612245804296218
2009-01,Equity SIP,0.11840700730866074,-0.09965733919008235
2009-01,Equal-weight SIP,0.05293501837297559,-0.02239149524255446
2009-01,60/20/20 annual rebal,0.07673119778778124,-0.041851002936451276
2009-01,Risk-parity SIP,0.04358013167909699,-0.024197032541961705
2009-01,Max-Sharpe SIP,0.035701483244425625,-0.01974188542833366
2009-01,Optimized SIP,0.040014384181589736,-0.024234250473970098
2009-02,Equity SIP,0.11943563255528333,-0.09947157622212299
2009-02,Equal-weight SIP,0.055399533071825796,-0.021957530651083856
2009-02,60/20/20 annual rebal,0.07806306298989422,-0.04232915981845575
2009-02,Risk-parity SIP,0.04600929052277621,-0.023823953745560678
2009-02,Max-Sharpe SIP,0.03803327934369182,-0.019382676740490767
2009-02,Optimized SIP,0.04240255911421878,-0.02387009870065182
2009-03,Equity SIP,0.12778522940523895,-0.09927736540365895
2009-03,Equal-weight SIP,0.060425667594899465,-0.02149332181454744
2009-03,60/20/20 annual rebal,0.08387440668640295,-0.04126157816390863
2009-03,Risk-parity SIP,0.04945744441671029,-0.023441036968024798
2009-03,Max-Sharpe SIP,0.04277304299694529,-0.019014614500882265
2009-03,Optimized SIP,0.046569945221053226,-0.023496204411817434
2009-04,Equity SIP,0.1288234600320018,-0.09906168760017797
2009-04,Equal-weight SIP,0.06058084529448233,-0.02094506368883664
2009-04,60/20/20 annual rebal,0.0841455589284085,-0.04163576881288111
2009-04,Risk-parity SIP,0.049984957263668715,-0.023041943877748605
2009-04,Max-Sharpe SIP,0.04429578945289676,-0.018634897379453896
2009-04,Optimized SIP,0.04765864306661848,-0.023107435684758593
2009-05,Equity SIP,0.13283251626517723,-0.09882402626564613
2009-05,Equal-weight SIP,0.06203156287988643,-0.020330984197130975
2009-05,60/20/20 annual rebal,0.08551340946417756,-0.04126720549312024
2009-05,Risk-parity SIP,0.05105117441824697,-0.02262412226975785
2009-05,Max-Sharpe SIP,0.04677487763164996,-0.01824115004187088
2009-05,Optimized SIP,0.04950135343072091,-0.0227014526627356
2009-06,Equity SIP,0.1274432192710192,-0.09860420809468684
2009-06,Equal-weight SIP,0.05971852638079441,-0.01980805648828521
2009-06,60/20/20 annual rebal,0.08211800454669384,-0.041642619980190254
2009-06,Risk-parity SIP,0.05019611332158607,-0.02220285168567737
2009-06,Max-Sharpe SIP,0.04568160650128025,-0.017835147313806865
2009-06,Optimized SIP,0.048497147286429884,-0.02228679402182787
2009-07,Equity SIP,0.1277434564126041,-0.09839067372850407
2009-07,Equal-weight SIP,0.06392328927667673,-0.01931785925924623
2009-07,60/20/20 annual rebal,0.08551226358137408,-0.04023434406180171
2009-07,Risk-parity SIP,0.05497046732518317,-0.021773651657643223
2009-07,Max-Sharpe SIP,0.04977403140400566,-0.017415990588833252
2009-07,Optimized SIP,0.052882678315633,-0.02186120424833482
2009-08,Equity SIP,0.13251190876093863,-0.09817581834795075
2009-08,Equal-weight SIP,0.06788764694651515,-0.018836689317081268
2009-08,60/20/20 annual rebal,0.08998734755430046,-0.039148906222812196
2009-08,Risk-parity SIP,0.0577114124602799,-0.021327965155964468
2009-08,Max-Sharpe SIP,0.05286219314283072,-0.016977278561904785
2009-08,Optimized SIP,0.05578121728365405,-0.021417560764740773
2009-09,Equity SIP,0.12426435112185806,-0.0979562621679918
2009-09,Equal-weight SIP,0.0688041136677682,-0.018351828443548435
2009-09,60/20/20 annual rebal,0.08912145768014389,-0.03782135117813179
2009-09,Risk-parity SIP,0.06079629968509012,-0.02087150009894856
2009-09,Max-Sharpe SIP,0.054070626649168174,-0.016528860009981883
2009-09,Optimized SIP,0.05787482907666621,-0.020963385670869084
2009-10,Equity SIP,0.12790732518798167,-0.09774630143225771
2009-10,Equal-weight SIP,0.07017339959568986,-0.01791063122221015
2009-10,60/20/20 annual rebal,0.09168633627059757,-0.036235129249410414
2009-10,Risk-parity SIP,0.06117215143906382,-0.020411796592842757
2009-10,Max-Sharpe SIP,0.055195462901562624,-0.016071688087163527
2009-10,Optimized SIP,0.0586277016281422,-0.020498271168208015
2009-11,Equity SIP,0.12592960764046834,-0.09753713793964469
2009-11,Equal-weight SIP,0.06837934200279992,-0.01747272521698595
2009-11,60/20/20 annual rebal,0.08996431370311708,-0.03536129437788249
2009-11,Risk-parity SIP,0.05969822506054685,-0.01995231549414822
2009-11,Max-Sharpe SIP,0.05404407176293256,-0.01561277264732186
2009-11,Optimized SIP,0.05731467555358625,-0.020026441671512574
2009-12,Equity SIP,0.13210396033744906,-0.09732632426196552
2009-12,Equal-weight SIP,0.0697092181499425,-0.017031928899300053
2009-12,60/20/20 annual rebal,0.09137952780124081,-0.037818073693854704
2009-12,Risk-parity SIP,0.059877631575909245,-0.019486493879425026
2009-12,Max-Sharpe SIP,0.055700465922455554,-0.015146772311883772
2009-12,Optimized SIP,0.05824913964755331,-0.019547323312261833
2010-01,Equity SIP,0.13472139191349938,-0.09711324831706503
2010-01,Equal-weight SIP,0.07078352587930392,-0.016581459614022465
2010-01,60/20/20 annual rebal,0.09298164147112148,-0.03874844052134829
2010-01,Risk-parity SIP,0.06024220075917212,-0.019015477378051426
2010-01,Max-Sharpe SIP,0.056669268393583265,-0.014676516339445889
2010-01,Optimized SIP,0.05891079729319008,-0.019063812473139152
2010-02,Equity SIP,0.13895048188321674,-0.09689820140171856
2010-02,Equal-weight SIP,0.07575788297668616,-0.01613536253738823
2010-02,60/20/20 annual rebal,0.09740449143410924,-0.03918084330813465
2010-02,Risk-parity SIP,0.06419500149796777,-0.01852700422185538
2010-02,Max-Sharpe SIP,0.060473338495270326,-0.014188764570784662
2010-02,Optimized SIP,0.06276089542067305,-0.01856372677969631
2010-03,Equity SIP,0.13724681238266415,-0.09667931945028074
2010-03,Equal-weight SIP,0.07708264171947067,-0.01569036332879914
2010-03,60/20/20 annual rebal,0.09796202331138401,-0.038088509221751554
2010-03,Risk-parity SIP,0.06634982905612526,-0.018021572462213142
2010-03,Max-Sharpe SIP,0.0621871502656333,-0.01367480286392575
2010-03,Optimized SIP,0.06469723569455647,-0.01804386217345555
2010-04,Equity SIP,0.0957887980272296,-0.18582975229905585
2010-04,Equal-weight SIP,0.061793526875566954,-0.06530867759232228
2010-04,60/20/20 annual rebal,0.0758174927354259,-0.09738855070173702
2010-04,Risk-parity SIP,0.05905120612597491,-0.025844072551559516
2010-04,Max-Sharpe SIP,0.05050065588490869,-0.04806710387805402
2010-04,Optimized SIP,0.05528317983914781,-0.036626310320741706
2010-05,Equity SIP,0.10204183020400052,-0.18578128887402667
2010-05,Equal-weight SIP,0.06824331886815799,-0.06502889633430231
2010-05,60/20/20 annual rebal,0.08146097765315134,-0.09856367359559937
2010-05,Risk-parity SIP,0.06446803229713978,-0.025779329018383867
2010-05,Max-Sharpe SIP,0.05581562587842306,-0.04796387098982313
2010-05,Optimized SIP,0.0606968518825552,-0.03654108678033885
2010-06,Equity SIP,0.11114313712810993,-0.18573338841074893
2010-06,Equal-weight SIP,0.07261209204946233,-0.06477182298754569
2010-06,60/20/20 annual rebal,0.08760050728254905,-0.09664312895047822
2010-06,Risk-parity SIP,0.06779229225431871,-0.025714385655700278
2010-06,Max-Sharpe SIP,0.05948123193848724,-0.04785932339630539
2010-06,Optimized SIP,0.06436440627178712,-0.03645496807870385
2010-07,Equity SIP,0.12108490857698011,-0.18568099093833923
2010-07,Equal-weight SIP,0.07665295888275371,-0.06443605462390789
2010-07,60/20/20 annual rebal,0.09303609923940055,-0.09771130407261619
2010-07,Risk-parity SIP,0.07087887079738969,-0.02565032645617671
2010-07,Max-Sharpe SIP,0.06317195542863033,-0.04775569904041377
2010-07,Optimized SIP,0.06792466430492322,-0.03636907041967963
2010-08,Equity SIP,0.12541241835083833,-0.18562495808986001
2010-08,Equal-weight SIP,0.08234944454252419,-0.06404854089318479
2010-08,60/20/20 annual rebal,0.09782349933278868,-0.09900961724343538
2010-08,Risk-parity SIP,0.07523072419243128,-0.02558603147717331
2010-08,Max-Sharpe SIP,0.06729302276536635,-0.04765140747541752
2010-08,Optimized SIP,0.07217391320771147,-0.03628231898922174
2010-09,Equity SIP,0.13399944922415724,-0.1855670061937329
2010-09,Equal-weight SIP,0.08917720388171467,-0.06364818219668622
2010-09,60/20/20 annual rebal,0.10567069108067206,-0.09793369441718514
2010-09,Risk-parity SIP,0.08004662772378607,-0.025520913250845267
2010-09,Max-Sharpe SIP,0.07207558869775274,-0.04754471898442092
2010-09,Optimized SIP,0.07706875783011272,-0.03619383721750069
2010-10,Equity SIP,0.1306439280691836,-0.185507653084532
2010-10,Equal-weight SIP,0.08585254676352648,-0.06323215399642301
2010-10,60/20/20 annual rebal,0.10275077916039556,-0.10185394173377826
2010-10,Risk-parity SIP,0.07749724233570755,-0.02545627373975512
2010-10,Max-Sharpe SIP,0.06989387808443207,-0.047437960857084516
2010-10,Optimized SIP,0.07469889669929804,-0.03610548890792176
2010-11,Equity SIP,0.13174515209941767,-0.1854483483848035
2010-11,Equal-weight SIP,0.08481511243632701,-0.06282683581659732
2010-11,60/20/20 annual rebal,0.10247341371322367,-0.1002625448059895
2010-11,Risk-parity SIP,0.07641949063350198,-0.025392135528806925
2010-11,Max-Sharpe SIP,0.06924820458286254,-0.04733086062127867
2010-11,Optimized SIP,0.0738976140869778,-0.03601710241987177
2010-12,Equity SIP,0.13698891652154077,-0.18538981843674962
2010-12,Equal-weight SIP,0.08545296861944628,-0.062439459983990586
2010-12,60/20/20 annual rebal,0.10357190596453202,-0.09997053762403751
2010-12,Risk-parity SIP,0.07705198563585586,-0.02533770821028003
2010-12,Max-Sharpe SIP,0.07060976914868057,-0.047224220014094986
2010-12,Optimized SIP,0.07500932018231031,-0.03592937225926707
2011-01,Equity SIP,0.14279171398302926,-0.1853309123982102
2011-01,Equal-weight SIP,0.08729734048707806,-0.0620673297145673
2011-01,60/20/20 annual rebal,0.10659129406426711,-0.09713475743552247
2011-01,Risk-parity SIP,0.0785688535880072,-0.025284545436942807
2011-01,Max-Sharpe SIP,0.07272264916133031,-0.04711495301642443
2011-01,Optimized SIP,0.07693142777302589,-0.035839721279326886
2011-02,Equity SIP,0.1459955921296652,-0.18527235405759646
2011-02,Equal-weight SIP,0.08807692037289036,-0.06173152520245839
2011-02,60/20/20 annual rebal,0.10768768683318802,-0.09581331203004695
2011-02,Risk-parity SIP,0.0782146773193696,-0.02522962526341943
2011-02,Max-Sharpe SIP,0.07308084043879165,-0.047001143725330374
2011-02,Optimized SIP,0.07680008922934958,-0.03574672979265758
2011-03,Equity SIP,0.14869584090901775,-0.1852140353612084
2011-03,Equal-weight SIP,0.08653440095546752,-0.06142194629943476
2011-03,60/20/20 annual rebal,0.10741814387170974,-0.09544507043067141
2011-03,Risk-parity SIP,0.07596455335711322,-0.02517346664241482
2011-03,Max-Sharpe SIP,0.07152944658803714,-0.04688385559597397
2011-03,Optimized SIP,0.07489191647744407,-0.035651373500791284
2011-04,Equity SIP,0.14837609337045465,-0.18515581062714326
2011-04,Equal-weight SIP,0.08190867890608622,-0.0611341481647093
2011-04,60/20/20 annual rebal,0.10391388630423748,-0.09659450058907815
2011-04,Risk-parity SIP,0.07070026194918165,-0.02511624628898579
2011-04,Max-Sharpe SIP,0.06699131643189865,-0.04676369924788726
2011-04,Optimized SIP,0.0699796298367024,-0.03555408890833556
2011-05,Equity SIP,0.157371455748742,-0.18509516479954413
2011-05,Equal-weight SIP,0.08726308341473629,-0.06081810396847365
2011-05,60/20/20 annual rebal,0.11376160725405958,-0.09776115089284487
2011-05,Risk-parity SIP,0.07386650431277435,-0.025058492071191152
2011-05,Max-Sharpe SIP,0.07061025434469055,-0.04664269174630209
2011-05,Optimized SIP,0.07336188799050274,-0.035456351925041596
2011-06,Equity SIP,0.15688261523841995,-0.1850340400922078
2011-06,Equal-weight SIP,0.08956753983917358,-0.060507761605137156
2011-06,60/20/20 annual rebal,0.11612581215040021,-0.0958483882479545
2011-06,Risk-parity SIP,0.07550801338677858,-0.025000153977885575
2011-06,Max-Sharpe SIP,0.0714918206360082,-0.046520695514336574
2011-06,Optimized SIP,0.07443495310228668,-0.0353579399303765
2011-07,Equity SIP,0.15831599065952556,-0.18497147565088168
2011-07,Equal-weight SIP,0.09010865718809313,-0.060181799839566286
2011-07,60/20/20 annual rebal,0.11532499598151379,-0.09689594143502345
2011-07,Risk-parity SIP,0.07640419417560618,-0.024941651181640156
2011-07,Max-Sharpe SIP,0.07279171015157211,-0.04639857746935849
2011-07,Optimized SIP,0.07552952014619217,-0.03525956327636892
2011-08,Equity SIP,0.16190086078111363,-0.1849045020740695
2011-08,Equal-weight SIP,0.0918095276540093,-0.05980694921608187
2011-08,60/20/20 annual rebal,0.11642417773909527,-0.09817150250528073
2011-08,Risk-parity SIP,0.07877087497982099,-0.024881968148670053
2011-08,Max-Sharpe SIP,0.07578357842059855,-0.04627464849880625
2011-08,Optimized SIP,0.07820553459650258,-0.03515958572190614
2011-09,Equity SIP,0.16392399948449374,-0.18483747358759461
2011-09,Equal-weight SIP,0.09219826697696715,-0.05944508178331065
2011-09,60/20/20 annual rebal,0.11798794228082064,-0.09709459048732338
2011-09,Risk-parity SIP,0.079227178328037,-0.02482188387676565
2011-09,Max-Sharpe SIP,0.07673213541380354,-0.04615020228568245
2011-09,Optimized SIP,0.07890290262324402,-0.03505888532807366
2011-10,Equity SIP,0.16141982408667388,-0.18476013676379333
2011-10,Equal-weight SIP,0.09021532338947907,-0.058932563887250766
2011-10,60/20/20 annual rebal,0.11614431611743985,-0.10097550380501463
2011-10,Risk-parity SIP,0.07734856985608679,-0.02476250986952122
2011-10,Max-Sharpe SIP,0.0750712681133724,-0.04603085238566029
2011-10,Optimized SIP,0.07712890062626523,-0.03496089963371696
2011-11,Equity SIP,0.15985744000340568,-0.18467934424718113
2011-11,Equal-weight SIP,0.08855789689680228,-0.058386826654077906
2011-11,60/20/20 annual rebal,0.11451180963336272,-0.09937516901818944
2011-11,Risk-parity SIP,0.07495857798123079,-0.02470284877671103
2011-11,Max-Sharpe SIP,0.07287622042814026,-0.04591093308992911
2011-11,Optimized SIP,0.07483362406048788,-0.03486255318488296
2011-12,Equity SIP,0.16613369212775603,-0.1845980412285283
2011-12,Equal-weight SIP,0.0929984840280177,-0.05786978402657106
2011-12,60/20/20 annual rebal,0.11837702985254157,-0.0990670478744824
2011-12,Risk-parity SIP,0.07802039543820949,-0.0246411642542661
2011-12,Max-Sharpe SIP,0.07630710448501686,-0.04578744580185079
2011-12,Optimized SIP,0.07842405061962988,-0.03476017939127207
2012-01,Equity SIP,0.16427614722929473,-0.1845152349937511
2012-01,Equal-weight SIP,0.09149207744763405,-0.05734644092804164
2012-01,60/20/20 annual rebal,0.11655369659394393,-0.09621721692824914
2012-01,Risk-parity SIP,0.0776773879911434,-0.024579538304198234
2012-01,Max-Sharpe SIP,0.07634625138779895,-0.045671308374699904
2012-01,Optimized SIP,0.07826584770146781,-0.034658093669544754
2012-02,Equity SIP,0.158082978239375,-0.18443071695876367
2012-02,Equal-weight SIP,0.087881484727151,-0.05683086906052903
2012-02,60/20/20 annual rebal,0.11165879819759551,-0.09488058699981716
2012-02,Risk-parity SIP,0.07337193420120423,-0.02451617772821091
2012-02,Max-Sharpe SIP,0.07176760983338068,-0.045551319853064265
2012-02,Optimized SIP,0.07382188142676133,-0.03455261286440514
2012-03,Equity SIP,0.15038145218077856,-0.18434714828245846
2012-03,Equal-weight SIP,0.08454452714997986,-0.05634663592445943
2012-03,60/20/20 annual rebal,0.10694486150893592,-0.09449883335545617
2012-03,Risk-parity SIP,0.06994793925106282,-0.024452446702650565
2012-03,Max-Sharpe SIP,0.06770309176583933,-0.04542968611042264
2012-03,Optimized SIP,0.0701702134299573,-0.03444615568281373
2012-04,Equity SIP,0.1466034149494807,-0.1842641029117602
2012-04,Equal-weight SIP,0.08461637965205353,-0.0558823853189272
2012-04,60/20/20 annual rebal,0.10529955012502694,-0.09563235924740465
2012-04,Risk-parity SIP,0.06854857170294816,-0.024388992430448564
2012-04,Max-Sharpe SIP,0.06579663375875365,-0.04530831255030243
2012-04,Optimized SIP,0.068505060605256,-0.03434002336126041
2012-05,Equity SIP,0.1447791228984971,-0.18418060199682362
2012-05,Equal-weight SIP,0.08096412559071617,-0.05544468829985838
2012-05,60/20/20 annual rebal,0.10524050873968069,-0.0967824854458913
2012-05,Risk-parity SIP,0.06249869555519948,-0.03674066138224352
2012-05,Max-Sharpe SIP,0.060487507759452414,-0.04518205677804765
2012-05,Optimized SIP,0.06264076700415784,-0.040194828222405166
2012-06,Equity SIP,0.12737516884656824,-0.1840941800586411
2012-06,Equal-weight SIP,0.06948944492669346,-0.0554923730653194
2012-06,60/20/20 annual rebal,0.09338463276380714,-0.09487464220180652
2012-06,Risk-parity SIP,0.05403622213139353,-0.06841461813356453
2012-06,Max-Sharpe SIP,0.050952667053131305,-0.07944172421601692
2012-06,Optimized SIP,0.05388083845627273,-0.0734172138355278
2012-07,Equity SIP,0.1188152062418952,-0.18400181055048315
2012-07,Equal-weight SIP,0.06425744593107627,-0.06998800278828188
2012-07,60/20/20 annual rebal,0.08540059030062558,-0.09588529988906247
2012-07,Risk-parity SIP,0.0491989573770747,-0.08166087483113038
2012-07,Max-Sharpe SIP,0.04568581003183808,-0.09497855425256985
2012-07,Optimized SIP,0.04887013170481982,-0.08763710822912862
2012-08,Equity SIP,0.11752092245840545,-0.18390488405697458
2012-08,Equal-weight SIP,0.06121133644505286,-0.0737184462918713
2012-08,60/20/20 annual rebal,0.08224963951786352,-0.09712079308768085
2012-08,Risk-parity SIP,0.049101583675267936,-0.08127776720207491
2012-08,Max-Sharpe SIP,0.04627944431304299,-0.09463904339297124
2012-08,Optimized SIP,0.0491273291901833,-0.0872824980678425
2012-09,Equity SIP,0.1271374606096545,-0.18380716653895846
2012-09,Equal-weight SIP,0.06676581627335856,-0.07344239273543707
2012-09,60/20/20 annual rebal,0.08947130737719967,-0.09602856368620283
2012-09,Risk-parity SIP,0.05291855026317709,-0.08089097745464591
2012-09,Max-Sharpe SIP,0.051554971911968325,-0.09429455611880722
2012-09,Optimized SIP,0.0535516404718864,-0.08692402063508853
2012-10,Equity SIP,0.1108648243037392,-0.18370914182751585
2012-10,Equal-weight SIP,0.053966431004958786,-0.08683696095254478
2012-10,60/20/20 annual rebal,0.07609194868873702,-0.1014695230897038
2012-10,Risk-parity SIP,0.04099279933812052,-0.09079136883745476
2012-10,Max-Sharpe SIP,0.03903460200663955,-0.09802294475436668
2012-10,Optimized SIP,0.041374843828928205,-0.09404164091251854
2012-11,Equity SIP,0.10298355075953457,-0.18361050713515226
2012-11,Equal-weight SIP,0.048097965735380596,-0.10403915398227992
2012-11,60/20/20 annual rebal,0.06953089517299525,-0.12062952402450289
2012-11,Risk-parity SIP,0.03460933604321021,-0.11075237313386477
2012-11,Max-Sharpe SIP,0.032496331216076126,-0.11893296410655618
2012-11,Optimized SIP,0.03490965654714327,-0.11451102026209381
2012-12,Equity SIP,0.11072676406995487,-0.18350802197028104
2012-12,Equal-weight SIP,0.05430003116355262,-0.10359980738352348
2012-12,60/20/20 annual rebal,0.07522910849441607,-0.11950918251008702
2012-12,Risk-parity SIP,0.03935062716134396,-0.11012520201080889
2012-12,Max-Sharpe SIP,0.03810296145598046,-0.11835071129248143
2012-12,Optimized SIP,0.040017427450066645,-0.11390993373303804
2013-01,Equity SIP,0.10863316098378502,-0.18339852717974092
2013-01,Equal-weight SIP,0.05703655004251533,-0.10314090221748717
2013-01,60/20/20 annual rebal,0.07609521107154478,-0.11848204949280616
2013-01,Risk-parity SIP,0.04267627146287741,-0.10948114963635047
2013-01,Max-Sharpe SIP,0.04061220698178544,-0.11775387005275806
2013-01,Optimized SIP,0.04295613574115741,-0.11329344606422753
2013-02,Equity SIP,0.10913414642708401,-0.18328718932757848
2013-02,Equal-weight SIP,0.06107877102823588,-0.10267490847634564
2013-02,60/20/20 annual rebal,0.078518447038822,-0.1174069102545261
2013-02,Risk-parity SIP,0.04573981592815515,-0.10882226866913669
2013-02,Max-Sharpe SIP,0.04322210446601474,-0.11714070959089828
2013-02,Optimized SIP,0.045785281294564335,-0.11266119838291455
2013-03,Equity SIP,0.11298150886659301,-0.18317630326057865
2013-03,Equal-weight SIP,0.06056596353940508,-0.10220825992736271
2013-03,60/20/20 annual rebal,0.07926710361214485,-0.11803795390942151
2013-03,Risk-parity SIP,0.044468388222841715,-0.10814952935872368
2013-03,Max-Sharpe SIP,0.04525912465661515,-0.11651211231318592
2013-03,Optimized SIP,0.04608485845599918,-0.11201443943442202
2013-04,Equity SIP,0.1060819711191591,-0.18306383612314714
2013-04,Equal-weight SIP,0.05987553852628583,-0.10173402745564619
2013-04,60/20/20 annual rebal,0.07591956353512376,-0.11858420246101842
2013-04,Risk-parity SIP,0.044457564759557915,-0.10746032465641109
2013-04,Max-Sharpe SIP,0.042448390035169044,-0.11586724832486606
2013-04,Optimized SIP,0.044741640975919594,-0.11135079817441806
2013-05,Equity SIP,0.11157348364509832,-0.1829502248242314
2013-05,Equal-weight SIP,0.0659064258981463,-0.10125413307825737
2013-05,60/20/20 annual rebal,0.08464863673744885,-0.11819675216641112
2013-05,Risk-parity SIP,0.049614469364407936,-0.10675836541775874
2013-05,Max-Sharpe SIP,0.04858101075378939,-0.11522220389452975
2013-05,Optimized SIP,0.05037772732126216,-0.11067383473229919
2013-06,Equity SIP,0.11105593937308693,-0.18283403194878656
2013-06,Equal-weight SIP,0.0649841739763543,-0.1007602304810602
2013-06,60/20/20 annual rebal,0.08473095971858673,-0.11615289650262883
2013-06,Risk-parity SIP,0.04851891169611944,-0.10604009695892502
2013-06,Max-Sharpe SIP,0.048436909796827715,-0.11454566395574128
2013-06,Optimized SIP,0.049733491444306915,-0.1099789207505727
2013-07,Equity SIP,0.118323816460639,-0.18271879194078544
2013-07,Equal-weight SIP,0.06587907291602302,-0.10025971109213871
2013-07,60/20/20 annual rebal,0.08613273649465769,-0.11708735764282718
2013-07,Risk-parity SIP,0.04836965220659669,-0.10530229025835747
2013-07,Max-Sharpe SIP,0.05276412752221347,-0.11384719668072552
2013-07,Optimized SIP,0.05176609268917892,-0.10926284964878974
2013-08,Equity SIP,0.12357213451070823,-0.18259791093346422
2013-08,Equal-weight SIP,0.06790011276373492,-0.09973352666159929
2013-08,60/20/20 annual rebal,0.08812081251761429,-0.11522962714012164
2013-08,Risk-parity SIP,0.04908589340210926,-0.10452357938820478
2013-08,Max-Sharpe SIP,0.056442182418694045,-0.11310771391565466
2013-08,Optimized SIP,0.053950267431921245,-0.10850677998040703
2013-09,Equity SIP,0.1198474036390813,-0.1824764469334632
2013-09,Equal-weight SIP,0.06412323161526508,-0.09919501021985133
2013-09,60/20/20 annual rebal,0.08509404987940707,-0.11463297930746363
2013-09,Risk-parity SIP,0.0452119375862089,-0.10371589801722603
2013-09,Max-Sharpe SIP,0.05312979573316092,-0.11233774414921915
2013-09,Optimized SIP,0.050350996755427785,-0.10772099478388608
2013-10,Equity SIP,0.12067944734466202,-0.1823507370927644
2013-10,Equal-weight SIP,0.06362753814921258,-0.09864993690101376
2013-10,60/20/20 annual rebal,0.08501451473873944,-0.11334394848408291
2013-10,Risk-parity SIP,0.04391310124102214,-0.1028910898906461
2013-10,Max-Sharpe SIP,0.05346574873503242,-0.11155531647377004
2013-10,Optimized SIP,0.04946651667783738,-0.10676514331530207
2013-11,Equity SIP,0.10853630096785583,-0.18222178730152994
2013-11,Equal-weight SIP,0.056639620186271,-0.09809369613673447
2013-11,60/20/20 annual rebal,0.07655810624817949,-0.11261616990830792
2013-11,Risk-parity SIP,0.037098425389171616,-0.10204561190204964
2013-11,Max-Sharpe SIP,0.0442950849322005,-0.11075408106180329
2013-11,Optimized SIP,0.04146701745338952,-0.10594559981281304
2013-12,Equity SIP,0.1152215656806571,-0.18209070124649618
2013-12,Equal-weight SIP,0.06286550882345482,-0.0975274857235301
2013-12,60/20/20 annual rebal,0.08196855573705311,-0.11131012699474174
2013-12,Risk-parity SIP,0.042956056115998606,-0.10118841041081705
2013-12,Max-Sharpe SIP,0.05115175683971127,-0.10994004231073584
2013-12,Optimized SIP,0.04782417673558391,-0.10511289230600063
2014-01,Equity SIP,0.12297272242600174,-0.18195973166698354
2014-01,Equal-weight SIP,0.0692509613253826,-0.09695227699580611
2014-01,60/20/20 annual rebal,0.08834780728096334,-0.1100987447891788
2014-01,Risk-parity SIP,0.04981871311120244,-0.10030937318852295
2014-01,Max-Sharpe SIP,0.0590473654276611,-0.10910473456860326
2014-01,Optimized SIP,0.05520248111405905,-0.10425791750207558
2014-02,Equity SIP,0.1261911178941926,-0.1818259045508267
2014-02,Equal-weight SIP,0.07066738931804908,-0.0963574266558963
2014-02,60/20/20 annual rebal,0.09011252209404531,-0.1088488089859081
2014-02,Risk-parity SIP,0.050611167889720546,-0.09939626962752846
2014-02,Max-Sharpe SIP,0.06150458960285305,-0.10823483054646177
2014-02,Optimized SIP,0.05684404794378549,-0.10336955125462377
2014-03,Equity SIP,0.13259056334248448,-0.181688376870474
2014-03,Equal-weight SIP,0.0726324224605194,-0.09575358980559878
2014-03,60/20/20 annual rebal,0.0933673314559235,-0.10929362762412098
2014-03,Risk-parity SIP,0.05123294252445839,-0.0984675136299098
2014-03,Max-Sharpe SIP,0.06490755788204894,-0.10735061089569675
2014-03,Optimized SIP,0.058729136355394326,-0.10247068107266843
2014-04,Equity SIP,0.13684973788809662,-0.18154541584156714
2014-04,Equal-weight SIP,0.07853155710637708,-0.09514292022304949
2014-04,60/20/20 annual rebal,0.0976685984284942,-0.10962566436347077
2014-04,Risk-parity SIP,0.05536696270646316,-0.09752897191057475
2014-04,Max-Sharpe SIP,0.07027175094269866,-0.1064573770427577
2014-04,Optimized SIP,0.06352167516880432,-0.10156376135544187
2014-05,Equity SIP,0.13320729071969512,-0.18140090092424133
2014-05,Equal-weight SIP,0.08071155005266469,-0.0945298459755628
2014-05,60/20/20 annual rebal,0.1005536920069192,-0.10918849178337087
2014-05,Risk-parity SIP,0.055414643193656486,-0.09657854515132447
2014-05,Max-Sharpe SIP,0.07040798471842434,-0.10555234703336724
2014-05,Optimized SIP,0.06373973708165682,-0.10064536603098562
2014-06,Equity SIP,0.1361010429723047,-0.18125111522493098
2014-06,Equal-weight SIP,0.08261215610328977,-0.09389594101499044
2014-06,60/20/20 annual rebal,0.10326211536305045,-0.10700167158913554
2014-06,Risk-parity SIP,0.05712439874784903,-0.0955989681859486
2014-06,Max-Sharpe SIP,0.07291373816653045,-0.10461876030965778
2014-06,Optimized SIP,0.0657951560623111,-0.09969985464515396
2014-07,Equity SIP,0.14087266472182688,-0.18109784016780373
2014-07,Equal-weight SIP,0.0844457687913307,-0.09325034528129572
2014-07,60/20/20 annual rebal,0.10478462607071226,-0.10766911109409005
2014-07,Risk-parity SIP,0.059308874782247806,-0.09460275961552655
2014-07,Max-Sharpe SIP,0.07612525187834125,-0.10367096435990675
2014-07,Optimized SIP,0.0683901767164975,-0.0987388788282555
2014-08,Equity SIP,0.14355955891240849,-0.18094354893301223
2014-08,Equal-weight SIP,0.08767861678365642,-0.09259602823539881
2014-08,60/20/20 annual rebal,0.10663920209331827,-0.10558382415592871
2014-08,Risk-parity SIP,0.06193418002298507,-0.09358566730169804
2014-08,Max-Sharpe SIP,0.07933234555204413,-0.10270393348682993
2014-08,Optimized SIP,0.07128671180722937,-0.09775804184758108
2014-09,Equity SIP,0.14004251612719154,-0.18078565765165144
2014-09,Equal-weight SIP,0.08908564370932123,-0.09193491443265378
2014-09,60/20/20 annual rebal,0.10719291923981421,-0.10482499461375283
2014-09,Risk-parity SIP,0.06485956245681077,-0.0925547767443825
2014-09,Max-Sharpe SIP,0.07987727415750916,-0.10172332299463482
2014-09,Optimized SIP,0.07309113430764058,-0.09676392188145322
2014-10,Equity SIP,0.14333610419818457,-0.18062087504282842
2014-10,Equal-weight SIP,0.09350101682512028,-0.09125322061734475
2014-10,60/20/20 annual rebal,0.11092302425148078,-0.1033692790662919
2014-10,Risk-parity SIP,0.06870173955310127,-0.09150340187485184
2014-10,Max-Sharpe SIP,0.08409702768185404,-0.10071845405405533
2014-10,Optimized SIP,0.07711127456891115,-0.09574605932357427
2014-11,Equity SIP,0.1474169666460456,-0.1804525440624618
2014-11,Equal-weight SIP,0.0968984098347747,-0.09054756562559196
2014-11,60/20/20 annual rebal,0.1139899865720833,-0.10245072570930502
2014-11,Risk-parity SIP,0.06920216228051432,-0.09041395669535102
2014-11,Max-Sharpe SIP,0.08722780813580482,-0.09967617834532261
2014-11,Optimized SIP,0.07889068942215612,-0.09469185596693308
2014-12,Equity SIP,0.15017670670989625,-0.18027259885796376
2014-12,Equal-weight SIP,0.09607077044411146,-0.08981207788260237
2014-12,60/20/20 annual rebal,0.11379737238917648,-0.10089536752886707
2014-12,Risk-parity SIP,0.06746885514222259,-0.0892953176704312
2014-12,Max-Sharpe SIP,0.08767640070970792,-0.09860670991316878
2014-12,Optimized SIP,0.0781563650682687,-0.0936092291608911
2015-01,Equity SIP,0.1511951372892741,-0.18009539792386442
2015-01,Equal-weight SIP,0.09607888534781801,-0.0890659708351611
2015-01,60/20/20 annual rebal,0.11371851414215046,-0.09943264900827653
2015-01,Risk-parity SIP,0.06744207033403755,-0.08815383956989553
2015-01,Max-Sharpe SIP,0.08830339360387478,-0.09751551265517411
2015-01,Optimized SIP,0.0784124969350888,-0.09250417757758012
2015-02,Equity SIP,0.14870247311562804,-0.1799121860700853
2015-02,Equal-weight SIP,0.09554794892672035,-0.08830791905878999
2015-02,60/20/20 annual rebal,0.11222572301703722,-0.09795267586414258
2015-02,Risk-parity SIP,0.06604752106942988,-0.0869902522031979
2015-02,Max-Sharpe SIP,0.0872753779562278,-0.09647889947285582
2015-02,Optimized SIP,0.07714833400622714,-0.0913816532894377
2015-03,Equity SIP,0.14897522325561394,-0.1797192440335762
2015-03,Equal-weight SIP,0.10055114449719842,-0.0875384368343427
2015-03,60/20/20 annual rebal,0.11539148915297397,-0.09813984994384195
2015-03,Risk-parity SIP,0.07052311361058512,-0.08581469590383362
2015-03,Max-Sharpe SIP,0.09210313439595516,-0.09535984692952448
2015-03,Optimized SIP,0.08179537312827266,-0.09025128988716336
2015-04,Equity SIP,0.13617210457585235,-0.17952374026553397
2015-04,Equal-weight SIP,0.09746295843513805,-0.08675123177565269
2015-04,60/20/20 annual rebal,0.10874314328665347,-0.09819204677559035
2015-04,Risk-parity SIP,0.06934177248594599,-0.08460539805959744
2015-04,Max-Sharpe SIP,0.08742845141597604,-0.09420654948152996
2015-04,Optimized SIP,0.07903967784721376,-0.08908877802485748
2015-05,Equity SIP,0.12403704399760157,-0.17932009847509756
2015-05,Equal-weight SIP,0.09801653143626825,-0.08592935046153805
2015-05,60/20/20 annual rebal,0.10689301538493216,-0.09764752786544406
2015-05,Risk-parity SIP,0.0698131481457499,-0.08334795849610976
2015-05,Max-Sharpe SIP,0.08655143051753836,-0.09300945066833666
2015-05,Optimized SIP,0.07890070156925749,-0.0878813981808032
2015-06,Equity SIP,0.13736452050952866,-0.17910956886427953
2015-06,Equal-weight SIP,0.10461350662829672,-0.08509266542497473
2015-06,60/20/20 annual rebal,0.1160097257406825,-0.09524228712299698
2015-06,Risk-parity SIP,0.07379342456390482,-0.08206479316168924
2015-06,Max-Sharpe SIP,0.09573688224068629,-0.09179065643294926
2015-06,Optimized SIP,0.08506306353743845,-0.08665092665243457
2015-07,Equity SIP,0.1427718979862132,-0.1788920258424177
2015-07,Equal-weight SIP,0.10750673304047235,-0.08423108048057149
2015-07,60/20/20 annual rebal,0.11824372038354287,-0.09553292901451294
2015-07,Risk-parity SIP,0.07609635730248002,-0.08073468180602239
2015-07,Max-Sharpe SIP,0.09973611302044037,-0.09052558261976396
2015-07,Optimized SIP,0.08805158169265069,-0.08537086103737379
2015-08,Equity SIP,0.1492812579985323,-0.1786638580524047
2015-08,Equal-weight SIP,0.10941872542934507,-0.08333451159971028
2015-08,60/20/20 annual rebal,0.12115178023132399,-0.09305212122093609
2015-08,Risk-parity SIP,0.07747927910699212,-0.07934870038817976
2015-08,Max-Sharpe SIP,0.103258633954846,-0.08920744149916993
2015-08,Optimized SIP,0.09026418672426802,-0.08403670455998158
2015-09,Equity SIP,0.15097641391281869,-0.17842514265852039
2015-09,Equal-weight SIP,0.11064338635199164,-0.08239484275731757
2015-09,60/20/20 annual rebal,0.12269638797371667,-0.0919427644222438
2015-09,Risk-parity SIP,0.07905775004014748,-0.07790927259940694
2015-09,Max-Sharpe SIP,0.10491619912599276,-0.0878419092142455
2015-09,Optimized SIP,0.09182899380085541,-0.08265301953448712
2015-10,Equity SIP,0.1542948172379804,-0.17816898007556103
2015-10,Equal-weight SIP,0.11839138752379474,-0.08141275418699656
2015-10,60/20/20 annual rebal,0.1279964079163649,-0.09368611131216542
2015-10,Risk-parity SIP,0.08515001201509433,-0.07642148437662832
2015-10,Max-Sharpe SIP,0.11236180101224692,-0.08643377803680119
2015-10,Optimized SIP,0.0987652809096333,-0.08122501589457531
2015-11,Equity SIP,0.15666764849225442,-0.17788730851767298
2015-11,Equal-weight SIP,0.12694228744685418,-0.08037737963785929
2015-11,60/20/20 annual rebal,0.1336245727451628,-0.09192212365346697
2015-11,Risk-parity SIP,0.09142465971284358,-0.07486650654739968
2015-11,Max-Sharpe SIP,0.12037097306655503,-0.08496218868997518
2015-11,Optimized SIP,0.10614013282196118,-0.07973658990332488
2015-12,Equity SIP,0.15502619963811293,-0.17760342139261254
2015-12,Equal-weight SIP,0.12620050225405177,-0.07934060527653708
2015-12,60/20/20 annual rebal,0.13245989482094675,-0.09137533473475168
2015-12,Risk-parity SIP,0.09084664036099513,-0.07329613357466491
2015-12,Max-Sharpe SIP,0.12060078299977686,-0.08404428427244859
2015-12,Optimized SIP,0.10557326980633105,-0.07823316072592501
2016-01,Equity SIP,0.15636382451473985,-0.1773136069800636
2016-01,Equal-weight SIP,0.13025102263304358,-0.07825506626119527
2016-01,60/20/20 annual rebal,0.13472616346702004,-0.08833533223349477
2016-01,Risk-parity SIP,0.09349477993031038,-0.0716530317936831
2016-01,Max-Sharpe SIP,0.12465747220305257,-0.08249419822592263
2016-01,Optimized SIP,0.10904352383619735,-0.07666113500048044
2016-02,Equity SIP,0.15662291775736087,-0.17700541885770005
2016-02,Equal-weight SIP,0.13775672172499592,-0.07712227058533183
2016-02,60/20/20 annual rebal,0.13874527697822764,-0.08677707947606517
2016-02,Risk-parity SIP,0.09738075184853098,-0.06995451628423766
2016-02,Max-Sharpe SIP,0.13133244882568423,-0.08088396943798226
2016-02,Optimized SIP,0.11415652044114617,-0.07502842901861295
2016-03,Equity SIP,0.15365728808178625,-0.17665788621926415
2016-03,Equal-weight SIP,0.14091616029289888,-0.07592262060920707
2016-03,60/20/20 annual rebal,0.13961662528581173,-0.08611506543544212
2016-03,Risk-parity SIP,0.09954248406015112,-0.06818635143179441
2016-03,Max-Sharpe SIP,0.13374105107396378,-0.07866308256120291
2016-03,Optimized SIP,0.11633676339393569,-0.07332705783948035
2016-04,Equity SIP,0.1450182170893675,-0.17628782957934364
2016-04,Equal-weight SIP,0.13387609422761784,-0.07471790169052062
2016-04,60/20/20 annual rebal,0.13204944666793178,-0.08692840350610709
2016-04,Risk-parity SIP,0.09440249582932567,-0.06658296596543856
2016-04,Max-Sharpe SIP,0.12660247573495878,-0.07698169045639214
2016-04,Optimized SIP,0.1101597663906629,-0.07161490203686371
2016-05,Equity SIP,0.15141742397580996,-0.17591938656671147
2016-05,Equal-weight SIP,0.13290008049086932,-0.07351931659604927
2016-05,60/20/20 annual rebal,0.13601305524145674,-0.08778297974583038
2016-05,Risk-parity SIP,0.09394757038514226,-0.0653542480063336
2016-05,Max-Sharpe SIP,0.12668643069817462,-0.07526788013789032
2016-05,Optimized SIP,0.11049150844493018,-0.0698733230723596
2016-06,Equity SIP,0.16135332527602164,-0.1755403081464132
2016-06,Equal-weight SIP,0.13321543816533282,-0.07229517118823514
2016-06,60/20/20 annual rebal,0.14002977467066519,-0.08579962498648819
2016-06,Risk-parity SIP,0.09401456167871972,-0.06409773885787928
2016-06,Max-Sharpe SIP,0.1284896378535661,-0.07351626964569768
2016-06,Optimized SIP,0.11154439590843548,-0.06763608966011603
2016-07,Equity SIP,0.1603579324096419,-0.17513765199157882
2016-07,Equal-weight SIP,0.12568433182032257,-0.07103124129393013
2016-07,60/20/20 annual rebal,0.1347006239627252,-0.08635884371752556
2016-07,Risk-parity SIP,0.08994287890191562,-0.06280063574032801
2016-07,Max-Sharpe SIP,0.12143711141315813,-0.07170520963323379
2016-07,Optimized SIP,0.10587410616151816,-0.06580598962252227
2016-08,Equity SIP,0.15920494937814003,-0.1747151369114659
2016-08,Equal-weight SIP,0.12144386874782138,-0.06973665221772352
2016-08,60/20/20 annual rebal,0.1310689095281251,-0.08711209893692184
2016-08,Risk-parity SIP,0.08691827893817956,-0.06147610024429595
2016-08,Max-Sharpe SIP,0.11770581511067772,-0.06985624013411174
2016-08,Optimized SIP,0.10241944043070658,-0.06393708761187067
