Month,Instalment,Total invested,Equity value,Bonds value,Gold value,Portfolio value,Monthly return (TWR),Equity target weight,Bonds target weight,Gold target weight,Equity actual weight,Bonds actual weight,Gold actual weight,Bought,Sold,Costs
1983-02,10000.000000,10000.000000,3444.197255,3349.007407,3442.476910,10235.681572,0.023568,0.333333,0.333333,0.333333,0.336489,0.327189,0.336321,10000.000000,0.000000,10.000000
1983-03,10000.000000,20000.000000,7069.244645,6856.030265,5820.479462,19745.754372,-0.024211,0.333333,0.333333,0.333333,0.358013,0.347215,0.294771,10000.000000,0.000000,10.000000
1983-04,10000.000000,30000.000000,10854.272915,10361.318883,9450.255579,30665.847377,0.030932,0.333333,0.333333,0.333333,0.353953,0.337878,0.308169,10000.000000,0.000000,10.000000
1983-05,10000.000000,40000.000000,14822.159307,13836.486298,12937.220638,41595.866243,0.022870,0.333333,0.333333,0.333333,0.356337,0.332641,0.311022,10000.000000,0.000000,10.000000
1983-06,10000.000000,50000.000000,18580.467895,16932.585897,15430.411846,50943.465638,-0.012644,0.333333,0.333333,0.333333,0.364727,0.332380,0.302893,10000.000000,0.000000,10.000000
1983-07,10000.000000,60000.000000,22149.675908,19892.726557,18376.366060,60418.768525,-0.008610,0.333333,0.333333,0.333333,0.366603,0.329247,0.304150,10000.000000,0.000000,10.000000
1983-08,10000.000000,70000.000000,25112.311430,23041.971021,22628.732402,70783.014853,0.005173,0.333333,0.333333,0.333333,0.354779,0.325530,0.319692,10000.000000,0.000000,10.000000
1983-09,10000.000000,80000.000000,29422.434212,26972.549195,25742.307084,82137.290491,0.016764,0.333333,0.333333,0.333333,0.358210,0.328384,0.313406,10000.000000,0.000000,10.000000
1983-10,10000.000000,90000.000000,33056.524711,30876.709585,27880.006705,91813.241001,-0.003517,0.333333,0.333333,0.333333,0.360041,0.336299,0.303660,10000.000000,0.000000,10.000000
1983-11,10000.000000,100000.000000,36496.337457,34739.056496,30701.666670,101937.060624,0.001216,0.333333,0.333333,0.333333,0.358028,0.340789,0.301183,10000.000000,0.000000,10.000000
1983-12,10000.000000,110000.000000,40200.873501,38541.659251,34936.524514,113679.057267,0.015562,0.333333,0.333333,0.333333,0.353635,0.339039,0.307326,10000.000000,0.000000,10.000000
1984-01,10000.000000,120000.000000,45168.101089,43590.212252,37377.427902,126135.741244,0.019863,0.333333,0.333333,0.333333,0.358091,0.345582,0.296327,10000.000000,0.000000,10.000000
1984-02,10000.000000,130000.000000,46140.972613,47042.811715,42466.288675,135650.073002,-0.003568,0.333333,0.333333,0.333333,0.340147,0.346795,0.313058,10000.000000,0.000000,10.000000
1984-03,10000.000000,140000.000000,49554.698527,49372.271690,46618.578780,145545.548997,-0.000718,0.333333,0.333333,0.333333,0.340476,0.339222,0.320302,10000.000000,0.000000,10.000000
1984-04,10000.000000,150000.000000,53676.230547,52849.031261,48776.237878,155301.499686,-0.001569,0.333333,0.333333,0.333333,0.345626,0.340300,0.314074,10000.000000,0.000000,10.000000
1984-05,10000.000000,160000.000000,57896.372145,55394.182738,52497.159640,165787.714524,0.002941,0.333333,0.333333,0.333333,0.349220,0.334127,0.316653,10000.000000,0.000000,10.000000
1984-06,10000.000000,170000.000000,60350.951835,59158.974330,56214.203053,175724.129218,-0.000362,0.333333,0.333333,0.333333,0.343441,0.336658,0.319900,10000.000000,0.000000,10.000000
1984-07,10000.000000,180000.000000,64856.744857,65646.853469,56342.676772,186846.275098,0.006042,0.333333,0.333333,0.333333,0.347113,0.351342,0.301546,10000.000000,0.000000,10.000000
1984-08,10000.000000,190000.000000,75673.740894,73366.126160,60642.216854,209682.083908,0.065207,0.333333,0.333333,0.333333,0.360898,0.349892,0.289210,10000.000000,0.000000,10.000000
1984-09,10000.000000,200000.000000,82210.788308,80416.692767,64137.013774,226764.494848,0.032239,0.333333,0.333333,0.333333,0.362538,0.354626,0.282835,10000.000000,0.000000,10.000000
1984-10,10000.000000,210000.000000,86397.480782,87556.532826,68626.848781,242580.862389,0.024566,0.333333,0.333333,0.333333,0.356160,0.360938,0.282903,10000.000000,0.000000,10.000000
1984-11,10000.000000,220000.000000,91270.984099,95329.988177,72477.984000,259078.956277,0.025727,0.333333,0.333333,0.333333,0.352290,0.367957,0.279752,10000.000000,0.000000,10.000000
1984-12,10000.000000,230000.000000,95596.462714,101786.113164,72189.258833,269571.834711,0.001832,0.333333,0.333333,0.333333,0.354623,0.377584,0.267792,10000.000000,0.000000,10.000000
1985-01,10000.000000,240000.000000,106264.566645,109638.233181,73365.909454,289268.709280,0.034685,0.333333,0.333333,0.333333,0.367356,0.379019,0.253625,10000.000000,0.000000,10.000000
1985-02,10000.000000,250000.000000,118784.736045,115964.028423,77543.296199,312292.060667,0.043517,0.333333,0.333333,0.333333,0.380364,0.371332,0.248304,10000.000000,0.000000,10.000000
1985-03,10000.000000,260000.000000,120963.056499,117489.600097,84535.012514,322987.669109,0.002158,0.333333,0.333333,0.333333,0.374513,0.363759,0.261728,10000.000000,0.000000,10.000000
1985-04,10000.000000,270000.000000,121066.515620,120567.857050,88224.349396,329858.722065,-0.009397,0.333333,0.333333,0.333333,0.367025,0.365514,0.267461,10000.000000,0.000000,10.000000
1985-05,10000.000000,280000.000000,128829.810587,130421.286922,89188.637440,348439.734948,0.025249,0.333333,0.333333,0.333333,0.369733,0.374301,0.255966,10000.000000,0.000000,10.000000
1985-06,10000.000000,290000.000000,134827.668948,139968.955453,92366.691830,367163.316231,0.024338,0.333333,0.333333,0.333333,0.367214,0.381217,0.251568,10000.000000,0.000000,10.000000
1985-07,10000.000000,300000.000000,136616.703802,138487.294119,92550.520892,367654.518814,-0.025211,0.333333,0.333333,0.333333,0.371590,0.376678,0.251732,10000.000000,0.000000,10.000000
1985-08,10000.000000,310000.000000,135837.418912,141274.306326,98704.171481,375815.896718,-0.004869,0.333333,0.333333,0.333333,0.361447,0.375914,0.262640,10000.000000,0.000000,10.000000
1985-09,10000.000000,320000.000000,139158.196617,148281.317464,101782.660530,389222.174612,0.008829,0.333333,0.333333,0.333333,0.357529,0.380968,0.261503,10000.000000,0.000000,10.000000
1985-10,10000.000000,330000.000000,143518.111631,152957.559190,105282.085657,401757.756478,0.006351,0.333333,0.333333,0.333333,0.357225,0.380721,0.262054,10000.000000,0.000000,10.000000
1985-11,10000.000000,340000.000000,157158.093026,163034.690642,107885.461085,428078.244753,0.039636,0.333333,0.333333,0.333333,0.367125,0.380853,0.252023,10000.000000,0.000000,10.000000
1985-12,10000.000000,350000.000000,169701.185544,173989.657046,111687.732478,455378.575068,0.039491,0.333333,0.333333,0.333333,0.372660,0.382077,0.245263,10000.000000,0.000000,10.000000
1986-01,10000.000000,360000.000000,175635.523351,180826.590703,124875.745289,481337.859343,0.034293,0.333333,0.333333,0.333333,0.364890,0.375675,0.259435,10000.000000,0.000000,10.000000
1986-02,10000.000000,370000.000000,191118.842121,193462.515620,126546.859567,511128.217309,0.040279,0.333333,0.333333,0.333333,0.373916,0.378501,0.247583,10000.000000,0.000000,10.000000
1986-03,10000.000000,380000.000000,205118.755787,209194.007423,131691.528421,546004.291631,0.047735,0.333333,0.333333,0.333333,0.375672,0.383136,0.241191,10000.000000,0.000000,10.000000
1986-04,10000.000000,390000.000000,215978.711391,222886.201235,133806.022918,572670.935544,0.029976,0.333333,0.333333,0.333333,0.377143,0.389205,0.233653,10000.000000,0.000000,10.000000
1986-05,10000.000000,400000.000000,221676.165481,222537.663853,138750.659444,582964.488778,0.000504,0.333333,0.333333,0.333333,0.380257,0.381735,0.238009,10000.000000,0.000000,10.000000
1986-06,10000.000000,410000.000000,234529.678105,228341.228765,144016.236465,606887.143335,0.023480,0.333333,0.333333,0.333333,0.386447,0.376250,0.237303,10000.000000,0.000000,10.000000
1986-07,10000.000000,420000.000000,231883.165504,239510.477149,148416.479694,619810.122347,0.004738,0.333333,0.333333,0.333333,0.374120,0.386426,0.239455,10000.000000,0.000000,10.000000
1986-08,10000.000000,430000.000000,241712.450174,247693.538548,165168.478097,654574.466819,0.039320,0.333333,0.333333,0.333333,0.369267,0.378404,0.252330,10000.000000,0.000000,10.000000
1986-09,10000.000000,440000.000000,241096.504378,249804.292152,188444.590845,679345.387375,0.022226,0.333333,0.333333,0.333333,0.354895,0.367713,0.277391,10000.000000,0.000000,10.000000
1986-10,10000.000000,450000.000000,247537.665039,258535.393983,197181.308336,703254.367358,0.020177,0.333333,0.333333,0.333333,0.351989,0.367627,0.280384,10000.000000,0.000000,10.000000
1986-11,10000.000000,460000.000000,264329.346229,271503.093505,191548.891433,727381.331167,0.019806,0.333333,0.333333,0.333333,0.363399,0.373261,0.263340,10000.000000,0.000000,10.000000
1986-12,10000.000000,470000.000000,273742.567806,280746.104445,192513.550815,747002.223066,0.013047,0.333333,0.333333,0.333333,0.366455,0.375830,0.257715,10000.000000,0.000000,10.000000
1987-01,10000.000000,480000.000000,292885.097328,283764.929015,202508.181233,779158.207576,0.029268,0.333333,0.333333,0.333333,0.375899,0.364194,0.259906,10000.000000,0.000000,10.000000
1987-02,10000.000000,490000.000000,316144.732184,286092.804754,202813.533298,805051.070236,0.020139,0.333333,0.333333,0.333333,0.392701,0.355372,0.251926,10000.000000,0.000000,10.000000
1987-03,10000.000000,500000.000000,329919.947205,288083.836845,208027.546298,826031.330348,0.013472,0.333333,0.333333,0.333333,0.399404,0.348757,0.251840,10000.000000,0.000000,10.000000
1987-04,10000.000000,510000.000000,327606.140830,275676.963745,224433.856246,827716.960822,-0.009945,0.333333,0.333333,0.333333,0.395795,0.333057,0.271148,10000.000000,0.000000,10.000000
1987-05,10000.000000,520000.000000,327665.831057,266910.661294,236432.687626,831009.179977,-0.008007,0.333333,0.333333,0.333333,0.394299,0.321189,0.284513,10000.000000,0.000000,10.000000
1987-06,10000.000000,530000.000000,350549.092850,279669.374061,237713.827898,867932.294809,0.032013,0.333333,0.333333,0.333333,0.403890,0.322225,0.273885,10000.000000,0.000000,10.000000
1987-07,10000.000000,540000.000000,369924.494495,287932.875213,244888.509992,902745.879700,0.028264,0.333333,0.333333,0.333333,0.409777,0.318952,0.271271,10000.000000,0.000000,10.000000
1987-08,10000.000000,550000.000000,399560.437966,289014.801905,255138.445364,943713.685235,0.033928,0.333333,0.333333,0.333333,0.423392,0.306253,0.270356,10000.000000,0.000000,10.000000
1987-09,10000.000000,560000.000000,387936.450365,280235.949978,256097.056539,924269.456882,-0.030873,0.333333,0.333333,0.333333,0.419722,0.303197,0.277081,10000.000000,0.000000,10.000000
1987-10,10000.000000,570000.000000,346201.968088,285082.059999,263248.569297,894532.597384,-0.042533,0.333333,0.333333,0.333333,0.387020,0.318694,0.294286,10000.000000,0.000000,10.000000
1987-11,10000.000000,580000.000000,304863.234921,301445.436945,266842.428762,873151.100627,-0.034694,0.333333,0.333333,0.333333,0.349153,0.345239,0.305609,10000.000000,0.000000,10.000000
1987-12,10000.000000,590000.000000,303198.261095,303578.500087,279750.738552,886527.499734,0.003823,0.333333,0.333333,0.333333,0.342007,0.342436,0.315558,10000.000000,0.000000,10.000000
1988-01,10000.000000,600000.000000,322139.033047,318215.581899,280094.121935,920448.736881,0.026682,0.333333,0.333333,0.333333,0.349980,0.345718,0.304302,10000.000000,0.000000,10.000000
1988-02,10000.000000,610000.000000,336959.982892,334425.120317,263141.662793,934526.766001,0.004383,0.333333,0.333333,0.333333,0.360568,0.357855,0.281577,10000.000000,0.000000,10.000000
1988-03,10000.000000,620000.000000,348978.422564,334260.205661,265917.998019,949156.626244,0.004902,0.333333,0.333333,0.333333,0.367672,0.352165,0.280162,10000.000000,0.000000,10.000000
1988-04,10000.000000,630000.000000,353988.867112,336775.762304,277869.511906,968634.141322,0.009881,0.333333,0.333333,0.333333,0.365452,0.347681,0.286867,10000.000000,0.000000,10.000000
1988-05,10000.000000,640000.000000,353699.005211,338485.564582,283949.235823,976133.805615,-0.002555,0.333333,0.333333,0.333333,0.362347,0.346761,0.290892,10000.000000,0.000000,10.000000
1988-06,10000.000000,650000.000000,391807.513810,360472.049483,297423.988961,1049703.552255,0.064464,0.333333,0.333333,0.333333,0.373255,0.343404,0.283341,10000.000000,0.000000,10.000000
1988-07,10000.000000,660000.000000,402313.816026,370954.889059,298305.861459,1071574.566545,0.011202,0.333333,0.333333,0.333333,0.375442,0.346177,0.278381,10000.000000,0.000000,10.000000
1988-08,10000.000000,670000.000000,402565.900005,375957.155950,299714.426987,1078237.482942,-0.003085,0.333333,0.333333,0.333333,0.373356,0.348678,0.277967,10000.000000,0.000000,10.000000
1988-09,10000.000000,680000.000000,421647.605751,396548.746132,295954.744396,1114151.096279,0.023812,0.333333,0.333333,0.333333,0.378447,0.355920,0.265633,10000.000000,0.000000,10.000000
1988-10,10000.000000,690000.000000,448150.738106,414051.936581,299629.330238,1161832.004925,0.033519,0.333333,0.333333,0.333333,0.385728,0.356378,0.257894,10000.000000,0.000000,10.000000
1988-11,10000.000000,700000.000000,449751.889150,423068.375264,317861.711940,1190681.976354,0.016086,0.333333,0.333333,0.333333,0.377726,0.355316,0.266958,10000.000000,0.000000,10.000000
1988-12,10000.000000,710000.000000,465261.755310,426969.948669,321562.377355,1213794.081334,0.010921,0.333333,0.333333,0.333333,0.383312,0.351765,0.264923,10000.000000,0.000000,10.000000
1989-01,10000.000000,720000.000000,487425.015405,436245.622208,314795.080787,1238465.718400,0.011989,0.333333,0.333333,0.333333,0.393572,0.352247,0.254182,10000.000000,0.000000,10.000000
1989-02,10000.000000,730000.000000,511919.821606,444967.583363,308522.877219,1265410.282188,0.013572,0.333333,0.333333,0.333333,0.404548,0.351639,0.243813,10000.000000,0.000000,10.000000
1989-03,10000.000000,740000.000000,522074.779792,452941.036582,318128.057344,1293143.873719,0.013904,0.333333,0.333333,0.333333,0.403725,0.350263,0.246011,10000.000000,0.000000,10.000000
1989-04,10000.000000,750000.000000,552949.635444,472638.125923,321641.493245,1347229.254612,0.033830,0.333333,0.333333,0.333333,0.410435,0.350822,0.238743,10000.000000,0.000000,10.000000
1989-05,10000.000000,760000.000000,593313.558661,501476.379039,321637.256356,1416427.194056,0.043617,0.333333,0.333333,0.333333,0.418880,0.354043,0.227076,10000.000000,0.000000,10.000000
1989-06,10000.000000,770000.000000,629056.117899,538497.114087,328700.543286,1496253.775272,0.048952,0.333333,0.333333,0.333333,0.420421,0.359897,0.219682,10000.000000,0.000000,10.000000
1989-07,10000.000000,780000.000000,649954.571979,554958.744559,338275.368472,1543188.685010,0.024521,0.333333,0.333333,0.333333,0.421176,0.359618,0.219205,10000.000000,0.000000,10.000000
1989-08,10000.000000,790000.000000,691972.603628,565211.824468,336408.129365,1593592.557462,0.026013,0.333333,0.333333,0.333333,0.434222,0.354678,0.211100,10000.000000,0.000000,10.000000
1989-09,10000.000000,800000.000000,704184.016411,573994.335768,339703.953424,1617882.305603,0.008911,0.333333,0.333333,0.333333,0.435250,0.354781,0.209968,10000.000000,0.000000,10.000000
1989-10,10000.000000,810000.000000,712673.914654,590883.572623,349310.123074,1652867.610351,0.015348,0.333333,0.333333,0.333333,0.431174,0.357490,0.211336,10000.000000,0.000000,10.000000
1989-11,10000.000000,820000.000000,707440.205664,607632.166975,380966.468140,1696038.840779,0.019948,0.333333,0.333333,0.333333,0.417113,0.358265,0.224621,10000.000000,0.000000,10.000000
1989-12,10000.000000,830000.000000,730531.689709,616478.337050,399478.431904,1746488.458663,0.023710,0.333333,0.333333,0.333333,0.418286,0.352982,0.228732,10000.000000,0.000000,10.000000
1990-01,10000.000000,840000.000000,718960.123459,609627.073981,404155.399388,1732742.596828,-0.013519,0.333333,0.333333,0.333333,0.414926,0.351828,0.233246,10000.000000,0.000000,10.000000
1990-02,10000.000000,850000.000000,705123.124395,607536.910740,415083.591231,1727743.626366,-0.008607,0.333333,0.333333,0.333333,0.408118,0.351636,0.240246,10000.000000,0.000000,10.000000
1990-03,10000.000000,860000.000000,733066.283611,614909.719667,397278.504089,1745254.507367,0.004322,0.333333,0.333333,0.333333,0.420034,0.352332,0.227634,10000.000000,0.000000,10.000000
1990-04,10000.000000,870000.000000,745507.409119,620980.007309,385204.114624,1751691.531053,-0.002030,0.333333,0.333333,0.333333,0.425593,0.354503,0.219904,10000.000000,0.000000,10.000000
1990-05,10000.000000,880000.000000,779031.630921,631207.595979,384010.326076,1794249.552976,0.018481,0.333333,0.333333,0.333333,0.434182,0.351795,0.214023,10000.000000,0.000000,10.000000
1990-06,10000.000000,890000.000000,811657.130981,654552.308719,371554.661655,1837764.101354,0.018575,0.333333,0.333333,0.333333,0.441655,0.356168,0.202178,10000.000000,0.000000,10.000000
1990-07,10000.000000,900000.000000,815942.839106,662620.339148,386399.208983,1864962.387238,0.009308,0.333333,0.333333,0.333333,0.437512,0.355300,0.207189,10000.000000,0.000000,10.000000
1990-08,10000.000000,910000.000000,752031.667238,655982.119315,422493.977464,1830507.764017,-0.023710,0.333333,0.333333,0.333333,0.410832,0.358361,0.230807,10000.000000,0.000000,10.000000
1990-09,10000.000000,920000.000000,743939.288291,677581.890221,431758.698162,1853279.876674,0.006939,0.333333,0.333333,0.333333,0.401418,0.365612,0.232970,10000.000000,0.000000,10.000000
1990-10,10000.000000,930000.000000,738714.410603,701850.594046,431250.430120,1871815.434770,0.004581,0.333333,0.333333,0.333333,0.394651,0.374957,0.230392,10000.000000,0.000000,10.000000
1990-11,10000.000000,940000.000000,765195.545001,726723.836472,436298.272448,1928217.653922,0.024658,0.333333,0.333333,0.333333,0.396841,0.376889,0.226270,10000.000000,0.000000,10.000000
1990-12,10000.000000,950000.000000,805093.203774,751629.423343,434587.061624,1991309.688740,0.027392,0.333333,0.333333,0.333333,0.404303,0.377455,0.218242,10000.000000,0.000000,10.000000
1991-01,10000.000000,960000.000000,812264.388108,768408.676783,451260.996497,2031934.061387,0.015302,0.333333,0.333333,0.333333,0.399749,0.378166,0.222084,10000.000000,0.000000,10.000000
1991-02,10000.000000,970000.000000,936117.739532,811970.889395,443157.480148,2191246.109074,0.073123,0.333333,0.333333,0.333333,0.427208,0.370552,0.202240,10000.000000,0.000000,10.000000
1991-03,10000.000000,980000.000000,987702.955729,822749.308263,454301.981675,2264754.245667,0.028851,0.333333,0.333333,0.333333,0.436119,0.363284,0.200597,10000.000000,0.000000,10.000000
1991-04,10000.000000,990000.000000,1048360.533173,864373.183006,466891.778667,2379625.494846,0.046102,0.333333,0.333333,0.333333,0.440557,0.363239,0.196204,10000.000000,0.000000,10.000000
1991-05,10000.000000,1000000.000000,1082093.944589,898572.907789,483330.487408,2463997.339786,0.031123,0.333333,0.333333,0.333333,0.439162,0.364681,0.196157,10000.000000,0.000000,10.000000
1991-06,10000.000000,1010000.000000,1118034.746954,919036.057226,513543.263505,2550614.067685,0.030969,0.333333,0.333333,0.333333,0.438339,0.360320,0.201341,10000.000000,0.000000,10.000000
1991-07,10000.000000,1020000.000000,1374290.984253,1130142.554641,630264.259344,3134697.798238,0.224198,0.333333,0.333333,0.333333,0.438413,0.360527,0.201061,10000.000000,0.000000,10.000000
1991-08,10000.000000,1030000.000000,1427393.469105,1180391.076591,618510.750604,3226295.296300,0.025948,0.333333,0.333333,0.333333,0.442425,0.365866,0.191709,10000.000000,0.000000,10.000000
1991-09,10000.000000,1040000.000000,1425712.549761,1211251.149505,609327.172315,3246290.871581,0.003089,0.333333,0.333333,0.333333,0.439182,0.373118,0.187699,10000.000000,0.000000,10.000000
1991-10,10000.000000,1050000.000000,1429631.159917,1230652.935604,629330.204890,3289614.300410,0.010234,0.333333,0.333333,0.333333,0.434589,0.374103,0.191308,10000.000000,0.000000,10.000000
1991-11,10000.000000,1060000.000000,1433453.160366,1251369.873596,634541.954440,3319364.988402,0.005986,0.333333,0.333333,0.333333,0.431846,0.376991,0.191164,10000.000000,0.000000,10.000000
1991-12,10000.000000,1070000.000000,1451111.767210,1292387.999686,641812.373891,3385312.140787,0.016804,0.333333,0.333333,0.333333,0.428649,0.381763,0.189587,10000.000000,0.000000,10.000000
1992-01,10000.000000,1080000.000000,1564174.478588,1311134.365500,631983.660528,3507292.504615,0.032981,0.333333,0.333333,0.333333,0.445978,0.373831,0.180191,10000.000000,0.000000,10.000000
1992-02,10000.000000,1090000.000000,1565868.606097,1300274.310064,638488.949086,3504631.865247,-0.003600,0.333333,0.333333,0.333333,0.446800,0.371016,0.182184,10000.000000,0.000000,10.000000
1992-03,10000.000000,1100000.000000,1695876.872370,1412325.506207,680933.277282,3789135.655858,0.078103,0.333333,0.333333,0.333333,0.447563,0.372730,0.179707,10000.000000,0.000000,10.000000
1992-04,10000.000000,1110000.000000,1734825.707085,1456559.490971,686639.844759,3878025.042815,0.020765,0.333333,0.333333,0.333333,0.447348,0.375593,0.177059,10000.000000,0.000000,10.000000
1992-05,10000.000000,1120000.000000,1752328.594655,1459967.304915,677481.361743,3889777.261313,0.000451,0.333333,0.333333,0.333333,0.450496,0.375334,0.174170,10000.000000,0.000000,10.000000
1992-06,10000.000000,1130000.000000,1730932.678069,1484400.246378,688341.086142,3903674.010589,0.000999,0.333333,0.333333,0.333333,0.443411,0.380257,0.176332,10000.000000,0.000000,10.000000
1992-07,10000.000000,1140000.000000,1770230.408071,1543642.576138,717150.379705,4031023.363914,0.029984,0.333333,0.333333,0.333333,0.439152,0.382941,0.177908,10000.000000,0.000000,10.000000
1992-08,10000.000000,1150000.000000,1783968.673852,1578056.830006,697610.973340,4059636.477198,0.004606,0.333333,0.333333,0.333333,0.439440,0.388719,0.171841,10000.000000,0.000000,10.000000
1992-09,10000.000000,1160000.000000,1794825.909546,1610258.263522,705331.900779,4110416.073847,0.010020,0.333333,0.333333,0.333333,0.436653,0.391751,0.171596,10000.000000,0.000000,10.000000
1992-10,10000.000000,1170000.000000,1776962.095177,1602534.960142,706634.234992,4086131.290312,-0.008321,0.333333,0.333333,0.333333,0.434876,0.392189,0.172935,10000.000000,0.000000,10.000000
1992-11,10000.000000,1180000.000000,1829179.263970,1582563.313089,691318.312617,4103060.889676,0.001692,0.333333,0.333333,0.333333,0.445808,0.385703,0.168488,10000.000000,0.000000,10.000000
1992-12,10000.000000,1190000.000000,1926010.422216,1634775.937712,706967.594294,4267753.954222,0.037610,0.333333,0.333333,0.333333,0.451294,0.383053,0.165653,10000.000000,0.000000,10.000000
1993-01,10000.000000,1200000.000000,1936403.231616,1671096.623176,699132.552953,4306632.407745,0.006751,0.333333,0.333333,0.333333,0.449633,0.388029,0.162339,10000.000000,0.000000,10.000000
1993-02,10000.000000,1210000.000000,2041042.531641,1784563.863911,726624.526651,4552230.922203,0.054579,0.333333,0.333333,0.333333,0.448361,0.392020,0.159619,10000.000000,0.000000,10.000000
1993-03,10000.000000,1220000.000000,2220195.418611,1950089.204409,778407.953488,4948692.576509,0.084709,0.333333,0.333333,0.333333,0.448643,0.394061,0.157296,10000.000000,0.000000,10.000000
1993-04,10000.000000,1230000.000000,2171052.141349,1944325.356640,801805.983686,4917183.481675,-0.008371,0.333333,0.333333,0.333333,0.441524,0.395414,0.163062,10000.000000,0.000000,10.000000
1993-05,10000.000000,1240000.000000,2190347.193877,1947468.073859,864074.775808,5001890.043545,0.015162,0.333333,0.333333,0.333333,0.437904,0.389346,0.172750,10000.000000,0.000000,10.000000
1993-06,10000.000000,1250000.000000,2216554.064639,1975650.694693,880773.058688,5072977.818021,0.012189,0.333333,0.333333,0.333333,0.436934,0.389446,0.173621,10000.000000,0.000000,10.000000
1993-07,10000.000000,1260000.000000,2216453.622177,2006617.344264,929630.808388,5152701.774828,0.013717,0.333333,0.333333,0.333333,0.430154,0.389430,0.180416,10000.000000,0.000000,10.000000
1993-08,10000.000000,1270000.000000,2259784.826342,2040076.710758,902373.363840,5202234.900941,0.007657,0.333333,0.333333,0.333333,0.434387,0.392154,0.173459,10000.000000,0.000000,10.000000
1993-09,10000.000000,1280000.000000,2291260.549022,2100564.402377,847420.399970,5239245.351369,0.005182,0.333333,0.333333,0.333333,0.437326,0.400929,0.161745,10000.000000,0.000000,10.000000
1993-10,10000.000000,1290000.000000,2317745.177555,2113234.510927,870314.927713,5301294.616195,0.009916,0.333333,0.333333,0.333333,0.437204,0.398626,0.164170,10000.000000,0.000000,10.000000
1993-11,10000.000000,1300000.000000,2315981.239929,2059460.998208,895610.703641,5271052.941777,-0.007577,0.333333,0.333333,0.333333,0.439377,0.390711,0.169911,10000.000000,0.000000,10.000000
1993-12,10000.000000,1310000.000000,2340370.492055,2065343.644362,920764.995961,5326479.132378,0.008602,0.333333,0.333333,0.333333,0.439384,0.387750,0.172866,10000.000000,0.000000,10.000000
1994-01,10000.000000,1320000.000000,2384383.243261,2081714.181936,933747.733124,5399845.158321,0.011874,0.333333,0.333333,0.333333,0.441565,0.385514,0.172921,10000.000000,0.000000,10.000000
1994-02,10000.000000,1330000.000000,2386580.029221,2061658.040749,925234.201697,5373472.271667,-0.006723,0.333333,0.333333,0.333333,0.444141,0.383673,0.172186,10000.000000,0.000000,10.000000
1994-03,10000.000000,1340000.000000,2353318.987404,1996914.398089,932412.329050,5282645.714544,-0.018729,0.333333,0.333333,0.333333,0.445481,0.378014,0.176505,10000.000000,0.000000,10.000000
1994-04,10000.000000,1350000.000000,2276096.112094,1940267.037271,918004.679214,5134367.828579,-0.029905,0.333333,0.333333,0.333333,0.443306,0.377898,0.178796,10000.000000,0.000000,10.000000
1994-05,10000.000000,1360000.000000,2302372.738336,1925299.807401,930637.092313,5158309.638050,0.002710,0.333333,0.333333,0.333333,0.446342,0.373242,0.180415,10000.000000,0.000000,10.000000
1994-06,10000.000000,1370000.000000,2331927.075575,1951586.579245,946499.862285,5230013.517105,0.011939,0.333333,0.333333,0.333333,0.445874,0.373151,0.180975,10000.000000,0.000000,10.000000
1994-07,10000.000000,1380000.000000,2322539.316027,1938728.283341,947126.177701,5208393.777069,-0.006034,0.333333,0.333333,0.333333,0.445922,0.372232,0.181846,10000.000000,0.000000,10.000000
1994-08,10000.000000,1390000.000000,2397270.531621,1961784.930791,938003.462379,5297058.924791,0.015075,0.333333,0.333333,0.333333,0.452566,0.370354,0.177080,10000.000000,0.000000,10.000000
1994-09,10000.000000,1400000.000000,2420192.553243,1947024.247216,971049.005591,5338265.806049,0.005880,0.333333,0.333333,0.333333,0.453367,0.364730,0.181903,10000.000000,0.000000,10.000000
1994-10,10000.000000,1410000.000000,2412783.822613,1925167.472711,969418.455044,5307369.750368,-0.007647,0.333333,0.333333,0.333333,0.454610,0.362735,0.182655,10000.000000,0.000000,10.000000
1994-11,10000.000000,1420000.000000,2408817.788283,1913518.792363,958437.898572,5280774.479219,-0.006882,0.333333,0.333333,0.333333,0.456149,0.362356,0.181496,10000.000000,0.000000,10.000000
1994-12,10000.000000,1430000.000000,2387055.220937,1948871.737975,949107.286946,5285034.245859,-0.001085,0.333333,0.333333,0.333333,0.451663,0.368753,0.179584,10000.000000,0.000000,10.000000
1995-01,10000.000000,1440000.000000,2447743.814814,1967912.213140,951959.411456,5367615.439410,0.013707,0.333333,0.333333,0.333333,0.456021,0.366627,0.177352,10000.000000,0.000000,10.000000
1995-02,10000.000000,1450000.000000,2545159.903863,2026678.170042,950428.556441,5522266.630346,0.026899,0.333333,0.333333,0.333333,0.460890,0.367001,0.172108,10000.000000,0.000000,10.000000
1995-03,10000.000000,1460000.000000,2630924.898150,2094749.737017,972784.581363,5698459.216530,0.030041,0.333333,0.333333,0.333333,0.461691,0.367599,0.170710,10000.000000,0.000000,10.000000
1995-04,10000.000000,1470000.000000,2703533.933756,2119272.011003,993445.429997,5816251.374755,0.018883,0.333333,0.333333,0.333333,0.464824,0.364371,0.170805,10000.000000,0.000000,10.000000
1995-05,10000.000000,1480000.000000,2798426.038871,2201400.508708,981812.488440,5981639.036019,0.026670,0.333333,0.333333,0.333333,0.467836,0.368026,0.164138,10000.000000,0.000000,10.000000
1995-06,10000.000000,1490000.000000,2889499.713451,2290273.626515,992371.894711,6172145.234677,0.030126,0.333333,0.333333,0.333333,0.468152,0.371066,0.160782,10000.000000,0.000000,10.000000
1995-07,10000.000000,1500000.000000,2993695.796248,2285641.006117,989990.728097,6269327.530462,0.014102,0.333333,0.333333,0.333333,0.477515,0.364575,0.157910,10000.000000,0.000000,10.000000
1995-08,10000.000000,1510000.000000,3032270.951589,2281144.794951,994693.185091,6308108.931631,0.004584,0.333333,0.333333,0.333333,0.480694,0.361621,0.157685,10000.000000,0.000000,10.000000
1995-09,10000.000000,1520000.000000,3319616.997790,2472867.107064,1049541.758565,6842025.863420,0.082923,0.333333,0.333333,0.333333,0.485180,0.361423,0.153396,10000.000000,0.000000,10.000000
1995-10,10000.000000,1530000.000000,3488830.708131,2620031.126877,1095437.590208,7204299.425217,0.051412,0.333333,0.333333,0.333333,0.484271,0.363676,0.152053,10000.000000,0.000000,10.000000
1995-11,10000.000000,1540000.000000,3580046.161929,2662079.058737,1106215.343190,7348340.563856,0.018580,0.333333,0.333333,0.333333,0.487191,0.362269,0.150539,10000.000000,0.000000,10.000000
1995-12,10000.000000,1550000.000000,3732176.657625,2742619.024962,1123546.547181,7598342.229768,0.032616,0.333333,0.333333,0.333333,0.491183,0.360950,0.147867,10000.000000,0.000000,10.000000
1996-01,10000.000000,1560000.000000,3832040.506299,2838399.214351,1189910.353943,7860350.074593,0.033123,0.333333,0.333333,0.333333,0.487515,0.361103,0.151381,10000.000000,0.000000,10.000000
1996-02,10000.000000,1570000.000000,4150610.751923,2882866.657614,1237660.706431,8271138.115968,0.050924,0.333333,0.333333,0.333333,0.501819,0.348545,0.149636,10000.000000,0.000000,10.000000
1996-03,10000.000000,1580000.000000,3906650.506988,2641643.534254,1143473.920158,7691767.961400,-0.071170,0.333333,0.333333,0.333333,0.507900,0.343438,0.148662,10000.000000,0.000000,10.000000
1996-04,10000.000000,1590000.000000,3898858.744883,2600387.063276,1132649.227138,7631895.035297,-0.009072,0.333333,0.333333,0.333333,0.510864,0.340726,0.148410,10000.000000,0.000000,10.000000
1996-05,10000.000000,1600000.000000,4076182.211142,2627969.545676,1156383.282681,7860535.039498,0.028611,0.333333,0.333333,0.333333,0.518563,0.334325,0.147113,10000.000000,0.000000,10.000000
1996-06,10000.000000,1610000.000000,4140458.980307,2619908.482209,1141428.672975,7901796.135491,0.003972,0.333333,0.333333,0.333333,0.523990,0.331559,0.144452,10000.000000,0.000000,10.000000
1996-07,10000.000000,1620000.000000,4064428.663977,2688601.418848,1157236.194322,7910266.277147,-0.000193,0.333333,0.333333,0.333333,0.513817,0.339888,0.146295,10000.000000,0.000000,10.000000
1996-08,10000.000000,1630000.000000,4208470.537261,2762038.802186,1177051.865854,8147561.205301,0.028698,0.333333,0.333333,0.333333,0.516531,0.339002,0.144467,10000.000000,0.000000,10.000000
1996-09,10000.000000,1640000.000000,4305436.048162,2748628.751791,1170467.560771,8224532.360724,0.008210,0.333333,0.333333,0.333333,0.523487,0.334199,0.142314,10000.000000,0.000000,10.000000
1996-10,10000.000000,1650000.000000,4477958.932941,2821966.702241,1165508.465214,8465434.100396,0.028041,0.333333,0.333333,0.333333,0.528970,0.333352,0.137679,10000.000000,0.000000,10.000000
1996-11,10000.000000,1660000.000000,4712366.200028,2911864.894874,1160789.995999,8785021.090901,0.036528,0.333333,0.333333,0.333333,0.536409,0.331458,0.132133,10000.000000,0.000000,10.000000
1996-12,10000.000000,1670000.000000,4777831.411811,2912431.454588,1137746.085990,8828008.952390,0.003751,0.333333,0.333333,0.333333,0.541213,0.329908,0.128879,10000.000000,0.000000,10.000000
1997-01,10000.000000,1680000.000000,4939962.004635,2874063.621115,1098464.394359,8912490.020109,0.008427,0.333333,0.333333,0.333333,0.554274,0.322476,0.123250,10000.000000,0.000000,10.000000
1997-02,10000.000000,1690000.000000,5156978.081915,2925485.337406,1076571.324889,9159034.744209,0.026511,0.333333,0.333333,0.333333,0.563048,0.319410,0.117542,10000.000000,0.000000,10.000000
1997-03,10000.000000,1700000.000000,5127307.283060,2887371.800276,1095290.074826,9109969.158162,-0.006442,0.333333,0.333333,0.333333,0.562824,0.316946,0.120230,10000.000000,0.000000,10.000000
1997-04,10000.000000,1710000.000000,4948093.564916,2861241.779598,1071957.082601,8881292.427116,-0.026171,0.333333,0.333333,0.333333,0.557137,0.322165,0.120698,10000.000000,0.000000,10.000000
1997-05,10000.000000,1720000.000000,5407336.866657,2917658.137443,1075190.161671,9400185.165771,0.057235,0.333333,0.333333,0.333333,0.575237,0.310383,0.114380,10000.000000,0.000000,10.000000
1997-06,10000.000000,1730000.000000,5698690.350865,2983397.006540,1068979.356648,9751066.714053,0.036225,0.333333,0.333333,0.333333,0.584417,0.305956,0.109627,10000.000000,0.000000,10.000000
1997-07,10000.000000,1740000.000000,6016827.958294,3055679.612701,1016782.557600,10089290.128596,0.033626,0.333333,0.333333,0.333333,0.596358,0.302864,0.100778,10000.000000,0.000000,10.000000
1997-08,10000.000000,1750000.000000,6085217.075761,3079348.386922,1027565.830540,10192131.293223,0.009193,0.333333,0.333333,0.333333,0.597050,0.302130,0.100820,10000.000000,0.000000,10.000000
1997-09,10000.000000,1760000.000000,6241042.021916,3159639.899410,1041047.840550,10441729.761876,0.023485,0.333333,0.333333,0.333333,0.597702,0.302597,0.099701,10000.000000,0.000000,10.000000
1997-10,10000.000000,1770000.000000,6316904.599924,3206040.877852,1045845.575795,10568791.053571,0.011200,0.333333,0.333333,0.333333,0.597694,0.303350,0.098956,10000.000000,0.000000,10.000000
1997-11,10000.000000,1780000.000000,6417261.423893,3349946.994624,1014696.653624,10781905.072140,0.019200,0.333333,0.333333,0.333333,0.595188,0.310701,0.094111,10000.000000,0.000000,10.000000
1997-12,10000.000000,1790000.000000,6962823.263030,3578980.676962,1015905.323061,11557709.263053,0.070961,0.333333,0.333333,0.333333,0.602440,0.309662,0.087899,10000.000000,0.000000,10.000000
1998-01,10000.000000,1800000.000000,6981071.511531,3671858.297608,1019004.950803,11671934.759942,0.009010,0.333333,0.333333,0.333333,0.598107,0.314589,0.087304,10000.000000,0.000000,10.000000
1998-02,10000.000000,1810000.000000,7359275.090621,3648013.516455,1040419.357841,12047707.964917,0.031311,0.333333,0.333333,0.333333,0.610844,0.302797,0.086358,10000.000000,0.000000,10.000000
1998-03,10000.000000,1820000.000000,7865220.746307,3698757.689515,1055189.894736,12619168.330557,0.046564,0.333333,0.333333,0.333333,0.623276,0.293106,0.083618,10000.000000,0.000000,10.000000
1998-04,10000.000000,1830000.000000,8164141.258528,3734935.423371,1105173.842725,13004250.524624,0.029700,0.333333,0.333333,0.333333,0.627806,0.287209,0.084986,10000.000000,0.000000,10.000000
1998-05,10000.000000,1840000.000000,8306534.982339,3825416.413266,1096871.297809,13228822.693413,0.016487,0.333333,0.333333,0.333333,0.627912,0.289173,0.082915,10000.000000,0.000000,10.000000
1998-06,10000.000000,1850000.000000,8709750.133893,4072687.688018,1124841.191891,13907279.013802,0.050492,0.333333,0.333333,0.333333,0.626273,0.292846,0.080881,10000.000000,0.000000,10.000000
1998-07,10000.000000,1860000.000000,9154985.749407,4130808.416926,1138583.700631,14424377.866963,0.036437,0.333333,0.333333,0.333333,0.634688,0.286377,0.078935,10000.000000,0.000000,10.000000
1998-08,10000.000000,1870000.000000,8566092.642740,4213490.788187,1112843.135246,13892426.566173,-0.037546,0.333333,0.333333,0.333333,0.616602,0.303294,0.080104,10000.000000,0.000000,10.000000
1998-09,10000.000000,1880000.000000,8099451.577438,4383049.651554,1128830.273840,13611331.502832,-0.020938,0.333333,0.333333,0.333333,0.595052,0.322015,0.082933,10000.000000,0.000000,10.000000
1998-10,10000.000000,1890000.000000,8171772.099340,4481680.356886,1154555.336720,13808007.792946,0.013705,0.333333,0.333333,0.333333,0.591814,0.324571,0.083615,10000.000000,0.000000,10.000000
1998-11,10000.000000,1900000.000000,9079563.668797,4400443.509410,1150989.321655,14630996.499863,0.058835,0.333333,0.333333,0.333333,0.620570,0.300762,0.078668,10000.000000,0.000000,10.000000
1998-12,10000.000000,1910000.000000,9491877.203494,4501078.916956,1150860.297700,15143816.418151,0.034343,0.333333,0.333333,0.333333,0.626782,0.297222,0.075995,10000.000000,0.000000,10.000000
1999-01,10000.000000,1920000.000000,9963813.301256,4492307.056202,1133214.709923,15589335.067381,0.028740,0.333333,0.333333,0.333333,0.639143,0.288165,0.072692,10000.000000,0.000000,10.000000
1999-02,10000.000000,1930000.000000,9957283.740132,4414415.499088,1136181.335068,15507880.574288,-0.005863,0.333333,0.333333,0.333333,0.642079,0.284656,0.073265,10000.000000,0.000000,10.000000
1999-03,10000.000000,1940000.000000,10248073.977766,4356719.109968,1135129.665611,15739922.753345,0.014309,0.333333,0.333333,0.333333,0.651088,0.276794,0.072118,10000.000000,0.000000,10.000000
1999-04,10000.000000,1950000.000000,10757645.933082,4424815.160888,1133957.881804,16316418.975774,0.035968,0.333333,0.333333,0.333333,0.659314,0.271188,0.069498,10000.000000,0.000000,10.000000
1999-05,10000.000000,1960000.000000,10765961.785032,4333164.888952,1110771.690011,16209898.363995,-0.007137,0.333333,0.333333,0.333333,0.664160,0.267316,0.068524,10000.000000,0.000000,10.000000
1999-06,10000.000000,1970000.000000,10791736.845256,4275562.495734,1062249.798464,16129549.139454,-0.005570,0.333333,0.333333,0.333333,0.669066,0.265076,0.065857,10000.000000,0.000000,10.000000
1999-07,10000.000000,1980000.000000,11320857.891760,4349512.886667,1048651.889876,16719022.668303,0.035904,0.333333,0.333333,0.333333,0.677124,0.260154,0.062722,10000.000000,0.000000,10.000000
1999-08,10000.000000,1990000.000000,10933585.703010,4340056.399916,1059662.398735,16333304.501661,-0.023655,0.333333,0.333333,0.333333,0.669404,0.265718,0.064877,10000.000000,0.000000,10.000000
1999-09,10000.000000,2000000.000000,10895223.459359,4380868.595026,1098475.476368,16374567.530753,0.001913,0.333333,0.333333,0.333333,0.665375,0.267541,0.067084,10000.000000,0.000000,10.000000
1999-10,10000.000000,2010000.000000,10748689.300301,4340038.747947,1291721.858730,16380449.906978,-0.000251,0.333333,0.333333,0.333333,0.656190,0.264952,0.078858,10000.000000,0.000000,10.000000
1999-11,10000.000000,2020000.000000,11490982.247219,4381580.006743,1217443.734209,17090005.988171,0.042681,0.333333,0.333333,0.333333,0.672380,0.256383,0.071237,10000.000000,0.000000,10.000000
1999-12,10000.000000,2030000.000000,11835072.702394,4333492.347363,1180899.645215,17349464.694973,0.014588,0.333333,0.333333,0.333333,0.682158,0.249777,0.068065,10000.000000,0.000000,10.000000
2000-01,10000.000000,2040000.000000,11842141.334151,4247683.554969,1190208.062799,17280032.951919,-0.004576,0.333333,0.333333,0.333333,0.685308,0.245815,0.068878,10000.000000,0.000000,10.000000
2000-02,10000.000000,2050000.000000,11569021.486819,4323964.047791,1262648.037524,17155633.572133,-0.007773,0.333333,0.333333,0.333333,0.674357,0.252043,0.073600,10000.000000,0.000000,10.000000
2000-03,10000.000000,2060000.000000,12024083.017906,4431408.319638,1206467.478785,17661958.816329,0.028914,0.333333,0.333333,0.333333,0.680790,0.250901,0.068309,10000.000000,0.000000,10.000000
2000-04,10000.000000,2070000.000000,12211730.679056,4551272.735251,1185679.084196,17948682.498502,0.015659,0.333333,0.333333,0.333333,0.680369,0.253571,0.066059,10000.000000,0.000000,10.000000
2000-05,10000.000000,2080000.000000,11974578.402119,4468486.500762,1178236.966589,17621301.869470,-0.018786,0.333333,0.333333,0.333333,0.679551,0.253584,0.066864,10000.000000,0.000000,10.000000
2000-06,10000.000000,2090000.000000,12548753.445461,4679277.110305,1247919.006314,18475949.562080,0.047906,0.333333,0.333333,0.333333,0.679194,0.253263,0.067543,10000.000000,0.000000,10.000000
2000-07,10000.000000,2100000.000000,12681440.595402,4732123.726490,1235956.712805,18649521.034697,0.008848,0.333333,0.333333,0.333333,0.679987,0.253740,0.066273,10000.000000,0.000000,10.000000
2000-08,10000.000000,2110000.000000,13069009.910669,4937080.704637,1231166.050760,19237256.666066,0.030962,0.333333,0.333333,0.333333,0.679359,0.256642,0.063999,10000.000000,0.000000,10.000000
2000-09,10000.000000,2120000.000000,12987509.799522,4997138.214346,1237751.227161,19222399.241028,-0.001291,0.333333,0.333333,0.333333,0.675645,0.259964,0.064391,10000.000000,0.000000,10.000000
2000-10,10000.000000,2130000.000000,12435934.621012,5097285.077142,1235129.579296,18768349.277450,-0.024129,0.333333,0.333333,0.333333,0.662601,0.271589,0.065809,10000.000000,0.000000,10.000000
2000-11,10000.000000,2140000.000000,12448498.601156,5176456.289955,1230527.313995,18855482.205106,0.004108,0.333333,0.333333,0.333333,0.660206,0.274533,0.065261,10000.000000,0.000000,10.000000
2000-12,10000.000000,2150000.000000,12028928.099442,5390621.296861,1256062.168726,18675611.565029,-0.010064,0.333333,0.333333,0.333333,0.644098,0.288645,0.067257,10000.000000,0.000000,10.000000
2001-01,10000.000000,2160000.000000,12042901.493642,5430786.069051,1227018.205076,18700705.767768,0.000808,0.333333,0.333333,0.333333,0.643981,0.290405,0.065613,10000.000000,0.000000,10.000000
2001-02,10000.000000,2170000.000000,11775688.168554,5476475.436203,1215060.178524,18467223.783282,-0.013013,0.333333,0.333333,0.333333,0.637653,0.296551,0.065795,10000.000000,0.000000,10.000000
2001-03,10000.000000,2180000.000000,10730560.632310,5603676.375638,1225449.284315,17559686.292263,-0.049658,0.333333,0.333333,0.333333,0.611091,0.319122,0.069788,10000.000000,0.000000,10.000000
2001-04,10000.000000,2190000.000000,10813342.455686,5538035.515481,1218290.971464,17569668.942630,-0.000001,0.333333,0.333333,0.333333,0.615455,0.315204,0.069341,10000.000000,0.000000,10.000000
2001-05,10000.000000,2200000.000000,11599996.842446,5478271.762259,1282341.051954,18360609.656659,0.044423,0.333333,0.333333,0.333333,0.631787,0.298371,0.069842,10000.000000,0.000000,10.000000
2001-06,10000.000000,2210000.000000,11349103.968330,5563559.518242,1278805.410898,18191468.897470,-0.009751,0.333333,0.333333,0.333333,0.623870,0.305833,0.070297,10000.000000,0.000000,10.000000
2001-07,10000.000000,2220000.000000,11082307.005889,5624614.432083,1276311.825065,17983233.263037,-0.011990,0.333333,0.333333,0.333333,0.616258,0.312770,0.070972,10000.000000,0.000000,10.000000
2001-08,10000.000000,2230000.000000,10856169.975810,5768944.236022,1298424.291584,17923538.503417,-0.003873,0.333333,0.333333,0.333333,0.605693,0.321864,0.072442,10000.000000,0.000000,10.000000
2001-09,10000.000000,2240000.000000,9757552.683445,5978023.491069,1371188.459429,17106764.633943,-0.046102,0.333333,0.333333,0.333333,0.570391,0.349454,0.080155,10000.000000,0.000000,10.000000
2001-10,10000.000000,2250000.000000,10135009.097774,6118799.864958,1383165.159807,17636974.122540,0.030392,0.333333,0.333333,0.333333,0.574646,0.346930,0.078424,10000.000000,0.000000,10.000000
2001-11,10000.000000,2260000.000000,10648779.836587,6105818.293944,1351966.330396,18106564.460926,0.026044,0.333333,0.333333,0.333333,0.588117,0.337216,0.074667,10000.000000,0.000000,10.000000
2001-12,10000.000000,2270000.000000,10783863.098706,5912147.528821,1352238.122112,18048248.749639,-0.003771,0.333333,0.333333,0.333333,0.597502,0.327575,0.074924,10000.000000,0.000000,10.000000
2002-01,10000.000000,2280000.000000,10849044.424316,6015533.689761,1397140.622456,18261718.736534,0.011267,0.333333,0.333333,0.333333,0.594087,0.329407,0.076507,10000.000000,0.000000,10.000000
2002-02,10000.000000,2290000.000000,10567365.093140,6150889.310560,1481051.080829,18199305.484530,-0.003963,0.333333,0.333333,0.333333,0.580647,0.337974,0.081380,10000.000000,0.000000,10.000000
2002-03,10000.000000,2300000.000000,11104804.878395,6011503.534866,1475864.142599,18592172.555861,0.021026,0.333333,0.333333,0.333333,0.597284,0.323335,0.079381,10000.000000,0.000000,10.000000
2002-04,10000.000000,2310000.000000,10755523.910490,6094995.427837,1529851.919010,18380371.257338,-0.011923,0.333333,0.333333,0.333333,0.585164,0.331603,0.083233,10000.000000,0.000000,10.000000
2002-05,10000.000000,2320000.000000,10472118.751307,6158064.031354,1591383.424585,18221566.207246,-0.009179,0.333333,0.333333,0.333333,0.574710,0.337955,0.087335,10000.000000,0.000000,10.000000
2002-06,10000.000000,2330000.000000,9848604.848338,6293780.037660,1629175.971161,17771560.857159,-0.025231,0.333333,0.333333,0.333333,0.554178,0.354149,0.091673,10000.000000,0.000000,10.000000
2002-07,10000.000000,2340000.000000,8756779.198273,6435899.011861,1585443.692026,16778121.902160,-0.056431,0.333333,0.333333,0.333333,0.521917,0.383589,0.094495,10000.000000,0.000000,10.000000
2002-08,10000.000000,2350000.000000,8828504.216644,6641988.675508,1567978.110401,17038471.002553,0.014912,0.333333,0.333333,0.333333,0.518151,0.389823,0.092026,10000.000000,0.000000,10.000000
2002-09,10000.000000,2360000.000000,8385251.207374,6859087.760782,1611857.090166,16856196.058322,-0.011278,0.333333,0.333333,0.333333,0.497458,0.406918,0.095624,10000.000000,0.000000,10.000000
2002-10,10000.000000,2370000.000000,8261219.035079,6834934.486293,1602602.100520,16698755.621892,-0.009928,0.333333,0.333333,0.333333,0.494721,0.409308,0.095971,10000.000000,0.000000,10.000000
2002-11,10000.000000,2380000.000000,8793381.927277,6785321.889227,1612629.902604,17191333.719107,0.028882,0.333333,0.333333,0.333333,0.511501,0.394694,0.093805,10000.000000,0.000000,10.000000
2002-12,10000.000000,2390000.000000,8681174.595407,6803383.939086,1677086.538990,17161645.073483,-0.002307,0.333333,0.333333,0.333333,0.505847,0.396430,0.097723,10000.000000,0.000000,10.000000
2003-01,10000.000000,2400000.000000,8630553.263068,6791298.553264,1799736.062628,17221587.878960,0.002908,0.333333,0.333333,0.333333,0.501147,0.394348,0.104505,10000.000000,0.000000,10.000000
2003-02,10000.000000,2410000.000000,8044701.016862,6870542.690773,1805241.209224,16720484.916859,-0.029661,0.333333,0.333333,0.333333,0.481128,0.410906,0.107966,10000.000000,0.000000,10.000000
2003-03,10000.000000,2420000.000000,8141216.949512,6936620.673943,1715349.204132,16793186.827587,0.003748,0.333333,0.333333,0.333333,0.484793,0.413062,0.102146,10000.000000,0.000000,10.000000
2003-04,10000.000000,2430000.000000,8523651.058238,6836066.253220,1643249.992276,17002967.303733,0.011889,0.333333,0.333333,0.333333,0.501304,0.402051,0.096645,10000.000000,0.000000,10.000000
2003-05,10000.000000,2440000.000000,8926723.746484,7041102.404944,1776551.334984,17744377.486412,0.042991,0.333333,0.333333,0.333333,0.503073,0.396808,0.100119,10000.000000,0.000000,10.000000
2003-06,10000.000000,2450000.000000,9357186.798453,7144380.986293,1764374.382508,18265942.167254,0.028813,0.333333,0.333333,0.333333,0.512275,0.391131,0.096594,10000.000000,0.000000,10.000000
2003-07,10000.000000,2460000.000000,9319610.027447,6720205.563181,1724983.910379,17764799.501007,-0.027968,0.333333,0.333333,0.333333,0.524611,0.378288,0.097101,10000.000000,0.000000,10.000000
2003-08,10000.000000,2470000.000000,9254209.136269,6457541.912247,1762495.626785,17474246.675300,-0.016909,0.333333,0.333333,0.333333,0.529591,0.369546,0.100862,10000.000000,0.000000,10.000000
2003-09,10000.000000,2480000.000000,9527533.061364,6562451.763361,1854615.103869,17944599.928595,0.026330,0.333333,0.333333,0.333333,0.530942,0.365706,0.103352,10000.000000,0.000000,10.000000
2003-10,10000.000000,2490000.000000,9630148.736442,6515047.121365,1839990.675185,17985186.532992,0.001704,0.333333,0.333333,0.333333,0.535449,0.362245,0.102306,10000.000000,0.000000,10.000000
2003-11,10000.000000,2500000.000000,9782481.457838,6558172.044439,1903123.091467,18243776.593744,0.013814,0.333333,0.333333,0.333333,0.536209,0.359474,0.104316,10000.000000,0.000000,10.000000
2003-12,10000.000000,2510000.000000,10089989.573356,6603647.555810,1990417.658049,18684054.787214,0.023572,0.333333,0.333333,0.333333,0.540032,0.353438,0.106530,10000.000000,0.000000,10.000000
2004-01,10000.000000,2520000.000000,10563972.435509,6677058.422585,2022785.024647,19263815.882740,0.030478,0.333333,0.333333,0.333333,0.548384,0.346611,0.105004,10000.000000,0.000000,10.000000
2004-02,10000.000000,2530000.000000,10639032.282861,6714118.973230,1974074.275260,19327225.531351,0.002771,0.333333,0.333333,0.333333,0.550469,0.347392,0.102140,10000.000000,0.000000,10.000000
2004-03,10000.000000,2540000.000000,10405604.635538,6831693.828506,1973858.663783,19211157.127827,-0.006519,0.333333,0.333333,0.333333,0.541644,0.355611,0.102745,10000.000000,0.000000,10.000000
2004-04,10000.000000,2550000.000000,10257884.473749,6415518.769071,1910849.666969,18584252.909788,-0.033136,0.333333,0.333333,0.333333,0.551966,0.345213,0.102821,10000.000000,0.000000,10.000000
2004-05,10000.000000,2560000.000000,10290502.098174,6438716.655815,1877279.662572,18606498.416561,0.000659,0.333333,0.333333,0.333333,0.553060,0.346047,0.100894,10000.000000,0.000000,10.000000
2004-06,10000.000000,2570000.000000,10664681.697381,6509138.446313,1933696.189495,19107516.333188,0.026375,0.333333,0.333333,0.333333,0.558141,0.340659,0.101201,10000.000000,0.000000,10.000000
2004-07,10000.000000,2580000.000000,10555923.342190,6737805.705154,1990578.166381,19284307.213725,0.008725,0.333333,0.333333,0.333333,0.547384,0.349393,0.103223,10000.000000,0.000000,10.000000
2004-08,10000.000000,2590000.000000,10472941.995310,6925051.721129,2020555.889420,19418549.605859,0.006439,0.333333,0.333333,0.333333,0.539327,0.356620,0.104053,10000.000000,0.000000,10.000000
2004-09,10000.000000,2600000.000000,10705673.219268,6996366.924570,2032285.718124,19734325.861963,0.015739,0.333333,0.333333,0.333333,0.542490,0.354528,0.102982,10000.000000,0.000000,10.000000
2004-10,10000.000000,2610000.000000,10645665.954286,6991943.498669,2096375.539005,19733984.991960,-0.000524,0.333333,0.333333,0.333333,0.539459,0.354310,0.106232,10000.000000,0.000000,10.000000
2004-11,10000.000000,2620000.000000,10985865.977252,6861400.966632,2160959.960144,20008226.904028,0.013383,0.333333,0.333333,0.333333,0.549067,0.342929,0.108004,10000.000000,0.000000,10.000000
2004-12,10000.000000,2630000.000000,10991732.654437,6685879.575273,2121717.078347,19799329.308057,-0.010935,0.333333,0.333333,0.333333,0.555157,0.337682,0.107161,10000.000000,0.000000,10.000000
2005-01,10000.000000,2640000.000000,10789321.416172,6682617.248922,2027722.865473,19499661.530567,-0.015632,0.333333,0.333333,0.333333,0.553308,0.342704,0.103988,10000.000000,0.000000,10.000000
2005-02,10000.000000,2650000.000000,10964232.697489,6730330.478261,2024443.788869,19719006.964619,0.010730,0.333333,0.333333,0.333333,0.556024,0.341312,0.102665,10000.000000,0.000000,10.000000
2005-03,10000.000000,2660000.000000,10942114.415314,6582425.618123,2080999.620202,19605539.653639,-0.006258,0.333333,0.333333,0.333333,0.558113,0.335743,0.106143,10000.000000,0.000000,10.000000
2005-04,10000.000000,2670000.000000,10695450.458615,6703208.791176,2062956.525475,19461615.775266,-0.007847,0.333333,0.333333,0.333333,0.549566,0.344432,0.106001,10000.000000,0.000000,10.000000
2005-05,10000.000000,2680000.000000,10783966.356698,6802564.041179,2021749.364034,19608279.761911,0.007019,0.333333,0.333333,0.333333,0.549970,0.346923,0.103107,10000.000000,0.000000,10.000000
2005-06,10000.000000,2690000.000000,11051733.274006,6925041.831476,2073749.845258,20050524.950741,0.022033,0.333333,0.333333,0.333333,0.551194,0.345380,0.103426,10000.000000,0.000000,10.000000
2005-07,10000.000000,2700000.000000,11231511.258296,6836822.285795,2039098.915906,20107432.459998,0.002338,0.333333,0.333333,0.333333,0.558575,0.340015,0.101410,10000.000000,0.000000,10.000000
2005-08,10000.000000,2710000.000000,11299767.163891,6838307.566765,2115504.868915,20253579.599570,0.006768,0.333333,0.333333,0.333333,0.557915,0.337635,0.104451,10000.000000,0.000000,10.000000
2005-09,10000.000000,2720000.000000,11411800.286984,6945863.371893,2220915.908159,20578579.567036,0.015545,0.333333,0.333333,0.333333,0.554548,0.337529,0.107924,10000.000000,0.000000,10.000000
2005-10,10000.000000,2730000.000000,11346596.213000,6971938.595663,2340184.583161,20658719.391824,0.003407,0.333333,0.333333,0.333333,0.549240,0.337482,0.113278,10000.000000,0.000000,10.000000
2005-11,10000.000000,2740000.000000,12029971.439120,7092884.904787,2424864.702854,21547721.046760,0.042528,0.333333,0.333333,0.333333,0.558294,0.329171,0.112535,10000.000000,0.000000,10.000000
2005-12,10000.000000,2750000.000000,12272938.493277,7151799.243255,2592305.165331,22017042.901863,0.021307,0.333333,0.333333,0.333333,0.557429,0.324830,0.117741,10000.000000,0.000000,10.000000
2006-01,10000.000000,2760000.000000,12083898.266012,6994676.411678,2715522.747967,21794097.425657,-0.010575,0.333333,0.333333,0.333333,0.554457,0.320944,0.124599,10000.000000,0.000000,10.000000
2006-02,10000.000000,2770000.000000,12093143.840790,6945381.526371,2745371.743987,21783897.111148,-0.000926,0.333333,0.333333,0.333333,0.555141,0.318831,0.126028,10000.000000,0.000000,10.000000
2006-03,10000.000000,2780000.000000,12306162.265818,6910186.902028,2765332.512134,21981681.679980,0.008616,0.333333,0.333333,0.333333,0.559837,0.314361,0.125802,10000.000000,0.000000,10.000000
2006-04,10000.000000,2790000.000000,12543961.659744,6870685.710091,3070419.207919,22485066.577753,0.022435,0.333333,0.333333,0.333333,0.557880,0.305567,0.136554,10000.000000,0.000000,10.000000
2006-05,10000.000000,2800000.000000,12551732.535933,6895713.750359,3423851.003329,22871297.289622,0.016725,0.333333,0.333333,0.333333,0.548798,0.301501,0.149701,10000.000000,0.000000,10.000000
2006-06,10000.000000,2810000.000000,12402566.367720,7034611.733292,3072454.986591,22509633.087603,-0.016243,0.333333,0.333333,0.333333,0.550989,0.312516,0.136495,10000.000000,0.000000,10.000000
2006-07,10000.000000,2820000.000000,12625623.544231,7152641.744475,3306040.119420,23084305.408126,0.025075,0.333333,0.333333,0.333333,0.546935,0.309849,0.143216,10000.000000,0.000000,10.000000
2006-08,10000.000000,2830000.000000,12940275.141403,7315740.073853,3309753.226334,23565768.441590,0.020415,0.333333,0.333333,0.333333,0.549113,0.310439,0.140447,10000.000000,0.000000,10.000000
2006-09,10000.000000,2840000.000000,13146762.282192,7370942.090936,3100543.088495,23618247.461623,0.001802,0.333333,0.333333,0.333333,0.556636,0.312087,0.131277,10000.000000,0.000000,10.000000
2006-10,10000.000000,2850000.000000,13431524.858341,7292135.888572,2998270.444493,23721931.191407,0.003965,0.333333,0.333333,0.333333,0.566207,0.307401,0.126392,10000.000000,0.000000,10.000000
2006-11,10000.000000,2860000.000000,13513571.093321,7296372.171731,3172088.312983,23982031.578035,0.010539,0.333333,0.333333,0.333333,0.563487,0.304243,0.132269,10000.000000,0.000000,10.000000
2006-12,10000.000000,2870000.000000,13732508.061904,7310964.443470,3168282.740000,24211755.245373,0.009158,0.333333,0.333333,0.333333,0.567183,0.301959,0.130857,10000.000000,0.000000,10.000000
2007-01,10000.000000,2880000.000000,13744781.874175,7182461.615807,3156846.552087,24084090.042069,-0.005684,0.333333,0.333333,0.333333,0.570700,0.298224,0.131076,10000.000000,0.000000,10.000000
2007-02,10000.000000,2890000.000000,13908545.539984,7206286.061015,3316391.794241,24431223.395239,0.013992,0.333333,0.333333,0.333333,0.569294,0.294962,0.135744,10000.000000,0.000000,10.000000
2007-03,10000.000000,2900000.000000,13498081.625169,7291566.208098,3253023.082619,24042670.915886,-0.016307,0.333333,0.333333,0.333333,0.561422,0.303276,0.135302,10000.000000,0.000000,10.000000
2007-04,10000.000000,2910000.000000,13495380.560917,6954158.312141,3238775.336233,23688314.209291,-0.015148,0.333333,0.333333,0.333333,0.569706,0.293569,0.136725,10000.000000,0.000000,10.000000
2007-05,10000.000000,2920000.000000,13475251.762923,6712227.839991,3074979.490732,23262459.093647,-0.018392,0.333333,0.333333,0.333333,0.579270,0.288543,0.132186,10000.000000,0.000000,10.000000
2007-06,10000.000000,2930000.000000,13532368.271041,6564508.794379,3029179.094778,23126056.160199,-0.006291,0.333333,0.333333,0.333333,0.585157,0.283858,0.130986,10000.000000,0.000000,10.000000
2007-07,10000.000000,2940000.000000,13507257.798544,6594756.593072,3050130.461850,23152144.853466,0.000695,0.333333,0.333333,0.333333,0.583413,0.284844,0.131743,10000.000000,0.000000,10.000000
2007-08,10000.000000,2950000.000000,13073244.275060,6865239.532717,3084191.332401,23022675.140178,-0.006021,0.333333,0.333333,0.333333,0.567842,0.298195,0.133963,10000.000000,0.000000,10.000000
2007-09,10000.000000,2960000.000000,13311117.117351,6890197.568116,3269237.441903,23470552.127369,0.019011,0.333333,0.333333,0.333333,0.567141,0.293568,0.139291,10000.000000,0.000000,10.000000
2007-10,10000.000000,2970000.000000,13437167.346419,6775078.404757,3395697.579131,23607943.330307,0.005425,0.333333,0.333333,0.333333,0.569180,0.286983,0.143837,10000.000000,0.000000,10.000000
2007-11,10000.000000,2980000.000000,12781697.568242,7004641.856592,3625001.031511,23411340.456346,-0.008748,0.333333,0.333333,0.333333,0.545962,0.299199,0.154840,10000.000000,0.000000,10.000000
2007-12,10000.000000,2990000.000000,12959228.957689,7069196.576022,3619267.498714,23647693.032426,0.009664,0.333333,0.333333,0.333333,0.548012,0.298938,0.153049,10000.000000,0.000000,10.000000
2008-01,10000.000000,3000000.000000,12069454.665427,7286107.826347,4004133.524031,23359696.015805,-0.012596,0.333333,0.333333,0.333333,0.516679,0.311909,0.171412,10000.000000,0.000000,10.000000
2008-02,10000.000000,3010000.000000,12006810.507330,7387740.850606,4194467.412081,23589018.770017,0.009385,0.333333,0.333333,0.333333,0.509000,0.313186,0.177814,10000.000000,0.000000,10.000000
2008-03,10000.000000,3020000.000000,11833720.622274,7645269.793547,4459633.654738,23938624.070560,0.014391,0.333333,0.333333,0.333333,0.494336,0.319370,0.186294,10000.000000,0.000000,10.000000
2008-04,10000.000000,3030000.000000,12284555.397973,7530140.941399,4176911.553376,23991607.892748,0.001795,0.333333,0.333333,0.333333,0.512036,0.313866,0.174099,10000.000000,0.000000,10.000000
2008-05,10000.000000,3040000.000000,13244503.706627,7812035.846183,4291720.907794,25348260.460603,0.056107,0.333333,0.333333,0.333333,0.522501,0.308188,0.169310,10000.000000,0.000000,10.000000
2008-06,10000.000000,3050000.000000,12915206.844203,7841301.077314,4372912.186193,25129420.107710,-0.009024,0.333333,0.333333,0.333333,0.513948,0.312037,0.174016,10000.000000,0.000000,10.000000
2008-07,10000.000000,3060000.000000,12116091.450240,7917499.756465,4620742.024195,24654333.230901,-0.019296,0.333333,0.333333,0.333333,0.491439,0.321140,0.187421,10000.000000,0.000000,10.000000
2008-08,10000.000000,3070000.000000,12434033.707551,8063037.052025,4146851.574070,24643922.333647,-0.000828,0.333333,0.333333,0.333333,0.504548,0.327182,0.168271,10000.000000,0.000000,10.000000
2008-09,10000.000000,3080000.000000,12558303.401646,8728587.379262,4356784.325138,25643675.106047,0.040146,0.333333,0.333333,0.333333,0.489723,0.340380,0.169897,10000.000000,0.000000,10.000000
2008-10,10000.000000,3090000.000000,10704366.433001,9260653.413540,4526584.052544,24491603.899084,-0.045298,0.333333,0.333333,0.333333,0.437063,0.378115,0.184822,10000.000000,0.000000,10.000000
2008-11,10000.000000,3100000.000000,9833807.823458,9555043.044156,4292458.950070,23681309.817685,-0.033479,0.333333,0.333333,0.333333,0.415256,0.403485,0.181259,10000.000000,0.000000,10.000000
2008-12,10000.000000,3110000.000000,9734663.843514,10444057.050428,4574344.129942,24753065.023883,0.044816,0.333333,0.333333,0.333333,0.393271,0.421930,0.184799,10000.000000,0.000000,10.000000
2009-01,10000.000000,3120000.000000,9668294.044632,10417138.161079,4837406.657646,24922838.863356,0.006452,0.333333,0.333333,0.333333,0.387929,0.417976,0.194095,10000.000000,0.000000,10.000000
2009-02,10000.000000,3130000.000000,9125086.341526,10243694.403259,5374000.868881,24742781.613667,-0.007623,0.333333,0.333333,0.333333,0.368798,0.414007,0.217195,10000.000000,0.000000,10.000000
2009-03,10000.000000,3140000.000000,8938013.295546,10709516.858674,5470199.360553,25117729.514774,0.014744,0.333333,0.333333,0.333333,0.355845,0.426373,0.217782,10000.000000,0.000000,10.000000
2009-04,10000.000000,3150000.000000,9814511.984582,10395159.053719,5152140.129612,25361811.167913,0.009316,0.333333,0.333333,0.333333,0.386980,0.409874,0.203146,10000.000000,0.000000,10.000000
2009-05,10000.000000,3160000.000000,10166650.701088,9814824.988410,5224625.068781,25206100.758279,-0.006531,0.333333,0.333333,0.333333,0.403341,0.389383,0.207276,10000.000000,0.000000,10.000000
2009-06,10000.000000,3170000.000000,10281363.249461,9333859.430100,5231835.106492,24847057.786053,-0.014635,0.333333,0.333333,0.333333,0.413786,0.375653,0.210562,10000.000000,0.000000,10.000000
2009-07,10000.000000,3180000.000000,10566588.357358,9627154.851462,5243437.791820,25437181.000639,0.023338,0.333333,0.333333,0.333333,0.415399,0.378468,0.206133,10000.000000,0.000000,10.000000
2009-08,10000.000000,3190000.000000,11399964.282471,9611259.931030,5317826.266620,26329050.480122,0.034655,0.333333,0.333333,0.333333,0.432980,0.365044,0.201976,10000.000000,0.000000,10.000000
2009-09,10000.000000,3200000.000000,11831753.786345,9806153.870329,5593768.836724,27231676.493398,0.033890,0.333333,0.333333,0.333333,0.434485,0.360101,0.205414,10000.000000,0.000000,10.000000
2009-10,10000.000000,3210000.000000,11707917.177797,9511129.728490,5658822.360855,26877869.267142,-0.013355,0.333333,0.333333,0.333333,0.435597,0.353865,0.210538,10000.000000,0.000000,10.000000
2009-11,10000.000000,3220000.000000,11925276.088669,9508475.118502,6102179.531100,27535930.738272,0.024102,0.333333,0.333333,0.333333,0.433081,0.345312,0.221608,10000.000000,0.000000,10.000000
2009-12,10000.000000,3230000.000000,12193280.202054,9388436.412339,6148427.686561,27730144.300954,0.006688,0.333333,0.333333,0.333333,0.439712,0.338564,0.221724,10000.000000,0.000000,10.000000
2010-01,10000.000000,3240000.000000,12193954.302739,9185037.898214,5977190.342724,27356182.543677,-0.013841,0.333333,0.333333,0.333333,0.445748,0.335757,0.218495,10000.000000,0.000000,10.000000
2010-02,10000.000000,3250000.000000,11941503.223394,9323544.569402,5905833.628441,27170881.421237,-0.007137,0.333333,0.333333,0.333333,0.439496,0.343145,0.217359,10000.000000,0.000000,10.000000
2010-03,10000.000000,3260000.000000,12429836.543817,9159157.215550,5899566.472302,27488560.231669,0.011320,0.333333,0.333333,0.333333,0.452182,0.333199,0.214619,10000.000000,0.000000,10.000000
2010-04,10000.000000,3270000.000000,12654725.605717,8899421.488787,5958826.905985,27512974.000489,0.000524,0.333333,0.333333,0.333333,0.459955,0.323463,0.216582,10000.000000,0.000000,10.000000
2010-05,10000.000000,3280000.000000,12268630.817160,9526775.537522,6439153.673224,28234560.027906,0.025854,0.333333,0.333333,0.333333,0.434525,0.337415,0.228059,10000.000000,0.000000,10.000000
2010-06,10000.000000,3290000.000000,12025711.641896,9889330.434278,6697227.916074,28612269.992248,0.013019,0.333333,0.333333,0.333333,0.420299,0.345633,0.234068,10000.000000,0.000000,10.000000
2010-07,10000.000000,3300000.000000,12077938.582702,10136253.617477,6519910.165067,28734102.365246,0.003907,0.333333,0.333333,0.333333,0.420335,0.352760,0.226905,10000.000000,0.000000,10.000000
2010-08,10000.000000,3310000.000000,12107113.410635,10369660.000961,6606176.282853,29082949.694449,0.011788,0.333333,0.333333,0.333333,0.416296,0.356555,0.227149,10000.000000,0.000000,10.000000
2010-09,10000.000000,3320000.000000,12360376.442034,10309244.531072,6821083.755165,29490704.728271,0.013672,0.333333,0.333333,0.333333,0.419128,0.349576,0.231296,10000.000000,0.000000,10.000000
2010-10,10000.000000,3330000.000000,12501532.217848,10088751.904613,6967050.776502,29557334.898964,0.001920,0.333333,0.333333,0.333333,0.422959,0.341328,0.235713,10000.000000,0.000000,10.000000
2010-11,10000.000000,3340000.000000,12983218.660496,10051160.653150,7208464.132919,30242843.446565,0.022846,0.333333,0.333333,0.333333,0.429299,0.332348,0.238353,10000.000000,0.000000,10.000000
2010-12,10000.000000,3350000.000000,13519344.066518,9665936.178409,7349800.714288,30535080.959215,0.009329,0.333333,0.333333,0.333333,0.442748,0.316552,0.240700,10000.000000,0.000000,10.000000
2011-01,10000.000000,3360000.000000,14076164.091108,9673545.286605,7233095.736979,30982805.114691,0.014330,0.333333,0.333333,0.333333,0.454322,0.312223,0.233455,10000.000000,0.000000,10.000000
2011-02,10000.000000,3370000.000000,14524558.886325,9552815.921616,7316965.849347,31394340.657288,0.012956,0.333333,0.333333,0.333333,0.462649,0.304285,0.233066,10000.000000,0.000000,10.000000
2011-03,10000.000000,3380000.000000,14218997.245633,9620728.272656,7498179.333164,31337904.851453,-0.002115,0.333333,0.333333,0.333333,0.453732,0.307000,0.239269,10000.000000,0.000000,10.000000
2011-04,10000.000000,3390000.000000,14339683.840943,9480061.639763,7700656.692511,31520402.173217,0.005503,0.333333,0.333333,0.333333,0.454933,0.300760,0.244307,10000.000000,0.000000,10.000000
2011-05,10000.000000,3400000.000000,14633561.326961,9875458.339056,7977291.626612,32486311.292629,0.030317,0.333333,0.333333,0.333333,0.450453,0.303988,0.245559,10000.000000,0.000000,10.000000
2011-06,10000.000000,3410000.000000,14072065.445462,10027541.653461,8048583.170954,32148190.269877,-0.010713,0.333333,0.333333,0.333333,0.437725,0.311916,0.250359,10000.000000,0.000000,10.000000
2011-07,10000.000000,3420000.000000,14377610.854675,9962841.892708,8206926.469570,32547379.216952,0.012102,0.333333,0.333333,0.333333,0.441744,0.306103,0.252153,10000.000000,0.000000,10.000000
2011-08,10000.000000,3430000.000000,13151518.694644,10825734.183164,9370821.154787,33348074.032595,0.024286,0.333333,0.333333,0.333333,0.394371,0.324628,0.281000,10000.000000,0.000000,10.000000
2011-09,10000.000000,3440000.000000,13735638.705380,11745880.357124,9938803.891765,35420322.954268,0.061822,0.333333,0.333333,0.333333,0.387790,0.331614,0.280596,10000.000000,0.000000,10.000000
2011-10,10000.000000,3450000.000000,14602322.309800,11958437.140370,9643657.823585,36204417.273755,0.021848,0.333333,0.333333,0.333333,0.403330,0.330303,0.266367,10000.000000,0.000000,10.000000
2011-11,10000.000000,3460000.000000,15309796.792748,12497185.558252,10371876.617747,38178858.968747,0.054245,0.333333,0.333333,0.333333,0.401002,0.327333,0.271665,10000.000000,0.000000,10.000000
2011-12,10000.000000,3470000.000000,16074065.979207,12977192.780108,10113528.114989,39164786.874304,0.025555,0.333333,0.333333,0.333333,0.410421,0.331348,0.258230,10000.000000,0.000000,10.000000
2012-01,10000.000000,3480000.000000,16402205.216182,12670518.968923,9934245.921232,39006970.106336,-0.004284,0.333333,0.333333,0.333333,0.420494,0.324827,0.254679,10000.000000,0.000000,10.000000
2012-02,10000.000000,3490000.000000,16478527.488756,12241569.030216,10110126.528853,38830223.047825,-0.004786,0.333333,0.333333,0.333333,0.424374,0.315259,0.260367,10000.000000,0.000000,10.000000
2012-03,10000.000000,3500000.000000,17364811.226734,12337171.383612,9947066.209589,39649048.819935,0.020824,0.333333,0.333333,0.333333,0.437963,0.311159,0.250878,10000.000000,0.000000,10.000000
2012-04,10000.000000,3510000.000000,17818780.024680,12824196.450877,10047955.005128,40690931.480685,0.026019,0.333333,0.333333,0.333333,0.437905,0.315161,0.246934,10000.000000,0.000000,10.000000
2012-05,10000.000000,3520000.000000,18153809.972452,13810937.545342,10180502.888249,42145250.406042,0.035486,0.333333,0.333333,0.333333,0.430744,0.327699,0.241558,10000.000000,0.000000,10.000000
2012-06,10000.000000,3530000.000000,18480073.702093,14478895.638390,10551788.247308,43510757.587791,0.032155,0.333333,0.333333,0.333333,0.424724,0.332766,0.242510,10000.000000,0.000000,10.000000
2012-07,10000.000000,3540000.000000,18847308.088840,14485998.408666,10424759.211718,43758065.709224,0.005453,0.333333,0.333333,0.333333,0.430716,0.331048,0.238236,10000.000000,0.000000,10.000000
2012-08,10000.000000,3550000.000000,19513397.617263,14327770.101215,10676823.054644,44517990.773122,0.017134,0.333333,0.333333,0.333333,0.438326,0.321842,0.239832,10000.000000,0.000000,10.000000
2012-09,10000.000000,3560000.000000,19692047.274000,14004458.184492,11198059.541158,44894564.999650,0.008232,0.333333,0.333333,0.333333,0.438629,0.311941,0.249430,10000.000000,0.000000,10.000000
2012-10,10000.000000,3570000.000000,19200437.916314,13667880.728052,10956208.522643,43824527.167008,-0.024052,0.333333,0.333333,0.333333,0.438121,0.311877,0.250002,10000.000000,0.000000,10.000000
2012-11,10000.000000,3580000.000000,19250960.509833,14254151.103728,11145506.628113,44650618.241674,0.018618,0.333333,0.333333,0.333333,0.431147,0.319237,0.249616,10000.000000,0.000000,10.000000
2012-12,10000.000000,3590000.000000,19623797.061984,14150846.263206,10881905.866649,44656549.191839,-0.000091,0.333333,0.333333,0.333333,0.439438,0.316882,0.243680,10000.000000,0.000000,10.000000
2013-01,10000.000000,3600000.000000,20308422.798924,13825986.511233,10718635.928425,44853045.238582,0.004175,0.333333,0.333333,0.333333,0.452777,0.308251,0.238972,10000.000000,0.000000,10.000000
2013-02,10000.000000,3610000.000000,20624224.341562,13657670.186509,10358742.445577,44640636.973648,-0.004957,0.333333,0.333333,0.333333,0.462006,0.305947,0.232047,10000.000000,0.000000,10.000000
2013-03,10000.000000,3620000.000000,21431310.816809,13864733.107626,10255189.292213,45551233.216647,0.020170,0.333333,0.333333,0.333333,0.470488,0.304377,0.225135,10000.000000,0.000000,10.000000
2013-04,10000.000000,3630000.000000,21706576.214935,14116284.812900,9564862.718280,45387723.746115,-0.003808,0.333333,0.333333,0.333333,0.478248,0.311015,0.210737,10000.000000,0.000000,10.000000
2013-05,10000.000000,3640000.000000,22979178.473142,14094032.693918,9202973.780450,46276184.947510,0.019350,0.333333,0.333333,0.333333,0.496566,0.304563,0.198871,10000.000000,0.000000,10.000000
2013-06,10000.000000,3650000.000000,24130452.950801,14504298.730144,9284570.410355,47919322.091299,0.035283,0.333333,0.333333,0.333333,0.503564,0.302682,0.193754,10000.000000,0.000000,10.000000
2013-07,10000.000000,3660000.000000,25507110.692084,14516593.300579,9103524.694978,49127228.687641,0.024993,0.333333,0.333333,0.333333,0.519205,0.295490,0.185305,10000.000000,0.000000,10.000000
2013-08,10000.000000,3670000.000000,26880116.743914,15083006.174007,10062875.267151,52025998.185073,0.058790,0.333333,0.333333,0.333333,0.516667,0.289913,0.193420,10000.000000,0.000000,10.000000
2013-09,10000.000000,3680000.000000,27566577.441217,15230245.323897,10177728.156426,52974550.921540,0.018037,0.333333,0.333333,0.333333,0.520374,0.287501,0.192125,10000.000000,0.000000,10.000000
2013-10,10000.000000,3690000.000000,27250420.542822,15022611.475212,9620648.540272,51893680.558306,-0.020588,0.333333,0.333333,0.333333,0.525120,0.289488,0.185392,10000.000000,0.000000,10.000000
2013-11,10000.000000,3700000.000000,28724773.522899,15149917.804860,9462408.408288,53337099.736047,0.027617,0.333333,0.333333,0.333333,0.538551,0.284041,0.177408,10000.000000,0.000000,10.000000
2013-12,10000.000000,3710000.000000,28835469.877541,14784899.955889,8962651.127835,52583020.961264,-0.014323,0.333333,0.333333,0.333333,0.548380,0.281173,0.170448,10000.000000,0.000000,10.000000
2014-01,10000.000000,3720000.000000,29256729.007375,14945649.859889,9170917.058667,53373295.925931,0.014836,0.333333,0.333333,0.333333,0.548153,0.280021,0.171826,10000.000000,0.000000,10.000000
2014-02,10000.000000,3730000.000000,29249533.772732,15192756.405975,9596267.965601,54038558.144308,0.012275,0.333333,0.333333,0.333333,0.541272,0.281147,0.177582,10000.000000,0.000000,10.000000
2014-03,10000.000000,3740000.000000,29461117.789119,14919460.704452,9672360.647370,54052939.140942,0.000081,0.333333,0.333333,0.333333,0.545042,0.276016,0.178942,10000.000000,0.000000,10.000000
2014-04,10000.000000,3750000.000000,29232652.708698,14821854.561917,9307756.966214,53362264.236828,-0.012960,0.333333,0.333333,0.333333,0.547815,0.277759,0.174426,10000.000000,0.000000,10.000000
2014-05,10000.000000,3760000.000000,29161447.817231,14787415.289935,9083788.402737,53032651.509902,-0.006363,0.333333,0.333333,0.333333,0.549877,0.278836,0.171287,10000.000000,0.000000,10.000000
2014-06,10000.000000,3770000.000000,30326645.484405,14883592.079448,9085428.637248,54295666.201102,0.023623,0.333333,0.333333,0.333333,0.558546,0.274121,0.167332,10000.000000,0.000000,10.000000
2014-07,10000.000000,3780000.000000,30968604.788674,15087148.655138,9372128.756613,55427882.200426,0.020665,0.333333,0.333333,0.333333,0.558719,0.272194,0.169087,10000.000000,0.000000,10.000000
2014-08,10000.000000,3790000.000000,31239052.135411,15479108.604302,9380962.856489,56099123.596201,0.011928,0.333333,0.333333,0.333333,0.556855,0.275924,0.167221,10000.000000,0.000000,10.000000
2014-09,10000.000000,3800000.000000,31810312.005449,15371126.943223,8967498.771449,56148937.720121,0.000710,0.333333,0.333333,0.333333,0.566535,0.273756,0.159709,10000.000000,0.000000,10.000000
2014-10,10000.000000,3810000.000000,31210293.679301,15839937.382736,8930329.001807,55980560.063845,-0.003176,0.333333,0.333333,0.333333,0.557520,0.282954,0.159526,10000.000000,0.000000,10.000000
2014-11,10000.000000,3820000.000000,33164463.101474,15913289.426919,8634291.713450,57712044.241843,0.030746,0.333333,0.333333,0.333333,0.574654,0.275736,0.149610,10000.000000,0.000000,10.000000
2014-12,10000.000000,3830000.000000,33932310.585804,16384413.284663,8975363.614314,59292087.484781,0.027200,0.333333,0.333333,0.333333,0.572291,0.276334,0.151375,10000.000000,0.000000,10.000000
2015-01,10000.000000,3840000.000000,33250090.795168,16749530.339928,9266424.283203,59266045.418299,-0.000608,0.333333,0.333333,0.333333,0.561031,0.282616,0.156353,10000.000000,0.000000,10.000000
2015-02,10000.000000,3850000.000000,34116850.513628,16591602.331775,9071504.985077,59779957.830480,0.008501,0.333333,0.333333,0.333333,0.570707,0.277545,0.151748,10000.000000,0.000000,10.000000
2015-03,10000.000000,3860000.000000,34408918.441790,16664016.931392,8788756.291167,59861691.664349,0.001200,0.333333,0.333333,0.333333,0.574807,0.278375,0.146818,10000.000000,0.000000,10.000000
2015-04,10000.000000,3870000.000000,34803923.458761,16888762.691735,8964258.518960,60656944.669456,0.013116,0.333333,0.333333,0.333333,0.573783,0.278431,0.147786,10000.000000,0.000000,10.000000
2015-05,10000.000000,3880000.000000,35750375.798628,16813320.849023,9121284.381058,61684981.028708,0.016781,0.333333,0.333333,0.333333,0.579564,0.272567,0.147869,10000.000000,0.000000,10.000000
2015-06,10000.000000,3890000.000000,35634814.764851,16627998.392713,9004546.779053,61267359.936617,-0.006931,0.333333,0.333333,0.333333,0.581628,0.271401,0.146971,10000.000000,0.000000,10.000000
2015-07,10000.000000,3900000.000000,35511276.910650,16676417.376457,8572576.149813,60760270.436919,-0.008439,0.333333,0.333333,0.333333,0.584449,0.274463,0.141089,10000.000000,0.000000,10.000000
2015-08,10000.000000,3910000.000000,35466801.387238,17331540.808324,8699346.348128,61497688.543691,0.011970,0.333333,0.333333,0.333333,0.576718,0.281824,0.141458,10000.000000,0.000000,10.000000
2015-09,10000.000000,3920000.000000,34427992.800142,17651560.180701,8901054.947387,60980607.928230,-0.008569,0.333333,0.333333,0.333333,0.564573,0.289462,0.145965,10000.000000,0.000000,10.000000
2015-10,10000.000000,3930000.000000,35298655.436305,17536781.343139,9015375.728375,61850812.507819,0.014104,0.333333,0.333333,0.333333,0.570706,0.283534,0.145760,10000.000000,0.000000,10.000000
2015-11,10000.000000,3940000.000000,36937251.759976,17561061.926040,8590209.956449,63088523.642465,0.019846,0.333333,0.333333,0.333333,0.585483,0.278356,0.136161,10000.000000,0.000000,10.000000
2015-12,10000.000000,3950000.000000,36755485.141951,17735846.590304,8566232.425030,63057564.157284,-0.000649,0.333333,0.333333,0.333333,0.582888,0.281264,0.135848,10000.000000,0.000000,10.000000
2016-01,10000.000000,3960000.000000,34828827.947595,18234513.652523,8854038.459641,61917380.059759,-0.018237,0.333333,0.333333,0.333333,0.562505,0.294498,0.142998,10000.000000,0.000000,10.000000
2016-02,10000.000000,3970000.000000,35106870.598122,19034292.149109,9810480.809476,63951643.556707,0.032688,0.333333,0.333333,0.333333,0.548960,0.297636,0.153405,10000.000000,0.000000,10.000000
2016-03,10000.000000,3980000.000000,36606141.476039,18504234.584833,9980609.639647,65090985.700519,0.017657,0.333333,0.333333,0.333333,0.562384,0.284283,0.153333,10000.000000,0.000000,10.000000
2016-04,10000.000000,3990000.000000,37382026.732987,18539659.043862,9890050.856645,65811736.633494,0.010918,0.333333,0.333333,0.333333,0.568015,0.281707,0.150278,10000.000000,0.000000,10.000000
2016-05,10000.000000,4000000.000000,37533952.571586,18701695.299089,10115444.113351,66351091.984026,0.008042,0.333333,0.333333,0.333333,0.565687,0.281860,0.152453,10000.000000,0.000000,10.000000
2016-06,10000.000000,4010000.000000,38150866.883576,19130108.187230,10296698.406424,67577673.477230,0.018333,0.333333,0.333333,0.333333,0.564548,0.283083,0.152368,10000.000000,0.000000,10.000000
2016-07,10000.000000,4020000.000000,39349319.393146,19374543.933945,10775181.939694,69499045.266785,0.028280,0.333333,0.333333,0.333333,0.566185,0.278774,0.155041,10000.000000,0.000000,10.000000
2016-08,10000.000000,4030000.000000,39673668.251029,19222535.236710,10761761.325196,69657964.812935,0.002142,0.333333,0.333333,0.333333,0.569550,0.275956,0.154494,10000.000000,0.000000,10.000000
2016-09,10000.000000,4040000.000000,39390936.651942,19073851.888163,10630428.149887,69095216.689992,-0.008221,0.333333,0.333333,0.333333,0.570096,0.276052,0.153852,10000.000000,0.000000,10.000000
2016-10,10000.000000,4050000.000000,39211210.956803,18886167.402211,10157172.475773,68254550.834787,-0.012310,0.333333,0.333333,0.333333,0.574485,0.276702,0.148813,10000.000000,0.000000,10.000000
2016-11,10000.000000,4060000.000000,40219533.445232,18524843.010380,10061522.922924,68805899.378536,0.007930,0.333333,0.333333,0.333333,0.584536,0.269233,0.146231,10000.000000,0.000000,10.000000
2016-12,10000.000000,4070000.000000,41912464.843316,18038565.365580,9429373.550209,69380403.759105,0.008203,0.333333,0.333333,0.333333,0.604097,0.259995,0.135908,10000.000000,0.000000,10.000000
2017-01,10000.000000,4080000.000000,42670263.819786,18239136.782511,9752763.825504,70662164.427800,0.018328,0.333333,0.333333,0.333333,0.603863,0.258117,0.138020,10000.000000,0.000000,10.000000
2017-02,10000.000000,4090000.000000,43081662.877475,18006432.990175,9940325.012996,71028420.880646,0.005041,0.333333,0.333333,0.333333,0.606541,0.253510,0.139949,10000.000000,0.000000,10.000000
2017-03,10000.000000,4100000.000000,43071690.671023,17637533.848071,9745939.260577,70455163.779671,-0.008210,0.333333,0.333333,0.333333,0.611335,0.250337,0.138328,10000.000000,0.000000,10.000000
2017-04,10000.000000,4110000.000000,42181918.561950,17612252.783087,9841491.516584,69635662.861622,-0.011772,0.333333,0.333333,0.333333,0.605752,0.252920,0.141328,10000.000000,0.000000,10.000000
2017-05,10000.000000,4120000.000000,42821736.405512,17617486.246288,9664172.304577,70103394.956377,0.006572,0.333333,0.333333,0.333333,0.610837,0.251307,0.137856,10000.000000,0.000000,10.000000
2017-06,10000.000000,4130000.000000,43605238.220831,17834465.068159,9780483.354245,71220186.643235,0.015786,0.333333,0.333333,0.333333,0.612260,0.250413,0.137327,10000.000000,0.000000,10.000000
2017-07,10000.000000,4140000.000000,44022831.104481,17659345.516821,9601615.137124,71283791.758426,0.000753,0.333333,0.333333,0.333333,0.617571,0.247733,0.134696,10000.000000,0.000000,10.000000
2017-08,10000.000000,4150000.000000,43823068.676265,17742598.570277,9891657.196087,71457324.442630,0.002294,0.333333,0.333333,0.333333,0.613276,0.248296,0.138427,10000.000000,0.000000,10.000000
2017-09,10000.000000,4160000.000000,44905595.894661,17935991.341429,10214742.255844,73056329.491933,0.022234,0.333333,0.333333,0.333333,0.614671,0.245509,0.139820,10000.000000,0.000000,10.000000
2017-10,10000.000000,4170000.000000,46536513.619264,17873152.311972,10039851.358123,74449517.289359,0.018931,0.333333,0.333333,0.333333,0.625075,0.240071,0.134854,10000.000000,0.000000,10.000000
2017-11,10000.000000,4180000.000000,47139897.949750,17874391.159638,10029148.797378,75043437.906767,0.007842,0.333333,0.333333,0.333333,0.628168,0.238187,0.133645,10000.000000,0.000000,10.000000
2017-12,10000.000000,4190000.000000,48054544.555685,17669518.159268,9800244.012664,75524306.727618,0.006274,0.333333,0.333333,0.333333,0.636279,0.233958,0.129763,10000.000000,0.000000,10.000000
2018-01,10000.000000,4200000.000000,49924296.044265,17268813.005741,10226928.186159,77420037.236165,0.024965,0.333333,0.333333,0.333333,0.644850,0.223054,0.132097,10000.000000,0.000000,10.000000
2018-02,10000.000000,4210000.000000,49084247.520082,17102582.087913,10356408.104534,76543237.712530,-0.011453,0.333333,0.333333,0.333333,0.641262,0.223437,0.135301,10000.000000,0.000000,10.000000
2018-03,10000.000000,4220000.000000,49588510.683995,17340153.008957,10411560.022485,77340223.715436,0.010280,0.333333,0.333333,0.333333,0.641174,0.224206,0.134620,10000.000000,0.000000,10.000000
2018-04,10000.000000,4230000.000000,49237024.869144,17507155.426714,10594710.535644,77338890.831502,-0.000147,0.333333,0.333333,0.333333,0.636640,0.226369,0.136991,10000.000000,0.000000,10.000000
2018-05,10000.000000,4240000.000000,51610705.066525,17874446.335661,10633364.926622,80118516.328808,0.035807,0.333333,0.333333,0.333333,0.644179,0.223100,0.132720,10000.000000,0.000000,10.000000
2018-06,10000.000000,4250000.000000,52923215.169254,18104080.601887,10508674.073689,81535969.844829,0.017565,0.333333,0.333333,0.333333,0.649078,0.222038,0.128884,10000.000000,0.000000,10.000000
2018-07,10000.000000,4260000.000000,54474332.687248,18422863.288149,10285496.038104,83182692.013502,0.020071,0.333333,0.333333,0.333333,0.654876,0.221475,0.123649,10000.000000,0.000000,10.000000
2018-08,10000.000000,4270000.000000,56580680.172773,18724691.201248,10127076.335814,85432447.709836,0.026923,0.333333,0.333333,0.333333,0.662286,0.219175,0.118539,10000.000000,0.000000,10.000000
2018-09,10000.000000,4280000.000000,59720946.705174,19304307.374767,10480399.407519,89505653.487461,0.047555,0.333333,0.333333,0.333333,0.667231,0.215677,0.117092,10000.000000,0.000000,10.000000
2018-10,10000.000000,4290000.000000,58444850.426628,19450111.739909,10821235.807836,88716197.974373,-0.008931,0.333333,0.333333,0.333333,0.658784,0.219240,0.121976,10000.000000,0.000000,10.000000
2018-11,10000.000000,4300000.000000,55816405.966222,19069393.594969,10608456.180346,85494255.741538,-0.036426,0.333333,0.333333,0.333333,0.652867,0.223049,0.124084,10000.000000,0.000000,10.000000
2018-12,10000.000000,4310000.000000,52049811.476599,19350458.853824,10726793.209647,82127063.540070,-0.039497,0.333333,0.333333,0.333333,0.633772,0.235616,0.130612,10000.000000,0.000000,10.000000
2019-01,10000.000000,4320000.000000,52864558.931564,19566145.225501,11071383.135202,83502087.292267,0.016619,0.333333,0.333333,0.333333,0.633093,0.234319,0.132588,10000.000000,0.000000,10.000000
2019-02,10000.000000,4330000.000000,56316565.984313,19793509.927576,11388955.865441,87499031.777330,0.047741,0.333333,0.333333,0.333333,0.643625,0.226214,0.130161,10000.000000,0.000000,10.000000
2019-03,10000.000000,4340000.000000,56058186.729906,19556570.896782,10962579.113831,86577336.740519,-0.010647,0.333333,0.333333,0.333333,0.647493,0.225886,0.126622,10000.000000,0.000000,10.000000
2019-04,10000.000000,4350000.000000,58079603.621308,19646624.317307,10826578.532563,88552806.471179,0.022699,0.333333,0.333333,0.333333,0.655875,0.221863,0.122261,10000.000000,0.000000,10.000000
2019-05,10000.000000,4360000.000000,57502975.240392,20023486.936673,10871630.274619,88398092.451684,-0.001860,0.333333,0.333333,0.333333,0.650500,0.226515,0.122985,10000.000000,0.000000,10.000000
2019-06,10000.000000,4370000.000000,57984289.276313,20539777.511187,11445079.018037,89969145.805537,0.017657,0.333333,0.333333,0.333333,0.644491,0.228298,0.127211,10000.000000,0.000000,10.000000
2019-07,10000.000000,4380000.000000,59643959.936320,20404269.194798,11791997.930230,91840227.061348,0.020683,0.333333,0.333333,0.333333,0.649432,0.222171,0.128397,10000.000000,0.000000,10.000000
2019-08,10000.000000,4390000.000000,59837007.497200,22000304.533617,12967876.131549,94805188.162366,0.032172,0.333333,0.333333,0.333333,0.631158,0.232058,0.136784,10000.000000,0.000000,10.000000
2019-09,10000.000000,4400000.000000,61792173.040034,21930997.584671,13088704.283150,96811874.907854,0.021059,0.333333,0.333333,0.333333,0.638271,0.226532,0.135197,10000.000000,0.000000,10.000000
2019-10,10000.000000,4410000.000000,61539483.088379,21852411.612070,12898474.566669,96290369.267118,-0.005490,0.333333,0.333333,0.333333,0.639103,0.226943,0.133954,10000.000000,0.000000,10.000000
2019-11,10000.000000,4420000.000000,64710955.732025,21837628.417777,12781501.213641,99330085.363444,0.031461,0.333333,0.333333,0.333333,0.651474,0.219849,0.128677,10000.000000,0.000000,10.000000
2019-12,10000.000000,4430000.000000,65999247.403843,21672630.840415,12793682.154491,100465560.398749,0.011330,0.333333,0.333333,0.333333,0.656934,0.215722,0.127344,10000.000000,0.000000,10.000000
2020-01,10000.000000,4440000.000000,68328520.062436,21943660.797593,13529731.577339,103801912.437368,0.033106,0.333333,0.333333,0.333333,0.658259,0.211399,0.130342,10000.000000,0.000000,10.000000
2020-02,10000.000000,4450000.000000,68655700.134919,22582236.727246,13893821.926817,105131758.788982,0.012714,0.333333,0.333333,0.333333,0.653044,0.214799,0.132156,10000.000000,0.000000,10.000000
2020-03,10000.000000,4460000.000000,58019720.246421,24974155.690440,14438297.578120,97432173.514980,-0.073326,0.333333,0.333333,0.333333,0.595488,0.256323,0.148188,10000.000000,0.000000,10.000000
2020-04,10000.000000,4470000.000000,61844185.598478,26052393.339609,15598893.084663,103495472.022751,0.062122,0.333333,0.333333,0.333333,0.597555,0.251725,0.150721,10000.000000,0.000000,10.000000
2020-05,10000.000000,4480000.000000,65049606.710808,25870466.654082,15801488.414016,106721561.778906,0.031072,0.333333,0.333333,0.333333,0.609526,0.242411,0.148063,10000.000000,0.000000,10.000000
2020-06,10000.000000,4490000.000000,69332728.742948,25757074.652702,15962769.056895,111052572.452545,0.040485,0.333333,0.333333,0.333333,0.624323,0.231936,0.143741,10000.000000,0.000000,10.000000
2020-07,10000.000000,4500000.000000,71008143.354968,25780147.411072,16850990.964054,113639281.730095,0.023201,0.333333,0.333333,0.333333,0.624856,0.226859,0.148285,10000.000000,0.000000,10.000000
2020-08,10000.000000,4510000.000000,74832337.052282,25598048.855215,17880580.339481,118310966.246978,0.041018,0.333333,0.333333,0.333333,0.632506,0.216362,0.151132,10000.000000,0.000000,10.000000
2020-09,10000.000000,4520000.000000,73326828.150375,25184652.025389,17212980.922247,115724461.098011,-0.021945,0.333333,0.333333,0.333333,0.633633,0.217626,0.148741,10000.000000,0.000000,10.000000
2020-10,10000.000000,4530000.000000,74637939.800573,24952561.178750,17028854.323741,116619355.303064,0.007646,0.333333,0.333333,0.333333,0.640013,0.213966,0.146021,10000.000000,0.000000,10.000000
2020-11,10000.000000,4540000.000000,78295450.865853,25007500.159512,16878905.207350,120181856.232715,0.030460,0.333333,0.333333,0.333333,0.651475,0.208080,0.140445,10000.000000,0.000000,10.000000
2020-12,10000.000000,4550000.000000,80961772.356929,24682072.036492,16671360.099075,122315204.492496,0.017666,0.333333,0.333333,0.333333,0.661911,0.201791,0.136298,10000.000000,0.000000,10.000000
2021-01,10000.000000,4560000.000000,82652994.684783,24188835.727651,16639639.532077,123481469.944511,0.009452,0.333333,0.333333,0.333333,0.669355,0.195890,0.134754,10000.000000,0.000000,10.000000
2021-02,10000.000000,4570000.000000,84361965.924774,23709770.693444,16049726.140771,124121462.758988,0.005102,0.333333,0.333333,0.333333,0.679673,0.191021,0.129307,10000.000000,0.000000,10.000000
2021-03,10000.000000,4580000.000000,85074939.555730,22984623.288625,15256952.993201,123316515.837555,-0.006565,0.333333,0.333333,0.333333,0.689891,0.186387,0.123722,10000.000000,0.000000,10.000000
2021-04,10000.000000,4590000.000000,92305783.795904,23491515.332001,15998105.375935,131795404.503840,0.068670,0.333333,0.333333,0.333333,0.700372,0.178242,0.121386,10000.000000,0.000000,10.000000
2021-05,10000.000000,4600000.000000,91373166.827137,23154833.922727,16523537.038260,131051537.788124,-0.005720,0.333333,0.333333,0.333333,0.697231,0.176685,0.126084,10000.000000,0.000000,10.000000
2021-06,10000.000000,4610000.000000,93503150.399016,23520684.569566,16476100.882446,133499935.851028,0.018605,0.333333,0.333333,0.333333,0.700398,0.176185,0.123417,10000.000000,0.000000,10.000000
2021-07,10000.000000,4620000.000000,97633934.897141,24303044.987140,16448981.955605,138385961.839887,0.036522,0.333333,0.333333,0.333333,0.705519,0.175618,0.118863,10000.000000,0.000000,10.000000
2021-08,10000.000000,4630000.000000,99203936.951905,24284626.246176,16150734.133924,139639297.332005,0.008984,0.333333,0.333333,0.333333,0.710430,0.173910,0.115660,10000.000000,0.000000,10.000000
2021-09,10000.000000,4640000.000000,98481740.624112,23955728.208352,15959577.006043,138397045.838506,-0.008967,0.333333,0.333333,0.333333,0.711588,0.173094,0.115317,10000.000000,0.000000,10.000000
2021-10,10000.000000,4650000.000000,100655863.851804,23936594.598196,16259622.633865,140852081.083864,0.017666,0.333333,0.333333,0.333333,0.714621,0.169941,0.115438,10000.000000,0.000000,10.000000
2021-11,10000.000000,4660000.000000,104811775.205748,23873277.956168,16576193.471130,145261246.633046,0.031230,0.333333,0.333333,0.333333,0.721540,0.164347,0.114113,10000.000000,0.000000,10.000000
2021-12,10000.000000,4670000.000000,106388377.042973,24402325.553395,16489063.128897,147279765.725266,0.013826,0.333333,0.333333,0.333333,0.722356,0.165687,0.111957,10000.000000,0.000000,10.000000
2022-01,10000.000000,4680000.000000,102843977.122761,23482518.614275,16512843.603795,142839339.340831,-0.030215,0.333333,0.333333,0.333333,0.719998,0.164398,0.115604,10000.000000,0.000000,10.000000
2022-02,10000.000000,4690000.000000,100616346.753463,23336454.461143,17007462.642478,140960263.857084,-0.013224,0.333333,0.333333,0.333333,0.713792,0.165553,0.120654,10000.000000,0.000000,10.000000
2022-03,10000.000000,4700000.000000,101344488.775626,23335720.114680,18144569.343717,142824778.234023,0.013155,0.333333,0.333333,0.333333,0.709572,0.163387,0.127041,10000.000000,0.000000,10.000000
2022-04,10000.000000,4710000.000000,101444139.017324,22126849.936447,18041231.308653,141612220.262424,-0.008559,0.333333,0.333333,0.333333,0.716352,0.156250,0.127399,10000.000000,0.000000,10.000000
2022-05,10000.000000,4720000.000000,94836706.044852,22218950.955929,17478361.960725,134534018.961505,-0.050050,0.333333,0.333333,0.333333,0.704927,0.165155,0.129918,10000.000000,0.000000,10.000000
2022-06,10000.000000,4730000.000000,92589131.247498,22049488.390037,17547260.836225,132185880.473761,-0.017527,0.333333,0.333333,0.333333,0.700446,0.166807,0.132747,10000.000000,0.000000,10.000000
2022-07,10000.000000,4740000.000000,94811345.081861,22997678.202590,16875337.467969,134684360.752420,0.018824,0.333333,0.333333,0.333333,0.703952,0.170752,0.125295,10000.000000,0.000000,10.000000
2022-08,10000.000000,4750000.000000,100819960.542793,23031972.177639,17171977.277974,141023909.998406,0.046992,0.333333,0.333333,0.333333,0.714914,0.163320,0.121766,10000.000000,0.000000,10.000000
2022-09,10000.000000,4760000.000000,94364664.942755,22110041.832212,16511652.518726,132986359.293693,-0.057061,0.333333,0.333333,0.333333,0.709582,0.166258,0.124160,10000.000000,0.000000,10.000000
2022-10,10000.000000,4770000.000000,93772914.177611,21893587.356793,16763054.377480,132429555.911884,-0.004262,0.333333,0.333333,0.333333,0.708097,0.165323,0.126581,10000.000000,0.000000,10.000000
2022-11,10000.000000,4780000.000000,97999332.446688,21966100.381749,17251968.493164,137217401.321601,0.036076,0.333333,0.333333,0.333333,0.714190,0.160082,0.125727,10000.000000,0.000000,10.000000
2022-12,10000.000000,4790000.000000,98965207.430639,22750024.271775,18160204.421941,139875436.124355,0.019297,0.333333,0.333333,0.333333,0.707524,0.162645,0.129831,10000.000000,0.000000,10.000000
2023-01,10000.000000,4800000.000000,99439328.983130,22787793.182811,19003380.784059,141230502.950000,0.009615,0.333333,0.333333,0.333333,0.704092,0.161352,0.134556,10000.000000,0.000000,10.000000
2023-02,10000.000000,4810000.000000,103649369.966521,22681850.119224,18771206.675888,145102426.761634,0.027343,0.333333,0.333333,0.333333,0.714319,0.156316,0.129365,10000.000000,0.000000,10.000000
2023-03,10000.000000,4820000.000000,100565759.240225,22832169.617919,19283503.130081,142681431.988225,-0.016752,0.333333,0.333333,0.333333,0.704827,0.160022,0.135151,10000.000000,0.000000,10.000000
2023-04,10000.000000,4830000.000000,104209191.621671,23201426.102048,20090926.218912,147501543.942630,0.033710,0.333333,0.333333,0.333333,0.706496,0.157296,0.136208,10000.000000,0.000000,10.000000
2023-05,10000.000000,4840000.000000,105402912.471157,23152678.031945,20094260.400397,148649850.903499,0.007717,0.333333,0.333333,0.333333,0.709068,0.155753,0.135178,10000.000000,0.000000,10.000000
2023-06,10000.000000,4850000.000000,110518165.127346,22862200.566186,19585954.507162,152966320.200694,0.028969,0.333333,0.333333,0.333333,0.722500,0.149459,0.128041,10000.000000,0.000000,10.000000
2023-07,10000.000000,4860000.000000,114709429.053021,22638212.885163,19653507.881117,157001149.819301,0.026310,0.333333,0.333333,0.333333,0.730628,0.144191,0.125181,10000.000000,0.000000,10.000000
2023-08,10000.000000,4870000.000000,114479809.035714,22400110.965632,19488741.743614,156368661.744960,-0.004092,0.333333,0.333333,0.333333,0.732115,0.143252,0.124633,10000.000000,0.000000,10.000000
2023-09,10000.000000,4880000.000000,116495762.300277,22174947.464118,19522186.940421,158192896.704816,0.011602,0.333333,0.333333,0.333333,0.736416,0.140177,0.123407,10000.000000,0.000000,10.000000
2023-10,10000.000000,4890000.000000,110490793.416057,21568945.363268,19559883.172036,151619621.951361,-0.041613,0.333333,0.333333,0.333333,0.728737,0.142257,0.129006,10000.000000,0.000000,10.000000
2023-11,10000.000000,4900000.000000,115643252.608521,22184971.367258,20269648.589924,158097872.565702,0.042658,0.333333,0.333333,0.333333,0.731466,0.140324,0.128209,10000.000000,0.000000,10.000000
2023-12,10000.000000,4910000.000000,121615285.897864,23132169.090473,20699163.091934,165446618.080272,0.046416,0.333333,0.333333,0.333333,0.735073,0.139817,0.125111,10000.000000,0.000000,10.000000
2024-01,10000.000000,4920000.000000,124666247.811088,23098582.781118,20748767.320997,168513597.913203,0.018476,0.333333,0.333333,0.333333,0.739799,0.137073,0.123128,10000.000000,0.000000,10.000000
2024-02,10000.000000,4930000.000000,129961385.742622,22856476.536086,20599292.376428,173417154.655137,0.029038,0.333333,0.333333,0.333333,0.749415,0.131801,0.118785,10000.000000,0.000000,10.000000
2024-03,10000.000000,4940000.000000,134366852.899106,22960169.511585,21996805.771391,179323828.182082,0.034001,0.333333,0.333333,0.333333,0.749297,0.128037,0.122665,10000.000000,0.000000,10.000000
2024-04,10000.000000,4950000.000000,133639442.802571,22545837.723815,23871272.484618,180056553.011004,0.004030,0.333333,0.333333,0.333333,0.742208,0.125215,0.132577,10000.000000,0.000000,10.000000
2024-05,10000.000000,4960000.000000,137011737.196298,22739266.747560,24076705.884052,183827709.827911,0.020888,0.333333,0.333333,0.333333,0.745327,0.123699,0.130974,10000.000000,0.000000,10.000000
2024-06,10000.000000,4970000.000000,142027879.732499,23157006.747440,23844746.800330,189029633.280269,0.028242,0.333333,0.333333,0.333333,0.751352,0.122505,0.126143,10000.000000,0.000000,10.000000
2024-07,10000.000000,4980000.000000,145666468.693029,23391260.635399,24624431.616536,193682160.944963,0.024558,0.333333,0.333333,0.333333,0.752090,0.120771,0.127138,10000.000000,0.000000,10.000000
2024-08,10000.000000,4990000.000000,144799988.509098,24289544.484924,25457041.065729,194546574.059751,0.004411,0.333333,0.333333,0.333333,0.744295,0.124852,0.130853,10000.000000,0.000000,10.000000
2024-09,10000.000000,5000000.000000,148607701.470223,24643325.849951,26471610.480265,199722637.800440,0.026553,0.333333,0.333333,0.333333,0.744070,0.123388,0.132542,10000.000000,0.000000,10.000000
2024-10,10000.000000,5010000.000000,153720815.427940,24027395.140932,27771094.250429,205519304.819300,0.028972,0.333333,0.333333,0.333333,0.747963,0.116911,0.135126,10000.000000,0.000000,10.000000
2024-11,10000.000000,5020000.000000,158193029.659946,23706219.247213,27478492.220594,209377741.127753,0.018725,0.333333,0.333333,0.333333,0.755539,0.113222,0.131239,10000.000000,0.000000,10.000000
2024-12,10000.000000,5030000.000000,161776346.871474,23918032.853440,27657745.841505,213352125.566419,0.018933,0.333333,0.333333,0.333333,0.758260,0.112106,0.129634,10000.000000,0.000000,10.000000
2025-01,10000.000000,5040000.000000,163607085.652652,23915924.151126,28740715.749407,216263725.553186,0.013599,0.333333,0.333333,0.333333,0.756517,0.110587,0.132897,10000.000000,0.000000,10.000000
2025-02,10000.000000,5050000.000000,166976410.953887,24579159.719671,30990507.474859,222546078.148417,0.029002,0.333333,0.333333,0.333333,0.750300,0.110445,0.139254,10000.000000,0.000000,10.000000
2025-03,10000.000000,5060000.000000,156411091.643704,24852713.516245,31737044.720106,213000849.880055,-0.042934,0.333333,0.333333,0.333333,0.734321,0.116679,0.149000,10000.000000,0.000000,10.000000
2025-04,10000.000000,5070000.000000,146351086.269752,24672364.476301,33867049.717508,204890500.463561,-0.038122,0.333333,0.333333,0.333333,0.714289,0.120417,0.165293,10000.000000,0.000000,10.000000
2025-05,10000.000000,5080000.000000,157966256.430545,24394147.153847,34693634.549377,217054038.133769,0.059314,0.333333,0.333333,0.333333,0.727774,0.112387,0.159839,10000.000000,0.000000,10.000000
2025-06,10000.000000,5090000.000000,165345629.346526,24746795.641433,35418290.537538,225510715.525496,0.038913,0.333333,0.333333,0.333333,0.733205,0.109737,0.157058,10000.000000,0.000000,10.000000
2025-07,10000.000000,5100000.000000,173469632.768659,24905973.245011,35405454.454929,233781060.468599,0.036628,0.333333,0.333333,0.333333,0.742017,0.106535,0.151447,10000.000000,0.000000,10.000000
2025-08,10000.000000,5110000.000000,179668127.331489,25669969.195411,36284937.386304,241623033.913204,0.033500,0.333333,0.333333,0.333333,0.743589,0.106240,0.150172,10000.000000,0.000000,10.000000
2025-09,10000.000000,5120000.000000,186403088.577511,26278342.108044,39859933.769309,252541364.454864,0.045144,0.333333,0.333333,0.333333,0.738109,0.104056,0.157835,10000.000000,0.000000,10.000000
2025-10,10000.000000,5130000.000000,191049237.232546,26513898.487285,44129132.428866,261692268.148697,0.036194,0.333333,0.333333,0.333333,0.730053,0.101317,0.168630,10000.000000,0.000000,10.000000
2025-11,10000.000000,5140000.000000,192481542.822970,26685389.826524,44683284.007916,263850216.657410,0.008208,0.333333,0.333333,0.333333,0.729511,0.101138,0.169351,10000.000000,0.000000,10.000000
2025-12,10000.000000,5150000.000000,198566432.142719,27029482.685227,47745300.537891,273341215.365837,0.035932,0.333333,0.333333,0.333333,0.726442,0.098885,0.174673,10000.000000,0.000000,10.000000
2026-01,10000.000000,5160000.000000,202973165.713376,27233854.020073,53176128.415621,283383148.149070,0.036700,0.333333,0.333333,0.333333,0.716250,0.096103,0.187647,10000.000000,0.000000,10.000000
2026-02,10000.000000,5170000.000000,201861032.543430,27461161.589206,56069996.974324,285392191.106960,0.007054,0.333333,0.333333,0.333333,0.707311,0.096223,0.196466,10000.000000,0.000000,10.000000
2026-03,10000.000000,5180000.000000,199576591.671233,27917915.178238,55480185.236466,282974692.085937,-0.008506,0.333333,0.333333,0.333333,0.705281,0.098659,0.196061,10000.000000,0.000000,10.000000
2026-04,10000.000000,5190000.000000,210408932.703239,28062655.799842,54325931.821689,292797520.324769,0.034676,0.333333,0.333333,0.333333,0.718616,0.095843,0.185541,10000.000000,0.000000,10.000000
2026-05,10000.000000,5200000.000000,229396862.714530,28421405.464490,53946492.994497,311764761.173517,0.064743,0.333333,0.333333,0.333333,0.735801,0.091163,0.173036,10000.000000,0.000000,10.000000
2026-06,10000.000000,5210000.000000,229476482.604736,28382016.926310,49428939.353798,307287438.884844,-0.014393,0.333333,0.333333,0.333333,0.746781,0.092363,0.160856,10000.000000,0.000000,10.000000
2026-07,10000.000000,5220000.000000,232926999.078080,28466348.349531,48070039.785304,309463387.212915,0.007048,0.333333,0.333333,0.333333,0.752680,0.091986,0.155334,10000.000000,0.000000,10.000000
