Month,Instalment,Total invested,Equity value,Bonds value,Gold value,Portfolio value,Monthly return (TWR),Equity target weight,Bonds target weight,Gold target weight,Equity actual weight,Bonds actual weight,Gold actual weight,Bought,Sold,Costs
1983-02,10000.000000,10000.000000,2186.062568,5740.827975,2241.407814,10168.298357,0.016830,0.211570,0.571396,0.217034,0.214988,0.564581,0.220431,10000.000000,0.000000,10.000000
1983-03,10000.000000,20000.000000,4450.649380,11823.602471,3760.058977,20034.310828,-0.006643,0.211570,0.571396,0.217034,0.222151,0.590168,0.187681,10000.000000,0.000000,10.000000
1983-04,10000.000000,30000.000000,6630.284260,17451.156961,6729.599097,30811.040317,0.025861,0.211570,0.571396,0.217034,0.215192,0.566393,0.218415,10000.000000,0.000000,10.000000
1983-05,10000.000000,40000.000000,9020.564419,23560.799631,8963.855047,41545.219098,0.017990,0.211570,0.571396,0.217034,0.217126,0.567112,0.215761,10000.000000,0.000000,10.000000
1983-06,10000.000000,50000.000000,11160.669116,29045.779244,10609.430597,50815.878957,-0.014150,0.211570,0.571396,0.217034,0.219630,0.571589,0.208782,10000.000000,0.000000,10.000000
1983-07,10000.000000,60000.000000,13005.283188,34110.023167,12926.636496,60041.942851,-0.012726,0.211570,0.571396,0.217034,0.216603,0.568103,0.215293,10000.000000,0.000000,10.000000
1983-08,10000.000000,70000.000000,14603.170175,39704.442964,15845.022493,70152.635632,0.001580,0.211570,0.571396,0.217034,0.208163,0.565972,0.225865,10000.000000,0.000000,10.000000
1983-09,10000.000000,80000.000000,17540.158764,46835.921501,17248.613759,81624.694023,0.018366,0.211570,0.571396,0.217034,0.214888,0.573796,0.211316,10000.000000,0.000000,10.000000
1983-10,10000.000000,90000.000000,19562.979670,53340.062679,19067.969527,91971.011876,0.003780,0.211570,0.571396,0.217034,0.212708,0.579966,0.207326,10000.000000,0.000000,10.000000
1983-11,10000.000000,100000.000000,21637.099091,59166.838693,21768.429340,102572.367124,0.005897,0.211570,0.571396,0.217034,0.210945,0.576830,0.212225,10000.000000,0.000000,10.000000
1983-12,10000.000000,110000.000000,24038.873229,65116.261221,25079.250448,114234.384898,0.014764,0.211570,0.571396,0.217034,0.210435,0.570023,0.219542,10000.000000,0.000000,10.000000
1984-01,10000.000000,120000.000000,27270.712475,73894.715632,26334.381657,127499.809764,0.026284,0.211570,0.571396,0.217034,0.213888,0.579567,0.206544,10000.000000,0.000000,10.000000
1984-02,10000.000000,130000.000000,35456.851891,74082.588691,27469.991584,137009.432167,-0.003566,0.297444,0.529956,0.172601,0.258791,0.540712,0.200497,10000.000000,0.000000,10.000000
1984-03,10000.000000,140000.000000,42362.677908,75706.248388,27961.208492,146030.134788,-0.006661,0.297444,0.529956,0.172601,0.290095,0.518429,0.191476,10000.000000,0.000000,10.000000
1984-04,10000.000000,150000.000000,46718.140921,82260.079316,27303.115565,156281.335802,0.001610,0.297444,0.529956,0.172601,0.298936,0.526359,0.174705,10000.000000,0.000000,10.000000
1984-05,10000.000000,160000.000000,50228.701299,86885.509234,28913.757706,166027.968239,-0.001524,0.297444,0.529956,0.172601,0.302532,0.523319,0.174150,10000.000000,0.000000,10.000000
1984-06,10000.000000,170000.000000,51606.965219,93972.387123,30591.366441,176170.718784,0.000811,0.297444,0.529956,0.172601,0.292937,0.533417,0.173646,10000.000000,0.000000,10.000000
1984-07,10000.000000,180000.000000,56394.786685,103642.607286,30403.786902,190441.180874,0.022938,0.297444,0.529956,0.172601,0.296127,0.544224,0.159649,10000.000000,0.000000,10.000000
1984-08,10000.000000,190000.000000,66163.126728,112979.101424,35156.465764,214298.693916,0.069135,0.297444,0.529956,0.172601,0.308743,0.527204,0.164054,10000.000000,0.000000,10.000000
1984-09,10000.000000,200000.000000,69421.603714,124629.428101,38811.857506,232862.889322,0.038182,0.297444,0.529956,0.172601,0.298122,0.535205,0.166673,10000.000000,0.000000,10.000000
1984-10,10000.000000,210000.000000,72958.716179,134556.526725,42636.868675,250152.111579,0.030014,0.297444,0.529956,0.172601,0.291657,0.537899,0.170444,10000.000000,0.000000,10.000000
1984-11,10000.000000,220000.000000,78708.862881,144604.389644,45225.593783,268538.846308,0.032238,0.297444,0.529956,0.172601,0.293100,0.538486,0.168414,10000.000000,0.000000,10.000000
1984-12,10000.000000,230000.000000,83718.578177,152285.539065,45779.119061,281783.236303,0.011648,0.297444,0.529956,0.172601,0.297103,0.540435,0.162462,10000.000000,0.000000,10.000000
1985-01,10000.000000,240000.000000,93223.843871,161279.621530,48923.889383,303427.354784,0.039907,0.297444,0.529956,0.172601,0.307236,0.531526,0.161238,10000.000000,0.000000,10.000000
1985-02,10000.000000,250000.000000,128943.519823,150746.370519,48092.443340,327782.333683,0.045800,0.379618,0.468596,0.151785,0.393382,0.459898,0.146721,25758.943009,15758.943009,41.517886
1985-03,10000.000000,260000.000000,127724.132449,155389.820304,53367.955301,336481.908053,-0.003850,0.379618,0.468596,0.151785,0.379587,0.461807,0.158606,10000.000000,0.000000,10.000000
1985-04,10000.000000,270000.000000,127845.831498,161516.020495,53584.241250,342946.093243,-0.010205,0.379618,0.468596,0.151785,0.372787,0.470966,0.156247,10000.000000,0.000000,10.000000
1985-05,10000.000000,280000.000000,138748.517740,174087.786169,52197.811667,365034.115576,0.034249,0.379618,0.468596,0.151785,0.380097,0.476908,0.142994,10000.000000,0.000000,10.000000
1985-06,10000.000000,290000.000000,145240.326444,183904.808764,56829.208786,385974.343994,0.029171,0.379618,0.468596,0.151785,0.376295,0.476469,0.147236,10000.000000,0.000000,10.000000
1985-07,10000.000000,300000.000000,148639.132579,179317.734098,58125.164313,386082.030989,-0.024982,0.379618,0.468596,0.151785,0.384994,0.464455,0.150551,10000.000000,0.000000,10.000000
1985-08,10000.000000,310000.000000,145941.672052,184887.819625,61887.862461,392717.354137,-0.008495,0.379618,0.468596,0.151785,0.371620,0.470791,0.157589,10000.000000,0.000000,10.000000
1985-09,10000.000000,320000.000000,152374.573344,193228.795046,61733.361273,407336.729663,0.011471,0.379618,0.468596,0.151785,0.374075,0.474371,0.151554,10000.000000,0.000000,10.000000
1985-10,10000.000000,330000.000000,159570.270823,197294.827740,63445.751049,420310.849612,0.007126,0.379618,0.468596,0.151785,0.379648,0.469402,0.150950,10000.000000,0.000000,10.000000
1985-11,10000.000000,340000.000000,174818.953781,210342.943952,64875.986439,450037.884173,0.045844,0.379618,0.468596,0.151785,0.388454,0.467389,0.144157,10000.000000,0.000000,10.000000
1985-12,10000.000000,350000.000000,184851.095862,225351.297222,70033.524931,480235.918015,0.043905,0.379618,0.468596,0.151785,0.384917,0.469251,0.145832,10000.000000,0.000000,10.000000
1986-01,10000.000000,360000.000000,188900.213876,234261.916919,80785.997071,503948.127866,0.027971,0.379618,0.468596,0.151785,0.374841,0.464853,0.160306,10000.000000,0.000000,10.000000
1986-02,10000.000000,370000.000000,201724.608109,253982.681583,82198.516055,537905.805747,0.046615,0.331126,0.497761,0.171113,0.375018,0.472169,0.152812,10000.000000,0.000000,10.000000
1986-03,10000.000000,380000.000000,212790.313792,276559.868038,87211.884751,576562.066581,0.052301,0.331126,0.497761,0.171113,0.369067,0.479671,0.151262,10000.000000,0.000000,10.000000
1986-04,10000.000000,390000.000000,220473.783811,295697.079241,90989.024202,607159.887255,0.035116,0.331126,0.497761,0.171113,0.363123,0.487017,0.149860,10000.000000,0.000000,10.000000
1986-05,10000.000000,400000.000000,222850.641519,295216.886037,97720.071707,615787.599263,-0.002224,0.331126,0.497761,0.171113,0.361895,0.479413,0.158691,10000.000000,0.000000,10.000000
1986-06,10000.000000,410000.000000,232279.684761,304864.050150,102749.911353,639893.646264,0.022541,0.331126,0.497761,0.171113,0.362997,0.476429,0.160573,10000.000000,0.000000,10.000000
1986-07,10000.000000,420000.000000,226440.389380,322286.397970,106638.534694,655365.322044,0.008419,0.331126,0.497761,0.171113,0.345518,0.491766,0.162716,10000.000000,0.000000,10.000000
1986-08,10000.000000,430000.000000,232694.169184,334358.266168,120938.983058,687991.418410,0.034006,0.331126,0.497761,0.171113,0.338222,0.485992,0.175786,10000.000000,0.000000,10.000000
1986-09,10000.000000,440000.000000,228944.119718,342681.380098,135252.632624,706878.132440,0.012732,0.331126,0.497761,0.171113,0.323881,0.484781,0.191338,10000.000000,0.000000,10.000000
1986-10,10000.000000,450000.000000,235636.426860,356388.577121,139063.482045,731088.486025,0.019823,0.331126,0.497761,0.171113,0.322309,0.487477,0.190214,10000.000000,0.000000,10.000000
1986-11,10000.000000,460000.000000,252897.413413,375322.630384,132845.510081,761065.553878,0.026956,0.331126,0.497761,0.171113,0.332294,0.493154,0.174552,10000.000000,0.000000,10.000000
1986-12,10000.000000,470000.000000,260913.739492,391339.292527,131230.932107,783483.964126,0.016106,0.331126,0.497761,0.171113,0.333017,0.499486,0.167497,10000.000000,0.000000,10.000000
1987-01,10000.000000,480000.000000,277734.866693,394528.453856,140393.372623,812656.693172,0.024163,0.331126,0.497761,0.171113,0.341762,0.485480,0.172759,10000.000000,0.000000,10.000000
1987-02,10000.000000,490000.000000,296417.951306,397779.380351,143600.810763,837798.142421,0.018406,0.325806,0.490715,0.183479,0.353806,0.474791,0.171403,10000.000000,0.000000,10.000000
1987-03,10000.000000,500000.000000,306106.276916,401949.117418,148904.665905,856960.060238,0.010807,0.325806,0.490715,0.183479,0.357200,0.469041,0.173759,10000.000000,0.000000,10.000000
1987-04,10000.000000,510000.000000,300919.284861,386841.076305,161322.473081,849082.834247,-0.020621,0.325806,0.490715,0.183479,0.354405,0.455599,0.189996,10000.000000,0.000000,10.000000
1987-05,10000.000000,520000.000000,297942.688999,379631.671882,167460.103799,845034.464680,-0.016353,0.325806,0.490715,0.183479,0.352581,0.449250,0.198170,10000.000000,0.000000,10.000000
1987-06,10000.000000,530000.000000,315540.251933,403221.049160,166026.820227,884788.121320,0.034798,0.325806,0.490715,0.183479,0.356628,0.455726,0.187646,10000.000000,0.000000,10.000000
1987-07,10000.000000,540000.000000,329844.277643,420419.830639,168672.674429,918936.782711,0.026988,0.325806,0.490715,0.183479,0.358941,0.457507,0.183552,10000.000000,0.000000,10.000000
1987-08,10000.000000,550000.000000,353087.703396,426621.313807,173861.193008,953570.210212,0.026518,0.325806,0.490715,0.183479,0.370280,0.447394,0.182327,10000.000000,0.000000,10.000000
1987-09,10000.000000,560000.000000,339979.455560,417959.731689,172855.201221,930794.388470,-0.034015,0.325806,0.490715,0.183479,0.365257,0.449036,0.185707,10000.000000,0.000000,10.000000
1987-10,10000.000000,570000.000000,300819.460806,430242.830038,175399.219102,906461.509947,-0.036493,0.325806,0.490715,0.183479,0.331861,0.474640,0.193499,10000.000000,0.000000,10.000000
1987-11,10000.000000,580000.000000,262373.519278,460132.206628,175570.659154,898076.385060,-0.020061,0.325806,0.490715,0.183479,0.292151,0.512353,0.195496,10000.000000,0.000000,10.000000
1987-12,10000.000000,590000.000000,267956.270728,458320.270856,181792.905666,908069.447250,-0.000008,0.325806,0.490715,0.183479,0.295083,0.504719,0.200197,10000.000000,0.000000,10.000000
1988-01,10000.000000,600000.000000,292108.837538,475200.608047,179872.845810,947182.291395,0.031711,0.325806,0.490715,0.183479,0.308398,0.501699,0.189903,10000.000000,0.000000,10.000000
1988-02,10000.000000,610000.000000,310451.803109,496560.604769,166998.831856,974011.239734,0.017582,0.314833,0.499247,0.185920,0.318735,0.509810,0.171455,10000.000000,0.000000,10.000000
1988-03,10000.000000,620000.000000,318375.417302,491417.812323,176628.935918,986422.165543,0.002450,0.314833,0.499247,0.185920,0.322758,0.498182,0.179060,10000.000000,0.000000,10.000000
1988-04,10000.000000,630000.000000,319891.105945,494337.421114,188350.959359,1002579.486419,0.006179,0.314833,0.499247,0.185920,0.319068,0.493066,0.187866,10000.000000,0.000000,10.000000
1988-05,10000.000000,640000.000000,316647.565045,501930.108292,190190.569557,1008768.242894,-0.003764,0.314833,0.499247,0.185920,0.313895,0.497567,0.188537,10000.000000,0.000000,10.000000
1988-06,10000.000000,650000.000000,351656.990861,535861.469269,196904.589102,1084423.049232,0.064445,0.314833,0.499247,0.185920,0.324280,0.494144,0.181575,10000.000000,0.000000,10.000000
1988-07,10000.000000,660000.000000,358040.707009,552670.399723,199111.349780,1109822.456511,0.014071,0.314833,0.499247,0.185920,0.322611,0.497981,0.179408,10000.000000,0.000000,10.000000
1988-08,10000.000000,670000.000000,355321.182955,559285.389306,203671.378694,1118277.950955,-0.001379,0.314833,0.499247,0.185920,0.317740,0.500131,0.182129,10000.000000,0.000000,10.000000
1988-09,10000.000000,680000.000000,369107.311909,588878.089759,204799.248439,1162784.650107,0.030584,0.314833,0.499247,0.185920,0.317434,0.506438,0.176128,10000.000000,0.000000,10.000000
1988-10,10000.000000,690000.000000,389329.116355,609745.262268,214951.138494,1214025.517117,0.035165,0.314833,0.499247,0.185920,0.320693,0.502251,0.177057,10000.000000,0.000000,10.000000
1988-11,10000.000000,700000.000000,387835.541441,619024.727133,235002.591937,1241862.860510,0.014573,0.314833,0.499247,0.185920,0.312301,0.498465,0.189234,10000.000000,0.000000,10.000000
1988-12,10000.000000,710000.000000,403530.536002,624722.443968,235271.430837,1263524.410806,0.009315,0.314833,0.499247,0.185920,0.319369,0.494428,0.186203,10000.000000,0.000000,10.000000
1989-01,10000.000000,720000.000000,419746.056362,642278.043803,229113.509389,1291137.609554,0.013830,0.314833,0.499247,0.185920,0.325098,0.497451,0.177451,10000.000000,0.000000,10.000000
1989-02,10000.000000,730000.000000,443873.245767,654424.991405,222195.751493,1320493.988665,0.014877,0.329020,0.498319,0.172661,0.336142,0.495591,0.168267,10000.000000,0.000000,10.000000
1989-03,10000.000000,740000.000000,449749.991905,666581.838838,231430.557270,1347762.388013,0.012979,0.329020,0.498319,0.172661,0.333701,0.494584,0.171715,10000.000000,0.000000,10.000000
1989-04,10000.000000,750000.000000,473325.715041,698458.294316,233867.475288,1405651.484645,0.035271,0.329020,0.498319,0.172661,0.336730,0.496893,0.166377,10000.000000,0.000000,10.000000
1989-05,10000.000000,760000.000000,504834.168131,740080.796283,237421.837532,1482336.801946,0.047106,0.329020,0.498319,0.172661,0.340566,0.499266,0.160167,10000.000000,0.000000,10.000000
1989-06,10000.000000,770000.000000,532256.389124,791071.124922,248742.410689,1572069.924735,0.053428,0.329020,0.498319,0.172661,0.338570,0.503204,0.158226,10000.000000,0.000000,10.000000
1989-07,10000.000000,780000.000000,547040.408352,810238.664343,263606.271304,1620885.344000,0.024535,0.329020,0.498319,0.172661,0.337495,0.499874,0.162631,10000.000000,0.000000,10.000000
1989-08,10000.000000,790000.000000,579433.797394,821500.642857,268255.065238,1669189.505489,0.023487,0.329020,0.498319,0.172661,0.347135,0.492155,0.160710,10000.000000,0.000000,10.000000
1989-09,10000.000000,800000.000000,586832.517249,833547.426991,274091.553730,1694471.497969,0.009101,0.329020,0.498319,0.172661,0.346322,0.491922,0.161756,10000.000000,0.000000,10.000000
1989-10,10000.000000,810000.000000,591109.663822,857614.804817,284814.303532,1733538.772171,0.017054,0.329020,0.498319,0.172661,0.340984,0.494719,0.164296,10000.000000,0.000000,10.000000
1989-11,10000.000000,820000.000000,584037.186321,881157.862582,314075.717247,1779270.766151,0.020494,0.329020,0.498319,0.172661,0.328245,0.495235,0.176519,10000.000000,0.000000,10.000000
1989-12,10000.000000,830000.000000,603442.320019,896087.219314,326480.806793,1826010.346126,0.020533,0.329020,0.498319,0.172661,0.330470,0.490735,0.178795,10000.000000,0.000000,10.000000
1990-01,10000.000000,840000.000000,591509.460468,890874.561789,327569.909287,1809953.931545,-0.014192,0.329020,0.498319,0.172661,0.326809,0.492208,0.180982,10000.000000,0.000000,10.000000
1990-02,10000.000000,850000.000000,577448.260797,886654.517502,340097.898393,1804200.676692,-0.008656,0.318034,0.494113,0.187853,0.320058,0.491439,0.188503,10000.000000,0.000000,10.000000
1990-03,10000.000000,860000.000000,597507.367691,901905.762686,323555.980478,1822969.110855,0.004833,0.318034,0.494113,0.187853,0.327766,0.494745,0.177488,10000.000000,0.000000,10.000000
1990-04,10000.000000,870000.000000,604897.486318,907447.907170,319244.283831,1831589.677319,-0.000753,0.318034,0.494113,0.187853,0.330258,0.495443,0.174299,10000.000000,0.000000,10.000000
1990-05,10000.000000,880000.000000,629285.193291,918336.317352,324560.285523,1872181.796167,0.016612,0.318034,0.494113,0.187853,0.336124,0.490517,0.173359,10000.000000,0.000000,10.000000
1990-06,10000.000000,890000.000000,652846.120553,950257.636172,318170.645187,1921274.401912,0.020770,0.318034,0.494113,0.187853,0.339798,0.494598,0.165604,10000.000000,0.000000,10.000000
1990-07,10000.000000,900000.000000,653609.171011,957927.212899,337397.561325,1948933.945236,0.009144,0.318034,0.494113,0.187853,0.335368,0.491513,0.173119,10000.000000,0.000000,10.000000
1990-08,10000.000000,910000.000000,599962.410124,946011.969698,373928.330720,1919902.710541,-0.019925,0.318034,0.494113,0.187853,0.312496,0.492740,0.194764,10000.000000,0.000000,10.000000
1990-09,10000.000000,920000.000000,597246.899279,975862.692147,379136.907888,1952246.499315,0.011578,0.318034,0.494113,0.187853,0.305928,0.499867,0.194205,10000.000000,0.000000,10.000000
1990-10,10000.000000,930000.000000,600292.508696,1005866.768566,375789.458374,1981948.735636,0.010041,0.318034,0.494113,0.187853,0.302880,0.507514,0.189606,10000.000000,0.000000,10.000000
1990-11,10000.000000,940000.000000,629330.457271,1036591.367758,377272.124392,2043193.949422,0.025726,0.318034,0.494113,0.187853,0.308013,0.507339,0.184648,10000.000000,0.000000,10.000000
1990-12,10000.000000,950000.000000,666996.370744,1067221.622253,375539.844442,2109757.837439,0.027549,0.318034,0.494113,0.187853,0.316148,0.505850,0.178001,10000.000000,0.000000,10.000000
1991-01,10000.000000,960000.000000,672574.674445,1086229.189860,394811.455799,2153615.320104,0.015972,0.318034,0.494113,0.187853,0.312300,0.504375,0.183325,10000.000000,0.000000,10.000000
1991-02,10000.000000,970000.000000,546827.487238,1274346.295410,463623.167011,2284796.949659,0.056009,0.220239,0.559909,0.219852,0.239333,0.557750,0.202917,206061.992967,196061.992967,402.123986
1991-03,10000.000000,980000.000000,574913.628868,1288050.211304,479825.192192,2342789.032365,0.020913,0.220239,0.559909,0.219852,0.245397,0.549794,0.204809,10000.000000,0.000000,10.000000
1991-04,10000.000000,990000.000000,608168.291131,1352347.614578,495253.948707,2455769.854416,0.043770,0.220239,0.559909,0.219852,0.247649,0.550682,0.201670,10000.000000,0.000000,10.000000
1991-05,10000.000000,1000000.000000,625747.977741,1404350.368502,515468.297434,2545566.643676,0.032362,0.220239,0.559909,0.219852,0.245819,0.551685,0.202496,10000.000000,0.000000,10.000000
1991-06,10000.000000,1010000.000000,644546.241320,1434731.694493,550650.722790,2629928.658603,0.029098,0.220239,0.559909,0.219852,0.245081,0.545540,0.209379,10000.000000,0.000000,10.000000
1991-07,10000.000000,1020000.000000,789922.780829,1765189.479160,676406.624152,3231518.884140,0.224093,0.220239,0.559909,0.219852,0.244443,0.546241,0.209315,10000.000000,0.000000,10.000000
1991-08,10000.000000,1030000.000000,818460.237057,1844277.261243,664414.198179,3327151.696479,0.026417,0.220239,0.559909,0.219852,0.245994,0.554311,0.199695,10000.000000,0.000000,10.000000
1991-09,10000.000000,1040000.000000,815591.864523,1889816.381783,658300.116685,3363708.362990,0.007958,0.220239,0.559909,0.219852,0.242468,0.561825,0.195707,10000.000000,0.000000,10.000000
1991-10,10000.000000,1050000.000000,815925.983703,1914818.079294,686483.771087,3417227.834084,0.012900,0.220239,0.559909,0.219852,0.238768,0.560343,0.200889,10000.000000,0.000000,10.000000
1991-11,10000.000000,1060000.000000,816204.321501,1942380.332748,697970.882278,3456555.536527,0.008557,0.220239,0.559909,0.219852,0.236132,0.561941,0.201927,10000.000000,0.000000,10.000000
1991-12,10000.000000,1070000.000000,824342.267526,2000719.626284,712340.696249,3537402.590059,0.020437,0.220239,0.559909,0.219852,0.233036,0.565590,0.201374,10000.000000,0.000000,10.000000
1992-01,10000.000000,1080000.000000,886534.183258,2024519.101558,707603.832586,3618657.117402,0.020086,0.220239,0.559909,0.219852,0.244990,0.559467,0.195543,10000.000000,0.000000,10.000000
1992-02,10000.000000,1090000.000000,885607.176160,2002658.878588,721186.685283,3609452.740031,-0.005292,0.242325,0.548755,0.208920,0.245358,0.554837,0.199805,10000.000000,0.000000,10.000000
1992-03,10000.000000,1100000.000000,957098.518725,2169676.176607,775743.380339,3902518.075670,0.078207,0.242325,0.548755,0.208920,0.245252,0.555968,0.198780,10000.000000,0.000000,10.000000
1992-04,10000.000000,1110000.000000,977159.409459,2232361.766948,788468.625359,3997989.801765,0.021846,0.242325,0.548755,0.208920,0.244413,0.558371,0.197216,10000.000000,0.000000,10.000000
1992-05,10000.000000,1120000.000000,985125.334755,2232475.829137,784012.582571,4001613.746464,-0.001591,0.242325,0.548755,0.208920,0.246182,0.557894,0.195924,10000.000000,0.000000,10.000000
1992-06,10000.000000,1130000.000000,971249.492078,2264666.481436,802790.431113,4038706.404627,0.006754,0.242325,0.548755,0.208920,0.240485,0.560741,0.198774,10000.000000,0.000000,10.000000
1992-07,10000.000000,1140000.000000,993291.522567,2349772.800105,840796.847108,4183861.169779,0.033382,0.242325,0.548755,0.208920,0.237410,0.561628,0.200962,10000.000000,0.000000,10.000000
1992-08,10000.000000,1150000.000000,1003079.944943,2396983.254795,819974.321953,4220037.521692,0.006242,0.242325,0.548755,0.208920,0.237695,0.568000,0.194305,10000.000000,0.000000,10.000000
1992-09,10000.000000,1160000.000000,1009875.460389,2440740.142868,832591.597765,4283207.201022,0.012570,0.242325,0.548755,0.208920,0.235776,0.569839,0.194385,10000.000000,0.000000,10.000000
1992-10,10000.000000,1170000.000000,1001147.053095,2424015.963673,836972.019834,4262135.036602,-0.007238,0.242325,0.548755,0.208920,0.234893,0.568733,0.196374,10000.000000,0.000000,10.000000
1992-11,10000.000000,1180000.000000,1032544.356771,2388837.948835,821020.935457,4242403.241063,-0.006959,0.242325,0.548755,0.208920,0.243387,0.563086,0.193527,10000.000000,0.000000,10.000000
1992-12,10000.000000,1190000.000000,1085226.564828,2462465.077898,845754.734446,4393446.377172,0.033168,0.242325,0.548755,0.208920,0.247010,0.560486,0.192504,10000.000000,0.000000,10.000000
1993-01,10000.000000,1200000.000000,1089197.485594,2512053.025816,842299.381638,4443549.893048,0.009107,0.242325,0.548755,0.208920,0.245119,0.565326,0.189556,10000.000000,0.000000,10.000000
1993-02,10000.000000,1210000.000000,1239692.946562,2406603.296425,1051769.888207,4698066.131194,0.054904,0.264574,0.507087,0.228338,0.263873,0.512254,0.223873,263715.491565,253715.491565,517.430983
1993-03,10000.000000,1220000.000000,1348517.949110,2624922.413620,1130074.262410,5103514.625140,0.083994,0.264574,0.507087,0.228338,0.264233,0.514336,0.221431,10000.000000,0.000000,10.000000
1993-04,10000.000000,1230000.000000,1317714.016596,2612698.185380,1168262.867890,5098675.069866,-0.002902,0.264574,0.507087,0.228338,0.258442,0.512427,0.229131,10000.000000,0.000000,10.000000
1993-05,10000.000000,1240000.000000,1337460.590162,2612442.670638,1253778.727611,5203681.988411,0.018597,0.264574,0.507087,0.228338,0.257022,0.502037,0.240941,10000.000000,0.000000,10.000000
1993-06,10000.000000,1250000.000000,1357189.104066,2650051.607403,1273096.940734,5280337.652203,0.012785,0.264574,0.507087,0.228338,0.257027,0.501872,0.241101,10000.000000,0.000000,10.000000
1993-07,10000.000000,1260000.000000,1360739.435352,2691457.819066,1338651.366073,5390848.620491,0.018999,0.264574,0.507087,0.228338,0.252417,0.499264,0.248319,10000.000000,0.000000,10.000000
1993-08,10000.000000,1270000.000000,1391272.116904,2735952.915806,1294758.700110,5421983.732820,0.003913,0.264574,0.507087,0.228338,0.256598,0.504604,0.238798,10000.000000,0.000000,10.000000
1993-09,10000.000000,1280000.000000,1415784.613435,2815435.421949,1211435.251716,5442655.287101,0.001965,0.264574,0.507087,0.228338,0.260128,0.517291,0.222582,10000.000000,0.000000,10.000000
1993-10,10000.000000,1290000.000000,1434554.505240,2827930.093173,1244977.000401,5507461.598814,0.010051,0.264574,0.507087,0.228338,0.260475,0.513473,0.226053,10000.000000,0.000000,10.000000
1993-11,10000.000000,1300000.000000,1437681.453173,2751630.266932,1280076.462086,5469388.182191,-0.008713,0.264574,0.507087,0.228338,0.262860,0.503097,0.234044,10000.000000,0.000000,10.000000
1993-12,10000.000000,1310000.000000,1453851.124911,2761950.090619,1311149.115795,5526950.331324,0.008680,0.264574,0.507087,0.228338,0.263048,0.499724,0.237228,10000.000000,0.000000,10.000000
1994-01,10000.000000,1320000.000000,1481069.200153,2787457.566649,1324840.180869,5593366.947671,0.010189,0.264574,0.507087,0.228338,0.264790,0.498351,0.236859,10000.000000,0.000000,10.000000
1994-02,10000.000000,1330000.000000,1480364.309268,2756188.830385,1317964.808161,5554517.947814,-0.008718,0.235322,0.491208,0.273470,0.266515,0.496207,0.237278,10000.000000,0.000000,10.000000
1994-03,10000.000000,1340000.000000,1457697.045594,2665325.173249,1333463.413049,5456485.631892,-0.019414,0.235322,0.491208,0.273470,0.267149,0.488469,0.244381,10000.000000,0.000000,10.000000
1994-04,10000.000000,1350000.000000,1407869.437612,2586463.522057,1316918.111864,5311251.071533,-0.028398,0.235322,0.491208,0.273470,0.265073,0.486978,0.247949,10000.000000,0.000000,10.000000
1994-05,10000.000000,1360000.000000,1422040.251452,2563747.129835,1338641.483924,5324428.865211,0.000597,0.235322,0.491208,0.273470,0.267078,0.481507,0.251415,10000.000000,0.000000,10.000000
1994-06,10000.000000,1370000.000000,1438212.097141,2597498.322911,1363490.217624,5399200.637676,0.012142,0.235322,0.491208,0.273470,0.266375,0.481089,0.252536,10000.000000,0.000000,10.000000
1994-07,10000.000000,1380000.000000,1430377.668819,2579353.141444,1366188.958597,5375919.768860,-0.006153,0.235322,0.491208,0.273470,0.266071,0.479798,0.254131,10000.000000,0.000000,10.000000
1994-08,10000.000000,1390000.000000,1474286.410255,2609418.551235,1354373.096936,5438078.058426,0.009684,0.235322,0.491208,0.273470,0.271104,0.479842,0.249054,10000.000000,0.000000,10.000000
1994-09,10000.000000,1400000.000000,1486316.512924,2588661.054047,1404034.662927,5479012.229898,0.005678,0.235322,0.491208,0.273470,0.271275,0.472469,0.256257,10000.000000,0.000000,10.000000
1994-10,10000.000000,1410000.000000,1479728.617492,2560416.647327,1401600.291484,5441745.556302,-0.008611,0.235322,0.491208,0.273470,0.271922,0.470514,0.257564,10000.000000,0.000000,10.000000
1994-11,10000.000000,1420000.000000,1475258.255627,2546164.098059,1385229.817847,5406652.171533,-0.008271,0.235322,0.491208,0.273470,0.272860,0.470932,0.256208,10000.000000,0.000000,10.000000
1994-12,10000.000000,1430000.000000,1459909.806001,2594225.574426,1371491.355935,5425626.736361,0.001657,0.235322,0.491208,0.273470,0.269077,0.478143,0.252780,10000.000000,0.000000,10.000000
1995-01,10000.000000,1440000.000000,1494939.124435,2619103.336312,1376822.520773,5490864.981520,0.010162,0.235322,0.491208,0.273470,0.272259,0.476993,0.250748,10000.000000,0.000000,10.000000
1995-02,10000.000000,1450000.000000,1553973.973592,2692754.227114,1378177.640351,5624905.841057,0.022549,0.279952,0.426499,0.293548,0.276267,0.478720,0.245013,10000.000000,0.000000,10.000000
1995-03,10000.000000,1460000.000000,1628361.255723,2479671.799298,1686935.632559,5794968.687580,0.028406,0.279952,0.426499,0.293548,0.280996,0.427901,0.291103,299469.837722,289469.837722,588.939675
1995-04,10000.000000,1470000.000000,1671183.935902,2504714.550172,1727058.762965,5902957.249038,0.016880,0.279952,0.426499,0.293548,0.283110,0.424315,0.292575,10000.000000,0.000000,10.000000
1995-05,10000.000000,1480000.000000,1727711.150279,2604581.478276,1704436.634283,6036729.262837,0.020932,0.279952,0.426499,0.293548,0.286200,0.431456,0.282344,10000.000000,0.000000,10.000000
1995-06,10000.000000,1490000.000000,1781816.454009,2705634.686945,1727012.102567,6214463.243522,0.027740,0.279952,0.426499,0.293548,0.286721,0.435377,0.277902,10000.000000,0.000000,10.000000
1995-07,10000.000000,1500000.000000,1843942.045893,2696237.744443,1727043.151538,6267222.941875,0.006870,0.279952,0.426499,0.293548,0.294220,0.430213,0.275568,10000.000000,0.000000,10.000000
1995-08,10000.000000,1510000.000000,1865624.809583,2687015.134859,1739437.361089,6292077.305531,0.002366,0.279952,0.426499,0.293548,0.296504,0.427047,0.276449,10000.000000,0.000000,10.000000
1995-09,10000.000000,1520000.000000,2040173.627115,2908678.704721,1839661.033122,6788513.364958,0.077187,0.279952,0.426499,0.293548,0.300533,0.428471,0.270996,10000.000000,0.000000,10.000000
1995-10,10000.000000,1530000.000000,2142018.269658,3077629.957810,1924433.598192,7144081.825660,0.050830,0.279952,0.426499,0.293548,0.299831,0.430794,0.269375,10000.000000,0.000000,10.000000
1995-11,10000.000000,1540000.000000,2195923.245456,3123048.394496,1947539.797320,7266511.437272,0.015715,0.279952,0.426499,0.293548,0.302198,0.429786,0.268016,10000.000000,0.000000,10.000000
1995-12,10000.000000,1550000.000000,2287107.286351,3213510.913808,1982235.744290,7482853.944450,0.028357,0.279952,0.426499,0.293548,0.305646,0.429450,0.264904,10000.000000,0.000000,10.000000
1996-01,10000.000000,1560000.000000,2346209.113940,3321698.805417,2103668.662999,7771576.582357,0.037198,0.279952,0.426499,0.293548,0.301896,0.427416,0.270688,10000.000000,0.000000,10.000000
1996-02,10000.000000,1570000.000000,2541710.401211,3369780.383369,2189796.148885,8101286.933464,0.041086,0.305843,0.410530,0.283627,0.313742,0.415956,0.270302,10000.000000,0.000000,10.000000
1996-03,10000.000000,1580000.000000,2390396.638141,3084248.619087,2026931.138835,7501576.396063,-0.075168,0.305843,0.410530,0.283627,0.318653,0.411147,0.270201,10000.000000,0.000000,10.000000
1996-04,10000.000000,1590000.000000,2383595.152965,3032253.341651,2011783.930791,7427632.425407,-0.011175,0.305843,0.410530,0.283627,0.320909,0.408240,0.270851,10000.000000,0.000000,10.000000
1996-05,10000.000000,1600000.000000,2489874.310941,3062287.008405,2056283.434692,7608444.754038,0.022966,0.305843,0.410530,0.283627,0.327251,0.402485,0.270263,10000.000000,0.000000,10.000000
1996-06,10000.000000,1610000.000000,2527070.164277,3052855.461457,2029914.177608,7609839.803343,-0.001129,0.305843,0.410530,0.283627,0.332079,0.401172,0.266749,10000.000000,0.000000,10.000000
1996-07,10000.000000,1620000.000000,2478670.535767,3132655.517199,2058457.096769,7669783.149736,0.006554,0.305843,0.410530,0.283627,0.323173,0.408441,0.268385,10000.000000,0.000000,10.000000
1996-08,10000.000000,1630000.000000,2564410.483167,3215713.387379,2096373.570912,7876497.441459,0.025615,0.305843,0.410530,0.283627,0.325578,0.408267,0.266156,10000.000000,0.000000,10.000000
1996-09,10000.000000,1640000.000000,2621419.517753,3197585.706294,2087336.328044,7906341.552091,0.002516,0.305843,0.410530,0.283627,0.331559,0.404433,0.264008,10000.000000,0.000000,10.000000
1996-10,10000.000000,1650000.000000,2724352.903160,3281477.180213,2080049.047158,8085879.130531,0.021416,0.305843,0.410530,0.283627,0.336927,0.405828,0.257245,10000.000000,0.000000,10.000000
1996-11,10000.000000,1660000.000000,2864831.629989,3383699.703897,2074031.454766,8322562.788652,0.028000,0.305843,0.410530,0.283627,0.344225,0.406569,0.249206,10000.000000,0.000000,10.000000
1996-12,10000.000000,1670000.000000,2902577.144860,3381622.781887,2035700.324508,8319900.251255,-0.001520,0.305843,0.410530,0.283627,0.348872,0.406450,0.244678,10000.000000,0.000000,10.000000
1997-01,10000.000000,1680000.000000,2998980.496556,3334286.529069,1968297.175226,8301564.200851,-0.003402,0.305843,0.410530,0.283627,0.361255,0.401646,0.237100,10000.000000,0.000000,10.000000
1997-02,10000.000000,1690000.000000,3139048.778283,3390010.381729,1923231.524159,8452290.684171,0.016931,0.386112,0.377098,0.236790,0.371384,0.401076,0.227540,10000.000000,0.000000,10.000000
1997-03,10000.000000,1700000.000000,3125076.310284,3342036.700691,1954542.868123,8421655.879098,-0.004802,0.386112,0.377098,0.236790,0.371076,0.396838,0.232085,10000.000000,0.000000,10.000000
1997-04,10000.000000,1710000.000000,3021182.753505,3307972.878259,1909476.572669,8238632.204433,-0.022893,0.386112,0.377098,0.236790,0.366709,0.401520,0.231771,10000.000000,0.000000,10.000000
1997-05,10000.000000,1720000.000000,3307981.399608,3369272.146990,1911405.822538,8588659.369137,0.041222,0.386112,0.377098,0.236790,0.385157,0.392293,0.222550,10000.000000,0.000000,10.000000
1997-06,10000.000000,1730000.000000,3485000.099891,3441254.632194,1903528.384444,8829783.116529,0.026879,0.386112,0.377098,0.236790,0.394687,0.389733,0.215580,10000.000000,0.000000,10.000000
1997-07,10000.000000,1740000.000000,3677403.840840,3520696.314156,1814435.374321,9012535.529317,0.019543,0.386112,0.377098,0.236790,0.408032,0.390644,0.201324,10000.000000,0.000000,10.000000
1997-08,10000.000000,1750000.000000,3717142.601070,3544100.474889,1837759.068171,9099002.144130,0.008475,0.386112,0.377098,0.236790,0.408522,0.389504,0.201974,10000.000000,0.000000,10.000000
1997-09,10000.000000,1760000.000000,3810240.350684,3632577.400771,1865949.094653,9308766.846107,0.021930,0.386112,0.377098,0.236790,0.409317,0.390232,0.200451,10000.000000,0.000000,10.000000
1997-10,10000.000000,1770000.000000,3854496.347344,3682038.837237,1878579.279194,9415114.463775,0.010339,0.386112,0.377098,0.236790,0.409395,0.391077,0.199528,10000.000000,0.000000,10.000000
1997-11,10000.000000,1780000.000000,3913667.193782,3843314.209571,1826509.126607,9583490.529960,0.016804,0.386112,0.377098,0.236790,0.408376,0.401035,0.190589,10000.000000,0.000000,10.000000
1997-12,10000.000000,1790000.000000,4244181.552754,4101996.956432,1832676.056218,10178854.565404,0.061017,0.386112,0.377098,0.236790,0.416961,0.402992,0.180047,10000.000000,0.000000,10.000000
1998-01,10000.000000,1800000.000000,3942015.697163,3937799.247610,2411797.129473,10291612.074246,0.010085,0.386112,0.377098,0.236790,0.383032,0.382622,0.234346,579944.408303,569944.408303,1149.888817
1998-02,10000.000000,1810000.000000,5431351.474703,2752746.304905,2413199.977643,10597297.757251,0.028703,0.500494,0.269269,0.230237,0.512522,0.259759,0.227718,1213876.677420,1203876.677420,2417.753355
1998-03,10000.000000,1820000.000000,5802124.871387,2796401.379997,2441855.989964,11040382.241348,0.040829,0.500494,0.269269,0.230237,0.525537,0.253288,0.221175,10000.000000,0.000000,10.000000
1998-04,10000.000000,1830000.000000,6020084.657405,2827630.415847,2553268.363449,11400983.436701,0.031728,0.500494,0.269269,0.230237,0.528032,0.248016,0.223952,10000.000000,0.000000,10.000000
1998-05,10000.000000,1840000.000000,6122582.671336,2901408.732633,2528761.380603,11552752.784572,0.012424,0.500494,0.269269,0.230237,0.529967,0.251144,0.218888,10000.000000,0.000000,10.000000
1998-06,10000.000000,1850000.000000,6417208.718229,3092792.932274,2589334.972525,12099336.623029,0.046406,0.500494,0.269269,0.230237,0.530377,0.255617,0.214006,10000.000000,0.000000,10.000000
1998-07,10000.000000,1860000.000000,6742670.179256,3139005.295388,2618695.668635,12500371.143279,0.032292,0.500494,0.269269,0.230237,0.539398,0.251113,0.209489,10000.000000,0.000000,10.000000
1998-08,10000.000000,1870000.000000,6306651.989212,3204017.680200,2557212.003899,12067881.673311,-0.035370,0.500494,0.269269,0.230237,0.522598,0.265500,0.211902,10000.000000,0.000000,10.000000
1998-09,10000.000000,1880000.000000,5960774.618341,3332161.263566,2594522.490550,11887458.372457,-0.015766,0.500494,0.269269,0.230237,0.501434,0.280309,0.218257,10000.000000,0.000000,10.000000
1998-10,10000.000000,1890000.000000,6011524.071238,3404554.537032,2656033.988506,12072112.596776,0.014680,0.500494,0.269269,0.230237,0.497968,0.282018,0.220014,10000.000000,0.000000,10.000000
1998-11,10000.000000,1900000.000000,6679057.793149,3340357.330426,2647959.267916,12667374.391490,0.048440,0.500494,0.269269,0.230237,0.527265,0.263698,0.209038,10000.000000,0.000000,10.000000
1998-12,10000.000000,1910000.000000,6979798.371134,3416338.779719,2647863.803524,13044000.954376,0.028920,0.500494,0.269269,0.230237,0.535096,0.261909,0.202995,10000.000000,0.000000,10.000000
1999-01,10000.000000,1920000.000000,7324261.025965,3409314.245479,2607430.082820,13341005.354264,0.021986,0.500494,0.269269,0.230237,0.549004,0.255552,0.195445,10000.000000,0.000000,10.000000
1999-02,10000.000000,1930000.000000,5685564.488373,4493408.570619,3079463.568758,13258436.627750,-0.006933,0.426379,0.342836,0.230785,0.428826,0.338909,0.232264,1641672.831498,1631672.831498,3273.345663
1999-03,10000.000000,1940000.000000,5849645.527668,4441195.002331,3067613.051507,13358453.581507,0.006784,0.426379,0.342836,0.230785,0.437898,0.332463,0.229638,10000.000000,0.000000,10.000000
1999-04,10000.000000,1950000.000000,6138514.097959,4516190.427799,3056573.381629,13711277.907387,0.025644,0.426379,0.342836,0.230785,0.447698,0.329378,0.222924,10000.000000,0.000000,10.000000
1999-05,10000.000000,1960000.000000,6141355.621458,4425488.830271,2988906.984453,13555751.436181,-0.012063,0.426379,0.342836,0.230785,0.453044,0.326466,0.220490,10000.000000,0.000000,10.000000
1999-06,10000.000000,1970000.000000,6154152.617884,4369352.507199,2853473.633763,13376978.758846,-0.013915,0.426379,0.342836,0.230785,0.460055,0.326632,0.213312,10000.000000,0.000000,10.000000
1999-07,10000.000000,1980000.000000,6453897.677622,4446367.769245,2813225.451215,13713490.898082,0.024390,0.426379,0.342836,0.230785,0.470624,0.324233,0.205143,10000.000000,0.000000,10.000000
1999-08,10000.000000,1990000.000000,6231282.458612,4437511.306789,2839576.470636,13508370.236037,-0.015675,0.426379,0.342836,0.230785,0.461290,0.328501,0.210209,10000.000000,0.000000,10.000000
1999-09,10000.000000,2000000.000000,6207525.713465,4479966.028087,2940420.333500,13627912.075053,0.008103,0.426379,0.342836,0.230785,0.455501,0.328735,0.215765,10000.000000,0.000000,10.000000
1999-10,10000.000000,2010000.000000,6122164.455836,4439647.101200,3453272.691901,14015084.248937,0.027656,0.426379,0.342836,0.230785,0.436827,0.316776,0.246397,10000.000000,0.000000,10.000000
1999-11,10000.000000,2020000.000000,6542924.827719,4488789.448545,3246320.924730,14278035.200993,0.018036,0.426379,0.342836,0.230785,0.458251,0.314384,0.227365,10000.000000,0.000000,10.000000
1999-12,10000.000000,2030000.000000,6736893.690405,4444935.712412,3141351.114816,14323180.517633,0.002460,0.426379,0.342836,0.230785,0.470349,0.310332,0.219319,10000.000000,0.000000,10.000000
2000-01,10000.000000,2040000.000000,6739018.520806,4360798.838233,3159834.099410,14259651.458449,-0.005130,0.426379,0.342836,0.230785,0.472593,0.305814,0.221593,10000.000000,0.000000,10.000000
2000-02,10000.000000,2050000.000000,6591109.839038,4435629.305474,3343219.995760,14369959.140273,0.007029,0.499814,0.277581,0.222606,0.458673,0.308674,0.232653,10000.000000,0.000000,10.000000
2000-03,10000.000000,2060000.000000,6858784.144718,4542346.101426,3186054.579450,14587184.825594,0.014411,0.499814,0.277581,0.222606,0.470192,0.311393,0.218415,10000.000000,0.000000,10.000000
2000-04,10000.000000,2070000.000000,6972758.617998,4661704.135000,3123769.594937,14758232.347935,0.011033,0.499814,0.277581,0.222606,0.472466,0.315871,0.211663,10000.000000,0.000000,10.000000
2000-05,10000.000000,2080000.000000,6842479.542053,4573558.981451,3098294.700337,14514333.223842,-0.017192,0.499814,0.277581,0.222606,0.471429,0.315106,0.213464,10000.000000,0.000000,10.000000
2000-06,10000.000000,2090000.000000,7176492.308386,4785735.573437,3274854.496352,15237082.378175,0.049073,0.499814,0.277581,0.222606,0.470989,0.314085,0.214927,10000.000000,0.000000,10.000000
2000-07,10000.000000,2100000.000000,7258412.939988,4836338.731563,3236911.743893,15331663.415445,0.005547,0.499814,0.277581,0.222606,0.473426,0.315448,0.211126,10000.000000,0.000000,10.000000
2000-08,10000.000000,2110000.000000,7485456.387251,5042257.075431,3218704.553861,15746418.016542,0.026383,0.499814,0.277581,0.222606,0.475375,0.320216,0.204409,10000.000000,0.000000,10.000000
2000-09,10000.000000,2120000.000000,7442585.713181,5100149.992326,3231449.304141,15774185.009648,0.001128,0.499814,0.277581,0.222606,0.471821,0.323323,0.204857,10000.000000,0.000000,10.000000
2000-10,10000.000000,2130000.000000,7130538.153943,5198892.793652,3219797.484881,15549228.432476,-0.014886,0.499814,0.277581,0.222606,0.458578,0.334351,0.207071,10000.000000,0.000000,10.000000
2000-11,10000.000000,2140000.000000,7781605.512032,4382659.856932,3440989.152912,15605254.521876,0.002958,0.499814,0.277581,0.222606,0.498653,0.280845,0.220502,889952.278341,879952.278341,1769.904557
2000-12,10000.000000,2150000.000000,7521155.159156,4561045.654993,3509039.265954,15591240.080103,-0.001538,0.499814,0.277581,0.222606,0.482396,0.292539,0.225065,10000.000000,0.000000,10.000000
2001-01,10000.000000,2160000.000000,7537814.119624,4592189.271304,3418826.412399,15548829.803327,-0.003359,0.499814,0.277581,0.222606,0.484783,0.295340,0.219877,10000.000000,0.000000,10.000000
2001-02,10000.000000,2170000.000000,7368521.385306,4637489.716371,3376894.529790,15382905.631466,-0.011307,0.467601,0.311672,0.220727,0.479007,0.301470,0.219523,10000.000000,0.000000,10.000000
2001-03,10000.000000,2180000.000000,6712642.209576,4751369.777661,3397603.610512,14861615.597750,-0.034515,0.467601,0.311672,0.220727,0.451676,0.319707,0.228616,10000.000000,0.000000,10.000000
2001-04,10000.000000,2190000.000000,6772400.132280,4692920.687593,3368593.693001,14833914.512874,-0.002535,0.467601,0.311672,0.220727,0.456548,0.316364,0.227087,10000.000000,0.000000,10.000000
2001-05,10000.000000,2200000.000000,7273566.611871,4639484.014059,3536017.996745,15449068.622675,0.040768,0.467601,0.311672,0.220727,0.470809,0.300308,0.228882,10000.000000,0.000000,10.000000
2001-06,10000.000000,2210000.000000,7114203.766087,4718997.070790,3517125.747720,15350326.584597,-0.007034,0.467601,0.311672,0.220727,0.463456,0.307420,0.229124,10000.000000,0.000000,10.000000
2001-07,10000.000000,2220000.000000,6949799.015803,4772981.709352,3501141.156583,15223921.881738,-0.008880,0.467601,0.311672,0.220727,0.456505,0.313519,0.229976,10000.000000,0.000000,10.000000
2001-08,10000.000000,2230000.000000,6815731.991571,4892558.299524,3552520.977021,15260811.268116,0.001765,0.467601,0.311672,0.220727,0.446617,0.320596,0.232787,10000.000000,0.000000,10.000000
2001-09,10000.000000,2240000.000000,6133101.223793,5066947.188662,3741998.662966,14942047.075422,-0.021529,0.467601,0.311672,0.220727,0.410459,0.339107,0.250434,10000.000000,0.000000,10.000000
2001-10,10000.000000,2250000.000000,7258744.632712,4766676.749972,3320698.340156,15346119.722840,0.026356,0.467601,0.311672,0.220727,0.473002,0.310611,0.216387,858488.671257,848488.671257,1706.977343
2001-11,10000.000000,2260000.000000,7624201.635976,4756166.629776,3245599.500073,15625967.765825,0.017573,0.467601,0.311672,0.220727,0.487919,0.304376,0.207706,10000.000000,0.000000,10.000000
2001-12,10000.000000,2270000.000000,7718500.373391,4606303.703839,3244624.838134,15569428.915364,-0.004255,0.467601,0.311672,0.220727,0.495747,0.295856,0.208397,10000.000000,0.000000,10.000000
2002-01,10000.000000,2280000.000000,7762753.426204,4689930.301847,3348634.415593,15801318.143644,0.014242,0.467601,0.311672,0.220727,0.491273,0.296806,0.211921,10000.000000,0.000000,10.000000
2002-02,10000.000000,2290000.000000,5095082.321729,7252233.626381,3677247.568652,16024563.516762,0.013487,0.331040,0.448972,0.219988,0.317955,0.452570,0.229476,2538576.947357,2528576.947357,5067.153895
2002-03,10000.000000,2300000.000000,5363026.789834,7084050.635818,3656140.130566,16103217.556218,0.004282,0.331040,0.448972,0.219988,0.333041,0.439915,0.227044,10000.000000,0.000000,10.000000
2002-04,10000.000000,2310000.000000,5192783.613369,7188591.070256,3781342.668216,16162717.351841,0.003072,0.331040,0.448972,0.219988,0.321282,0.444764,0.233955,10000.000000,0.000000,10.000000
2002-05,10000.000000,2320000.000000,5061099.743790,7262140.542587,3924878.345258,16248118.631634,0.004662,0.331040,0.448972,0.219988,0.311488,0.446953,0.241559,10000.000000,0.000000,10.000000
2002-06,10000.000000,2330000.000000,4766667.804725,7419236.624718,4009688.261160,16195592.690603,-0.003846,0.331040,0.448972,0.219988,0.294319,0.458102,0.247579,10000.000000,0.000000,10.000000
2002-07,10000.000000,2340000.000000,4245684.677527,7582752.959520,3894087.828761,15722525.465809,-0.029809,0.331040,0.448972,0.219988,0.270038,0.482286,0.247676,10000.000000,0.000000,10.000000
2002-08,10000.000000,2350000.000000,5248117.724328,7284997.160645,3415243.255110,15948358.140083,0.013719,0.331040,0.448972,0.219988,0.329069,0.456787,0.214144,962408.284609,952408.284609,1914.816569
2002-09,10000.000000,2360000.000000,4985277.926283,7519339.588554,3510889.086300,16015506.601137,0.003581,0.331040,0.448972,0.219988,0.311278,0.469504,0.219218,10000.000000,0.000000,10.000000
2002-10,10000.000000,2370000.000000,4919005.554322,7489221.539247,3483957.289267,15892184.382835,-0.008319,0.331040,0.448972,0.219988,0.309524,0.471252,0.219225,10000.000000,0.000000,10.000000
2002-11,10000.000000,2380000.000000,5243977.005714,7431235.312996,3498880.529748,16174092.848459,0.017099,0.331040,0.448972,0.219988,0.324221,0.459453,0.216326,10000.000000,0.000000,10.000000
2002-12,10000.000000,2390000.000000,5181505.027380,7447357.903905,3634866.596183,16263729.527467,0.004921,0.331040,0.448972,0.219988,0.318593,0.457912,0.223495,10000.000000,0.000000,10.000000
2003-01,10000.000000,2400000.000000,5159251.345298,7430487.753358,3892955.798449,16482694.897104,0.012841,0.331040,0.448972,0.219988,0.313010,0.450805,0.236184,10000.000000,0.000000,10.000000
2003-02,10000.000000,2410000.000000,4040486.200010,8648796.092739,3605158.809896,16294441.102644,-0.012021,0.262964,0.518678,0.218358,0.247967,0.530782,0.221251,1123905.824318,1113905.824318,2237.811649
2003-03,10000.000000,2420000.000000,4097383.902127,8727742.053275,3419326.134046,16244452.089448,-0.003679,0.262964,0.518678,0.218358,0.252233,0.537275,0.210492,10000.000000,0.000000,10.000000
2003-04,10000.000000,2430000.000000,4294136.975304,8597091.804349,3273301.185795,16164529.965448,-0.005532,0.262964,0.518678,0.218358,0.265652,0.531849,0.202499,10000.000000,0.000000,10.000000
2003-05,10000.000000,2440000.000000,4495443.122663,8850630.990146,3542458.396326,16888532.509135,0.044144,0.262964,0.518678,0.218358,0.266183,0.524062,0.209755,10000.000000,0.000000,10.000000
2003-06,10000.000000,2450000.000000,4710462.594434,8976201.971060,3521501.433310,17208165.998805,0.018323,0.262964,0.518678,0.218358,0.273734,0.521625,0.204641,10000.000000,0.000000,10.000000
2003-07,10000.000000,2460000.000000,4689875.384623,8439330.070710,3446148.304142,16575353.759475,-0.037333,0.262964,0.518678,0.218358,0.282943,0.509149,0.207908,10000.000000,0.000000,10.000000
2003-08,10000.000000,2470000.000000,4655298.675717,8110080.683824,3519581.237483,16284960.597023,-0.018112,0.262964,0.518678,0.218358,0.285865,0.498010,0.216125,10000.000000,0.000000,10.000000
2003-09,10000.000000,2480000.000000,4791067.428272,8246712.929922,3697610.789302,16735391.147497,0.027029,0.262964,0.518678,0.218358,0.286284,0.492771,0.220946,10000.000000,0.000000,10.000000
2003-10,10000.000000,2490000.000000,4840975.434363,8192907.755938,3661871.859799,16695755.050100,-0.002964,0.262964,0.518678,0.218358,0.289952,0.490718,0.219330,10000.000000,0.000000,10.000000
2003-11,10000.000000,2500000.000000,4915849.746777,8252982.223815,3780666.102789,16949498.073381,0.014590,0.262964,0.518678,0.218358,0.290029,0.486916,0.223055,10000.000000,0.000000,10.000000
2003-12,10000.000000,2510000.000000,5068650.048455,8316052.025125,3947168.242438,17331870.316017,0.021957,0.262964,0.518678,0.218358,0.292447,0.479813,0.227740,10000.000000,0.000000,10.000000
2004-01,10000.000000,2520000.000000,5304999.915170,8414362.689289,4004648.781145,17724011.385603,0.022036,0.262964,0.518678,0.218358,0.299311,0.474744,0.225945,10000.000000,0.000000,10.000000
2004-02,10000.000000,2530000.000000,5341007.826411,8466894.291239,3901782.811963,17709684.929613,-0.001372,0.288261,0.497112,0.214627,0.301587,0.478094,0.220319,10000.000000,0.000000,10.000000
2004-03,10000.000000,2540000.000000,5222186.041869,8621057.662583,3894779.918191,17738023.622642,0.001035,0.288261,0.497112,0.214627,0.294406,0.486021,0.219572,10000.000000,0.000000,10.000000
2004-04,10000.000000,2550000.000000,5146401.963857,8101315.287995,3764095.039360,17011812.291212,-0.041481,0.288261,0.497112,0.214627,0.302519,0.476217,0.221264,10000.000000,0.000000,10.000000
2004-05,10000.000000,2560000.000000,5161088.924504,8136417.137756,3691527.253771,16989033.316031,-0.001926,0.288261,0.497112,0.214627,0.303789,0.478922,0.217289,10000.000000,0.000000,10.000000
2004-06,10000.000000,2570000.000000,5347022.316875,8231254.704664,3795726.092892,17374003.114430,0.022058,0.288261,0.497112,0.214627,0.307760,0.473768,0.218472,10000.000000,0.000000,10.000000
2004-07,10000.000000,2580000.000000,5290839.446635,8526404.712242,3900657.683797,17717901.842674,0.019207,0.288261,0.497112,0.214627,0.298615,0.481231,0.220153,10000.000000,0.000000,10.000000
2004-08,10000.000000,2590000.000000,5247590.223090,8769295.678383,3952781.502993,17969667.404466,0.013638,0.288261,0.497112,0.214627,0.292025,0.488005,0.219970,10000.000000,0.000000,10.000000
2004-09,10000.000000,2600000.000000,5362495.927658,8865438.464341,3969180.215938,18197114.607936,0.012094,0.288261,0.497112,0.214627,0.294689,0.487189,0.218121,10000.000000,0.000000,10.000000
2004-10,10000.000000,2610000.000000,5330778.126386,8865602.715616,4087646.926287,18284027.768290,0.004224,0.288261,0.497112,0.214627,0.291554,0.484882,0.223564,10000.000000,0.000000,10.000000
2004-11,10000.000000,2620000.000000,5499409.861744,8705740.754831,4206888.440911,18412039.057487,0.006451,0.288261,0.497112,0.214627,0.298686,0.472829,0.228486,10000.000000,0.000000,10.000000
2004-12,10000.000000,2630000.000000,5500677.404481,8488659.287829,4124129.891425,18113466.583734,-0.016750,0.288261,0.497112,0.214627,0.303679,0.468638,0.227683,10000.000000,0.000000,10.000000
2005-01,10000.000000,2640000.000000,5397746.025602,8490279.089423,3935244.096971,17823269.211996,-0.016564,0.288261,0.497112,0.214627,0.302848,0.476359,0.220792,10000.000000,0.000000,10.000000
2005-02,10000.000000,2650000.000000,5483557.288606,8556701.693932,3922432.126998,17962691.109536,0.007257,0.289186,0.499632,0.211182,0.305275,0.476360,0.218366,10000.000000,0.000000,10.000000
2005-03,10000.000000,2660000.000000,5470831.733699,8374293.026446,4025382.904696,17870507.664841,-0.005685,0.289186,0.499632,0.211182,0.306137,0.468610,0.225253,10000.000000,0.000000,10.000000
2005-04,10000.000000,2670000.000000,5345876.041287,8533817.340830,3984099.328227,17863792.710345,-0.000935,0.289186,0.499632,0.211182,0.299258,0.477716,0.223027,10000.000000,0.000000,10.000000
2005-05,10000.000000,2680000.000000,5388439.083420,8666144.321443,3898218.770689,17952802.175552,0.004420,0.289186,0.499632,0.211182,0.300145,0.482718,0.217137,10000.000000,0.000000,10.000000
2005-06,10000.000000,2690000.000000,5520527.882492,8828029.021478,3991901.270623,18340458.174593,0.021024,0.289186,0.499632,0.211182,0.301003,0.481342,0.217655,10000.000000,0.000000,10.000000
2005-07,10000.000000,2700000.000000,5608638.137237,8721241.204793,3918899.955041,18248779.297071,-0.005541,0.289186,0.499632,0.211182,0.307343,0.477908,0.214749,10000.000000,0.000000,10.000000
2005-08,10000.000000,2710000.000000,5641048.377086,8728881.783013,4059107.233185,18429037.393284,0.009325,0.289186,0.499632,0.211182,0.306096,0.473648,0.220256,10000.000000,0.000000,10.000000
2005-09,10000.000000,2720000.000000,5695296.999334,8872005.533503,4254659.641934,18821962.174771,0.020767,0.289186,0.499632,0.211182,0.302588,0.471365,0.226048,10000.000000,0.000000,10.000000
2005-10,10000.000000,2730000.000000,5661101.708154,8911072.316285,4476426.590966,19048600.615405,0.011504,0.289186,0.499632,0.211182,0.297193,0.467807,0.235000,10000.000000,0.000000,10.000000
2005-11,10000.000000,2740000.000000,6000291.790478,9071493.874993,4631809.432849,19703595.098320,0.033843,0.289186,0.499632,0.211182,0.304528,0.460398,0.235074,10000.000000,0.000000,10.000000
2005-12,10000.000000,2750000.000000,6119782.577044,9152624.119640,4944845.032257,20217251.728942,0.025549,0.289186,0.499632,0.211182,0.302701,0.452714,0.244585,10000.000000,0.000000,10.000000
2006-01,10000.000000,2760000.000000,6023883.156738,8957148.945012,5173231.416762,20154263.518512,-0.003608,0.289186,0.499632,0.211182,0.298889,0.444429,0.256682,10000.000000,0.000000,10.000000
2006-02,10000.000000,2770000.000000,6026829.400825,8899711.571337,5223683.197007,20150224.169169,-0.000696,0.283593,0.493468,0.222940,0.299095,0.441668,0.259237,10000.000000,0.000000,10.000000
2006-03,10000.000000,2780000.000000,5815800.292904,9892237.499489,4521234.700696,20229272.493088,0.003425,0.283593,0.493468,0.222940,0.287494,0.489006,0.223500,1048705.905618,1038705.905618,2087.411811
2006-04,10000.000000,2790000.000000,5926576.961258,9840885.206211,5013998.112012,20781460.279481,0.026789,0.283593,0.493468,0.222940,0.285186,0.473542,0.241273,10000.000000,0.000000,10.000000
2006-05,10000.000000,2800000.000000,5928672.769930,9881974.673953,5585089.108767,21395736.552650,0.029064,0.283593,0.493468,0.222940,0.277096,0.461867,0.261037,10000.000000,0.000000,10.000000
2006-06,10000.000000,2810000.000000,5858362.969781,10084591.822159,5007006.533688,20949961.325627,-0.021292,0.283593,0.493468,0.222940,0.279636,0.481366,0.238998,10000.000000,0.000000,10.000000
2006-07,10000.000000,2820000.000000,5964656.466982,10256570.713390,5381828.074567,21603055.254939,0.030682,0.283593,0.493468,0.222940,0.276102,0.474774,0.249123,10000.000000,0.000000,10.000000
2006-08,10000.000000,2830000.000000,6114634.045944,10492847.393882,5382445.516974,21989926.956801,0.017437,0.283593,0.493468,0.222940,0.278065,0.477166,0.244769,10000.000000,0.000000,10.000000
2006-09,10000.000000,2840000.000000,6213194.889101,10574710.401654,5037146.913990,21825052.204745,-0.007949,0.283593,0.493468,0.222940,0.284682,0.484522,0.230797,10000.000000,0.000000,10.000000
2006-10,10000.000000,2850000.000000,6346165.164274,10466810.563286,4865763.367914,21678739.095474,-0.007159,0.283593,0.493468,0.222940,0.292737,0.482815,0.224449,10000.000000,0.000000,10.000000
2006-11,10000.000000,2860000.000000,6383346.179735,10478106.847260,5142127.889908,22003580.916902,0.014516,0.283593,0.493468,0.222940,0.290105,0.476200,0.233695,10000.000000,0.000000,10.000000
2006-12,10000.000000,2870000.000000,6485164.563164,10504283.126773,5130567.289883,22120014.979820,0.004835,0.283593,0.493468,0.222940,0.293181,0.474877,0.231942,10000.000000,0.000000,10.000000
2007-01,10000.000000,2880000.000000,6489385.418452,10324768.601618,5106675.162692,21920829.182762,-0.009453,0.283593,0.493468,0.222940,0.296037,0.471003,0.232960,10000.000000,0.000000,10.000000
2007-02,10000.000000,2890000.000000,6565111.476127,10364238.945834,5359104.711158,22288455.133119,0.016307,0.261332,0.519778,0.218890,0.294552,0.465005,0.240443,10000.000000,0.000000,10.000000
2007-03,10000.000000,2900000.000000,5653355.459500,11720707.450673,4782314.483712,22156377.393886,-0.006372,0.261332,0.519778,0.218890,0.255157,0.528999,0.215844,1226009.020867,1216009.020867,2442.018042
2007-04,10000.000000,2910000.000000,5657493.249824,11173238.479248,4759808.878842,21590540.607914,-0.025978,0.261332,0.519778,0.218890,0.262036,0.517506,0.220458,10000.000000,0.000000,10.000000
2007-05,10000.000000,2920000.000000,5647659.722360,10789009.230694,4514442.782203,20951111.735257,-0.030065,0.261332,0.519778,0.218890,0.269564,0.514961,0.215475,10000.000000,0.000000,10.000000
2007-06,10000.000000,2930000.000000,5670195.132911,10552100.326602,4446420.663651,20668716.123164,-0.013949,0.261332,0.519778,0.218890,0.274337,0.510535,0.215128,10000.000000,0.000000,10.000000
2007-07,10000.000000,2940000.000000,5658279.543461,10602476.023765,4475164.184795,20735919.752022,0.002766,0.261332,0.519778,0.218890,0.272873,0.511310,0.215817,10000.000000,0.000000,10.000000
2007-08,10000.000000,2950000.000000,5475116.980939,11039383.586142,4522896.719423,21037397.286504,0.014050,0.261332,0.519778,0.218890,0.260256,0.524750,0.214993,10000.000000,0.000000,10.000000
2007-09,10000.000000,2960000.000000,5575666.149140,11074139.025258,4797232.104161,21447037.278559,0.018988,0.261332,0.519778,0.218890,0.259974,0.516348,0.223678,10000.000000,0.000000,10.000000
2007-10,10000.000000,2970000.000000,5629955.072776,10890854.894406,4977722.380105,21498532.347288,0.001934,0.261332,0.519778,0.218890,0.261876,0.506586,0.231538,10000.000000,0.000000,10.000000
2007-11,10000.000000,2980000.000000,5353995.493879,11264671.466654,5308644.869043,21927311.829576,0.019470,0.261332,0.519778,0.218890,0.244170,0.513728,0.242102,10000.000000,0.000000,10.000000
2007-12,10000.000000,2990000.000000,5434376.603094,11365769.822935,5295378.912141,22095525.338170,0.007212,0.261332,0.519778,0.218890,0.245949,0.514392,0.239658,10000.000000,0.000000,10.000000
2008-01,10000.000000,3000000.000000,5066786.512595,11711737.189753,5853088.589738,22631612.292086,0.023799,0.261332,0.519778,0.218890,0.223881,0.517495,0.258624,10000.000000,0.000000,10.000000
2008-02,10000.000000,3010000.000000,5049041.928873,11869672.335969,6126211.366351,23044925.631193,0.017813,0.268609,0.486076,0.245315,0.219096,0.515067,0.265838,10000.000000,0.000000,10.000000
2008-03,10000.000000,3020000.000000,4984726.993965,12277896.852824,6508326.566488,23770950.413277,0.031057,0.268609,0.486076,0.245315,0.209698,0.516508,0.273793,10000.000000,0.000000,10.000000
2008-04,10000.000000,3030000.000000,6628490.557818,11378984.251590,5459263.531499,23466738.340907,-0.013213,0.268609,0.486076,0.245315,0.282463,0.484898,0.232638,1403049.484451,1393049.484451,2796.098969
2008-05,10000.000000,3040000.000000,7144520.011882,11800752.900825,5614110.621539,24559383.534247,0.046116,0.268609,0.486076,0.245315,0.290908,0.480499,0.228593,10000.000000,0.000000,10.000000
2008-06,10000.000000,3050000.000000,6965133.425882,11842472.647328,5723458.674330,24531064.747540,-0.001560,0.268609,0.486076,0.245315,0.283931,0.482754,0.233315,10000.000000,0.000000,10.000000
2008-07,10000.000000,3060000.000000,6532486.764982,11954746.464202,6051401.873961,24538635.103145,-0.000099,0.268609,0.486076,0.245315,0.266212,0.487181,0.246607,10000.000000,0.000000,10.000000
2008-08,10000.000000,3070000.000000,6712323.585011,12169371.884428,5426872.055093,24308567.524531,-0.009779,0.268609,0.486076,0.245315,0.276130,0.500621,0.223249,10000.000000,0.000000,10.000000
2008-09,10000.000000,3080000.000000,6777591.701040,13168428.943285,5707523.723259,25653544.367585,0.054895,0.268609,0.486076,0.245315,0.264197,0.513318,0.222485,10000.000000,0.000000,10.000000
2008-10,10000.000000,3090000.000000,5776909.834123,13965799.790986,5934106.302398,25676815.927506,0.000517,0.268609,0.486076,0.245315,0.224985,0.543907,0.231108,10000.000000,0.000000,10.000000
2008-11,10000.000000,3100000.000000,6335870.124488,12876539.064594,5970356.059804,25182765.248886,-0.019623,0.268609,0.486076,0.245315,0.251595,0.511323,0.237081,1490054.556019,1480054.556019,2970.109112
2008-12,10000.000000,3110000.000000,6276523.558764,14069681.572961,6360977.416542,26707182.548268,0.060113,0.268609,0.486076,0.245315,0.235013,0.526813,0.238175,10000.000000,0.000000,10.000000
2009-01,10000.000000,3120000.000000,6239771.411538,14028940.795086,6723755.280810,26992467.487434,0.010304,0.268609,0.486076,0.245315,0.231167,0.519735,0.249097,10000.000000,0.000000,10.000000
2009-02,10000.000000,3130000.000000,5887163.804691,13792873.169112,7473379.435060,27153416.408862,0.005590,0.227348,0.520346,0.252306,0.216811,0.507961,0.275228,10000.000000,0.000000,10.000000
2009-03,10000.000000,3140000.000000,5768848.570224,14421067.362606,7602443.020129,27792358.952959,0.023154,0.227348,0.520346,0.252306,0.207570,0.518886,0.273544,10000.000000,0.000000,10.000000
2009-04,10000.000000,3150000.000000,6342340.233134,13994152.355822,7156046.278928,27492538.867884,-0.011144,0.227348,0.520346,0.252306,0.230693,0.509016,0.260290,10000.000000,0.000000,10.000000
2009-05,10000.000000,3160000.000000,6567669.143147,13218099.659486,7252032.270676,27037801.073310,-0.016898,0.227348,0.520346,0.252306,0.242907,0.488875,0.268218,10000.000000,0.000000,10.000000
2009-06,10000.000000,3170000.000000,6639596.851665,12575599.416795,7257410.087799,26472606.356259,-0.021266,0.227348,0.520346,0.252306,0.250810,0.475042,0.274148,10000.000000,0.000000,10.000000
2009-07,10000.000000,3180000.000000,6821580.778590,12976439.551560,7268873.905815,27066894.235965,0.022063,0.227348,0.520346,0.252306,0.252027,0.479421,0.268552,10000.000000,0.000000,10.000000
2009-08,10000.000000,3190000.000000,7357271.069827,12960511.104503,7367313.834990,27685096.009320,0.022462,0.227348,0.520346,0.252306,0.265748,0.468140,0.266111,10000.000000,0.000000,10.000000
2009-09,10000.000000,3200000.000000,6532318.048393,14696639.193985,7344851.324464,28573808.566842,0.031728,0.227348,0.520346,0.252306,0.228612,0.514340,0.257048,1450532.038268,1440532.038268,2891.064077
2009-10,10000.000000,3210000.000000,6462127.336661,14259334.127355,7425844.368318,28147305.832334,-0.015271,0.227348,0.520346,0.252306,0.229582,0.506597,0.263821,10000.000000,0.000000,10.000000
2009-11,10000.000000,3220000.000000,6580224.189442,14260353.937043,8002930.105188,28843508.231673,0.024370,0.227348,0.520346,0.252306,0.228135,0.494404,0.277460,10000.000000,0.000000,10.000000
2009-12,10000.000000,3230000.000000,6726225.649253,14085261.851314,8059181.748433,28870669.249000,0.000595,0.227348,0.520346,0.252306,0.232978,0.487874,0.279148,10000.000000,0.000000,10.000000
2010-01,10000.000000,3240000.000000,6724759.223252,13784996.825790,7830483.636633,28340239.685675,-0.018713,0.227348,0.520346,0.252306,0.237287,0.486411,0.276303,10000.000000,0.000000,10.000000
2010-02,10000.000000,3250000.000000,6584402.110106,13987792.905366,7741894.083526,28314089.098998,-0.001275,0.239753,0.449047,0.311200,0.232549,0.494022,0.273429,10000.000000,0.000000,10.000000
2010-03,10000.000000,3260000.000000,6853430.051829,13736257.465498,7737688.744612,28327376.261939,0.000116,0.239753,0.449047,0.311200,0.241937,0.484911,0.273152,10000.000000,0.000000,10.000000
2010-04,10000.000000,3270000.000000,6975556.399085,13341868.734017,7821094.405751,28138519.538853,-0.007017,0.239753,0.449047,0.311200,0.247901,0.474150,0.277950,10000.000000,0.000000,10.000000
2010-05,10000.000000,3280000.000000,6760951.841647,14277040.337060,8457609.103287,29495601.281994,0.047856,0.239753,0.449047,0.311200,0.229219,0.484040,0.286741,10000.000000,0.000000,10.000000
2010-06,10000.000000,3290000.000000,6628241.872400,14815189.791266,8799288.175060,30242719.838726,0.024982,0.239753,0.449047,0.311200,0.219168,0.489876,0.290956,10000.000000,0.000000,10.000000
2010-07,10000.000000,3300000.000000,6660242.517019,15179988.673489,8566881.882875,30407113.073384,0.005103,0.239753,0.449047,0.311200,0.219036,0.499225,0.281739,10000.000000,0.000000,10.000000
2010-08,10000.000000,3310000.000000,7307467.951302,13967246.530769,9585177.572857,30859892.054928,0.014557,0.239753,0.449047,0.311200,0.236795,0.452602,0.310603,1531269.349617,1521269.349617,3052.538699
2010-09,10000.000000,3320000.000000,7466576.025895,13881408.974243,9893932.497071,31241917.497208,0.012051,0.239753,0.449047,0.311200,0.238992,0.444320,0.316688,10000.000000,0.000000,10.000000
2010-10,10000.000000,3330000.000000,7551292.389029,13588472.136282,10100720.765129,31240485.290441,-0.000366,0.239753,0.449047,0.311200,0.241715,0.434964,0.323322,10000.000000,0.000000,10.000000
2010-11,10000.000000,3340000.000000,7840154.829393,13543328.989634,10445720.570212,31829204.389240,0.018519,0.239753,0.449047,0.311200,0.246320,0.425500,0.328180,10000.000000,0.000000,10.000000
2010-12,10000.000000,3350000.000000,8161808.651699,13029558.260461,10645607.580062,31836974.492222,-0.000070,0.239753,0.449047,0.311200,0.256363,0.409259,0.334379,10000.000000,0.000000,10.000000
2011-01,10000.000000,3360000.000000,8495873.709180,13045324.559924,10471820.496776,32013018.765880,0.005214,0.239753,0.449047,0.311200,0.265388,0.407501,0.327111,10000.000000,0.000000,10.000000
2011-02,10000.000000,3370000.000000,8765795.900715,12878076.738040,10597141.168822,32241013.807577,0.006807,0.270477,0.368525,0.360998,0.271883,0.399432,0.328685,10000.000000,0.000000,10.000000
2011-03,10000.000000,3380000.000000,8579415.852311,12965104.949846,10864890.269656,32409411.071813,0.004911,0.270477,0.368525,0.360998,0.264720,0.400041,0.335239,10000.000000,0.000000,10.000000
2011-04,10000.000000,3390000.000000,8652064.564749,12771114.776525,11161697.429730,32584876.771004,0.005104,0.270477,0.368525,0.360998,0.265524,0.391934,0.342542,10000.000000,0.000000,10.000000
2011-05,10000.000000,3400000.000000,8829504.982167,13299099.487363,11565807.880026,33694412.349556,0.033733,0.270477,0.368525,0.360998,0.262047,0.394697,0.343256,10000.000000,0.000000,10.000000
2011-06,10000.000000,3410000.000000,8491883.670276,13499350.928387,11671124.521416,33662359.120079,-0.001248,0.270477,0.368525,0.360998,0.252266,0.401022,0.346711,10000.000000,0.000000,10.000000
2011-07,10000.000000,3420000.000000,8679928.840309,13407793.538589,11900297.790302,33988020.169199,0.009374,0.270477,0.368525,0.360998,0.255382,0.394486,0.350132,10000.000000,0.000000,10.000000
2011-08,10000.000000,3430000.000000,7943190.156883,14564184.095559,13587254.232382,36094628.484824,0.061669,0.270477,0.368525,0.360998,0.220066,0.403500,0.376434,10000.000000,0.000000,10.000000
2011-09,10000.000000,3440000.000000,10195588.072346,14430486.446415,13817391.415601,38443465.934362,0.064779,0.270477,0.368525,0.360998,0.265210,0.375369,0.359421,1822276.021098,1812276.021098,3634.552042
2011-10,10000.000000,3450000.000000,10844368.544312,14687456.833280,13404883.303644,38936708.681237,0.012567,0.270477,0.368525,0.360998,0.278513,0.377214,0.344274,10000.000000,0.000000,10.000000
2011-11,10000.000000,3460000.000000,11367177.621593,15344875.358010,14422892.578529,41134945.558132,0.056185,0.270477,0.368525,0.360998,0.276339,0.373037,0.350624,10000.000000,0.000000,10.000000
2011-12,10000.000000,3470000.000000,11932032.511965,15930011.480405,14068868.804384,41930912.796754,0.019102,0.270477,0.368525,0.360998,0.284564,0.379911,0.335525,10000.000000,0.000000,10.000000
2012-01,10000.000000,3480000.000000,12173091.269162,15549563.574833,13824736.857830,41547391.701825,-0.009383,0.270477,0.368525,0.360998,0.292993,0.374261,0.332746,10000.000000,0.000000,10.000000
2012-02,10000.000000,3490000.000000,12235082.020493,15019194.979850,14067018.472828,41321295.473171,-0.005681,0.325261,0.332937,0.341802,0.296096,0.363473,0.340430,10000.000000,0.000000,10.000000
2012-03,10000.000000,3500000.000000,12900564.875938,15132369.363534,13836044.283678,41868978.523150,0.013009,0.325261,0.332937,0.341802,0.308117,0.361422,0.330461,10000.000000,0.000000,10.000000
2012-04,10000.000000,3510000.000000,13241452.385872,15725489.721058,13975722.465129,42942664.572059,0.025399,0.325261,0.332937,0.341802,0.308352,0.366197,0.325451,10000.000000,0.000000,10.000000
2012-05,10000.000000,3520000.000000,13493073.619051,16931066.453040,14160368.148605,44584508.220696,0.037992,0.325261,0.332937,0.341802,0.302640,0.379752,0.317607,10000.000000,0.000000,10.000000
2012-06,10000.000000,3530000.000000,13737970.249034,17745645.032884,14677351.065992,46160966.347910,0.035127,0.325261,0.332937,0.341802,0.297610,0.384430,0.317960,10000.000000,0.000000,10.000000
2012-07,10000.000000,3540000.000000,15311698.707874,15374462.899501,15584805.673675,46270967.281050,0.002166,0.325261,0.332937,0.341802,0.330914,0.332270,0.336816,2383602.440053,2373602.440053,4757.204880
2012-08,10000.000000,3550000.000000,15850031.948387,15204292.425752,15965467.496040,47019791.870179,0.015964,0.325261,0.332937,0.341802,0.337093,0.323359,0.339548,10000.000000,0.000000,10.000000
2012-09,10000.000000,3560000.000000,15992410.969897,14865618.495242,16741703.702462,47599733.167600,0.012119,0.325261,0.332937,0.341802,0.335977,0.312305,0.351718,10000.000000,0.000000,10.000000
2012-10,10000.000000,3570000.000000,15590523.685068,14514649.340898,16375249.146661,46480422.172626,-0.023720,0.325261,0.332937,0.341802,0.335421,0.312274,0.352304,10000.000000,0.000000,10.000000
2012-11,10000.000000,3580000.000000,15628834.347101,15143976.840860,16653109.471011,47425920.658972,0.020122,0.325261,0.332937,0.341802,0.329542,0.319319,0.351139,10000.000000,0.000000,10.000000
2012-12,10000.000000,3590000.000000,15928762.698795,15040633.591925,16254388.138246,47223784.428966,-0.004472,0.325261,0.332937,0.341802,0.337304,0.318497,0.344199,10000.000000,0.000000,10.000000
2013-01,10000.000000,3600000.000000,16481678.420212,14701654.598932,16005607.925774,47188940.944919,-0.000949,0.325261,0.332937,0.341802,0.349270,0.311549,0.339181,10000.000000,0.000000,10.000000
2013-02,10000.000000,3610000.000000,19161228.490534,13246758.549721,14404905.285752,46812892.326007,-0.008179,0.399857,0.284214,0.315929,0.409315,0.282972,0.307712,2391151.075729,2381151.075729,4772.302151
2013-03,10000.000000,3620000.000000,19907846.297240,13445689.212971,14264868.962874,47618404.473085,0.016990,0.399857,0.284214,0.315929,0.418070,0.282363,0.299566,10000.000000,0.000000,10.000000
2013-04,10000.000000,3630000.000000,20160408.729711,13687408.078293,13308660.992074,47156477.800078,-0.009909,0.399857,0.284214,0.315929,0.427522,0.290255,0.282223,10000.000000,0.000000,10.000000
2013-05,10000.000000,3640000.000000,21339086.332364,13662605.925037,12810281.922742,47811974.180144,0.013685,0.399857,0.284214,0.315929,0.446313,0.285757,0.267930,10000.000000,0.000000,10.000000
2013-06,10000.000000,3650000.000000,22404941.055389,14056988.997862,12929267.897218,49391197.950469,0.032814,0.399857,0.284214,0.315929,0.453622,0.284605,0.261773,10000.000000,0.000000,10.000000
2013-07,10000.000000,3660000.000000,20875223.671884,14047664.668649,15295790.706309,50218679.046842,0.016548,0.399857,0.284214,0.315929,0.415686,0.279730,0.304584,2678003.171792,2668003.171792,5346.006344
2013-08,10000.000000,3670000.000000,21996028.421847,14595387.478328,16909411.984756,53500827.884930,0.065145,0.399857,0.284214,0.315929,0.411134,0.272807,0.316059,10000.000000,0.000000,10.000000
2013-09,10000.000000,3680000.000000,22554963.085443,14744705.660075,17096744.783245,54396413.528763,0.016550,0.399857,0.284214,0.315929,0.414641,0.271060,0.314299,10000.000000,0.000000,10.000000
2013-10,10000.000000,3690000.000000,22293588.015712,14549252.750140,16156731.498838,52999572.264690,-0.025858,0.399857,0.284214,0.315929,0.420637,0.274516,0.304846,10000.000000,0.000000,10.000000
2013-11,10000.000000,3700000.000000,23496883.117387,14673998.435387,15890725.536050,54061607.088825,0.019846,0.399857,0.284214,0.315929,0.434632,0.271431,0.293937,10000.000000,0.000000,10.000000
2013-12,10000.000000,3710000.000000,23584696.006597,14320887.022309,15052141.031216,52957724.060122,-0.020600,0.399857,0.284214,0.315929,0.445350,0.270421,0.284229,10000.000000,0.000000,10.000000
2014-01,10000.000000,3720000.000000,23926480.432249,14476397.289616,15403305.998669,53806183.720534,0.015830,0.399857,0.284214,0.315929,0.444679,0.269047,0.286274,10000.000000,0.000000,10.000000
2014-02,10000.000000,3730000.000000,22272343.797778,17667645.675819,14796574.472185,54736563.945782,0.017102,0.414053,0.323063,0.262883,0.406901,0.322776,0.270323,2909638.197254,2899638.197254,5809.276395
2014-03,10000.000000,3740000.000000,22440510.898311,17346473.585143,14908723.864828,54695708.348283,-0.000929,0.414053,0.323063,0.262883,0.410279,0.317145,0.272576,10000.000000,0.000000,10.000000
2014-04,10000.000000,3750000.000000,22267856.880582,17235181.506800,14341790.778888,53844829.166269,-0.015737,0.414053,0.323063,0.262883,0.413556,0.320090,0.266354,10000.000000,0.000000,10.000000
2014-05,10000.000000,3760000.000000,22212671.242221,17199656.059290,13991679.682969,53404006.984479,-0.008371,0.414053,0.323063,0.262883,0.415936,0.322067,0.261997,10000.000000,0.000000,10.000000
2014-06,10000.000000,3770000.000000,23097577.980433,17312957.808253,13993767.967014,54404303.755700,0.018540,0.414053,0.323063,0.262883,0.424554,0.318228,0.257218,10000.000000,0.000000,10.000000
2014-07,10000.000000,3780000.000000,23583919.019958,17550486.385137,14435615.436759,55570020.841854,0.021239,0.414053,0.323063,0.262883,0.424400,0.315827,0.259773,10000.000000,0.000000,10.000000
2014-08,10000.000000,3790000.000000,23787315.900587,18009624.744795,14447107.602154,56244048.247536,0.011947,0.414053,0.323063,0.262883,0.422930,0.320205,0.256865,10000.000000,0.000000,10.000000
2014-09,10000.000000,3800000.000000,24219723.608310,17883363.066914,13811902.277446,55914988.952670,-0.006027,0.414053,0.323063,0.262883,0.433153,0.319831,0.247016,10000.000000,0.000000,10.000000
2014-10,10000.000000,3810000.000000,23760392.059263,18426564.625620,13757791.357996,55944748.042879,0.000353,0.414053,0.323063,0.262883,0.424712,0.329371,0.245917,10000.000000,0.000000,10.000000
2014-11,10000.000000,3820000.000000,25245404.685491,18508000.100028,13306427.124928,57059831.910447,0.019750,0.414053,0.323063,0.262883,0.442437,0.324361,0.233201,10000.000000,0.000000,10.000000
2014-12,10000.000000,3830000.000000,25827308.505106,19051951.326530,13837110.850003,58716370.681640,0.028851,0.414053,0.323063,0.262883,0.439866,0.324474,0.235660,10000.000000,0.000000,10.000000
2015-01,10000.000000,3840000.000000,25305556.406009,19472551.271972,14290849.192118,59068956.870099,0.005834,0.414053,0.323063,0.262883,0.428407,0.329658,0.241935,10000.000000,0.000000,10.000000
2015-02,10000.000000,3850000.000000,25962616.097694,19292372.525380,13987820.622011,59242809.245086,0.002773,0.409629,0.343442,0.246929,0.438241,0.325649,0.236110,10000.000000,0.000000,10.000000
2015-03,10000.000000,3860000.000000,26182319.019542,19378925.925253,13550521.368032,59111766.312827,-0.002380,0.409629,0.343442,0.246929,0.442929,0.327835,0.229236,10000.000000,0.000000,10.000000
2015-04,10000.000000,3870000.000000,26480319.601090,19641111.877741,13821284.863894,59942716.342725,0.013886,0.409629,0.343442,0.246929,0.441760,0.327665,0.230575,10000.000000,0.000000,10.000000
2015-05,10000.000000,3880000.000000,27197816.271541,19554407.003700,14063337.246696,60815560.521937,0.014392,0.409629,0.343442,0.246929,0.447218,0.321536,0.231246,10000.000000,0.000000,10.000000
2015-06,10000.000000,3890000.000000,27107373.364320,19340800.361838,13882394.966851,60330568.693009,-0.008138,0.409629,0.343442,0.246929,0.449314,0.320580,0.230105,10000.000000,0.000000,10.000000
2015-07,10000.000000,3900000.000000,27010871.518067,19399007.603070,13215565.226469,59625444.347606,-0.011851,0.409629,0.343442,0.246929,0.453009,0.325348,0.221643,10000.000000,0.000000,10.000000
2015-08,10000.000000,3910000.000000,26974510.091659,20161395.337992,13411691.620039,60547597.049690,0.015295,0.409629,0.343442,0.246929,0.445509,0.332984,0.221507,10000.000000,0.000000,10.000000
2015-09,10000.000000,3920000.000000,26181976.588760,20532694.235238,13724646.270158,60439317.094157,-0.001953,0.409629,0.343442,0.246929,0.433194,0.339724,0.227081,10000.000000,0.000000,10.000000
2015-10,10000.000000,3930000.000000,26841503.731472,20396914.020678,13904224.560655,61142642.312805,0.011470,0.409629,0.343442,0.246929,0.438998,0.333596,0.227406,10000.000000,0.000000,10.000000
2015-11,10000.000000,3940000.000000,28084859.058773,20424637.800500,13249927.356805,61759424.216077,0.009922,0.409629,0.343442,0.246929,0.454746,0.330713,0.214541,10000.000000,0.000000,10.000000
2015-12,10000.000000,3950000.000000,27944132.820879,20626864.093453,13214967.603505,61785964.517836,0.000268,0.409629,0.343442,0.246929,0.452273,0.333844,0.213883,10000.000000,0.000000,10.000000
2016-01,10000.000000,3960000.000000,26476949.786675,21205152.849705,13661645.788880,61343748.425260,-0.007318,0.409629,0.343442,0.246929,0.431616,0.345677,0.222706,10000.000000,0.000000,10.000000
2016-02,10000.000000,3970000.000000,26685764.374298,22141616.663018,15131724.936920,63959105.974237,0.042465,0.406892,0.376213,0.216895,0.417232,0.346184,0.236584,10000.000000,0.000000,10.000000
2016-03,10000.000000,3980000.000000,27822762.522448,21530978.826708,15388903.598029,64742644.947186,0.012092,0.406892,0.376213,0.216895,0.429744,0.332563,0.237693,10000.000000,0.000000,10.000000
2016-04,10000.000000,3990000.000000,28409892.710998,21578329.705667,15244181.532151,65232403.948816,0.007409,0.406892,0.376213,0.216895,0.435518,0.330792,0.233690,10000.000000,0.000000,10.000000
2016-05,10000.000000,4000000.000000,28522811.128428,21773096.564689,15586341.657532,65882249.350649,0.009807,0.406892,0.376213,0.216895,0.432936,0.330485,0.236579,10000.000000,0.000000,10.000000
2016-06,10000.000000,4010000.000000,28989042.311039,22278126.469493,15860400.130412,67127568.910944,0.018748,0.406892,0.376213,0.216895,0.431850,0.331877,0.236273,10000.000000,0.000000,10.000000
2016-07,10000.000000,4020000.000000,29897077.574214,22568981.361564,16592055.363515,69058114.299293,0.028606,0.406892,0.376213,0.216895,0.432926,0.326811,0.240262,10000.000000,0.000000,10.000000
2016-08,10000.000000,4030000.000000,30140960.115431,22397977.778813,16566264.928847,69105202.823091,0.000537,0.406892,0.376213,0.216895,0.436161,0.324114,0.239725,10000.000000,0.000000,10.000000
2016-09,10000.000000,4040000.000000,27916778.630975,25793775.211342,14801642.129776,68512195.972094,-0.008725,0.406892,0.376213,0.216895,0.407472,0.376484,0.216044,3604075.535410,3594075.535410,7198.151071
2016-10,10000.000000,4050000.000000,27787053.680520,25535504.861990,14147806.852141,67470365.394652,-0.015350,0.406892,0.376213,0.216895,0.411841,0.378470,0.209689,10000.000000,0.000000,10.000000
2016-11,10000.000000,4060000.000000,28499179.403361,25042547.422324,14019882.534881,67561609.360566,0.001204,0.406892,0.376213,0.216895,0.421825,0.370662,0.207513,10000.000000,0.000000,10.000000
2016-12,10000.000000,4070000.000000,29696313.248537,24384426.670672,13140555.997499,67221295.916709,-0.005184,0.406892,0.376213,0.216895,0.441769,0.362749,0.195482,10000.000000,0.000000,10.000000
2017-01,10000.000000,4080000.000000,30230833.481575,24654911.718863,13592763.473847,68478508.674285,0.018551,0.406892,0.376213,0.216895,0.441465,0.360039,0.198497,10000.000000,0.000000,10.000000
2017-02,10000.000000,4090000.000000,30519915.300540,24335904.673126,13859629.234262,68715449.207929,0.003314,0.418529,0.350238,0.231233,0.444149,0.354155,0.201696,10000.000000,0.000000,10.000000
2017-03,10000.000000,4100000.000000,30510489.973610,23832921.130238,13593846.322501,67937257.426349,-0.011469,0.418529,0.350238,0.231233,0.449098,0.350808,0.200094,10000.000000,0.000000,10.000000
2017-04,10000.000000,4110000.000000,29877893.891684,23794262.775255,13732525.804578,67404682.471516,-0.007985,0.418529,0.350238,0.231233,0.443261,0.353006,0.203733,10000.000000,0.000000,10.000000
2017-05,10000.000000,4120000.000000,30328686.757117,23796829.263659,13490350.378917,67615866.399693,0.002984,0.418529,0.350238,0.231233,0.448544,0.351941,0.199515,10000.000000,0.000000,10.000000
2017-06,10000.000000,4130000.000000,30881201.410660,24085356.307713,13658119.933954,68624677.652327,0.014770,0.418529,0.350238,0.231233,0.450001,0.350972,0.199026,10000.000000,0.000000,10.000000
2017-07,10000.000000,4140000.000000,31174557.164728,23844401.483985,13413581.912646,68432540.561359,-0.002945,0.418529,0.350238,0.231233,0.455552,0.348437,0.196012,10000.000000,0.000000,10.000000
2017-08,10000.000000,4150000.000000,31030746.580907,23952793.368764,13823763.153262,68807303.102933,0.005329,0.418529,0.350238,0.231233,0.450980,0.348114,0.200905,10000.000000,0.000000,10.000000
2017-09,10000.000000,4160000.000000,31794856.407752,24210003.776291,14280104.418259,70284964.602302,0.021327,0.418529,0.350238,0.231233,0.452371,0.344455,0.203174,10000.000000,0.000000,10.000000
2017-10,10000.000000,4170000.000000,32947161.860539,24122413.674497,14039166.311231,71108741.846267,0.011577,0.418529,0.350238,0.231233,0.463335,0.339233,0.197432,10000.000000,0.000000,10.000000
2017-11,10000.000000,4180000.000000,33371958.434315,24122049.549861,14027072.592753,71521080.576929,0.005657,0.418529,0.350238,0.231233,0.466603,0.337272,0.196125,10000.000000,0.000000,10.000000
2017-12,10000.000000,4190000.000000,34017062.668889,23843791.982445,13709493.573615,71570348.224949,0.000549,0.418529,0.350238,0.231233,0.475295,0.333152,0.191553,10000.000000,0.000000,10.000000
2018-01,10000.000000,4200000.000000,31118420.917601,24494189.575905,17264569.397809,72877179.891315,0.018117,0.418529,0.350238,0.231233,0.426998,0.336102,0.236900,4068605.379065,4058605.379065,8127.210758
2018-02,10000.000000,4210000.000000,30597642.541067,24258714.618795,17477453.988136,72333811.147998,-0.007592,0.438804,0.348109,0.213087,0.423006,0.335372,0.241622,10000.000000,0.000000,10.000000
2018-03,10000.000000,4220000.000000,30915478.720604,24595422.507434,17564874.658885,73075775.886923,0.010118,0.438804,0.348109,0.213087,0.423061,0.336574,0.240365,10000.000000,0.000000,10.000000
2018-04,10000.000000,4230000.000000,30700014.262092,24831796.484342,17868138.908788,73399949.655222,0.004299,0.438804,0.348109,0.213087,0.418257,0.338308,0.243435,10000.000000,0.000000,10.000000
2018-05,10000.000000,4240000.000000,32184952.504846,25351228.924827,17927689.544186,75463870.973860,0.027979,0.438804,0.348109,0.213087,0.426495,0.335939,0.237567,10000.000000,0.000000,10.000000
2018-06,10000.000000,4250000.000000,33006473.654090,25677162.372348,17711910.243179,76395546.269617,0.012212,0.438804,0.348109,0.213087,0.432047,0.336108,0.231845,10000.000000,0.000000,10.000000
2018-07,10000.000000,4260000.000000,33975433.582806,26130982.296035,17330256.161042,77436672.039883,0.013495,0.438804,0.348109,0.213087,0.438751,0.337450,0.223799,10000.000000,0.000000,10.000000
2018-08,10000.000000,4270000.000000,35287100.273543,26564348.980697,17057803.095084,78909252.349324,0.018885,0.438804,0.348109,0.213087,0.447186,0.336644,0.216170,10000.000000,0.000000,10.000000
2018-09,10000.000000,4280000.000000,37243364.050206,27392071.977358,17647123.222105,82282559.249669,0.042617,0.438804,0.348109,0.213087,0.452628,0.332903,0.214470,10000.000000,0.000000,10.000000
2018-10,10000.000000,4290000.000000,36445526.317809,27604271.526299,18215237.317118,82265035.161226,-0.000334,0.438804,0.348109,0.213087,0.443026,0.335553,0.221421,10000.000000,0.000000,10.000000
2018-11,10000.000000,4300000.000000,34804473.702460,27069108.116179,17851569.209405,79725151.028045,-0.030992,0.438804,0.348109,0.213087,0.436556,0.339530,0.223914,10000.000000,0.000000,10.000000
2018-12,10000.000000,4310000.000000,32455830.913596,27471287.496724,18045032.792044,77972151.202363,-0.022111,0.438804,0.348109,0.213087,0.416249,0.352322,0.231429,10000.000000,0.000000,10.000000
2019-01,10000.000000,4320000.000000,32971914.122148,27772706.868392,18618929.574764,79363550.565304,0.017714,0.438804,0.348109,0.213087,0.415454,0.349943,0.234603,10000.000000,0.000000,10.000000
2019-02,10000.000000,4330000.000000,41691440.462523,21468077.872684,19536029.157010,82695547.492217,0.041853,0.493172,0.267452,0.239376,0.504156,0.259604,0.236240,6554113.235280,6544113.235280,13098.226471
2019-03,10000.000000,4340000.000000,41497704.493286,21214569.902605,18801899.308978,81514173.704869,-0.014405,0.493172,0.267452,0.239376,0.509086,0.260256,0.230658,10000.000000,0.000000,10.000000
2019-04,10000.000000,4350000.000000,42991524.456670,21313170.521055,18568406.345824,82873101.323549,0.016546,0.493172,0.267452,0.239376,0.518763,0.257178,0.224058,10000.000000,0.000000,10.000000
2019-05,10000.000000,4360000.000000,42562251.099332,21722409.716721,18645940.049540,82930600.865593,0.000573,0.493172,0.267452,0.239376,0.513227,0.261935,0.224838,10000.000000,0.000000,10.000000
2019-06,10000.000000,4370000.000000,42916019.525558,22281626.006910,19631066.571712,84828712.104181,0.022765,0.493172,0.267452,0.239376,0.505914,0.262666,0.231420,10000.000000,0.000000,10.000000
2019-07,10000.000000,4380000.000000,44141856.775248,22134771.927477,20226651.039181,86503279.741906,0.019620,0.493172,0.267452,0.239376,0.510291,0.255884,0.233825,10000.000000,0.000000,10.000000
2019-08,10000.000000,4390000.000000,44282254.101962,23869549.338637,22240902.921290,90392706.361888,0.044842,0.493172,0.267452,0.239376,0.489887,0.264065,0.246048,10000.000000,0.000000,10.000000
2019-09,10000.000000,4400000.000000,45731726.982412,23795789.386690,22442363.652870,91969880.021972,0.017335,0.493172,0.267452,0.239376,0.497247,0.258735,0.244019,10000.000000,0.000000,10.000000
2019-10,10000.000000,4410000.000000,45542256.858147,23716880.516871,22110557.859548,91369695.234566,-0.006634,0.493172,0.267452,0.239376,0.498439,0.259571,0.241990,10000.000000,0.000000,10.000000
2019-11,10000.000000,4420000.000000,47886709.162128,23707212.846666,21904381.364707,93498303.373501,0.023185,0.493172,0.267452,0.239376,0.512167,0.253558,0.234276,10000.000000,0.000000,10.000000
2019-12,10000.000000,4430000.000000,48837540.999847,23531751.029803,21922232.787568,94291524.817218,0.008376,0.493172,0.267452,0.239376,0.517942,0.249564,0.232494,10000.000000,0.000000,10.000000
2020-01,10000.000000,4440000.000000,50558581.815940,23829672.915811,23180371.294232,97568626.025983,0.034645,0.493172,0.267452,0.239376,0.518185,0.244235,0.237580,10000.000000,0.000000,10.000000
2020-02,10000.000000,4450000.000000,48104007.375498,33870226.324816,17212841.141163,99187074.841477,0.016484,0.490743,0.337406,0.171851,0.484983,0.341478,0.173539,9093907.654178,9083907.654178,18177.815308
2020-03,10000.000000,4460000.000000,40658324.053459,37452244.880969,17883093.085757,95993662.020185,-0.032293,0.490743,0.337406,0.171851,0.423552,0.390153,0.186295,10000.000000,0.000000,10.000000
2020-04,10000.000000,4470000.000000,50209027.403025,33781637.491136,17818050.859242,101808715.753402,0.060467,0.490743,0.337406,0.171851,0.493170,0.331815,0.175015,6454791.871135,6444791.871135,12899.583742
2020-05,10000.000000,4480000.000000,52808544.903352,33551373.963785,18045611.967102,104405530.834239,0.025406,0.490743,0.337406,0.171851,0.505802,0.321356,0.172842,10000.000000,0.000000,10.000000
2020-06,10000.000000,4490000.000000,56282783.053318,33409967.351392,18225952.834352,107918703.239062,0.033550,0.490743,0.337406,0.171851,0.521529,0.309585,0.168886,10000.000000,0.000000,10.000000
2020-07,10000.000000,4500000.000000,57640076.424027,33444608.306819,19237109.468427,110321794.199272,0.022173,0.490743,0.337406,0.171851,0.522472,0.303155,0.174373,10000.000000,0.000000,10.000000
2020-08,10000.000000,4510000.000000,60741471.891976,33214006.444423,20408452.713400,114363931.049800,0.036546,0.490743,0.337406,0.171851,0.531124,0.290424,0.178452,10000.000000,0.000000,10.000000
2020-09,10000.000000,4520000.000000,59516797.739402,32683197.828509,19642809.320745,111842804.888655,-0.022130,0.490743,0.337406,0.171851,0.532147,0.292224,0.175629,10000.000000,0.000000,10.000000
2020-10,10000.000000,4530000.000000,60578226.797757,32387624.690127,19428928.425872,112394779.913756,0.004845,0.490743,0.337406,0.171851,0.538977,0.288160,0.172863,10000.000000,0.000000,10.000000
2020-11,10000.000000,4540000.000000,63543926.374234,32464618.793893,19254076.265869,115262621.433996,0.025425,0.490743,0.337406,0.171851,0.551297,0.281658,0.167045,10000.000000,0.000000,10.000000
2020-12,10000.000000,4550000.000000,58486095.233472,38377742.286512,19559951.710510,116423789.230495,0.009986,0.490743,0.337406,0.171851,0.502355,0.329638,0.168006,6984705.343792,6974705.343792,13959.410688
2021-01,10000.000000,4560000.000000,59705361.430185,37612292.641575,19522136.659274,116839790.731033,0.003487,0.490743,0.337406,0.171851,0.511002,0.321913,0.167085,10000.000000,0.000000,10.000000
2021-02,10000.000000,4570000.000000,52077018.101869,44900378.973273,19281691.746514,116259088.821655,-0.005055,0.436729,0.392134,0.171137,0.447939,0.386210,0.165851,8683664.902815,8673664.902815,17357.329806
2021-03,10000.000000,4580000.000000,52515064.630651,43526141.263898,18329945.114126,114371151.008674,-0.016324,0.436729,0.392134,0.171137,0.459164,0.380569,0.160267,10000.000000,0.000000,10.000000
2021-04,10000.000000,4590000.000000,56976287.910849,44484867.003960,19221254.284192,120682409.199002,0.055090,0.436729,0.392134,0.171137,0.472118,0.368611,0.159271,10000.000000,0.000000,10.000000
2021-05,10000.000000,4600000.000000,56398587.550255,43847637.973816,19851871.344568,120098096.868640,-0.004924,0.436729,0.392134,0.171137,0.469604,0.365099,0.165297,10000.000000,0.000000,10.000000
2021-06,10000.000000,4610000.000000,57711179.220570,44542377.794756,19792660.355302,122046217.370628,0.016136,0.436729,0.392134,0.171137,0.472863,0.364963,0.162173,10000.000000,0.000000,10.000000
2021-07,10000.000000,4620000.000000,60258596.520249,46025221.210147,19758562.315106,126042380.045502,0.032658,0.436729,0.392134,0.171137,0.478082,0.365157,0.156761,10000.000000,0.000000,10.000000
2021-08,10000.000000,4630000.000000,61225493.871834,45990550.540056,19399787.719765,126615832.131655,0.004470,0.436729,0.392134,0.171137,0.483553,0.363229,0.153218,10000.000000,0.000000,10.000000
2021-09,10000.000000,4640000.000000,60777734.790261,45367541.615720,19169999.754205,125315276.160186,-0.010350,0.436729,0.392134,0.171137,0.484999,0.362027,0.152974,10000.000000,0.000000,10.000000
2021-10,10000.000000,4650000.000000,62117385.978464,45331231.071765,19530156.150098,126978773.200327,0.013194,0.436729,0.392134,0.171137,0.489195,0.356998,0.153806,10000.000000,0.000000,10.000000
2021-11,10000.000000,4660000.000000,57741553.737619,49652715.380960,22148792.865501,129543061.984080,0.020114,0.436729,0.392134,0.171137,0.445733,0.383291,0.170976,6667701.405653,6657701.405653,13325.402811
2021-12,10000.000000,4670000.000000,58608250.512756,50755989.687461,22028132.788478,131392372.988696,0.014197,0.436729,0.392134,0.171137,0.446055,0.386293,0.167652,10000.000000,0.000000,10.000000
2022-01,10000.000000,4680000.000000,56653901.926582,48842180.295609,22059182.082420,127555264.304612,-0.029277,0.436729,0.392134,0.171137,0.444152,0.382910,0.172938,10000.000000,0.000000,10.000000
2022-02,10000.000000,4690000.000000,55434665.466163,48531486.498087,22715435.390135,126681587.354384,-0.006927,0.458237,0.368718,0.173045,0.437591,0.383098,0.179311,10000.000000,0.000000,10.000000
2022-03,10000.000000,4700000.000000,55844057.814867,48523027.997812,24229424.061045,128596509.873723,0.015036,0.458237,0.368718,0.173045,0.434258,0.377328,0.188414,10000.000000,0.000000,10.000000
2022-04,10000.000000,4710000.000000,55907138.839889,46002797.544680,24087005.994787,125996942.379356,-0.020291,0.458237,0.368718,0.173045,0.443718,0.365110,0.191171,10000.000000,0.000000,10.000000
2022-05,10000.000000,4720000.000000,52271461.381204,46189328.708136,23331203.273452,121791993.362792,-0.033450,0.458237,0.368718,0.173045,0.429186,0.379248,0.191566,10000.000000,0.000000,10.000000
2022-06,10000.000000,4730000.000000,51040626.762020,45830169.658435,23418707.361763,120289503.782217,-0.012418,0.458237,0.368718,0.173045,0.424315,0.380999,0.194686,10000.000000,0.000000,10.000000
2022-07,10000.000000,4740000.000000,52274000.657436,47793769.845491,22517675.642146,122585446.145072,0.019002,0.458237,0.368718,0.173045,0.426429,0.389881,0.183690,10000.000000,0.000000,10.000000
2022-08,10000.000000,4750000.000000,55595514.669119,47858102.569150,22908972.880539,126362590.118809,0.030728,0.458237,0.368718,0.173045,0.439968,0.378736,0.181296,10000.000000,0.000000,10.000000
2022-09,10000.000000,4760000.000000,52043486.339610,45935776.306754,22023764.531145,120003027.177509,-0.050403,0.458237,0.368718,0.173045,0.433685,0.382788,0.183527,10000.000000,0.000000,10.000000
2022-10,10000.000000,4770000.000000,51725236.909062,45479214.080371,22354579.212874,119559030.202307,-0.003783,0.458237,0.368718,0.173045,0.432633,0.380391,0.186975,10000.000000,0.000000,10.000000
2022-11,10000.000000,4780000.000000,54065062.043145,45622897.748517,23002002.564646,122689962.356308,0.026102,0.458237,0.368718,0.173045,0.440664,0.371855,0.187481,10000.000000,0.000000,10.000000
2022-12,10000.000000,4790000.000000,54606164.466630,47243913.322165,24208273.450336,126058351.239131,0.027371,0.458237,0.368718,0.173045,0.433182,0.374778,0.192040,10000.000000,0.000000,10.000000
2023-01,10000.000000,4800000.000000,54875970.300446,47315413.231823,25327611.894515,127518995.426784,0.011507,0.458237,0.368718,0.173045,0.430336,0.371046,0.198618,10000.000000,0.000000,10.000000
2023-02,10000.000000,4810000.000000,57200590.232120,47095436.606576,25013783.598947,129309810.437643,0.013964,0.438423,0.389260,0.172318,0.442353,0.364206,0.193441,10000.000000,0.000000,10.000000
2023-03,10000.000000,4820000.000000,55497064.274640,47410650.732695,25691887.525834,128599602.533169,-0.005569,0.438423,0.389260,0.172318,0.431549,0.368669,0.199782,10000.000000,0.000000,10.000000
2023-04,10000.000000,4830000.000000,57508380.529684,48177984.081215,26763010.809182,132449375.420081,0.029856,0.438423,0.389260,0.172318,0.434191,0.363746,0.202062,10000.000000,0.000000,10.000000
2023-05,10000.000000,4840000.000000,58166727.595978,48078401.792150,26763011.732644,133008141.120772,0.004143,0.438423,0.389260,0.172318,0.437317,0.361470,0.201213,10000.000000,0.000000,10.000000
2023-06,10000.000000,4850000.000000,60988069.190775,47477852.329970,26081685.850986,134547607.371732,0.011498,0.438423,0.389260,0.172318,0.453282,0.352870,0.193847,10000.000000,0.000000,10.000000
2023-07,10000.000000,4860000.000000,63299056.118113,47015744.552906,26167189.844380,136481990.515398,0.014302,0.438423,0.389260,0.172318,0.463791,0.344483,0.191726,10000.000000,0.000000,10.000000
2023-08,10000.000000,4870000.000000,63170510.729696,46524291.052184,25943415.556291,135638217.338171,-0.006255,0.438423,0.389260,0.172318,0.465728,0.343003,0.191269,10000.000000,0.000000,10.000000
2023-09,10000.000000,4880000.000000,64281051.149980,46059678.838103,25983493.364044,136324223.352127,0.004984,0.438423,0.389260,0.172318,0.471531,0.337869,0.190601,10000.000000,0.000000,10.000000
2023-10,10000.000000,4890000.000000,56683534.399736,51606060.815170,23531711.641546,131821306.856452,-0.033102,0.438423,0.389260,0.172318,0.430003,0.391485,0.178512,7009733.613616,6999733.613616,14009.467227
2023-11,10000.000000,4900000.000000,59335503.594626,53071768.000224,24381446.723676,136788718.318526,0.037604,0.438423,0.389260,0.172318,0.433775,0.387984,0.178242,10000.000000,0.000000,10.000000
2023-12,10000.000000,4910000.000000,62406124.177955,55331650.713677,24893996.309422,142631771.201054,0.042640,0.438423,0.389260,0.172318,0.437533,0.387934,0.174533,10000.000000,0.000000,10.000000
2024-01,10000.000000,4920000.000000,63974101.526389,55249294.584504,24949635.131462,144173031.242355,0.010735,0.438423,0.389260,0.172318,0.443731,0.383215,0.173053,10000.000000,0.000000,10.000000
2024-02,10000.000000,4930000.000000,63813012.445170,49333386.479706,32845313.778638,145991712.703514,0.012544,0.424610,0.345871,0.229519,0.437100,0.337919,0.224981,8143063.244573,8133063.244573,16276.126489
2024-03,10000.000000,4940000.000000,65974470.797624,49556364.040990,35071836.697083,150602671.535697,0.031513,0.424610,0.345871,0.229519,0.438070,0.329054,0.232877,10000.000000,0.000000,10.000000
2024-04,10000.000000,4950000.000000,65615682.094713,48664839.850069,38054730.356218,152335252.301000,0.011437,0.424610,0.345871,0.229519,0.430732,0.319459,0.249809,10000.000000,0.000000,10.000000
2024-05,10000.000000,4960000.000000,67269767.661262,49085181.590732,38376865.696179,154731814.948173,0.015665,0.424610,0.345871,0.229519,0.434751,0.317227,0.248022,10000.000000,0.000000,10.000000
2024-06,10000.000000,4970000.000000,69730886.802272,49989774.066788,38001874.826495,157722535.695555,0.019263,0.424610,0.345871,0.229519,0.442111,0.316948,0.240941,10000.000000,0.000000,10.000000
2024-07,10000.000000,4980000.000000,71515631.764435,50498297.112591,39238989.172092,161252918.049118,0.022319,0.424610,0.345871,0.229519,0.443500,0.313162,0.243338,10000.000000,0.000000,10.000000
2024-08,10000.000000,4990000.000000,71088601.797676,52440470.583784,40560259.950266,164089332.331727,0.017527,0.424610,0.345871,0.229519,0.433231,0.319585,0.247184,10000.000000,0.000000,10.000000
2024-09,10000.000000,5000000.000000,72956293.258238,53207118.354558,42171233.435534,168334645.048330,0.025809,0.424610,0.345871,0.229519,0.433400,0.316079,0.250520,10000.000000,0.000000,10.000000
2024-10,10000.000000,5010000.000000,75464791.698608,51880001.647342,44235836.559581,171580629.905531,0.019222,0.424610,0.345871,0.229519,0.439821,0.302365,0.257814,10000.000000,0.000000,10.000000
2024-11,10000.000000,5020000.000000,77658611.303256,51189282.308675,43764505.151746,172612398.763677,0.005955,0.424610,0.345871,0.229519,0.449902,0.296556,0.253542,10000.000000,0.000000,10.000000
2024-12,10000.000000,5030000.000000,79416024.959416,51649481.773864,44044655.828231,175110162.561511,0.014412,0.424610,0.345871,0.229519,0.453520,0.294954,0.251525,10000.000000,0.000000,10.000000
2025-01,10000.000000,5040000.000000,75190046.706021,60549092.975880,41757880.097577,177497019.779479,0.013573,0.424610,0.345871,0.229519,0.423613,0.341127,0.235260,8919552.801898,8909552.801898,17829.105604
2025-02,10000.000000,5050000.000000,77969693.818325,49340393.719068,57215815.312369,184525902.849762,0.039541,0.430455,0.270538,0.299007,0.422541,0.267390,0.310069,12536613.717261,12526613.717261,25063.227435
2025-03,10000.000000,5060000.000000,73041453.509816,49885643.158943,58587797.610928,181514894.279687,-0.016371,0.430455,0.270538,0.299007,0.402399,0.274829,0.322771,10000.000000,0.000000,10.000000
2025-04,10000.000000,5070000.000000,68351493.088048,49516995.505292,62513301.984960,180381790.578300,-0.006297,0.430455,0.270538,0.299007,0.378927,0.274512,0.346561,10000.000000,0.000000,10.000000
2025-05,10000.000000,5080000.000000,83802689.696174,48241108.536934,55243711.651942,187287509.885050,0.038226,0.430455,0.270538,0.299007,0.447455,0.257578,0.294967,9298997.744812,9288997.744812,18587.995490
2025-06,10000.000000,5090000.000000,87715669.756473,48939536.437813,56394615.284166,193049821.478452,0.030712,0.430455,0.270538,0.299007,0.454368,0.253507,0.292125,10000.000000,0.000000,10.000000
2025-07,10000.000000,5100000.000000,92023588.540610,49254857.857550,56371751.173462,197650197.571621,0.023777,0.430455,0.270538,0.299007,0.465588,0.249202,0.285210,10000.000000,0.000000,10.000000
2025-08,10000.000000,5110000.000000,95309984.406578,50765224.403313,57770630.011093,203845838.820984,0.031294,0.430455,0.270538,0.299007,0.467559,0.249037,0.283404,10000.000000,0.000000,10.000000
2025-09,10000.000000,5120000.000000,98880897.743418,51967532.357504,63461307.871706,214309737.972628,0.051281,0.430455,0.270538,0.299007,0.461392,0.242488,0.296120,10000.000000,0.000000,10.000000
2025-10,10000.000000,5130000.000000,101343718.546082,52435856.594305,70253493.753190,224033068.893577,0.045322,0.430455,0.270538,0.299007,0.452361,0.234054,0.313585,10000.000000,0.000000,10.000000
2025-11,10000.000000,5140000.000000,102101715.345148,52778439.638170,71130328.649082,226010483.632401,0.008781,0.430455,0.270538,0.299007,0.451757,0.233522,0.314721,10000.000000,0.000000,10.000000
2025-12,10000.000000,5150000.000000,105327616.423421,53462437.958552,75999014.900290,234789069.282263,0.038796,0.430455,0.270538,0.299007,0.448605,0.227704,0.323691,10000.000000,0.000000,10.000000
2026-01,10000.000000,5160000.000000,107663317.035394,53870102.164478,84637674.921193,246171094.121064,0.048433,0.430455,0.270538,0.299007,0.437352,0.218832,0.343816,10000.000000,0.000000,10.000000
2026-02,10000.000000,5170000.000000,107071647.850688,54323163.581156,89238100.487656,250632911.919500,0.018084,0.397197,0.266000,0.336803,0.427205,0.216744,0.356051,10000.000000,0.000000,10.000000
2026-03,10000.000000,5180000.000000,105858180.298517,55230167.135117,88294137.230372,249382484.664005,-0.005029,0.397197,0.266000,0.336803,0.424481,0.221468,0.354051,10000.000000,0.000000,10.000000
2026-04,10000.000000,5190000.000000,111601939.062709,55519930.944972,86452001.968231,253573871.975912,0.016766,0.397197,0.266000,0.336803,0.440116,0.218950,0.340934,10000.000000,0.000000,10.000000
2026-05,10000.000000,5200000.000000,121671302.918027,56233139.226848,85842911.377416,263747353.522291,0.040079,0.397197,0.266000,0.336803,0.461318,0.213208,0.325474,10000.000000,0.000000,10.000000
2026-06,10000.000000,5210000.000000,104785033.325757,70045143.228341,81379590.828131,256209767.382229,-0.028616,0.397197,0.266000,0.336803,0.408981,0.273390,0.317629,16917672.086897,16907672.086897,33825.344174
2026-07,10000.000000,5220000.000000,106359084.796880,70245017.805207,79146691.648181,255750794.250269,-0.001830,0.397197,0.266000,0.336803,0.415870,0.274662,0.309468,10000.000000,0.000000,10.000000
