Date,Nifty,Gold,Liquid
2000-01-01,1592.2,283.7,100.0
2000-01-02,1592.2,283.7,100.0253397260274
2000-01-03,1592.2,283.7,100.05068587307196
2000-01-04,1638.7,283.7,100.07603844276076
2000-01-05,1595.8,282.1,100.10139743672124
2000-01-06,1617.6,282.4,100.1267628565813
2000-01-07,1613.3,282.9,100.15213470396928
2000-01-08,1613.3,282.9,100.17751298051384
2000-01-09,1613.3,282.9,100.2028976878442
2000-01-10,1632.95,282.7,100.2282888275898
2000-01-11,1572.5,284.4,100.25368640138068
2000-01-12,1624.8,283.7,100.27909041084716
2000-01-13,1621.4,285.1,100.30450085762004
2000-01-14,1622.75,284.9,100.32991774333053
2000-01-15,1622.75,284.9,100.35453595637988
2000-01-16,1622.75,284.9,100.37916021006424
2000-01-17,1611.6,284.9,100.40379050586584
2000-01-18,1606.7,289.6,100.4284268452672
2000-01-19,1634.85,290.3,100.45306922975128
2000-01-20,1601.1,289.3,100.4777176608014
2000-01-21,1620.6,289.7,100.5023721399012
2000-01-22,1620.6,289.7,100.52703266853467
2000-01-23,1620.6,289.7,100.55169924818628
2000-01-24,1613.6,288.1,100.57637188034072
2000-01-25,1586.4,286.6,100.60105056648312
2000-01-26,1586.4,286.5,100.62573530809898
2000-01-27,1603.9,287.1,100.65042610667412
2000-01-28,1599.1,286.0,100.6751229636948
2000-01-29,1599.1,286.0,100.69959529324264
2000-01-30,1599.1,286.0,100.72407357157796
2000-01-31,1546.2,286.2,100.74855780014686
2000-02-01,1549.5,285.4,100.77304798039567
2000-02-02,1588.0,287.7,100.7975441137712
2000-02-03,1597.9,289.9,100.82204620172053
2000-02-04,1599.75,313.0,100.84655424569108
2000-02-05,1599.75,313.0,100.8693389359443
2000-02-06,1599.75,313.0,100.89212877403936
2000-02-07,1636.6,304.5,100.91492376113928
2000-02-08,1662.75,301.7,100.93772389840748
2000-02-09,1689.65,308.6,100.96052918700748
2000-02-10,1711.2,318.7,100.9833396281032
2000-02-11,1756.0,313.6,101.00615522285874
2000-02-12,1756.0,313.6,101.0302456059732
2000-02-13,1756.0,313.6,101.05434173474302
2000-02-14,1744.5,311.0,101.0784436105386
2000-02-15,1702.55,304.1,101.10255123473056
2000-02-16,1711.1,305.0,101.12666460869
2000-02-17,1742.1,303.8,101.1507837337882
2000-02-18,1717.8,307.3,101.17490861139687
2000-02-19,1717.8,307.3,101.199039242888
2000-02-20,1717.8,307.3,101.2231756296339
2000-02-21,1753.5,307.3,101.24731777300724
2000-02-22,1739.05,307.7,101.27146567438096
2000-02-23,1696.4,302.4,101.29561933512842
2000-02-24,1732.0,300.9,101.31977875662322
2000-02-25,1710.45,294.6,101.34394394023934
2000-02-26,1710.45,294.6,101.36881096753588
2000-02-27,1710.45,294.6,101.39368409651962
2000-02-28,1722.55,294.2,101.41856332868775
2000-02-29,1654.8,294.2,101.44344866553786
2000-03-01,1712.7,293.3,101.46834010856784
2000-03-02,1696.55,289.7,101.49323765927596
2000-03-03,1656.0,290.3,101.5181413191609
2000-03-04,1656.0,290.3,101.54351668251228
2000-03-05,1656.0,290.3,101.5688983886617
2000-03-06,1688.5,289.4,101.59428643919456
2000-03-07,1702.75,293.7,101.61968083569668
2000-03-08,1666.35,290.4,101.64508157975436
2000-03-09,1646.25,292.7,101.67048867295416
2000-03-10,1602.75,290.0,101.69590211688312
2000-03-11,1602.75,290.0,101.7213219131287
2000-03-12,1602.75,290.0,101.74674806327867
2000-03-13,1560.7,291.5,101.7721805689213
2000-03-14,1567.05,289.7,101.79761943164516
2000-03-15,1620.1,289.6,101.82306465303928
2000-03-16,1562.2,287.0,101.84851623469302
2000-03-17,1562.2,285.0,101.87409081567507
2000-03-18,1562.2,285.0,101.89967181853956
2000-03-19,1562.2,285.0,101.92525924489894
2000-03-20,1562.2,286.5,101.95085309636626
2000-03-21,1556.6,290.4,101.97645337455484
2000-03-22,1589.6,288.3,102.00206008107853
2000-03-23,1553.4,285.4,102.0276732175514
2000-03-24,1569.55,285.1,102.05329278558814
2000-03-25,1569.55,285.1,102.07891878680368
2000-03-26,1569.55,285.1,102.10455122281344
2000-03-27,1562.95,280.5,102.13019009523325
2000-03-28,1568.6,279.5,102.15583540567924
2000-03-29,1558.25,275.9,102.1814871557681
2000-03-30,1549.5,279.1,102.20714534711682
2000-03-31,1528.45,281.4,102.23280998134284
2000-04-01,1528.45,281.4,102.258481060064
2000-04-02,1528.45,281.4,102.28415858489848
2000-04-03,1534.75,280.4,102.309842557465
2000-04-04,1428.1,286.6,102.33553297938258
2000-04-05,1434.65,283.8,102.36122985227068
2000-04-06,1452.95,282.7,102.38693317774916
2000-04-07,1557.15,282.5,102.41264295743832
2000-04-08,1557.15,282.5,102.43508030488866
2000-04-09,1557.15,282.5,102.4575225680852
2000-04-10,1613.0,284.0,102.47996974810496
2000-04-11,1624.65,283.7,102.50242184602509
2000-04-12,1592.7,283.5,102.52487886292306
2000-04-13,1518.65,283.2,102.54734079987658
2000-04-14,1518.65,284.6,102.57015856653524
2000-04-15,1518.65,284.6,102.59298141036577
2000-04-16,1518.65,284.6,102.61580933249788
2000-04-17,1443.55,284.2,102.63864233406156
2000-04-18,1414.8,283.0,102.66148041618706
2000-04-19,1404.95,282.5,102.6843235800048
2000-04-20,1415.65,281.5,102.70717182664556
2000-04-21,1415.65,281.5,102.73014249666672
2000-04-22,1415.65,281.5,102.75311830412542
2000-04-23,1415.65,281.5,102.77609925017067
2000-04-24,1388.0,281.2,102.79908533595172
2000-04-25,1359.45,279.8,102.82207656261812
2000-04-26,1436.1,277.1,102.84507293131958
2000-04-27,1416.9,278.4,102.86807444320615
2000-04-28,1406.55,274.7,102.89108109942812
2000-04-29,1406.55,274.7,102.91338873149058
2000-04-30,1406.55,274.7,102.93570120003103
2000-05-01,1406.55,274.8,102.95801850609806
2000-05-02,1333.45,277.0,102.98034065074046
2000-05-03,1316.05,279.1,103.0026676350073
2000-05-04,1380.55,281.2,103.02499945994784
2000-05-05,1422.4,280.1,103.04733612661155
2000-05-06,1422.4,280.1,103.0699125275103
2000-05-07,1422.4,280.1,103.09249387462012
2000-05-08,1365.05,277.6,103.11508016902472
2000-05-09,1378.55,278.2,103.13767141180794
2000-05-10,1363.15,278.7,103.16026760405394
2000-05-11,1304.55,276.5,103.18286874684708
2000-05-12,1282.8,276.9,103.20547484127196
2000-05-13,1282.8,276.9,103.22808588841342
2000-05-14,1282.8,276.9,103.25070188935652
2000-05-15,1299.25,276.4,103.27332284518664
2000-05-16,1306.85,276.2,103.29594875698928
2000-05-17,1311.65,273.8,103.31857962585023
2000-05-18,1293.4,273.7,103.34121545285556
2000-05-19,1268.0,274.6,103.36385623909148
2000-05-20,1268.0,274.6,103.38709158440813
2000-05-21,1268.0,274.6,103.41033215283936
2000-05-22,1233.0,276.2,103.4335779455594
2000-05-23,1224.4,274.7,103.45682896374258
2000-05-24,1235.9,273.8,103.48008520856354
2000-05-25,1247.65,270.7,103.5033466811972
2000-05-26,1275.35,272.2,103.5266133828187
2000-05-27,1275.35,272.2,103.55130490556236
2000-05-28,1275.35,272.2,103.57600231733564
2000-05-29,1311.05,272.2,103.60070561954312
2000-05-30,1344.85,275.5,103.62541481358971
2000-05-31,1380.45,274.8,103.65012990088064
2000-06-01,1349.0,275.4,103.67485088282145
2000-06-02,1389.25,284.2,103.69957776081804
2000-06-03,1389.25,284.2,103.72490403879156
2000-06-04,1389.25,284.2,103.75023650213603
2000-06-05,1404.6,288.2,103.77557515236208
2000-06-06,1421.75,291.8,103.80091999098072
2000-06-07,1430.35,290.0,103.82627101950337
2000-06-08,1463.65,286.8,103.85162823944168
2000-06-09,1467.2,286.4,103.87699165230784
2000-06-10,1467.2,286.4,103.90236125961432
2000-06-11,1467.2,286.4,103.92773706287394
2000-06-12,1440.4,289.1,103.95311906359996
2000-06-13,1432.9,288.1,103.97850726330594
2000-06-14,1435.5,294.2,104.00390166350589
2000-06-15,1445.25,292.1,104.02930226571408
2000-06-16,1477.3,291.2,104.05470907144522
2000-06-17,1477.3,291.2,104.08012208221442
2000-06-18,1477.3,291.2,104.10554129953708
2000-06-19,1498.75,288.0,104.13096672492904
2000-06-20,1507.1,288.1,104.15639835990646
2000-06-21,1475.15,288.1,104.1818362059859
2000-06-22,1488.25,287.2,104.20728026468429
2000-06-23,1472.2,284.8,104.2327305375189
2000-06-24,1472.2,284.8,104.25818702600742
2000-06-25,1472.2,284.8,104.28364973166784
2000-06-26,1451.65,285.5,104.3091186560186
2000-06-27,1454.3,287.5,104.33459380057847
2000-06-28,1470.0,294.3,104.3600751668666
2000-06-29,1492.35,290.7,104.38556275640248
2000-06-30,1471.45,291.5,104.41105657070604
2000-07-01,1471.45,291.5,104.43655661129748
2000-07-02,1471.45,291.5,104.4620628796975
2000-07-03,1495.25,291.5,104.48757537742704
2000-07-04,1511.3,291.5,104.51309410600751
2000-07-05,1526.05,285.3,104.53861906696063
2000-07-06,1516.8,284.6,104.56415026180854
2000-07-07,1517.6,284.6,104.58968769207372
2000-07-08,1517.6,284.6,104.61499180591213
2000-07-09,1517.6,284.6,104.6403020417516
2000-07-10,1509.65,284.9,104.66561840107325
2000-07-11,1518.55,283.3,104.69094088535856
2000-07-12,1533.35,281.4,104.71626949608942
2000-07-13,1522.6,280.9,104.74160423474802
2000-07-14,1509.75,281.9,104.76694510281696
2000-07-15,1509.75,281.9,104.79133341247324
2000-07-16,1509.75,281.9,104.81572739939396
2000-07-17,1479.65,284.2,104.84012706490064
2000-07-18,1463.1,283.1,104.86453241031522
2000-07-19,1435.8,279.6,104.88894343695988
2000-07-20,1424.2,280.4,104.91336014615716
2000-07-21,1397.25,280.6,104.93778253922989
2000-07-22,1397.25,280.6,104.96329104541014
2000-07-23,1397.25,280.6,104.988805752254
2000-07-24,1317.75,279.3,105.01432666126873
2000-07-25,1348.9,279.3,105.03985377396197
2000-07-26,1318.25,279.7,105.06538709184169
2000-07-27,1338.05,278.6,105.09092661641628
2000-07-28,1333.8,284.2,105.11647234919448
2000-07-29,1333.8,284.2,105.14310857529745
2000-07-30,1333.8,284.2,105.16975155094713
2000-07-31,1332.85,283.2,105.19640127785384
2000-08-01,1326.85,283.2,105.22305775772834
2000-08-02,1331.9,282.8,105.2497209922818
2000-08-03,1321.25,279.5,105.27639098322588
2000-08-04,1318.55,278.6,105.30306773227257
2000-08-05,1318.55,278.6,105.32782174273164
2000-08-06,1318.55,278.6,105.35258157221428
2000-08-07,1310.8,279.1,105.3773472220884
2000-08-08,1345.6,278.7,105.40211869372224
2000-08-09,1344.95,277.3,105.4268959884843
2000-08-10,1328.0,277.6,105.45167910774347
2000-08-11,1310.75,280.3,105.47646805286897
2000-08-12,1310.75,280.3,105.50586362207372
2000-08-13,1310.75,280.3,105.5352673836223
2000-08-14,1317.9,279.6,105.5646793397978
2000-08-15,1317.9,279.6,105.59409949288406
2000-08-16,1351.45,282.3,105.62352784516546
2000-08-17,1341.4,282.6,105.65296439892708
2000-08-18,1358.05,281.7,105.6824091564546
2000-08-19,1358.05,281.7,105.71186212003435
2000-08-20,1358.05,281.7,105.74132329195336
2000-08-21,1370.25,280.0,105.7707926744992
2000-08-22,1381.2,278.3,105.80027026996008
2000-08-23,1386.05,275.7,105.82975608062492
2000-08-24,1386.95,277.5,105.85925010878324
2000-08-25,1381.25,278.6,105.8887523567252
2000-08-26,1381.25,278.6,105.91911747952088
2000-08-27,1381.25,278.6,105.94949130995228
2000-08-28,1369.85,278.5,105.97987385051644
2000-08-29,1367.7,277.5,106.01026510371112
2000-08-30,1375.95,278.2,106.04066507203478
2000-08-31,1394.1,282.1,106.07107375798662
2000-09-01,1394.1,280.9,106.10149116406654
2000-09-02,1394.1,280.9,106.13191729277516
2000-09-03,1394.1,280.9,106.16235214661384
2000-09-04,1427.75,280.9,106.1927957280846
2000-09-05,1428.25,279.7,106.22324803969023
2000-09-06,1435.35,277.9,106.25370908393424
2000-09-07,1439.75,277.7,106.28417886332085
2000-09-08,1450.05,276.8,106.31465738035492
2000-09-09,1450.05,276.8,106.34477675970032
2000-09-10,1450.05,276.8,106.37490467198968
2000-09-11,1456.35,276.8,106.4050411196404
2000-09-12,1467.65,276.6,106.4351861050706
2000-09-13,1456.15,276.5,106.46533963069903
2000-09-14,1445.3,276.0,106.49550169894522
2000-09-15,1417.2,275.8,106.52567231222928
2000-09-16,1417.2,275.8,106.55548286496077
2000-09-17,1417.2,275.8,106.58530175999164
2000-09-18,1354.35,274.9,106.6151289996565
2000-09-19,1317.0,275.4,106.64496458629051
2000-09-20,1342.9,272.5,106.67480852222953
2000-09-21,1329.85,273.5,106.70466080981002
2000-09-22,1266.45,275.1,106.7345214513692
2000-09-23,1266.45,275.1,106.76414452121044
2000-09-24,1266.45,275.1,106.7937758126304
2000-09-25,1292.55,277.3,106.82341532791088
2000-09-26,1267.9,277.3,106.85306306933428
2000-09-27,1292.55,281.6,106.88271903918373
2000-09-28,1266.4,278.9,106.9123832397429
2000-09-29,1271.65,276.9,106.94205567329618
2000-09-30,1271.65,276.9,106.9713668793006
2000-10-01,1271.65,276.9,107.0006861190649
2000-10-02,1271.65,276.3,107.03001339479104
2000-10-03,1282.0,274.8,107.05934870868153
2000-10-04,1297.8,273.2,107.0886920629395
2000-10-05,1284.75,273.4,107.11804345976871
2000-10-06,1285.0,272.1,107.14740290137354
2000-10-07,1285.0,272.1,107.17553804804828
2000-10-08,1285.0,272.1,107.20368058255002
2000-10-09,1267.3,272.9,107.23183050681872
2000-10-10,1238.95,275.1,107.2599878227948
2000-10-11,1201.9,273.0,107.2881525324192
2000-10-12,1206.25,278.8,107.31632463763334
2000-10-13,1176.75,274.8,107.34450414037924
2000-10-14,1176.75,274.8,107.3736786120374
2000-10-15,1176.75,274.8,107.4028610128374
2000-10-16,1175.45,273.9,107.4320513449342
2000-10-17,1158.05,273.4,107.46124961048343
2000-10-18,1136.0,272.6,107.4904558116413
2000-10-19,1166.15,272.3,107.51966995056452
2000-10-20,1172.0,273.3,107.54889202941048
2000-10-21,1172.0,273.3,107.5773798156548
2000-10-22,1172.0,273.3,107.60587514780642
2000-10-23,1143.95,272.0,107.63437802786406
2000-10-24,1152.45,272.1,107.66288845782704
2000-10-25,1183.9,267.9,107.6914064396952
2000-10-26,1186.3,266.6,107.7199319754689
2000-10-27,1178.7,265.9,107.74846506714904
2000-10-28,1178.7,265.9,107.776510368999
2000-10-29,1178.7,265.9,107.80456297061843
2000-10-30,1167.15,265.8,107.83262287390735
2000-10-31,1172.75,266.4,107.86069008076628
2000-11-01,1200.8,265.4,107.88876459309624
2000-11-02,1224.85,265.9,107.9168464127987
2000-11-03,1242.05,266.1,107.94493554177568
2000-11-04,1242.05,266.1,107.97216487357076
2000-11-05,1242.05,266.1,107.99940107402074
2000-11-06,1240.25,266.0,108.02664414485824
2000-11-07,1246.75,265.4,108.05389408781632
2000-11-08,1266.8,266.1,108.08115090462852
2000-11-09,1269.95,266.9,108.10841459702878
2000-11-10,1239.55,265.5,108.13568516675146
2000-11-11,1239.55,265.5,108.16259051026954
2000-11-12,1239.55,265.5,108.18950254813194
2000-11-13,1208.05,265.3,108.21642128200428
2000-11-14,1242.85,265.4,108.24334671355264
2000-11-15,1247.05,265.6,108.2702788444434
2000-11-16,1233.25,266.3,108.29721767634352
2000-11-17,1236.0,266.2,108.3241632109202
2000-11-18,1236.0,266.2,108.35074299278688
2000-11-19,1236.0,266.2,108.3773292966038
2000-11-20,1237.6,266.8,108.4039221239713
2000-11-21,1235.0,266.1,108.43052147649006
2000-11-22,1222.35,266.7,108.45712735576116
2000-11-23,1216.0,266.7,108.48373976338614
2000-11-24,1225.2,266.7,108.51035870096683
2000-11-25,1225.2,266.7,108.53735726736625
2000-11-26,1225.2,266.7,108.56436255130484
2000-11-27,1252.9,270.3,108.59137455445403
2000-11-28,1272.75,269.8,108.61839327848566
2000-11-29,1264.75,269.6,108.64541872507188
2000-11-30,1268.15,273.3,108.6724508958854
2000-12-01,1276.2,271.9,108.69948979259928
2000-12-02,1276.2,271.9,108.72616166932616
2000-12-03,1276.2,271.9,108.75284009060088
2000-12-04,1275.6,273.8,108.77952505802924
2000-12-05,1284.65,273.3,108.80621657321754
2000-12-06,1298.55,277.3,108.8329146377724
2000-12-07,1302.5,276.1,108.85961925330082
2000-12-08,1313.7,275.1,108.88633042141026
2000-12-09,1313.7,275.1,108.91279874926408
2000-12-10,1313.7,275.1,108.93927351109706
2000-12-11,1332.15,273.1,108.96575470847316
2000-12-12,1333.35,273.2,108.99224234295676
2000-12-13,1354.3,271.2,109.0187364161126
2000-12-14,1349.35,271.5,109.04523692950582
2000-12-15,1312.6,272.9,109.07174388470192
2000-12-16,1312.6,272.9,109.09850710238427
2000-12-17,1312.6,272.9,109.125276887027
2000-12-18,1317.6,272.0,109.15205324024149
2000-12-19,1310.5,272.0,109.17883616363945
2000-12-20,1295.25,274.7,109.20562565883304
2000-12-21,1277.4,275.7,109.23242172743475
2000-12-22,1242.0,275.5,109.2592243710576
2000-12-23,1242.0,275.5,109.28603359131486
2000-12-24,1242.0,275.5,109.31284938982029
2000-12-25,1242.0,275.5,109.33967176818796
2000-12-26,1212.0,275.9,109.36650072803243
2000-12-27,1228.3,276.9,109.39333627096862
2000-12-28,1248.95,273.7,109.42017839861182
2000-12-29,1263.55,273.6,109.44702711257774
2000-12-30,1263.55,273.6,109.47325601766156
2000-12-31,1263.55,273.6,109.4994912084845
2001-01-01,1254.3,273.6,109.52573268655296
2001-01-02,1271.8,270.0,109.55198045337366
2001-01-03,1291.25,269.3,109.57823451045373
2001-01-04,1307.65,268.4,109.60449485930056
2001-01-05,1327.25,269.0,109.630761501422
2001-01-06,1327.25,269.0,109.65703443832626
2001-01-07,1327.25,269.0,109.68331367152184
2001-01-08,1309.25,269.0,109.70959920251768
2001-01-09,1311.65,268.5,109.735891032823
2001-01-10,1287.3,265.6,109.76218916394744
2001-01-11,1280.4,264.8,109.788493597401
2001-01-12,1286.75,264.6,109.81480433469402
2001-01-13,1286.75,264.6,109.84162411853733
2001-01-14,1286.75,264.6,109.86845045250664
2001-01-15,1286.75,264.6,109.89528333820166
2001-01-16,1293.05,263.9,109.92212277722254
2001-01-17,1297.9,263.8,109.94896877116976
2001-01-18,1305.95,264.8,109.97582132164418
2001-01-19,1329.1,264.9,110.00268043024712
2001-01-20,1329.1,264.9,110.02942012290788
2001-01-21,1329.1,264.9,110.05616631551176
2001-01-22,1348.0,267.0,110.08291900963872
2001-01-23,1355.2,266.7,110.10967820686923
2001-01-24,1365.95,264.6,110.13644390878405
2001-01-25,1370.1,264.8,110.16321611696436
2001-01-26,1370.1,262.9,110.1899948329917
2001-01-27,1370.1,262.9,110.21678005844804
2001-01-28,1370.1,262.9,110.24357179491568
2001-01-29,1342.05,262.8,110.27037004397737
2001-01-30,1379.7,268.0,110.29717480721614
2001-01-31,1371.7,268.0,110.32398608621553
2001-02-01,1359.15,270.7,110.35080388255938
2001-02-02,1378.85,269.3,110.37762819783194
2001-02-03,1378.85,269.3,110.40395371576382
2001-02-04,1378.85,269.3,110.43028551243992
2001-02-05,1382.6,267.4,110.45662358935776
2001-02-06,1387.1,265.4,110.48296794801514
2001-02-07,1370.8,264.9,110.50931858991036
2001-02-08,1395.5,262.2,110.53567551654194
2001-02-09,1405.7,262.0,110.56203872940884
2001-02-10,1405.7,262.0,110.58802898707204
2001-02-11,1405.7,262.0,110.61402535436832
2001-02-12,1402.2,262.7,110.64002783273396
2001-02-13,1391.2,262.2,110.66603642360546
2001-02-14,1393.35,261.2,110.69205112841976
2001-02-15,1416.7,256.9,110.71807194861404
2001-02-16,1381.35,259.8,110.74409888562592
2001-02-17,1381.35,259.8,110.76987859480404
2001-02-18,1381.35,259.8,110.79566430514532
2001-02-19,1384.8,259.8,110.82145601804672
2001-02-20,1383.85,257.6,110.84725373490558
2001-02-21,1370.1,259.4,110.87305745711951
2001-02-22,1355.1,259.8,110.89886718608652
2001-02-23,1320.45,262.1,110.92468292320488
2001-02-24,1320.45,262.1,110.94999775926742
2001-02-25,1320.45,262.1,110.97531837259169
2001-02-26,1312.4,266.8,111.00064476449612
2001-02-27,1295.55,268.4,111.02597693629951
2001-02-28,1351.4,267.8,111.05131488932092
2001-03-01,1358.05,266.2,111.07665862487976
2001-03-02,1306.35,263.1,111.10200814429564
2001-03-03,1306.35,263.1,111.12622259867892
2001-03-04,1306.35,263.1,111.15044233055276
2001-03-05,1271.45,263.5,111.1746673410674
2001-03-06,1271.45,260.9,111.19889763137328
2001-03-07,1290.5,262.4,111.22313320262116
2001-03-08,1292.85,266.1,111.247374055962
2001-03-09,1254.75,271.5,111.27162019254702
2001-03-10,1254.75,271.5,111.29587161352768
2001-03-11,1254.75,271.5,111.32012832005572
2001-03-12,1197.95,272.3,111.3443903132831
2001-03-13,1124.7,267.5,111.36865759436203
2001-03-14,1194.2,262.9,111.39293016444503
2001-03-15,1217.15,260.3,111.4172080246848
2001-03-16,1193.55,258.4,111.44149117623434
2001-03-17,1193.55,258.4,111.4674332287844
2001-03-18,1193.55,258.4,111.4933813202889
2001-03-19,1186.7,260.1,111.51933545215368
2001-03-20,1170.95,260.8,111.5452956257848
2001-03-21,1207.1,262.2,111.57126184258873
2001-03-22,1187.55,261.4,111.5972341039722
2001-03-23,1161.3,261.7,111.62321241134238
2001-03-24,1161.3,261.7,111.64919676610664
2001-03-25,1161.3,261.7,111.67518716967272
2001-03-26,1161.5,262.1,111.70118362344871
2001-03-27,1177.75,261.1,111.72718612884306
2001-03-28,1206.2,259.7,111.75319468726444
2001-03-29,1195.1,260.4,111.77920930012196
2001-03-30,1148.2,259.2,111.80522996882496
2001-03-31,1148.2,259.2,111.83202401560808
2001-04-01,1148.2,259.2,111.85882448356617
2001-04-02,1138.1,256.6,111.885631374238
2001-04-03,1149.25,257.9,111.91244468916284
2001-04-04,1136.65,259.4,111.93926442988024
2001-04-05,1136.65,259.1,111.96532235722492
2001-04-06,1139.6,260.9,111.99138635049816
2001-04-07,1139.6,260.9,112.01745641111197
2001-04-08,1139.6,260.9,112.04353254047876
2001-04-09,1128.35,259.2,112.06961474001126
2001-04-10,1103.05,258.2,112.09570301112252
2001-04-11,1066.8,259.6,112.12179735522594
2001-04-12,1024.9,260.9,112.1478977737352
2001-04-13,1024.9,260.9,112.17297988151316
2001-04-14,1024.9,260.9,112.19806759895609
2001-04-15,1024.9,260.9,112.22316092731856
2001-04-16,1044.6,264.1,112.24825986785548
2001-04-17,1067.0,261.8,112.27336442182202
2001-04-18,1103.4,262.0,112.29847459047365
2001-04-19,1144.45,266.0,112.32359037506608
2001-04-20,1144.0,265.4,112.34871177685535
2001-04-21,1144.0,265.4,112.3729418542317
2001-04-22,1144.0,265.4,112.39717715727232
2001-04-23,1149.75,264.3,112.4214176871042
2001-04-24,1146.3,264.7,112.44566344485465
2001-04-25,1155.35,262.6,112.46991443165112
2001-04-26,1143.75,264.5,112.4941706486214
2001-04-27,1101.3,264.3,112.51843209689342
2001-04-28,1101.3,264.3,112.54218612512264
2001-04-29,1101.3,264.3,112.56594516812004
2001-04-30,1125.25,264.4,112.58970922694436
2001-05-01,1125.25,264.8,112.61347830265449
2001-05-02,1137.2,265.8,112.63725239630952
2001-05-03,1122.05,266.7,112.66103150896885
2001-05-04,1130.05,266.5,112.684815641692
2001-05-05,1130.05,266.5,112.7075795180792
2001-05-06,1130.05,266.5,112.7303479930813
2001-05-07,1139.2,266.5,112.75312106762723
2001-05-08,1148.95,265.5,112.7758987426462
2001-05-09,1149.25,270.4,112.79868101906752
2001-05-10,1144.95,269.5,112.82146789782075
2001-05-11,1140.5,268.3,112.84425937983568
2001-05-12,1140.5,268.3,112.86808219422136
2001-05-13,1140.5,268.3,112.89191003789686
2001-05-14,1140.8,268.7,112.91574291192391
2001-05-15,1145.3,268.5,112.93958081736452
2001-05-16,1151.15,272.4,112.96342375528089
2001-05-17,1174.95,274.0,112.98740047408955
2001-05-18,1172.8,287.8,113.01138228200608
2001-05-19,1172.8,287.8,113.0353691801106
2001-05-20,1172.8,287.8,113.05936116948352
2001-05-21,1169.45,285.8,113.0833582512055
2001-05-22,1168.1,285.5,113.10736042635736
2001-05-23,1179.1,284.0,113.13136769602023
2001-05-24,1181.85,279.4,113.15538006127544
2001-05-25,1174.9,278.2,113.17939752320449
2001-05-26,1174.9,278.2,113.20342008288918
2001-05-27,1174.9,278.2,113.22744774141154
2001-05-28,1193.2,278.2,113.25148049985378
2001-05-29,1198.45,273.9,113.2755183592984
2001-05-30,1177.55,267.4,113.29956132082806
2001-05-31,1167.9,266.9,113.32244938426363
2001-06-01,1148.05,268.0,113.34534207140156
2001-06-02,1148.05,268.0,113.3682393831759
2001-06-03,1148.05,268.0,113.39114132052087
2001-06-04,1127.2,266.5,113.41404788437092
2001-06-05,1115.6,267.1,113.43695907566064
2001-06-06,1115.7,267.0,113.45987489532486
2001-06-07,1112.35,267.3,113.48318235126912
2001-06-08,1126.6,274.5,113.50649459513951
2001-06-09,1126.6,274.5,113.52981162791964
2001-06-10,1126.6,274.5,113.55313345059324
2001-06-11,1131.1,268.9,113.57646006414429
2001-06-12,1127.15,272.6,113.5997914695569
2001-06-13,1129.0,273.1,113.6231276678155
2001-06-14,1112.75,276.4,113.64569353226656
2001-06-15,1087.75,272.3,113.66826387836014
2001-06-16,1087.75,272.3,113.69083870698628
2001-06-17,1087.75,272.3,113.71341801903525
2001-06-18,1078.3,273.4,113.73600181539744
2001-06-19,1096.65,274.4,113.75859009696347
2001-06-20,1097.6,273.4,113.7811828646241
2001-06-21,1095.2,273.6,113.80339263979002
2001-06-22,1087.65,273.3,113.8256067502432
2001-06-23,1087.65,273.3,113.84782519682987
2001-06-24,1087.65,273.3,113.87004798039644
2001-06-25,1067.0,274.7,113.8922751017895
2001-06-26,1096.6,277.0,113.91450656185576
2001-06-27,1096.1,272.8,113.93674236144209
2001-06-28,1094.0,270.0,113.95885295688028
2001-06-29,1107.9,271.3,113.98096784310668
2001-06-30,1107.9,271.3,114.00308702095396
2001-07-01,1107.9,271.3,114.02521049125497
2001-07-02,1100.75,270.1,114.04733825484269
2001-07-03,1069.8,268.3,114.06947031255024
2001-07-04,1067.95,268.3,114.091606665211
2001-07-05,1069.75,265.8,114.11361790564428
2001-07-06,1065.1,266.6,114.13563339261871
2001-07-07,1065.1,266.6,114.15765312695363
2001-07-08,1065.1,266.6,114.1796771094684
2001-07-09,1059.5,267.0,114.20170534098264
2001-07-10,1072.05,266.7,114.22373782231604
2001-07-11,1083.65,268.8,114.24577455428856
2001-07-12,1105.5,267.1,114.26781553772024
2001-07-13,1110.45,267.6,114.28986077343129
2001-07-14,1110.45,267.6,114.31191026224208
2001-07-15,1110.45,267.6,114.33396400497315
2001-07-16,1105.55,267.4,114.3560220024452
2001-07-17,1103.1,268.6,114.37808425547908
2001-07-18,1091.95,270.8,114.40015076489578
2001-07-19,1085.9,269.7,114.42248136090004
2001-07-20,1077.7,270.2,114.44481631577544
2001-07-21,1077.7,270.2,114.46715563037284
2001-07-22,1077.7,270.2,114.48949930554326
2001-07-23,1070.65,269.1,114.51184734213786
2001-07-24,1072.55,270.0,114.53419974100797
2001-07-25,1064.2,267.8,114.5565565030051
2001-07-26,1053.4,266.3,114.57878737974542
2001-07-27,1051.7,267.4,114.60102257061575
2001-07-28,1051.7,267.4,114.62326207645336
2001-07-29,1051.7,267.4,114.64550589809554
2001-07-30,1061.45,267.6,114.66775403637985
2001-07-31,1072.85,269.2,114.69000649214397
2001-08-01,1063.15,270.3,114.71226326622572
2001-08-02,1066.0,270.3,114.73426413547963
2001-08-03,1074.6,270.8,114.75626922431948
2001-08-04,1074.6,270.8,114.77827853355448
2001-08-05,1074.6,270.8,114.8002920639941
2001-08-06,1075.25,269.9,114.82230981644793
2001-08-07,1072.1,269.9,114.84433179172572
2001-08-08,1068.0,270.7,114.86635799063734
2001-08-09,1070.65,276.2,114.88825812721971
2001-08-10,1071.15,276.8,114.91016243922812
2001-08-11,1071.15,276.8,114.93207092745868
2001-08-12,1071.15,276.8,114.95398359270754
2001-08-13,1063.0,278.6,114.97590043577117
2001-08-14,1075.5,279.1,114.997821457446
2001-08-15,1075.5,278.4,115.0194857867585
2001-08-16,1078.95,277.9,115.0411541973932
2001-08-17,1069.2,282.0,115.062826690119
2001-08-18,1069.2,282.0,115.08450326570494
2001-08-19,1069.2,282.0,115.10618392492016
2001-08-20,1063.75,278.6,115.12786866853398
2001-08-21,1068.7,277.4,115.14955749731584
2001-08-22,1068.7,277.3,115.1712504120354
2001-08-23,1071.5,277.7,115.19294741346232
2001-08-24,1069.15,274.9,115.21464850236654
2001-08-25,1069.15,274.9,115.2363536795181
2001-08-26,1069.15,274.9,115.25806294568716
2001-08-27,1072.55,274.9,115.27977630164408
2001-08-28,1070.65,274.4,115.30149374815927
2001-08-29,1067.45,275.8,115.32321528600342
2001-08-30,1064.15,277.5,115.34481011098524
2001-08-31,1053.75,276.5,115.3664089797016
2001-09-01,1053.75,276.5,115.38801189290966
2001-09-02,1053.75,276.5,115.4096188513668
2001-09-03,1048.05,276.5,115.43122985583052
2001-09-04,1048.2,273.7,115.45284490705842
2001-09-05,1045.0,274.1,115.4744640058083
2001-09-06,1036.1,275.0,115.49608715283809
2001-09-07,1035.2,275.1,115.5177143489058
2001-09-08,1035.2,275.1,115.53934559476969
2001-09-09,1035.2,275.1,115.56098089118808
2001-09-10,1033.4,273.7,115.58262023891945
2001-09-11,1023.4,280.0,115.6042636387224
2001-09-12,982.2,280.0,115.62591109135576
2001-09-13,971.7,280.0,115.64808719075312
2001-09-14,919.7,292.3,115.67026754334408
2001-09-15,919.7,292.3,115.69245214994436
2001-09-16,919.7,292.3,115.71464101136984
2001-09-17,872.25,291.5,115.73683412843658
2001-09-18,900.2,289.7,115.75903150196076
2001-09-19,912.2,292.3,115.78123313275874
2001-09-20,898.8,289.8,115.8040962784006
2001-09-21,854.2,292.9,115.82696393879338
2001-09-22,854.2,292.9,115.8498361148286
2001-09-23,854.2,292.9,115.87271280739796
2001-09-24,869.05,290.9,115.89559401739332
2001-09-25,861.4,291.8,115.91847974570676
2001-09-26,873.7,294.8,115.94136999323044
2001-09-27,890.0,293.2,115.96360659505238
2001-09-28,913.85,294.0,115.98584746167175
2001-09-29,913.85,294.0,116.00809259390655
2001-09-30,913.85,294.0,116.0303419925749
2001-10-01,910.1,293.5,116.05259565849502
2001-10-02,910.1,290.9,116.07485359248535
2001-10-03,899.65,291.0,116.0971157953645
2001-10-04,911.65,291.6,116.1189872196832
2001-10-05,914.6,292.5,116.14086276433854
2001-10-06,914.6,292.5,116.16274243010676
2001-10-07,914.6,292.5,116.18462621776423
2001-10-08,901.95,293.4,116.20651412808748
2001-10-09,912.7,289.7,116.22840616185316
2001-10-10,940.35,286.7,116.25030231983808
2001-10-11,954.9,282.6,116.27233445932652
2001-10-12,960.4,285.7,116.29437077441844
2001-10-13,960.4,285.7,116.31641126590527
2001-10-14,960.4,285.7,116.3384559345785
2001-10-15,963.4,282.7,116.36050478122982
2001-10-16,971.25,282.9,116.38255780665104
2001-10-17,986.25,284.0,116.40461501163414
2001-10-18,972.05,279.8,116.4269404600431
2001-10-19,976.65,280.7,116.44927019028955
2001-10-20,976.65,280.7,116.47160420319476
2001-10-21,976.65,280.7,116.49394249958009
2001-10-22,976.4,276.1,116.51628508026704
2001-10-23,993.2,276.5,116.53863194607732
2001-10-24,991.2,276.3,116.56098309783282
2001-10-25,983.2,278.2,116.58214929498274
2001-10-26,983.2,278.3,116.60331933568212
2001-10-27,983.2,278.3,116.62449322062888
2001-10-28,983.2,278.3,116.64567095052112
2001-10-29,977.45,279.7,116.666852526057
2001-10-30,963.1,281.2,116.68803794793487
2001-10-31,971.9,280.5,116.7092272168532
2001-11-01,994.0,280.7,116.7306847678418
2001-11-02,997.6,280.8,116.75214626390404
2001-11-03,997.6,280.8,116.77361170576522
2001-11-04,997.6,280.8,116.7950810941508
2001-11-05,991.05,279.5,116.81655442978638
2001-11-06,1001.9,280.2,116.83803171339768
2001-11-07,987.5,281.3,116.85951294571052
2001-11-08,997.7,277.1,116.88099812745092
2001-11-09,1004.05,277.7,116.902487259345
2001-11-10,1004.05,277.7,116.923980342119
2001-11-11,1004.05,277.7,116.94547737649933
2001-11-12,1010.9,278.6,116.96697836321248
2001-11-13,1005.4,278.0,116.98848330298512
2001-11-14,1015.8,278.0,117.00999219654408
2001-11-15,1035.7,275.3,117.03150504461622
2001-11-16,1035.7,274.9,117.05302184792863
2001-11-17,1035.7,274.9,117.0745426072085
2001-11-18,1035.7,274.9,117.09606732318314
2001-11-19,1068.15,272.9,117.11759599658
2001-11-20,1050.2,273.2,117.1391286281267
2001-11-21,1056.35,273.1,117.16066521855092
2001-11-22,1062.45,273.1,117.18220576858056
2001-11-23,1059.0,273.1,117.20375027894362
2001-11-24,1059.0,273.1,117.22529875036818
2001-11-25,1059.0,273.1,117.24685118358254
2001-11-26,1080.6,272.5,117.26840757931508
2001-11-27,1076.05,273.4,117.28996793829432
2001-11-28,1070.8,274.1,117.31153226124891
2001-11-29,1067.15,274.7,117.33243653349496
2001-11-30,1067.15,274.9,117.35334453076776
2001-12-01,1067.15,274.9,117.3742562537311
2001-12-02,1067.15,274.9,117.3951717030489
2001-12-03,1065.4,277.9,117.41609087938517
2001-12-04,1077.7,276.3,117.43701378340404
2001-12-05,1104.55,274.6,117.45794041576974
2001-12-06,1110.45,275.0,117.47913658607484
2001-12-07,1112.3,274.7,117.50033658138858
2001-12-08,1112.3,274.7,117.5215404024012
2001-12-09,1112.3,274.7,117.54274804980308
2001-12-10,1115.25,273.0,117.56395952428473
2001-12-11,1110.2,272.9,117.58517482653671
2001-12-12,1107.65,274.5,117.60639395724988
2001-12-13,1098.75,274.6,117.62814985129478
2001-12-14,1087.85,278.6,117.64990976994166
2001-12-15,1087.85,278.6,117.67167371393502
2001-12-16,1087.85,278.6,117.6934416840195
2001-12-17,1087.85,278.3,117.71521368093993
2001-12-18,1082.3,280.9,117.73698970544116
2001-12-19,1060.75,276.0,117.75876975826829
2001-12-20,1062.0,276.5,117.78122135494628
2001-12-21,1050.85,278.3,117.80367723219037
2001-12-22,1050.85,278.3,117.82613739081664
2001-12-23,1050.85,278.3,117.84860183164136
2001-12-24,1048.5,278.3,117.87107055548096
2001-12-25,1048.5,278.3,117.89354356315208
2001-12-26,1034.25,279.6,117.91602085547142
2001-12-27,1020.0,277.7,117.9394393002709
2001-12-28,1033.8,276.8,117.96286239603768
2001-12-29,1033.8,276.8,117.98629014369548
2001-12-30,1033.8,276.8,118.00972254416811
2001-12-31,1059.05,279.0,118.03315959837973
2002-01-01,1055.3,279.0,118.05660130725448
2002-01-02,1060.75,279.2,118.08004767171684
2002-01-03,1072.25,278.5,118.10256052244964
2002-01-04,1096.2,279.2,118.12507766542704
2002-01-05,1096.2,279.2,118.1475991014674
2002-01-06,1096.2,279.2,118.17012483138924
2002-01-07,1100.15,278.9,118.1926548560112
2002-01-08,1109.9,279.2,118.2151891761521
2002-01-09,1102.8,283.7,118.2377277926309
2002-01-10,1098.2,287.4,118.25986837405328
2002-01-11,1088.55,287.7,118.2820131014057
2002-01-12,1088.55,287.7,118.30416197546448
2002-01-13,1088.55,287.7,118.32631499700612
2002-01-14,1109.8,285.7,118.34847216680724
2002-01-15,1094.15,284.7,118.37063348564466
2002-01-16,1090.3,287.6,118.39279895429527
2002-01-17,1109.2,284.7,118.41456603801971
2002-01-18,1093.15,283.4,118.43633712372689
2002-01-19,1093.15,283.4,118.45811221215251
2002-01-20,1093.15,283.4,118.4798913040326
2002-01-21,1091.35,283.4,118.50167440010313
2002-01-22,1092.85,281.8,118.52346150110029
2002-01-23,1089.4,278.9,118.54525260776045
2002-01-24,1085.3,278.4,118.56664499174266
2002-01-25,1080.1,279.1,118.58804123614176
2002-01-26,1080.1,279.1,118.60944134165436
2002-01-27,1080.1,279.1,118.63084530897724
2002-01-28,1071.35,278.5,118.65225313880728
2002-01-29,1071.65,281.4,118.6736648318415
2002-01-30,1067.45,282.9,118.69508038877706
2002-01-31,1075.4,282.9,118.71636550601475
2002-02-01,1081.65,286.8,118.737654440228
2002-02-02,1081.65,286.8,118.75894719210125
2002-02-03,1081.65,286.8,118.78024376231907
2002-02-04,1076.9,290.1,118.80154415156623
2002-02-05,1074.25,299.1,118.8228483605276
2002-02-06,1113.1,298.3,118.84415638988813
2002-02-07,1110.45,300.6,118.8647958754481
2002-02-08,1123.75,304.4,118.88543894543643
2002-02-09,1123.75,304.4,118.90608560047563
2002-02-10,1123.75,304.4,118.9267358411883
2002-02-11,1131.55,300.8,118.94738966819716
2002-02-12,1129.5,301.3,118.96804708212504
2002-02-13,1135.1,300.0,118.98870808359486
2002-02-14,1150.0,300.2,119.00910340015332
2002-02-15,1159.95,298.9,119.0295022125808
2002-02-16,1159.95,298.9,119.04990452147648
2002-02-17,1159.95,298.9,119.07031032743971
2002-02-18,1172.85,298.9,119.09071963106992
2002-02-19,1158.9,293.6,119.11113243296658
2002-02-20,1145.95,292.6,119.13154873372936
2002-02-21,1149.85,293.5,119.15196853395793
2002-02-22,1163.5,293.5,119.17239183425217
2002-02-23,1163.5,293.5,119.19281863521196
2002-02-24,1163.5,293.5,119.21324893743738
2002-02-25,1165.45,292.9,119.23368274152855
2002-02-26,1189.4,298.2,119.25412004808572
2002-02-27,1189.2,296.6,119.2745608577092
2002-02-28,1142.05,297.1,119.29487053779653
2002-03-01,1178.0,298.4,119.3151836761494
2002-03-02,1178.0,298.4,119.33550027335669
2002-03-03,1178.0,298.4,119.35582033000736
2002-03-04,1177.35,297.1,119.37614384669044
2002-03-05,1178.5,294.4,119.39647082399516
2002-03-06,1172.6,293.9,119.41680126251072
2002-03-07,1193.05,290.5,119.43673045437951
2002-03-08,1187.65,290.3,119.45666297218472
2002-03-09,1187.65,290.3,119.4765988164814
2002-03-10,1187.65,290.3,119.49653798782472
2002-03-11,1167.85,291.3,119.51648048676988
2002-03-12,1150.45,293.8,119.53642631387228
2002-03-13,1157.05,293.8,119.55637546968728
2002-03-14,1159.45,291.2,119.57619267591274
2002-03-15,1169.75,290.1,119.59601316696228
2002-03-16,1169.75,290.1,119.6158369433804
2002-03-17,1169.75,290.1,119.63566400571166
2002-03-18,1169.3,292.5,119.65549435450072
2002-03-19,1152.15,293.0,119.67532799029232
2002-03-20,1155.6,292.4,119.69516491363134
2002-03-21,1144.2,293.1,119.71500512506267
2002-03-22,1138.45,297.6,119.73484862513138
2002-03-23,1138.45,297.6,119.75469541438252
2002-03-24,1138.45,297.6,119.77454549336132
2002-03-25,1138.45,297.7,119.7943988626131
2002-03-26,1123.05,296.8,119.81425552268318
2002-03-27,1123.35,302.2,119.83411547411708
2002-03-28,1129.55,303.7,119.8542495753926
2002-03-29,1129.55,303.7,119.87438705952812
2002-03-30,1129.55,303.7,119.894527927092
2002-03-31,1129.55,303.7,119.9146721786527
2002-04-01,1138.95,304.2,119.9348198147788
2002-04-02,1136.95,307.0,119.95497083603898
2002-04-03,1123.5,303.5,119.97512524300195
2002-04-04,1145.9,302.0,119.99474101162971
2002-04-05,1141.95,301.0,120.01435998740878
2002-04-06,1141.95,301.0,120.0339821708635
2002-04-07,1141.95,301.0,120.05360756251834
2002-04-08,1135.25,301.3,120.07323616289784
2002-04-09,1126.7,299.5,120.0928679725266
2002-04-10,1138.5,302.5,120.11250299192932
2002-04-11,1143.6,303.0,120.13173481357276
2002-04-12,1146.5,302.9,120.15096971452064
2002-04-13,1146.5,302.9,120.170207695266
2002-04-14,1146.5,302.9,120.18944875630196
2002-04-15,1134.15,300.7,120.20869289812173
2002-04-16,1118.75,299.5,120.22794012121858
2002-04-17,1125.1,302.8,120.24719042608588
2002-04-18,1129.0,305.2,120.26630808214183
2002-04-19,1100.3,303.0,120.28542877764322
2002-04-20,1100.3,303.0,120.30455251307326
2002-04-21,1100.3,303.0,120.32367928891526
2002-04-22,1104.15,303.6,120.3428091056526
2002-04-23,1106.0,304.6,120.36194196376876
2002-04-24,1110.6,304.8,120.38107786374728
2002-04-25,1094.3,308.6,120.4007600050724
2002-04-26,1097.4,312.1,120.4204453644007
2002-04-27,1097.4,312.1,120.44013394225829
2002-04-28,1097.4,312.1,120.45982573917138
2002-04-29,1074.2,311.5,120.47952075566629
2002-04-30,1084.5,309.2,120.4992189922694
2002-05-01,1084.5,309.4,120.5194648418692
2002-05-02,1093.3,308.6,120.53971409310452
2002-05-03,1096.95,312.5,120.55996674654692
2002-05-04,1096.95,312.5,120.58022280276802
2002-05-05,1096.95,312.5,120.60048226233954
2002-05-06,1100.95,311.5,120.6207451258333
2002-05-07,1110.7,311.9,120.6410113938212
2002-05-08,1117.6,308.5,120.66128106687528
2002-05-09,1127.6,309.8,120.68237265880576
2002-05-10,1116.4,311.3,120.7034679375465
2002-05-11,1116.4,311.3,120.72456690374196
2002-05-12,1116.4,311.3,120.74566955803674
2002-05-13,1119.65,310.9,120.76677590107548
2002-05-14,1115.1,307.6,120.78788593350298
2002-05-15,1107.8,309.0,120.80899965596414
2002-05-16,1092.8,310.1,120.83216982914746
2002-05-17,1090.65,310.9,120.85534444617956
2002-05-18,1090.65,310.9,120.87852350791272
2002-05-19,1090.65,310.9,120.90170701519943
2002-05-20,1074.35,316.0,120.92489496889227
2002-05-21,1049.2,316.1,120.94808736984406
2002-05-22,1045.3,318.3,120.97128421890773
2002-05-23,1026.75,322.8,120.99434830567152
2002-05-24,1067.0,320.7,121.01741678977724
2002-05-25,1067.0,320.7,121.04048967206326
2002-05-26,1067.0,320.7,121.06356695336812
2002-05-27,1062.7,320.7,121.08664863453056
2002-05-28,1038.2,324.1,121.10973471638938
2002-05-29,1041.65,325.5,121.13282519978364
2002-05-30,1032.15,326.7,121.15468453073552
2002-05-31,1028.8,327.5,121.17654780636836
2002-06-01,1028.8,327.5,121.198415027394
2002-06-02,1028.8,327.5,121.22028619452443
2002-06-03,1039.75,327.7,121.24216130847176
2002-06-04,1045.4,328.8,121.26404036994822
2002-06-05,1064.2,322.1,121.28592337966616
2002-06-06,1064.35,325.8,121.30726139492594
2002-06-07,1048.8,325.4,121.32860316421493
2002-06-08,1048.8,325.4,121.3499486881935
2002-06-09,1048.8,325.4,121.3712979675223
2002-06-10,1069.9,319.5,121.39265100286195
2002-06-11,1097.05,320.5,121.41400779487331
2002-06-12,1092.8,321.1,121.43536834421728
2002-06-13,1082.85,318.5,121.45659524660384
2002-06-14,1085.7,319.8,121.47782585945292
2002-06-15,1085.7,319.8,121.49906018341316
2002-06-16,1085.7,319.8,121.5202982191332
2002-06-17,1088.9,318.1,121.5415399672619
2002-06-18,1074.95,319.7,121.56278542844817
2002-06-19,1062.9,320.3,121.58403460334104
2002-06-20,1070.05,323.7,121.6051499194218
2002-06-21,1062.55,325.1,121.62626890256765
2002-06-22,1062.55,325.1,121.64739155341547
2002-06-23,1062.55,325.1,121.66851787260228
2002-06-24,1061.85,324.7,121.68964786076506
2002-06-25,1055.4,320.5,121.71078151854108
2002-06-26,1044.2,320.8,121.73191884656758
2002-06-27,1048.55,319.6,121.75237181000644
2002-06-28,1057.8,313.9,121.7728282098794
2002-06-29,1057.8,313.9,121.79328804676378
2002-06-30,1057.8,313.9,121.81375132123708
2002-07-01,1068.95,314.4,121.83421803387688
2002-07-02,1068.05,313.2,121.85468818526084
2002-07-03,1069.9,311.3,121.87516177596672
2002-07-04,1070.55,311.3,121.89453825716632
2002-07-05,1073.8,311.3,121.913917818961
2002-07-06,1073.8,311.3,121.93330046184056
2002-07-07,1073.8,311.3,121.95268618629478
2002-07-08,1082.05,312.5,121.97207499281366
2002-07-09,1080.3,316.5,121.99146688188716
2002-07-10,1071.7,315.1,122.01086185400538
2002-07-11,1056.6,317.6,122.02998480023577
2002-07-12,1058.25,315.9,122.0491107436343
2002-07-13,1058.25,315.9,122.06823968467076
2002-07-14,1058.25,315.9,122.087371623815
2002-07-15,1048.0,319.9,122.10650656153688
2002-07-16,1035.95,317.5,122.12564449830636
2002-07-17,1032.55,317.7,122.14478543459354
2002-07-18,1041.3,317.1,122.16434265527948
2002-07-19,1035.9,323.9,122.18390300737116
2002-07-20,1035.9,323.9,122.20346649136994
2002-07-21,1035.9,323.9,122.2230331077773
2002-07-22,1012.0,323.5,122.24260285709478
2002-07-23,1021.9,312.6,122.26217573982402
2002-07-24,1004.05,311.4,122.28175175646672
2002-07-25,1001.55,309.7,122.30133090752466
2002-07-26,973.5,303.3,122.32091319349972
2002-07-27,973.5,303.3,122.34049861489385
2002-07-28,973.5,303.3,122.36008717220903
2002-07-29,971.65,302.4,122.37967886594744
2002-07-30,960.65,306.0,122.39927369661125
2002-07-31,958.9,305.2,122.41887166470268
2002-08-01,957.7,306.0,122.43833458832653
2002-08-02,954.75,309.0,122.4578006062886
2002-08-03,954.75,309.0,122.47726971908088
2002-08-04,954.75,309.0,122.49674192719536
2002-08-05,963.25,309.6,122.51621723112424
2002-08-06,966.65,307.3,122.53569563135964
2002-08-07,969.1,316.1,122.55517712839384
2002-08-08,953.55,312.2,122.5746617227192
2002-08-09,961.95,316.0,122.59414941482817
2002-08-10,961.95,316.0,122.6136402052132
2002-08-11,961.95,316.0,122.6331340943669
2002-08-12,969.85,315.8,122.65263108278194
2002-08-13,976.05,315.9,122.67213117095106
2002-08-14,969.65,313.5,122.69163435936709
2002-08-15,969.65,316.1,122.7111406485229
2002-08-16,979.25,315.4,122.73065003891148
2002-08-17,979.25,315.4,122.75016253102588
2002-08-18,979.25,315.4,122.76967812535922
2002-08-19,979.85,307.7,122.78919682240472
2002-08-20,988.55,310.4,122.80871862265568
2002-08-21,988.45,309.3,122.82824352660546
2002-08-22,985.7,308.3,122.84777153474752
2002-08-23,995.2,308.3,122.86730264757534
2002-08-24,995.2,308.3,122.88683686558257
2002-08-25,995.2,308.3,122.90637418926286
2002-08-26,998.85,311.0,122.92591461911
2002-08-27,987.7,313.9,122.9454581556178
2002-08-28,985.7,310.9,122.96500479928017
2002-08-29,987.25,314.4,122.9844157517364
2002-08-30,1010.6,313.9,123.00382976835776
2002-08-31,1010.6,313.9,123.02324684962788
2002-09-01,1010.6,313.9,123.0426669960306
2002-09-02,1013.5,313.9,123.06209020804972
2002-09-03,1001.1,315.0,123.0815164861692
2002-09-04,1006.95,316.5,123.10094583087306
2002-09-05,1008.6,319.8,123.1201006753072
2002-09-06,995.2,321.5,123.13925850028764
2002-09-07,995.2,321.5,123.15841930627812
2002-09-08,995.2,321.5,123.1775830937425
2002-09-09,998.55,322.8,123.19674986314472
2002-09-10,998.55,319.4,123.21591961494876
2002-09-11,998.85,318.1,123.23509234961872
2002-09-12,1001.65,320.4,123.25440717133938
2002-09-13,992.0,318.1,123.27372502030116
2002-09-14,992.0,318.1,123.29304589697854
2002-09-15,992.0,318.1,123.31236980184602
2002-09-16,985.75,318.5,123.33169673537824
2002-09-17,994.9,318.2,123.35102669804984
2002-09-18,983.6,321.8,123.37035969033565
2002-09-19,976.05,323.9,123.38983463111548
2002-09-20,969.6,323.2,123.40931264616148
2002-09-21,969.6,323.2,123.42879373595886
2002-09-22,969.6,323.2,123.44827790099306
2002-09-23,970.3,324.1,123.46776514174952
2002-09-24,966.2,327.2,123.48725545871372
2002-09-25,970.05,323.6,123.50674885237132
2002-09-26,969.9,321.7,123.526245323208
2002-09-27,976.45,321.1,123.54574487170946
2002-09-28,976.45,321.1,123.56524749836156
2002-09-29,976.45,321.1,123.58475320365024
2002-09-30,963.15,325.2,123.60426198806148
2002-10-01,955.2,322.2,123.62377385208129
2002-10-02,955.2,322.8,123.64328879619583
2002-10-03,948.2,322.4,123.66280682089136
2002-10-04,948.2,323.3,123.68232792665412
2002-10-05,948.2,323.3,123.70185211397052
2002-10-06,948.2,323.3,123.72137938332698
2002-10-07,954.75,323.1,123.74090973521002
2002-10-08,960.8,319.4,123.76044317010629
2002-10-09,954.75,320.8,123.77997968850238
2002-10-10,958.45,317.4,123.79951929088512
2002-10-11,971.05,317.2,123.8190619777413
2002-10-12,971.05,317.2,123.83860774955784
2002-10-13,971.05,317.2,123.85815660682172
2002-10-14,972.45,318.6,123.87770855002002
2002-10-15,972.45,313.4,123.89726357963984
2002-10-16,973.6,314.7,123.91682169616844
2002-10-17,973.3,312.2,123.93624336635688
2002-10-18,971.65,313.3,123.95566808053292
2002-10-19,971.65,313.3,123.97509583917372
2002-10-20,971.65,313.3,123.99452664275638
2002-10-21,967.35,311.5,124.01396049175816
2002-10-22,962.5,313.6,124.0333973866564
2002-10-23,957.35,312.6,124.05283732792846
2002-10-24,946.9,311.2,124.0722803160518
2002-10-25,932.2,313.9,124.09172635150398
2002-10-26,932.2,313.9,124.1111754347626
2002-10-27,932.2,313.9,124.13062756630532
2002-10-28,922.7,315.6,124.15008274660994
2002-10-29,936.9,318.1,124.1695409761543
2002-10-30,937.75,316.9,124.18900225541628
2002-10-31,951.4,318.4,124.20776670329133
2002-11-01,951.45,319.2,124.2265339863973
2002-11-02,951.45,319.2,124.24530410516265
2002-11-03,951.45,319.2,124.2640770600158
2002-11-04,962.1,318.7,124.28285285138529
2002-11-05,962.3,318.6,124.30163147969968
2002-11-06,962.3,317.9,124.32041294538764
2002-11-07,960.7,320.9,124.33919724887788
2002-11-08,956.95,321.7,124.35798439059916
2002-11-09,956.95,321.7,124.3767743709804
2002-11-10,956.95,321.7,124.3955671904504
2002-11-11,954.05,321.6,124.41436284943822
2002-11-12,959.85,324.7,124.43316134837286
2002-11-13,962.65,318.9,124.45196268768343
2002-11-14,971.9,318.1,124.47076686779911
2002-11-15,990.35,320.9,124.48957388914916
2002-11-16,990.35,320.9,124.5083837521628
2002-11-17,990.35,320.9,124.52719645726948
2002-11-18,996.85,319.4,124.54601200489856
2002-11-19,996.85,318.8,124.5648303954796
2002-11-20,1001.6,317.6,124.58365162944207
2002-11-21,1008.75,317.6,124.60205485340072
2002-11-22,1020.15,320.9,124.62046079584329
2002-11-23,1020.15,320.9,124.63886945717132
2002-11-24,1020.15,320.9,124.65728083778644
2002-11-25,1026.2,317.9,124.67569493809036
2002-11-26,1036.15,317.7,124.69411175848484
2002-11-27,1031.1,316.8,124.71253129937163
2002-11-28,1049.7,316.8,124.72997157809796
2002-11-29,1050.15,316.8,124.74741429573976
2002-11-30,1050.15,316.8,124.76485945263812
2002-12-01,1050.15,316.8,124.78230704913412
2002-12-02,1067.9,318.5,124.79975708556891
2002-12-03,1055.0,321.2,124.81720956228376
2002-12-04,1036.4,323.1,124.83466447961987
2002-12-05,1045.95,325.6,124.85240263041052
2002-12-06,1069.8,327.1,124.87014330167086
2002-12-07,1069.8,327.1,124.88788649375908
2002-12-08,1069.8,327.1,124.90563220703338
2002-12-09,1058.65,326.5,124.92338044185198
2002-12-10,1063.7,324.2,124.9411311985732
2002-12-11,1069.75,325.5,124.95888447755534
2002-12-12,1077.0,332.1,124.97748383721536
2002-12-13,1086.2,333.8,124.99608596527538
2002-12-14,1086.2,333.8,125.0146908621475
2002-12-15,1086.2,333.8,125.03329852824383
2002-12-16,1078.45,337.6,125.05190896397656
2002-12-17,1073.25,338.0,125.07052216975794
2002-12-18,1077.95,342.7,125.08913814600024
2002-12-19,1076.0,346.5,125.1078977469125
2002-12-20,1079.3,341.0,125.12666016119952
2002-12-21,1079.3,341.0,125.14542538928325
2002-12-22,1079.3,341.0,125.16419343158566
2002-12-23,1076.0,345.6,125.1829642885288
2002-12-24,1085.0,347.3,125.2017379605348
2002-12-25,1085.0,347.3,125.2205144480258
2002-12-26,1094.8,349.4,125.23929375142409
2002-12-27,1098.4,349.7,125.2580758711519
2002-12-28,1098.4,349.7,125.27686080763164
2002-12-29,1098.4,349.7,125.29564856128574
2002-12-30,1091.95,344.1,125.31443913253668
2002-12-31,1093.5,348.2,125.33323252180703
2003-01-01,1100.15,348.2,125.3520287295194
2003-01-02,1093.05,346.5,125.3706866062778
2003-01-03,1089.6,351.6,125.38934726014617
2003-01-04,1089.6,351.6,125.4080106915378
2003-01-05,1089.6,351.6,125.42667690086618
2003-01-06,1084.35,352.1,125.44534588854476
2003-01-07,1081.8,347.7,125.46401765498705
2003-01-08,1089.35,354.3,125.48269220060668
2003-01-09,1097.35,353.7,125.501228228868
2003-01-10,1080.25,354.9,125.51976699523078
2003-01-11,1080.25,354.9,125.5383085000995
2003-01-12,1080.25,354.9,125.55685274387868
2003-01-13,1073.75,355.1,125.5753997269729
2003-01-14,1078.95,352.4,125.59394944978682
2003-01-15,1085.0,351.1,125.61250191272514
2003-01-16,1088.35,358.1,125.6310571161926
2003-01-17,1086.5,356.8,125.64961506059409
2003-01-18,1086.5,356.8,125.6681757463344
2003-01-19,1086.5,356.8,125.68673917381857
2003-01-20,1076.35,356.8,125.70530534345154
2003-01-21,1077.9,357.5,125.7238742556384
2003-01-22,1082.9,359.9,125.74244591078428
2003-01-23,1070.9,364.7,125.76158666705072
2003-01-24,1056.05,368.4,125.7807303369598
2003-01-25,1056.05,368.4,125.799876920955
2003-01-26,1056.05,368.4,125.81902641947995
2003-01-27,1037.65,369.4,125.83817883297831
2003-01-28,1046.2,370.0,125.85733416189376
2003-01-29,1037.2,366.3,125.87649240667014
2003-01-30,1034.6,369.7,125.89593739337658
2003-01-31,1041.85,369.1,125.91538538388066
2003-02-01,1041.85,369.1,125.93483637864637
2003-02-02,1041.85,369.1,125.9542903781378
2003-02-03,1055.3,371.6,125.97374738281913
2003-02-04,1054.8,379.9,125.99320739315452
2003-02-05,1047.4,377.2,126.01267040960838
2003-02-06,1063.6,370.7,126.03185229996627
2003-02-07,1057.5,370.5,126.05103711022832
2003-02-08,1057.5,370.5,126.07022484083896
2003-02-09,1057.5,370.5,126.08941549224274
2003-02-10,1048.6,364.2,126.10860906488428
2003-02-11,1048.0,363.0,126.12780555920828
2003-02-12,1044.45,353.0,126.14700497565946
2003-02-13,1044.45,357.7,126.16677618583384
2003-02-14,1036.0,352.2,126.18655049477977
2003-02-15,1036.0,352.2,126.20632790298292
2003-02-16,1036.0,352.2,126.22610841092909
2003-02-17,1058.2,352.2,126.24589201910406
2003-02-18,1059.3,344.3,126.26567872799376
2003-02-19,1064.3,350.0,126.28546853808416
2003-02-20,1065.6,353.1,126.30554619764378
2003-02-21,1066.15,351.8,126.32562704927624
2003-02-22,1066.15,351.8,126.34571109348902
2003-02-23,1066.15,351.8,126.3657983307897
2003-02-24,1070.15,356.4,126.38588876168596
2003-02-25,1055.55,352.4,126.40598238668552
2003-02-26,1049.65,354.1,126.42607920629618
2003-02-27,1052.95,346.2,126.44617922102589
2003-02-28,1063.4,350.3,126.46628243138257
2003-03-01,1063.4,350.3,126.48638883787432
2003-03-02,1063.4,350.3,126.50649844100928
2003-03-03,1058.85,349.3,126.52661124129564
2003-03-04,1046.6,353.3,126.54672723924176
2003-03-05,1040.7,353.2,126.56684643535598
2003-03-06,1031.25,356.9,126.58625520118795
2003-03-07,1017.1,350.9,126.60566694331432
2003-03-08,1017.1,350.9,126.62508166219143
2003-03-09,1017.1,350.9,126.6444993582758
2003-03-10,1006.7,354.8,126.66392003202397
2003-03-11,1014.55,350.6,126.68334368389252
2003-03-12,1001.7,346.6,126.7027703143382
2003-03-13,999.65,336.0,126.72320000787604
2003-03-14,999.65,336.6,126.74363299552004
2003-03-15,999.65,336.6,126.76406927780138
2003-03-16,999.65,336.6,126.78450885525126
2003-03-17,993.0,337.2,126.804951728401
2003-03-18,993.0,337.7,126.82539789778204
2003-03-19,1003.9,336.2,126.8458473639258
2003-03-20,1025.25,333.0,126.86630012736391
2003-03-21,1030.55,326.1,126.886756188628
2003-03-22,1037.15,326.1,126.90721554824984
2003-03-23,1037.15,326.1,126.92767820676126
2003-03-24,1013.9,329.5,126.94814416469414
2003-03-25,1011.3,328.3,126.96861342258052
2003-03-26,1013.85,330.1,126.98908598095248
2003-03-27,1002.7,328.4,127.00956184034216
2003-03-28,1000.6,332.4,127.03004100128186
2003-03-29,1000.6,332.4,127.05052346430392
2003-03-30,1000.6,332.4,127.07100922994074
2003-03-31,978.2,336.9,127.09149829872489
2003-04-01,984.3,335.2,127.11199067118892
2003-04-02,999.4,330.4,127.13105363901728
2003-04-03,1009.15,325.7,127.1501194657163
2003-04-04,1016.95,326.0,127.16918815171474
2003-04-05,1016.95,326.0,127.1882596974414
2003-04-06,1016.95,326.0,127.20733410332517
2003-04-07,1031.5,322.2,127.22641136979496
2003-04-08,1018.1,322.9,127.24549149727982
2003-04-09,1004.85,326.2,127.26457448620876
2003-04-10,962.2,327.3,127.28265791056808
2003-04-11,949.8,328.5,127.30074390445816
2003-04-12,949.8,328.5,127.31883246824412
2003-04-13,949.8,328.5,127.33692360229108
2003-04-14,949.8,324.9,127.35501730696426
2003-04-15,951.2,325.5,127.37311358262896
2003-04-16,958.65,326.3,127.39121242965048
2003-04-17,940.7,327.6,127.40888420844212
2003-04-18,940.7,327.6,127.4265584386726
2003-04-19,940.7,327.6,127.444235120682
2003-04-20,940.7,327.6,127.46191425481042
2003-04-21,947.2,333.9,127.479595841398
2003-04-22,943.5,334.8,127.49727988078496
2003-04-23,934.2,331.9,127.51496637331157
2003-04-24,929.7,335.1,127.53222561134922
2003-04-25,924.3,333.7,127.54948718543656
2003-04-26,924.3,333.7,127.56675109588976
2003-04-27,924.3,333.7,127.5840173430251
2003-04-28,929.5,334.8,127.60128592715878
2003-04-29,932.3,334.0,127.61855684860716
2003-04-30,934.05,339.4,127.6358301076866
2003-05-01,934.05,342.4,127.6516733859186
2003-05-02,938.3,341.3,127.6675186307572
2003-05-03,938.3,341.3,127.68336584244652
2003-05-04,938.3,341.3,127.6992150212307
2003-05-05,945.4,342.6,127.71506616735388
2003-05-06,951.85,342.8,127.7309192810603
2003-05-07,950.15,342.2,127.74677436259417
2003-05-08,941.55,348.7,127.76277490857646
2003-05-09,937.85,348.9,127.77877745866002
2003-05-10,937.85,348.9,127.79478201309584
2003-05-11,937.85,348.9,127.810788572135
2003-05-12,936.0,351.9,127.82679713602856
2003-05-13,944.2,350.2,127.84280770502764
2003-05-14,952.15,352.5,127.8582469131472
2003-05-15,959.85,352.8,127.87368798581552
2003-05-16,973.1,354.9,127.88913092325777
2003-05-17,973.1,354.9,127.90457572569912
2003-05-18,973.1,354.9,127.92002239336485
2003-05-19,966.55,364.4,127.9354709264802
2003-05-20,971.55,366.5,127.95092132527044
2003-05-21,968.0,372.2,127.96637358996092
2003-05-22,963.25,368.1,127.98211450569087
2003-05-23,967.9,368.8,127.99785735768288
2003-05-24,967.9,368.8,128.01360214617506
2003-05-25,967.9,368.8,128.02934887140563
2003-05-26,982.45,368.8,128.04509753361285
2003-05-27,976.85,367.8,128.06084813303494
2003-05-28,990.8,365.2,128.07660066991022
2003-05-29,1002.6,370.7,128.09336080896338
2003-05-30,1006.8,365.6,128.11012314125293
2003-05-31,1006.8,365.6,128.12688766706586
2003-06-01,1006.8,365.6,128.14365438668924
2003-06-02,1015.15,367.1,128.16042330041014
2003-06-03,1010.65,366.3,128.1771944085157
2003-06-04,1021.05,363.6,128.19396771129306
2003-06-05,1035.05,369.5,128.2111748539234
2003-06-06,1046.4,364.5,128.22838430622372
2003-06-07,1046.4,364.5,128.24559606850403
2003-06-08,1046.4,364.5,128.2628101410744
2003-06-09,1052.1,362.6,128.2800265242449
2003-06-10,1037.8,352.8,128.2972452183257
2003-06-11,1044.1,356.2,128.31446622362702
2003-06-12,1051.3,353.9,128.33197780857495
2003-06-13,1056.2,357.2,128.34949178339843
2003-06-14,1056.2,357.2,128.36700814842365
2003-06-15,1056.2,357.2,128.3845269039768
2003-06-16,1051.8,359.7,128.40204805038408
2003-06-17,1081.95,363.8,128.41957158797183
2003-06-18,1086.75,357.8,128.43709751706638
2003-06-19,1092.55,361.8,128.4546258379941
2003-06-20,1100.25,356.7,128.47215655108138
2003-06-21,1100.25,356.7,128.48968965665475
2003-06-22,1100.25,356.7,128.50722515504066
2003-06-23,1089.2,353.4,128.5247630465657
2003-06-24,1085.35,346.7,128.5423033315565
2003-06-25,1106.65,349.6,128.55984601033964
2003-06-26,1116.35,344.2,128.57724667355183
2003-06-27,1125.55,345.5,128.5946496919557
2003-06-28,1125.55,345.5,128.61205506587004
2003-06-29,1125.55,345.5,128.62946279561365
2003-06-30,1134.15,346.3,128.6468728815054
2003-07-01,1130.7,351.7,128.66428532386422
2003-07-02,1133.8,351.6,128.68170012300902
2003-07-03,1144.65,351.3,128.69940637239336
2003-07-04,1138.45,351.3,128.71711505810907
2003-07-05,1138.45,351.3,128.73482618049144
2003-07-06,1138.45,351.3,128.75253973987571
2003-07-07,1140.55,348.4,128.77025573659725
2003-07-08,1145.9,344.4,128.7879741709914
2003-07-09,1141.05,343.9,128.80569504339354
2003-07-10,1162.35,344.6,128.82312898244075
2003-07-11,1161.65,345.1,128.84056528118356
2003-07-12,1161.65,345.1,128.85800393994134
2003-07-13,1161.65,345.1,128.87544495903353
2003-07-14,1171.5,347.8,128.89288833877958
2003-07-15,1159.85,342.2,128.91033407949905
2003-07-16,1168.75,343.2,128.92778218151147
2003-07-17,1152.0,344.3,128.94494299916005
2003-07-18,1140.0,347.3,128.96210610098396
2003-07-19,1140.0,347.3,128.97927148728726
2003-07-20,1140.0,347.3,128.99643915837405
2003-07-21,1115.8,351.0,129.0136091145484
2003-07-22,1109.2,350.7,129.03078135611446
2003-07-23,1119.05,359.0,129.04795588337646
2003-07-24,1139.45,362.3,129.06484313423897
2003-07-25,1162.75,362.8,129.08173259497175
2003-07-26,1162.75,362.8,129.098624265864
2003-07-27,1162.75,362.8,129.11551814720494
2003-07-28,1169.2,364.9,129.1324142392838
2003-07-29,1174.75,361.7,129.1493125423899
2003-07-30,1183.0,358.1,129.16621305681258
2003-07-31,1185.85,355.8,129.18297069202654
2003-08-01,1195.75,347.8,129.19973050132558
2003-08-02,1195.75,347.8,129.21649248499176
2003-08-03,1195.75,347.8,129.2332566433072
2003-08-04,1203.6,350.9,129.250022976554
2003-08-05,1184.45,351.2,129.26679148501435
2003-08-06,1171.05,352.4,129.28356216897046
2003-08-07,1196.95,354.1,129.30106078766042
2003-08-08,1222.65,357.9,129.3185617748004
2003-08-09,1222.65,357.9,129.33606513071098
2003-08-10,1222.65,357.9,129.35357085571275
2003-08-11,1232.85,363.3,129.37107895012645
2003-08-12,1234.75,360.0,129.38858941427267
2003-08-13,1246.9,363.7,129.40610224847222
2003-08-14,1247.75,367.5,129.42361745304586
2003-08-15,1247.75,364.7,129.44113502831445
2003-08-16,1247.75,364.7,129.45865497459886
2003-08-17,1247.75,364.7,129.47617729221997
2003-08-18,1281.4,359.9,129.4937019814988
2003-08-19,1277.7,363.0,129.5112290427563
2003-08-20,1287.4,367.0,129.52875847631356
2003-08-21,1300.95,361.8,129.5464357805491
2003-08-22,1311.15,364.3,129.5641154972766
2003-08-23,1311.15,364.3,129.58179762682525
2003-08-24,1311.15,364.3,129.59948216952438
2003-08-25,1271.1,362.4,129.6171691257033
2003-08-26,1318.2,366.8,129.6348584956914
2003-08-27,1340.3,374.1,129.6525502798181
2003-08-28,1341.05,371.6,129.6693710109577
2003-08-29,1356.55,376.8,129.68619392436824
2003-08-30,1356.55,376.8,129.70301902033287
2003-08-31,1356.55,376.8,129.71984629913476
2003-09-01,1375.95,376.8,129.73667576105709
2003-09-02,1385.45,374.3,129.75350740638308
2003-09-03,1359.35,375.0,129.77034123539602
2003-09-04,1372.7,374.0,129.78688606506557
2003-09-05,1398.4,378.7,129.8034330040876
2003-09-06,1398.4,378.7,129.819982052731
2003-09-07,1398.4,378.7,129.83653321126476
2003-09-08,1417.35,376.2,129.85308647995788
2003-09-09,1407.05,382.8,129.86964185907937
2003-09-10,1409.55,381.1,129.88619934889832
2003-09-11,1403.15,380.8,129.90261340597
2003-09-12,1372.1,376.9,129.91902953732878
2003-09-13,1372.1,376.9,129.9354477432368
2003-09-14,1372.1,376.9,129.95186802395625
2003-09-15,1329.25,375.6,129.9682903797493
2003-09-16,1357.95,374.6,129.98471481087822
2003-09-17,1341.6,377.3,130.00114131760523
2003-09-18,1302.35,377.7,130.0174242276809
2003-09-19,1322.15,382.9,130.0337091772245
2003-09-20,1322.15,382.9,130.0499961664915
2003-09-21,1322.15,382.9,130.06628519573738
2003-09-22,1302.9,388.3,130.08257626521765
2003-09-23,1328.2,387.0,130.0988693751878
2003-09-24,1372.05,388.4,130.11516452590348
2003-09-25,1357.2,385.5,130.13146171762028
2003-09-26,1386.95,381.8,130.14776095059383
2003-09-27,1386.95,381.8,130.1640622250798
2003-09-28,1386.95,381.8,130.18036554133388
2003-09-29,1399.95,383.2,130.19667089961183
2003-09-30,1417.1,386.1,130.21297830016942
2003-10-01,1420.85,385.0,130.22928774326243
2003-10-02,1420.85,383.7,130.24530701603257
2003-10-03,1449.3,370.0,130.26132825930492
2003-10-04,1449.3,370.0,130.27735147332186
2003-10-05,1449.3,370.0,130.29337665832583
2003-10-06,1478.9,373.3,130.30940381455926
2003-10-07,1477.85,377.8,130.32543294226463
2003-10-08,1478.6,376.0,130.3414640416845
2003-10-09,1502.1,369.8,130.35735105920162
2003-10-10,1523.1,374.1,130.3732400131503
2003-10-11,1523.1,374.1,130.38913090376658
2003-10-12,1523.1,374.1,130.40502373128652
2003-10-13,1546.75,375.7,130.42091849594618
2003-10-14,1520.8,376.2,130.4368151979817
2003-10-15,1537.0,373.1,130.4527138376292
2003-10-16,1555.7,373.2,130.46846823660445
2003-10-17,1569.45,372.2,130.48422453819313
2003-10-18,1569.45,372.2,130.49998274262504
2003-10-19,1569.45,372.2,130.51574285012995
2003-10-20,1542.7,374.4,130.53150486093773
2003-10-21,1506.5,382.0,130.54726877527818
2003-10-22,1494.1,386.8,130.56303459338125
2003-10-23,1470.45,385.0,130.58012010785885
2003-10-24,1506.05,389.2,130.5972078581515
2003-10-25,1521.95,389.2,130.6142978445519
2003-10-26,1521.95,389.2,130.6313900673526
2003-10-27,1485.3,388.2,130.64848452684626
2003-10-28,1481.75,383.4,130.66558122332555
2003-10-29,1498.45,387.0,130.68268015708327
2003-10-30,1516.85,384.4,130.7003681473512
2003-10-31,1555.9,384.6,130.71805853170076
2003-11-01,1555.9,384.6,130.73575131045595
2003-11-02,1555.9,384.6,130.75344648394085
2003-11-03,1601.65,377.1,130.7711440524796
2003-11-04,1618.7,380.0,130.78884401639638
2003-11-05,1609.15,382.7,130.8065463760154
2003-11-06,1612.2,380.7,130.8224900813352
2003-11-07,1592.05,383.4,130.83843572999606
2003-11-08,1592.05,383.4,130.85438332223492
2003-11-09,1592.05,383.4,130.87033285828866
2003-11-10,1594.5,386.7,130.8862843383942
2003-11-11,1601.15,388.2,130.90223776278853
2003-11-12,1603.8,395.0,130.9181931317086
2003-11-13,1579.95,394.3,130.93400374527914
2003-11-14,1550.45,398.0,130.949816268252
2003-11-15,1562.8,398.0,130.96563070085776
2003-11-16,1562.8,398.0,130.98144704332705
2003-11-17,1579.9,391.5,130.99726529589054
2003-11-18,1564.4,397.6,131.01308545877887
2003-11-19,1540.6,394.9,131.02890753222275
2003-11-20,1522.3,393.7,131.0445850512632
2003-11-21,1540.7,396.0,131.06026444610802
2003-11-22,1540.7,396.0,131.0759457169817
2003-11-23,1540.7,396.0,131.09162886410869
2003-11-24,1543.9,391.5,131.1073138877135
2003-11-25,1568.65,391.1,131.12300078802065
2003-11-26,1568.65,396.8,131.13824913566845
2003-11-27,1598.35,396.8,131.15349925655286
2003-11-28,1615.25,396.8,131.1687511508801
2003-11-29,1615.25,396.8,131.18400481885638
2003-11-30,1615.25,396.8,131.199260260688
2003-12-01,1657.65,403.8,131.2145174765812
2003-12-02,1658.5,404.6,131.22977646674232
2003-12-03,1670.5,404.8,131.2450372313777
2003-12-04,1675.2,404.2,131.26015270433683
2003-12-05,1645.8,407.3,131.27526991814295
2003-12-06,1645.8,407.3,131.29038887299652
2003-12-07,1645.8,407.3,131.30550956909804
2003-12-08,1646.25,407.5,131.32063200664803
2003-12-09,1675.85,408.9,131.33575618584717
2003-12-10,1686.9,407.0,131.35088210689588
2003-12-11,1695.4,405.4,131.36600976999486
2003-12-12,1698.9,410.1,131.38113917534474
2003-12-13,1698.9,410.1,131.39627032314615
2003-12-14,1698.9,410.1,131.41140321359978
2003-12-15,1723.95,409.9,131.42653784690634
2003-12-16,1736.25,408.4,131.44167422326657
2003-12-17,1733.25,412.7,131.45681234288114
2003-12-18,1756.1,411.1,131.47195220595088
2003-12-19,1778.55,409.9,131.4870938126766
2003-12-20,1778.55,409.9,131.50223716325908
2003-12-21,1778.55,409.9,131.5173822578992
2003-12-22,1789.15,411.3,131.53252909679776
2003-12-23,1780.3,411.6,131.5476776801557
2003-12-24,1808.7,412.8,131.56282800817388
2003-12-25,1808.7,412.8,131.57783301904277
2003-12-26,1837.05,412.8,131.592839741264
2003-12-27,1837.05,412.8,131.6078481750327
2003-12-28,1837.05,412.8,131.62285832054414
2003-12-29,1874.05,415.3,131.6378701779935
2003-12-30,1873.25,417.2,131.65288374757606
2003-12-31,1879.75,416.1,131.66789902948707
2004-01-01,1912.25,416.1,131.6832107435753
2004-01-02,1946.05,416.1,131.69852423826904
2004-01-03,1946.05,416.1,131.71383951377538
2004-01-04,1946.05,416.1,131.7291565703014
2004-01-05,1955.0,424.8,131.74447540805423
2004-01-06,1926.7,423.2,131.75979602724098
2004-01-07,1916.75,422.3,131.77511842806885
2004-01-08,1968.55,424.4,131.790442610745
2004-01-09,1971.9,426.8,131.80576857547666
2004-01-10,1971.9,426.8,131.82109632247105
2004-01-11,1971.9,426.8,131.83642585193545
2004-01-12,1945.6,426.6,131.8517571640771
2004-01-13,1963.6,424.0,131.86709025910335
2004-01-14,1982.15,422.0,131.88242513722153
2004-01-15,1944.45,408.7,131.89776179863898
2004-01-16,1900.65,407.0,131.9131002435631
2004-01-17,1900.65,407.0,131.92844047220126
2004-01-18,1900.65,407.0,131.94378248476093
2004-01-19,1935.35,407.0,131.95912628144956
2004-01-20,1893.25,412.9,131.9744718624746
2004-01-21,1824.6,411.2,131.98981922804356
2004-01-22,1770.5,410.1,132.00516837836398
2004-01-23,1847.55,408.0,132.02051931364338
2004-01-24,1847.55,408.0,132.03587203408935
2004-01-25,1847.55,408.0,132.0512265399095
2004-01-26,1847.55,406.7,132.06658283131145
2004-01-27,1904.7,410.1,132.08194090850284
2004-01-28,1863.1,414.6,132.09730077169132
2004-01-29,1843.6,399.4,132.1129581018921
2004-01-30,1809.75,402.9,132.12861728793692
2004-01-31,1809.75,402.9,132.14427833004575
2004-02-01,1809.75,402.9,132.1599412284386
2004-02-02,1809.75,399.3,132.17560598333552
2004-02-03,1769.0,399.9,132.1912725949565
2004-02-04,1822.2,401.7,132.20694106352164
2004-02-05,1804.5,398.8,132.22261138925103
2004-02-06,1833.65,404.2,132.23828357236482
2004-02-07,1833.65,404.2,132.25395761308314
2004-02-08,1833.65,404.2,132.26963351162618
2004-02-09,1880.7,407.4,132.28531126821417
2004-02-10,1880.75,407.0,132.3009908830673
2004-02-11,1891.5,410.7,132.31667235640586
2004-02-12,1885.3,414.2,132.33250395562547
2004-02-13,1913.6,410.8,132.34833744908508
2004-02-14,1913.6,410.8,132.36417283701132
2004-02-15,1913.6,410.8,132.3800101196309
2004-02-16,1913.55,410.8,132.39584929717049
2004-02-17,1920.1,416.5,132.4116903698568
2004-02-18,1916.45,412.8,132.42768134879245
2004-02-19,1858.3,410.3,132.4436742589126
2004-02-20,1852.65,398.0,132.4596691004505
2004-02-21,1852.65,398.0,132.4756658736394
2004-02-22,1852.65,398.0,132.49166457871257
2004-02-23,1808.2,399.3,132.50766521590333
2004-02-24,1821.35,404.8,132.523667785445
2004-02-25,1786.8,396.1,132.539672287571
2004-02-26,1765.8,395.5,132.55567872251464
2004-02-27,1800.3,396.8,132.5716870905094
2004-02-28,1800.3,396.8,132.58769739178874
2004-02-29,1800.3,396.8,132.60370962658607
2004-03-01,1852.7,399.6,132.61972379513497
2004-03-02,1852.7,393.8,132.63573989766888
2004-03-03,1860.4,392.7,132.65175793442145
2004-03-04,1843.85,393.2,132.6673323410914
2004-03-05,1867.7,401.6,132.68290857632468
2004-03-06,1867.7,401.6,132.698486640336
2004-03-07,1867.7,401.6,132.7140665333401
2004-03-08,1885.25,400.9,132.72964825555167
2004-03-09,1866.05,404.5,132.7452318071855
2004-03-10,1844.35,400.3,132.76081718845637
2004-03-11,1805.4,401.0,132.77610723358555
2004-03-12,1812.2,395.6,132.79139903966714
2004-03-13,1812.2,395.6,132.80669260690394
2004-03-14,1812.2,395.6,132.82198793549878
2004-03-15,1763.4,399.6,132.83728502565452
2004-03-16,1749.35,402.6,132.85258387757403
2004-03-17,1749.85,407.1,132.86788449146025
2004-03-18,1716.65,411.3,132.883335752351
2004-03-19,1725.1,412.7,132.89878881007522
2004-03-20,1725.1,412.7,132.91424366484188
2004-03-21,1725.1,412.7,132.92970031685994
2004-03-22,1685.0,417.6,132.9451587663384
2004-03-23,1696.4,420.0,132.96061901348634
2004-03-24,1692.1,417.4,132.97608105851276
2004-03-25,1704.45,416.9,132.99154490162675
2004-03-26,1747.5,422.2,133.0070105430374
2004-03-27,1747.5,422.2,133.02247798295386
2004-03-28,1747.5,422.2,133.03794722158526
2004-03-29,1762.05,417.1,133.05341825914078
2004-03-30,1750.15,422.8,133.06889109582963
2004-03-31,1771.9,428.3,133.084365731861
2004-04-01,1819.65,428.8,133.10028918506714
2004-04-02,1841.1,422.5,133.11621454350356
2004-04-03,1841.1,422.5,133.1321418073982
2004-04-04,1841.1,422.5,133.14807097697906
2004-04-05,1856.6,416.3,133.16400205247416
2004-04-06,1851.15,419.8,133.17993503411154
2004-04-07,1848.7,423.7,133.19586992211924
2004-04-08,1853.55,420.7,133.2118067167254
2004-04-09,1853.55,420.7,133.2277454181581
2004-04-10,1853.55,420.7,133.24368602664552
2004-04-11,1853.55,420.7,133.2596285424158
2004-04-12,1838.2,420.9,133.2755729656972
2004-04-13,1878.45,407.7,133.29151929671792
2004-04-14,1878.45,400.5,133.30761653006203
2004-04-15,1861.95,398.3,133.3237157074227
2004-04-16,1868.95,401.6,133.3398168290347
2004-04-17,1868.1,401.6,133.35591989513284
2004-04-18,1868.1,401.6,133.37202490595195
2004-04-19,1844.05,401.2,133.3881318617269
2004-04-20,1844.25,398.3,133.40424076269255
2004-04-21,1873.35,391.4,133.42035160908384
2004-04-22,1889.55,393.9,133.43631526277008
2004-04-23,1892.45,395.7,133.45228082649655
2004-04-24,1892.45,395.7,133.46824830049178
2004-04-25,1892.45,395.7,133.48421768498434
2004-04-26,1892.45,396.6,133.5001889802028
2004-04-27,1817.25,399.1,133.51616218637582
2004-04-28,1816.55,385.9,133.532137303732
2004-04-29,1808.95,387.1,133.54826359582063
2004-04-30,1796.1,387.5,133.56439183543517
2004-05-01,1796.1,387.5,133.5805220228108
2004-05-02,1796.1,387.5,133.59665415818276
2004-05-03,1766.7,387.5,133.6127882417863
2004-05-04,1793.1,391.8,133.6289242738567
2004-05-05,1809.9,393.8,133.6450622546293
2004-05-06,1832.8,388.4,133.6612021843394
2004-05-07,1804.45,379.1,133.67734406322236
2004-05-08,1804.45,379.1,133.69348789151363
2004-05-09,1804.45,379.1,133.70963366944858
2004-05-10,1769.1,378.7,133.7257813972627
2004-05-11,1699.45,377.2,133.74193107519145
2004-05-12,1711.1,377.7,133.75808270347034
2004-05-13,1717.5,374.9,133.7742362823349
2004-05-14,1582.4,377.1,133.79039181202072
2004-05-15,1582.4,377.1,133.80654929276338
2004-05-16,1582.4,377.1,133.8227087247985
2004-05-17,1388.75,379.6,133.83887010836176
2004-05-18,1503.95,375.9,133.85503344368882
2004-05-19,1567.85,383.0,133.8711987310154
2004-05-20,1543.85,378.5,133.887216328251
2004-05-21,1560.2,384.9,133.9032358419811
2004-05-22,1560.2,384.9,133.91925727243503
2004-05-23,1560.2,384.9,133.93528061984216
2004-05-24,1608.85,385.7,133.95130588443183
2004-05-25,1606.7,388.4,133.96733306643344
2004-05-26,1598.8,388.3,133.9833621660764
2004-05-27,1586.4,394.9,133.99954295129362
2004-05-28,1508.75,394.9,134.0157256906177
2004-05-29,1508.75,394.9,134.03191038428466
2004-05-30,1508.75,394.9,134.0480970325305
2004-05-31,1483.6,394.9,134.06428563559132
2004-06-01,1507.9,395.4,134.0804761937031
2004-06-02,1535.2,392.5,134.09666870710208
2004-06-03,1495.1,388.9,134.1128631760243
2004-06-04,1521.1,391.7,134.12905960070594
2004-06-05,1521.1,391.7,134.1452579813832
2004-06-06,1521.1,391.7,134.1614583182923
2004-06-07,1542.55,394.5,134.17766061166947
2004-06-08,1550.55,391.8,134.193864861751
2004-06-09,1548.3,385.2,134.2100710687732
2004-06-10,1544.75,386.6,134.22642962179177
2004-06-11,1508.45,386.6,134.24279016871623
2004-06-12,1508.45,386.6,134.2591527097897
2004-06-13,1508.45,386.6,134.27551724525517
2004-06-14,1481.35,384.2,134.2918837753558
2004-06-15,1501.0,388.7,134.30825230033463
2004-06-16,1494.75,385.2,134.32462282043485
2004-06-17,1512.05,389.5,134.34114585307975
2004-06-18,1491.2,395.7,134.3576709181935
2004-06-19,1491.2,395.7,134.37419801602604
2004-06-20,1491.2,395.7,134.3907271468275
2004-06-21,1482.0,394.5,134.40725831084788
2004-06-22,1474.7,395.5,134.4237915083373
2004-06-23,1446.1,395.5,134.44032673954592
2004-06-24,1470.75,403.5,134.45671335789197
2004-06-25,1488.5,403.2,134.47310197356478
2004-06-26,1488.5,403.2,134.48949258680778
2004-06-27,1488.5,403.2,134.50588519786447
2004-06-28,1514.35,401.3,134.52227980697833
2004-06-29,1518.3,392.8,134.53867641439294
2004-06-30,1505.6,393.0,134.55507502035184
2004-07-01,1537.2,396.4,134.57162640051146
2004-07-02,1537.5,398.7,134.58817981662688
2004-07-03,1537.5,398.7,134.60473526894853
2004-07-04,1537.5,398.7,134.6212927577269
2004-07-05,1526.85,398.7,134.63785228321248
2004-07-06,1558.25,393.0,134.6544138456558
2004-07-07,1566.8,402.7,134.6709774453074
2004-07-08,1518.15,408.2,134.68739217713087
2004-07-09,1553.2,407.9,134.70380890970776
2004-07-10,1553.2,407.9,134.72022764328196
2004-07-11,1553.2,407.9,134.73664837809736
2004-07-12,1556.95,408.4,134.75307111439787
2004-07-13,1539.3,402.3,134.76949585242747
2004-07-14,1522.75,405.6,134.78592259243013
2004-07-15,1539.4,404.4,134.8025023687385
2004-07-16,1558.8,406.8,134.8190841844956
2004-07-17,1558.8,406.8,134.83566803995237
2004-07-18,1558.8,406.8,134.85225393535964
2004-07-19,1571.6,405.8,134.8688418709684
2004-07-20,1566.1,402.1,134.88543184702957
2004-07-21,1581.4,397.3,134.90202386379414
2004-07-22,1598.1,395.3,134.91861792151315
2004-07-23,1601.6,390.5,134.93521402043766
2004-07-24,1601.6,390.5,134.95181216081872
2004-07-25,1601.6,390.5,134.96841234290747
2004-07-26,1618.0,390.3,134.98501456695507
2004-07-27,1600.75,387.0,135.0016188332127
2004-07-28,1594.15,389.0,135.0182251419315
2004-07-29,1618.7,389.8,135.0348334933628
2004-07-30,1632.3,393.7,135.05144388775784
2004-07-31,1632.3,393.7,135.0680563253679
2004-08-01,1632.3,393.7,135.08467080644434
2004-08-02,1639.05,394.4,135.1012873312385
2004-08-03,1630.6,396.5,135.11790590000177
2004-08-04,1626.55,394.7,135.13452651298562
2004-08-05,1654.95,394.8,135.15114917044144
2004-08-06,1633.4,402.1,135.16777387262078
2004-08-07,1633.4,402.1,135.18440061977512
2004-08-08,1633.4,402.1,135.201029412156
2004-08-09,1642.6,403.0,135.21766025001503
2004-08-10,1652.15,402.3,135.2342931336038
2004-08-11,1621.6,397.9,135.250928063174
2004-08-12,1607.2,396.6,135.26938629462498
2004-08-13,1598.2,401.2,135.28784704514413
2004-08-14,1598.2,401.2,135.30631031507525
2004-08-15,1598.2,401.2,135.32477610476215
2004-08-16,1599.15,405.2,135.34324441454874
2004-08-17,1604.35,406.7,135.3617152447789
2004-08-18,1581.8,406.6,135.38018859579668
2004-08-19,1609.2,409.3,135.3983603261525
2004-08-20,1590.35,415.5,135.41653449565237
2004-08-21,1590.35,415.5,135.43471110462372
2004-08-22,1590.35,415.5,135.45289015339398
2004-08-23,1578.2,412.8,135.47107164229064
2004-08-24,1591.6,405.0,135.48925557164122
2004-08-25,1595.7,410.0,135.50744194177332
2004-08-26,1610.75,409.6,135.52487042632663
2004-08-27,1609.0,405.4,135.54230115246955
2004-08-28,1609.0,405.4,135.5597341204904
2004-08-29,1609.0,405.4,135.5771693306775
2004-08-30,1628.45,410.0,135.59460678331922
2004-08-31,1631.75,412.4,135.612046478704
2004-09-01,1635.45,410.8,135.62948841712029
2004-09-02,1629.3,408.0,135.6466282685798
2004-09-03,1634.1,402.5,135.66377028604697
2004-09-04,1634.1,402.5,135.68091446979548
2004-09-05,1634.1,402.5,135.69806082009913
2004-09-06,1644.0,402.5,135.7152093372317
2004-09-07,1650.15,399.4,135.732360021467
2004-09-08,1656.25,401.4,135.7495128730789
2004-09-09,1649.0,400.4,135.76682000617905
2004-09-10,1668.75,403.8,135.7841293458201
2004-09-11,1668.75,403.8,135.8014408922834
2004-09-12,1668.75,403.8,135.81875464585033
2004-09-13,1675.2,406.0,135.83607060680225
2004-09-14,1685.55,407.5,135.85338877542057
2004-09-15,1683.2,406.8,135.87070915198677
2004-09-16,1705.7,406.5,135.88833660831878
2004-09-17,1733.65,407.6,135.90596635158386
2004-09-18,1733.65,407.6,135.9235983820787
2004-09-19,1733.65,407.6,135.94123270010002
2004-09-20,1728.8,407.0,135.95886930594463
2004-09-21,1750.2,410.1,135.97650819990932
2004-09-22,1753.9,409.0,135.99414938229097
2004-09-23,1726.15,412.6,136.01240352300516
2004-09-24,1722.5,409.7,136.03066011392517
2004-09-25,1722.5,409.7,136.04891915537985
2004-09-26,1722.5,409.7,136.06718064769814
2004-09-27,1717.5,410.7,136.085444591209
2004-09-28,1700.25,414.2,136.10371098624148
2004-09-29,1727.95,414.7,136.1219798331246
2004-09-30,1745.5,420.4,136.14070984461273
2004-10-01,1775.15,421.2,136.1594424332991
2004-10-02,1775.15,421.2,136.17817759953834
2004-10-03,1775.15,421.2,136.1969153436851
2004-10-04,1805.65,415.6,136.2156556660942
2004-10-05,1812.45,419.8,136.23439856712028
2004-10-06,1794.9,420.0,136.25314404711818
2004-10-07,1815.7,419.5,136.27204515791968
2004-10-08,1820.2,424.5,136.2909488906936
2004-10-09,1817.8,424.5,136.3098552458037
2004-10-10,1817.8,424.5,136.32876422361375
2004-10-11,1807.75,423.4,136.34767582448754
2004-10-12,1786.9,416.6,136.36659004878896
2004-10-13,1786.9,414.6,136.3858132547007
2004-10-14,1794.75,419.5,136.40503917045248
2004-10-15,1795.0,420.1,136.42426779642628
2004-10-16,1795.0,420.1,136.44349913300417
2004-10-17,1795.0,420.1,136.46273318056825
2004-10-18,1786.0,417.6,136.4819699395007
2004-10-19,1808.4,421.6,136.5012094101837
2004-10-20,1790.05,424.8,136.52045159299954
2004-10-21,1779.75,425.6,136.53985021409932
2004-10-22,1779.75,425.6,136.5592515916103
2004-10-23,1779.75,425.6,136.57865572592414
2004-10-24,1779.75,425.6,136.59806261743256
2004-10-25,1757.25,429.9,136.61747226652733
2004-10-26,1781.05,427.6,136.6368846736003
2004-10-27,1783.85,425.6,136.65629983904336
2004-10-28,1800.1,426.1,136.67638756631806
2004-10-29,1786.9,429.4,136.69647824637858
2004-10-30,1786.9,429.4,136.716571879659
2004-10-31,1786.9,429.4,136.7366684665934
2004-11-01,1797.75,428.2,136.756768007616
2004-11-02,1813.7,420.8,136.77687050316095
2004-11-03,1837.4,425.4,136.7969759536626
2004-11-04,1834.85,430.8,136.81739318341337
2004-11-05,1852.3,434.3,136.83781346047763
2004-11-06,1852.3,434.3,136.8582367853102
2004-11-07,1852.3,434.3,136.87866315836595
2004-11-08,1862.8,433.4,136.89909258009988
2004-11-09,1858.75,436.2,136.91952505096697
2004-11-10,1876.1,434.5,136.93996057142232
2004-11-11,1870.55,435.4,136.9608632370751
2004-11-12,1872.95,438.3,136.9817690933337
2004-11-13,1872.95,438.3,137.0026781406851
2004-11-14,1872.95,438.3,137.0235903796164
2004-11-15,1872.95,437.3,137.04450581061477
2004-11-16,1879.0,440.5,137.06542443416745
2004-11-17,1888.65,445.1,137.08634625076175
2004-11-18,1892.05,442.9,137.10742599944578
2004-11-19,1872.35,447.0,137.12850898955986
2004-11-20,1872.35,447.0,137.14959522160245
2004-11-21,1872.35,447.0,137.17068469607204
2004-11-22,1873.35,449.0,137.19177741346724
2004-11-23,1892.6,447.9,137.2128733742867
2004-11-24,1904.05,449.3,137.23397257902917
2004-11-25,1901.05,449.3,137.25383578662192
2004-11-26,1901.05,449.3,137.2737018692099
2004-11-27,1901.05,449.3,137.29357082720924
2004-11-28,1901.05,449.3,137.3134426610361
2004-11-29,1939.65,455.8,137.33331737110674
2004-11-30,1958.8,453.2,137.35319495783747
2004-12-01,1962.05,455.9,137.37307542164467
2004-12-02,1999.0,452.3,137.39249395267584
2004-12-03,1996.2,457.8,137.41191522863608
2004-12-04,1996.2,457.8,137.43133924991338
2004-12-05,1996.2,457.8,137.45076601689584
2004-12-06,1993.15,455.9,137.47019552997156
2004-12-07,1992.7,453.7,137.48962778952873
2004-12-08,1977.95,438.7,137.50906279595557
2004-12-09,1989.95,437.2,137.52850054964037
2004-12-10,1969.0,435.3,137.54794105097147
2004-12-11,1969.0,435.3,137.5673843003373
2004-12-12,1969.0,435.3,137.58683029812627
2004-12-13,1985.35,440.3,137.6062790447269
2004-12-14,2006.8,437.3,137.62573054052774
2004-12-15,2028.7,442.2,137.64518478591742
2004-12-16,2033.2,438.2,137.66557324322002
2004-12-17,2012.1,442.9,137.68596472052795
2004-12-18,2012.1,442.9,137.70635921828853
2004-12-19,2012.1,442.9,137.72675673694917
2004-12-20,2026.85,443.6,137.74715727695735
2004-12-21,2044.65,442.9,137.76756083876057
2004-12-22,2035.35,441.4,137.78796742280645
2004-12-23,2045.15,442.9,137.80868809059788
2004-12-24,2062.7,442.9,137.82941187438038
2004-12-25,2062.7,442.9,137.8501387746225
2004-12-26,2062.7,442.9,137.87086879179293
2004-12-27,2062.6,446.2,137.89160192636038
2004-12-28,2071.35,445.3,137.91233817879365
2004-12-29,2069.6,437.0,137.9330775495616
2004-12-30,2059.8,438.4,137.95350865048684
2004-12-31,2080.5,438.4,137.97394277773392
2005-01-01,2080.5,438.4,137.99437993175113
2005-01-02,2080.5,438.4,138.01482011298677
2005-01-03,2115.0,429.7,138.03526332188926
2005-01-04,2103.75,429.2,138.05570955890707
2005-01-05,2032.2,427.3,138.07615882448872
2005-01-06,1998.35,421.6,138.0959880740593
2005-01-07,2015.5,419.5,138.11582017132744
2005-01-08,2015.5,419.5,138.13565511670208
2005-01-09,2015.5,419.5,138.15549291059224
2005-01-10,1982.0,419.7,138.175333553407
2005-01-11,1952.05,422.4,138.1951770455555
2005-01-12,1913.6,426.6,138.21502338744696
2005-01-13,1954.55,425.1,138.23518422596797
2005-01-14,1931.1,423.3,138.25534800526486
2005-01-15,1931.1,423.3,138.27551472576664
2005-01-16,1931.1,423.3,138.2956843879023
2005-01-17,1932.9,423.3,138.31585699210092
2005-01-18,1934.05,423.5,138.33603253879164
2005-01-19,1926.65,423.3,138.3562110284037
2005-01-20,1925.3,422.6,138.37654863330863
2005-01-21,1925.3,426.9,138.39688922773004
2005-01-22,1925.3,426.9,138.4172328121074
2005-01-23,1925.3,426.9,138.43757938688017
2005-01-24,1909.0,427.1,138.45792895248795
2005-01-25,1931.85,422.1,138.47828150937036
2005-01-26,1931.85,426.9,138.49848074823566
2005-01-27,1955.0,426.3,138.51868293347815
2005-01-28,2008.3,428.1,138.53888806552766
2005-01-29,2008.3,428.1,138.55909614481394
2005-01-30,2008.3,428.1,138.5793071717669
2005-01-31,2057.6,424.1,138.59952114681658
2005-02-01,2059.85,422.9,138.61973807039294
2005-02-02,2052.25,423.0,138.6399579429261
2005-02-03,2079.45,418.5,138.6598681602287
2005-02-04,2077.95,415.9,138.6797812368567
2005-02-05,2077.95,415.9,138.69969717322076
2005-02-06,2077.95,415.9,138.7196159697315
2005-02-07,2055.1,415.4,138.73953762679974
2005-02-08,2055.15,414.3,138.75946214483625
2005-02-09,2070.0,414.5,138.77938952425188
2005-02-10,2063.35,418.7,138.7993197654576
2005-02-11,2082.05,422.0,138.81925286886437
2005-02-12,2082.05,422.0,138.83918883488323
2005-02-13,2082.05,422.0,138.85912766392528
2005-02-14,2098.25,427.3,138.8790693564017
2005-02-15,2089.95,427.3,138.89901391272366
2005-02-16,2068.8,426.9,138.91896133330252
2005-02-17,2061.9,428.6,138.93906842570593
2005-02-18,2055.55,428.4,138.9591784284044
2005-02-19,2055.55,428.4,138.9792913418191
2005-02-20,2055.55,428.4,138.9994071663714
2005-02-21,2043.2,428.4,139.01952590248266
2005-02-22,2058.4,435.8,139.03964755057424
2005-02-23,2057.1,436.1,139.05977211106767
2005-02-24,2055.3,435.7,139.07974261828554
2005-02-25,2060.9,436.1,139.09971599348708
2005-02-26,2060.9,436.1,139.1196922370842
2005-02-27,2060.9,436.1,139.13967134948882
2005-02-28,2103.25,437.6,139.1596533311129
2005-03-01,2084.4,433.9,139.1796381823686
2005-03-02,2093.25,433.8,139.19962590366788
2005-03-03,2128.85,430.8,139.2194593714617
2005-03-04,2148.15,435.1,139.23929566517148
2005-03-05,2148.15,435.1,139.25913478519988
2005-03-06,2148.15,435.1,139.27897673194957
2005-03-07,2160.1,435.8,139.29882150582333
2005-03-08,2168.95,441.1,139.31866910722397
2005-03-09,2160.8,442.9,139.33851953655434
2005-03-10,2167.4,443.4,139.35837279421742
2005-03-11,2154.0,446.8,139.37822888061615
2005-03-12,2154.0,446.8,139.3980877961536
2005-03-13,2154.0,446.8,139.41794954123284
2005-03-14,2146.35,441.6,139.43781411625707
2005-03-15,2128.95,441.4,139.4576815216295
2005-03-16,2125.55,444.2,139.47755175775336
2005-03-17,2098.5,439.1,139.49742482503203
2005-03-18,2109.15,439.7,139.51730072386889
2005-03-19,2109.15,439.7,139.53717945466735
2005-03-20,2109.15,439.7,139.55706101783096
2005-03-21,2096.6,431.4,139.57694541376327
2005-03-22,2061.6,431.6,139.5968326428679
2005-03-23,2026.4,425.4,139.61735261235225
2005-03-24,2015.4,424.8,139.63787559815967
2005-03-25,2015.4,424.8,139.65840160073355
2005-03-26,2015.4,424.8,139.67893062051735
2005-03-27,2015.4,424.8,139.69946265795454
2005-03-28,2029.45,426.0,139.71999771348874
2005-03-29,1983.85,426.0,139.74053578756357
2005-03-30,1993.7,429.5,139.76107688062277
2005-03-31,2035.65,431.1,139.7814632354014
2005-04-01,2067.65,428.3,139.801852563851
2005-04-02,2067.65,428.3,139.82224486640538
2005-04-03,2067.65,428.3,139.84264014349833
2005-04-04,2063.4,426.0,139.86303839556373
2005-04-05,2052.55,426.6,139.88343962303554
2005-04-06,2069.3,429.2,139.90384382634778
2005-04-07,2052.85,428.4,139.9240934703734
2005-04-08,2031.2,428.8,139.94434604532694
2005-04-09,2031.2,428.8,139.96460155163263
2005-04-10,2031.2,428.8,139.98485998971475
2005-04-11,2008.2,430.4,140.00512135999764
2005-04-12,2024.95,429.3,140.02538566290573
2005-04-13,2025.45,431.0,140.04565289886347
2005-04-14,2025.45,425.6,140.06544921519583
2005-04-15,1956.3,426.5,140.08524832985952
2005-04-16,1956.3,426.5,140.10505024325013
2005-04-17,1956.3,426.5,140.12485495576328
2005-04-18,1927.8,429.0,140.14466246779463
2005-04-19,1909.4,434.4,140.1644727797399
2005-04-20,1929.7,436.7,140.18428589199488
2005-04-21,1948.55,434.4,140.2039435695423
2005-04-22,1967.35,435.6,140.2236040036347
2005-04-23,1967.35,435.6,140.2432671946586
2005-04-24,1967.35,435.6,140.26293314300062
2005-04-25,1970.95,435.8,140.28260184904738
2005-04-26,1957.1,439.0,140.3022733131856
2005-04-27,1935.4,434.1,140.32194753580202
2005-04-28,1941.3,432.4,140.3416245172835
2005-04-29,1902.5,436.1,140.36130425801684
2005-04-30,1902.5,436.1,140.380986758389
2005-05-01,1902.5,436.1,140.400672018787
2005-05-02,1916.75,430.5,140.4203600395978
2005-05-03,1920.7,427.7,140.4400508212085
2005-05-04,1942.6,430.0,140.45974436400627
2005-05-05,1963.3,430.7,140.47975737624023
2005-05-06,1977.5,426.9,140.49977323997203
2005-05-07,1977.5,426.9,140.51979195560796
2005-05-08,1977.5,426.9,140.5398135235544
2005-05-09,2000.75,426.9,140.5598379442177
2005-05-10,1994.3,427.9,140.57986521800433
2005-05-11,1985.95,427.9,140.59989534532085
2005-05-12,1993.15,422.2,140.6199283265738
2005-05-13,1988.3,420.7,140.63996416216983
2005-05-14,1988.3,420.7,140.66000285251565
2005-05-15,1988.3,420.7,140.68004439801797
2005-05-16,2012.6,419.3,140.70008879908363
2005-05-17,1990.8,419.8,140.7201360561195
2005-05-18,1982.75,421.9,140.74018616953245
2005-05-19,1990.85,420.8,140.760080662424
2005-05-20,1992.4,417.7,140.77997796752476
2005-05-21,1992.4,417.7,140.79987808523225
2005-05-22,1992.4,417.7,140.81978101594405
2005-05-23,2013.9,416.9,140.8396867600578
2005-05-24,2028.6,417.7,140.85959531797116
2005-05-25,2043.85,418.9,140.8795066900819
2005-05-26,2074.7,418.0,140.8995795109721
2005-05-27,2076.4,419.8,140.91965519188182
2005-05-28,2076.4,419.8,140.93973373321856
2005-05-29,2076.4,419.8,140.95981513538987
2005-05-30,2072.4,419.8,140.97989939880338
2005-05-31,2087.55,418.9,140.99998652386677
2005-06-01,2087.55,417.7,141.02007651098776
2005-06-02,2064.65,424.8,141.04016936057414
2005-06-03,2094.25,425.8,141.06026507303378
2005-06-04,2092.35,425.8,141.08036364877455
2005-06-05,2092.35,425.8,141.10046508820446
2005-06-06,2092.8,428.4,141.12056939173152
2005-06-07,2098.15,426.7,141.14067655976382
2005-06-08,2112.4,426.6,141.16078659270948
2005-06-09,2103.2,426.1,141.18105882863173
2005-06-10,2090.6,429.3,141.2013339758692
2005-06-11,2090.6,429.3,141.22161203484004
2005-06-12,2090.6,429.3,141.24189300596234
2005-06-13,2102.75,431.1,141.26217688965437
2005-06-14,2112.35,429.3,141.28246368633438
2005-06-15,2128.65,430.9,141.3027533964207
2005-06-16,2123.7,437.9,141.32336462900585
2005-06-17,2123.4,440.0,141.34397886806394
2005-06-18,2123.4,440.0,141.36459611403356
2005-06-19,2123.4,440.0,141.38521636735328
2005-06-20,2144.35,440.0,141.4058396284618
2005-06-21,2170.0,440.5,141.42646589779784
2005-06-22,2187.35,439.7,141.4470951758002
2005-06-23,2183.85,443.2,141.46772746290773
2005-06-24,2194.35,442.0,141.48836275955938
2005-06-25,2194.35,442.0,141.50900106619412
2005-06-26,2194.35,442.0,141.529642383251
2005-06-27,2199.8,441.7,141.55028671116915
2005-06-28,2169.85,437.7,141.5709340503877
2005-06-29,2191.65,438.6,141.591584401346
2005-06-30,2220.6,437.1,141.6123975884087
2005-07-01,2211.9,428.8,141.63321383489586
2005-07-02,2211.9,428.8,141.65403314125717
2005-07-03,2211.9,428.8,141.67485550794245
2005-07-04,2230.65,428.8,141.69568093540153
2005-07-05,2210.75,423.9,141.71650942408434
2005-07-06,2228.2,424.5,141.73734097444083
2005-07-07,2179.4,424.2,141.75833557537177
2005-07-08,2196.2,423.8,141.779333286092
2005-07-09,2196.2,423.8,141.80033410706216
2005-07-10,2196.2,423.8,141.82133803874297
2005-07-11,2218.85,426.3,141.8423450815952
2005-07-12,2220.8,427.1,141.86335523607968
2005-07-13,2204.05,424.6,141.8843685026573
2005-07-14,2185.1,420.2,141.90570519061004
2005-07-15,2212.55,421.3,141.92704508719143
2005-07-16,2212.55,421.3,141.948388192884
2005-07-17,2212.55,421.3,141.96973450817038
2005-07-18,2234.0,421.0,141.99108403353318
2005-07-19,2237.3,420.2,142.01243676945515
2005-07-20,2241.9,422.1,142.0337927164191
2005-07-21,2230.5,425.7,142.05515187490792
2005-07-22,2265.6,425.0,142.07651424540452
2005-07-23,2265.6,425.0,142.09787982839197
2005-07-24,2265.6,425.0,142.11924862435336
2005-07-25,2291.75,425.9,142.14062063377185
2005-07-26,2303.15,423.5,142.16199585713068
2005-07-27,2319.1,424.8,142.18337429491316
2005-07-28,2319.1,433.3,142.20475594760268
2005-07-29,2312.3,435.8,142.2261408156827
2005-07-30,2312.3,435.8,142.24752889963676
2005-07-31,2312.3,435.8,142.26892019994847
2005-08-01,2318.05,437.7,142.2903147171015
2005-08-02,2353.65,437.7,142.3117124515796
2005-08-03,2357.0,442.7,142.3331134038666
2005-08-04,2367.8,443.7,142.35387493069052
2005-08-05,2361.2,442.8,142.3746394859102
2005-08-06,2361.2,442.8,142.39540706996735
2005-08-07,2361.2,442.8,142.4161776833038
2005-08-08,2324.4,440.3,142.43695132636142
2005-08-09,2318.7,439.8,142.45772799958215
2005-08-10,2360.15,442.0,142.47850770340796
2005-08-11,2380.9,450.9,142.4989691785225
2005-08-12,2361.55,451.4,142.51943359212908
2005-08-13,2361.55,451.4,142.53990094464973
2005-08-14,2361.55,451.4,142.56037123650648
2005-08-15,2361.55,447.6,142.58084446812148
2005-08-16,2369.8,451.5,142.6013206399169
2005-08-17,2403.15,445.2,142.621799752315
2005-08-18,2388.45,444.7,142.64212081893945
2005-08-19,2383.45,442.2,142.662444780954
2005-08-20,2383.45,442.2,142.6827716387712
2005-08-21,2383.45,442.2,142.70310139280363
2005-08-22,2367.85,443.0,142.723434043464
2005-08-23,2326.1,444.3,142.743769591165
2005-08-24,2322.5,442.2,142.7641080363194
2005-08-25,2354.55,443.1,142.78444937934006
2005-08-26,2357.05,442.1,142.80479362063986
2005-08-27,2357.05,442.1,142.82514076063174
2005-08-28,2357.05,442.1,142.8454907997287
2005-08-29,2337.65,441.4,142.86584373834387
2005-08-30,2367.75,435.5,142.88619957689033
2005-08-31,2384.65,438.1,142.90655831578127
2005-09-01,2405.75,446.5,142.92691995542995
2005-09-02,2415.8,448.5,142.9472844962497
2005-09-03,2415.8,448.5,142.96765193865383
2005-09-04,2415.8,448.5,142.9880222830558
2005-09-05,2422.95,448.5,143.00839552986912
2005-09-06,2428.65,448.6,143.02877167950726
2005-09-07,2428.65,449.0,143.04898967806835
2005-09-08,2454.45,450.7,143.0692105345682
2005-09-09,2455.45,453.0,143.08943424941071
2005-09-10,2455.45,453.0,143.109660823
2005-09-11,2455.45,453.0,143.12989025574018
2005-09-12,2484.15,453.7,143.15012254803537
2005-09-13,2500.35,450.0,143.1703577002898
2005-09-14,2492.45,453.7,143.19059571290774
2005-09-15,2523.95,459.3,143.21067495745672
2005-09-16,2552.35,463.3,143.2307570176659
2005-09-17,2552.35,463.3,143.25084189393013
2005-09-18,2552.35,463.3,143.2709295866443
2005-09-19,2567.1,470.4,143.29102009620328
2005-09-20,2578.0,470.0,143.31111342300215
2005-09-21,2567.3,472.6,143.33120956743596
2005-09-22,2476.5,470.3,143.3516317123257
2005-09-23,2477.75,467.2,143.37205676700745
2005-09-24,2477.75,467.2,143.3924847318957
2005-09-25,2477.75,467.2,143.41291560740524
2005-09-26,2557.35,469.5,143.43334939395066
2005-09-27,2574.85,466.2,143.45378609194677
2005-09-28,2598.05,473.1,143.4742257018084
2005-09-29,2611.2,475.8,143.49580147379345
2005-09-30,2601.4,472.3,143.51738049036084
2005-10-01,2601.4,472.3,143.53896275199847
2005-10-02,2601.4,472.3,143.56054825919435
2005-10-03,2630.05,469.3,143.58213701243653
2005-10-04,2663.35,469.3,143.6037290122132
2005-10-05,2644.4,469.3,143.62532425901253
2005-10-06,2579.15,475.0,143.64659851423465
2005-10-07,2574.05,477.7,143.66787592066933
2005-10-08,2574.05,477.7,143.68915647878345
2005-10-09,2574.05,477.7,143.7104401890438
2005-10-10,2566.85,478.0,143.73172705191726
2005-10-11,2589.55,479.8,143.75301706787084
2005-10-12,2589.55,476.6,143.77463476473068
2005-10-13,2537.3,473.8,143.79625571247757
2005-10-14,2484.4,471.8,143.8178799116003
2005-10-15,2484.4,471.8,143.83950736258788
2005-10-16,2484.4,471.8,143.86113806592934
2005-10-17,2485.15,476.6,143.88277202211373
2005-10-18,2468.2,474.6,143.90440923163024
2005-10-19,2412.45,465.8,143.9260496949681
2005-10-20,2395.45,463.2,143.94785626592764
2005-10-21,2443.75,469.1,143.96966614085153
2005-10-22,2443.75,469.1,143.99147932024036
2005-10-23,2443.75,469.1,144.0132958045948
2005-10-24,2394.85,467.0,144.0351155944156
2005-10-25,2418.2,474.7,144.05693869020357
2005-10-26,2408.5,473.0,144.0787650924596
2005-10-27,2352.9,475.6,144.10075743305785
2005-10-28,2316.05,474.8,144.12275313059106
2005-10-29,2316.05,474.8,144.14475218557163
2005-10-30,2316.05,474.8,144.16675459851209
2005-10-31,2370.95,466.9,144.18876036992495
2005-11-01,2386.75,460.6,144.21076950032287
2005-11-02,2419.05,464.6,144.23278199021857
2005-11-03,2419.05,461.9,144.2552866509504
2005-11-04,2419.05,457.9,144.27779482308756
2005-11-05,2419.05,457.9,144.30030650717788
2005-11-06,2419.05,457.9,144.32282170376936
2005-11-07,2461.6,460.4,144.34534041341004
2005-11-08,2492.65,462.3,144.36786263664808
2005-11-09,2489.1,467.5,144.3903883740317
2005-11-10,2500.7,467.7,144.41340736665936
2005-11-11,2548.65,469.4,144.43643002901896
2005-11-12,2548.65,469.4,144.45945636169557
2005-11-13,2548.65,469.4,144.4824863652743
2005-11-14,2558.7,469.1,144.50552004034034
2005-11-15,2558.7,469.0,144.52855738747903
2005-11-16,2582.75,479.1,144.55159840727583
2005-11-17,2603.95,486.9,144.57464310031617
2005-11-18,2620.05,486.2,144.59769146718563
2005-11-19,2620.05,486.2,144.62074350847
2005-11-20,2620.05,486.2,144.643799224755
2005-11-21,2602.5,489.5,144.66685861662646
2005-11-22,2572.85,492.9,144.68992168467042
2005-11-23,2608.6,492.3,144.71298842947292
2005-11-24,2635.0,492.3,144.73573176061885
2005-11-25,2664.3,492.3,144.7584786661441
2005-11-26,2683.45,492.3,144.7812291466104
2005-11-27,2683.45,492.3,144.80398320257962
2005-11-28,2712.0,498.3,144.82674083461367
2005-11-29,2698.3,503.5,144.84950204327458
2005-11-30,2652.25,498.7,144.87226682912447
2005-12-01,2698.95,506.3,144.89503519272552
2005-12-02,2697.95,507.0,144.91780713464
2005-12-03,2697.95,507.0,144.94058265543035
2005-12-04,2697.95,507.0,144.96336175565898
2005-12-05,2660.5,512.6,144.98614443588843
2005-12-06,2662.3,513.8,145.00893069668138
2005-12-07,2693.0,517.8,145.03172053860052
2005-12-08,2706.7,522.7,145.05418615078554
2005-12-09,2756.45,530.2,145.07665524292466
2005-12-10,2756.45,530.2,145.09912781555693
2005-12-11,2756.45,530.2,145.12160386922147
2005-12-12,2776.2,531.5,145.14408340445752
2005-12-13,2812.3,524.1,145.16656642180436
2005-12-14,2804.55,509.5,145.1890529218014
2005-12-15,2778.55,506.6,145.21203495665512
2005-12-16,2810.15,505.9,145.2350206293446
2005-12-17,2810.15,505.9,145.25800994044565
2005-12-18,2810.15,505.9,145.2810028905342
2005-12-19,2842.6,506.1,145.3039994801863
2005-12-20,2826.2,497.0,145.326999709978
2005-12-21,2822.9,495.3,145.35000358048552
2005-12-22,2835.25,505.0,145.37399787943272
2005-12-23,2804.85,505.2,145.39799613934565
2005-12-24,2804.85,505.2,145.42199836087818
2005-12-25,2804.85,505.2,145.44600454468429
2005-12-26,2749.6,505.2,145.47001469141807
2005-12-27,2805.9,510.1,145.49402880173372
2005-12-28,2794.05,516.3,145.51804687628552
2005-12-29,2821.95,517.5,145.54239862374098
2005-12-30,2836.55,519.7,145.56675444634462
2005-12-31,2836.55,519.7,145.5911143447784
2006-01-01,2836.55,519.7,145.6154783197244
2006-01-02,2835.95,519.7,145.63984637186476
2006-01-03,2883.35,532.5,145.66421850188183
2006-01-04,2904.4,535.6,145.688594710458
2006-01-05,2899.85,527.8,145.7123152085579
2006-01-06,2914.0,541.2,145.7360395687448
2006-01-07,2914.0,541.2,145.7597677916475
2006-01-08,2914.0,541.2,145.78349987789497
2006-01-09,2910.1,550.5,145.8072358281162
2006-01-10,2870.8,545.7,145.8309756429403
2006-01-11,2870.8,550.1,145.85571017455703
2006-01-12,2850.7,549.3,145.8804489014214
2006-01-13,2850.55,557.0,145.90519182424495
2006-01-14,2850.55,557.0,145.92993894373936
2006-01-15,2850.55,557.0,145.95469026061645
2006-01-16,2833.1,557.0,145.97944577558812
2006-01-17,2829.1,554.3,146.00420548936643
2006-01-18,2809.2,544.5,146.0289694026635
2006-01-19,2870.85,559.0,146.05373751619172
2006-01-20,2900.95,554.0,146.0785098306634
2006-01-21,2900.95,554.0,146.10328634679107
2006-01-22,2900.95,554.0,146.1280670652874
2006-01-23,2884.05,558.7,146.1528519868652
2006-01-24,2908.0,558.1,146.17764111223727
2006-01-25,2940.35,562.5,146.20243444211667
2006-01-26,2940.35,559.9,146.229222333098
2006-01-27,2982.75,558.8,146.25601513228148
2006-01-28,2982.75,558.8,146.2828128405664
2006-01-29,2982.75,558.8,146.30961545885225
2006-01-30,2974.5,570.6,146.33642298803866
2006-01-31,3001.1,575.5,146.36323542902542
2006-02-01,2971.55,574.0,146.3900527827125
2006-02-02,2967.45,576.8,146.4163765216833
2006-02-03,2940.6,571.6,146.4427049941672
2006-02-04,2940.6,571.6,146.4690382010154
2006-02-05,2940.6,571.6,146.4953761430792
2006-02-06,3000.45,574.3,146.5217188212101
2006-02-07,3020.1,554.8,146.54806623625973
2006-02-08,3008.95,553.8,146.57441838907985
2006-02-09,3008.95,568.1,146.60077528052244
2006-02-10,3027.55,553.5,146.6271369114396
2006-02-11,3027.55,553.5,146.65350328268357
2006-02-12,3027.55,553.5,146.67987439510674
2006-02-13,3041.15,542.1,146.70625024956166
2006-02-14,3017.55,548.9,146.73263084690106
2006-02-15,3022.2,542.7,146.75901618797778
2006-02-16,3021.6,548.8,146.78590605845886
2006-02-17,2981.5,554.6,146.81280085582728
2006-02-18,2981.5,554.6,146.83970058098572
2006-02-19,2981.5,554.6,146.8666052348371
2006-02-20,3005.85,554.6,146.89351481828444
2006-02-21,3035.5,556.6,146.920429332231
2006-02-22,3050.8,556.6,146.94734877758015
2006-02-23,3062.1,550.9,146.9742731552355
2006-02-24,3050.05,561.2,147.0012024661007
2006-02-25,3050.05,561.2,147.02813671107967
2006-02-26,3050.05,561.2,147.05507589107646
2006-02-27,3067.45,557.0,147.08202000699526
2006-02-28,3074.7,563.9,147.10896905974047
2006-03-01,3123.1,565.8,147.13592305021666
2006-03-02,3150.7,570.4,147.16288197932852
2006-03-03,3147.35,568.0,147.18984584798093
2006-03-04,3147.35,568.0,147.21681465707894
2006-03-05,3147.35,568.0,147.24378840752777
2006-03-06,3190.4,556.8,147.27076710023275
2006-03-07,3182.8,554.5,147.2977507360995
2006-03-08,3116.7,544.3,147.32473931603366
2006-03-09,3129.1,547.0,147.3515653347307
2006-03-10,3183.9,541.3,147.37839623811502
2006-03-11,3183.9,541.3,147.40523202707604
2006-03-12,3183.9,541.3,147.43207270250338
2006-03-13,3202.65,547.5,147.4589182652868
2006-03-14,3195.35,553.0,147.48576871631624
2006-03-15,3195.35,554.4,147.5124567712537
2006-03-16,3226.6,555.4,147.5391496554861
2006-03-17,3234.05,555.1,147.56584736988734
2006-03-18,3234.05,555.1,147.5925499153314
2006-03-19,3234.05,555.1,147.6192572926925
2006-03-20,3265.65,556.1,147.64596950284502
2006-03-21,3262.3,553.2,147.67268654666344
2006-03-22,3240.15,551.7,147.69940842502243
2006-03-23,3247.15,550.8,147.72579967904454
2006-03-24,3279.8,560.5,147.75219564871378
2006-03-25,3279.8,560.5,147.77859633487273
2006-03-26,3279.8,560.5,147.80500173836415
2006-03-27,3321.65,567.4,147.83141186003093
2006-03-28,3325.0,567.0,147.85782670071617
2006-03-29,3354.2,573.3,147.88424626126297
2006-03-30,3418.95,591.8,147.90899398084073
2006-03-31,3402.55,586.7,147.9337458418307
2006-04-01,3402.55,586.7,147.95850184492593
2006-04-02,3402.55,586.7,147.9832619908196
2006-04-03,3473.3,594.3,148.00802628020494
2006-04-04,3483.15,590.6,148.0327947137754
2006-04-05,3510.9,592.5,148.05756729222443
2006-04-06,3510.9,599.7,148.0810033853967
2006-04-07,3454.8,592.7,148.1044431882778
2006-04-08,3454.8,592.7,148.1278867014549
2006-04-09,3454.8,592.7,148.15133392551536
2006-04-10,3478.45,601.8,148.17478486104653
2006-04-11,3478.45,599.4,148.19823950863594
2006-04-12,3380.0,601.3,148.22169786887116
2006-04-13,3345.5,600.1,148.24398756962273
2006-04-14,3345.5,600.1,148.26628062231782
2006-04-15,3345.5,600.1,148.28857702746052
2006-04-16,3345.5,600.1,148.31087678555494
2006-04-17,3425.15,618.8,148.3331798971053
2006-04-18,3518.1,623.3,148.35548636261592
2006-04-19,3535.85,636.0,148.37779618259117
2006-04-20,3573.5,623.1,148.39977438957914
2006-04-21,3573.05,635.5,148.42175585205138
2006-04-22,3573.05,635.5,148.44374057049012
2006-04-23,3573.05,635.5,148.46572854537763
2006-04-24,3548.9,623.9,148.48771977719628
2006-04-25,3462.65,634.2,148.5097142664285
2006-04-26,3555.75,642.0,148.53171201355676
2006-04-27,3508.1,636.3,148.55371301906365
2006-04-28,3508.35,654.5,148.5757172834318
2006-04-29,3557.6,654.5,148.59772480714392
2006-04-30,3557.6,654.5,148.6197355906828
2006-05-01,3557.6,660.2,148.64174963453132
2006-05-02,3605.45,667.4,148.6637669391724
2006-05-03,3634.25,668.5,148.68578750508902
2006-05-04,3648.4,676.5,148.70915520786832
2006-05-05,3663.95,684.3,148.7325265831542
2006-05-06,3663.95,684.3,148.75590163152384
2006-05-07,3663.95,684.3,148.7792803535545
2006-05-08,3693.15,679.9,148.80266274982355
2006-05-09,3720.55,701.5,148.82604882090843
2006-05-10,3754.25,705.7,148.84943856738667
2006-05-11,3701.05,721.5,148.8724955493241
2006-05-12,3650.05,711.8,148.8955561028196
2006-05-13,3650.05,711.8,148.91862022842642
2006-05-14,3650.05,711.8,148.9416879266979
2006-05-15,3502.95,685.0,148.9647591981875
2006-05-16,3523.3,692.9,148.98783404344857
2006-05-17,3635.1,691.8,149.01091246303483
2006-05-18,3388.9,680.9,149.0339944574999
2006-05-19,3246.9,657.0,149.0570800273975
2006-05-20,3246.9,657.0,149.08016917328152
2006-05-21,3246.9,657.0,149.10326189570586
2006-05-22,3081.35,657.7,149.12635819522453
2006-05-23,3199.35,673.7,149.14945807239164
2006-05-24,3115.55,637.5,149.17256152776136
2006-05-25,3177.7,648.5,149.19583694297114
2006-05-26,3209.6,651.0,149.21911598984713
2006-05-27,3209.6,651.0,149.242398668956
2006-05-28,3209.6,651.0,149.26568498086448
2006-05-29,3214.9,651.0,149.2889749261394
2006-05-30,3185.3,660.5,149.31226850534765
2006-05-31,3071.05,649.0,149.33556571905626
2006-06-01,2962.25,633.5,149.3590355420478
2006-06-02,3091.35,641.0,149.38250905359527
2006-06-03,3091.35,641.0,149.40598625427842
2006-06-04,3091.35,641.0,149.42946714467703
2006-06-05,3016.65,648.7,149.45295172537098
2006-06-06,2937.3,634.7,149.47643999694023
2006-06-07,2860.45,632.6,149.49993195996484
2006-06-08,2724.35,613.8,149.523427615025
2006-06-09,2866.3,612.8,149.5469269627009
2006-06-10,2866.3,612.8,149.5704300035729
2006-06-11,2866.3,612.8,149.59393673822146
2006-06-12,2776.85,611.3,149.61744716722708
2006-06-13,2663.3,566.8,149.64096129117038
2006-06-14,2632.8,566.5,149.66447911063204
2006-06-15,2798.8,570.3,149.6898638464479
2006-06-16,2890.35,581.7,149.71525288779316
2006-06-17,2890.35,581.7,149.74064623539803
2006-06-18,2890.35,581.7,149.76604388999294
2006-06-19,2916.9,572.4,149.7914458523084
2006-06-20,2861.3,580.5,149.81685212307508
2006-06-21,2923.45,591.0,149.8422627030237
2006-06-22,2994.75,585.4,149.8681870565783
2006-06-23,3042.7,588.0,149.8941158953302
2006-06-24,3042.7,588.0,149.92004922005535
2006-06-25,3050.3,588.0,149.94598703152988
2006-06-26,2943.2,587.7,149.97192933053003
2006-06-27,2982.45,584.4,149.99787611783222
2006-06-28,2981.1,581.0,150.02382739421296
2006-06-29,2997.9,588.9,150.04995332446134
2006-06-30,3128.2,616.0,150.07608380441522
2006-07-01,3128.2,616.0,150.1022188348669
2006-07-02,3128.2,616.0,150.12835841660885
2006-07-03,3150.95,616.0,150.15450255043362
2006-07-04,3138.65,616.0,150.18065123713393
2006-07-05,3197.1,629.7,150.20680447750266
2006-07-06,3156.4,636.3,150.2331326438864
2006-07-07,3075.85,634.8,150.2594654250567
2006-07-08,3075.85,634.8,150.28580282182247
2006-07-09,3075.85,634.8,150.3121448349927
2006-07-10,3142.0,626.1,150.33849146537656
2006-07-11,3116.15,642.9,150.36484271378336
2006-07-12,3195.9,651.2,150.39119858102254
2006-07-13,3169.3,654.4,150.41755906790368
2006-07-14,3123.35,668.0,150.44392417523653
2006-07-15,3123.35,668.0,150.47029390383096
2006-07-16,3123.35,668.0,150.49666825449697
2006-07-17,3007.55,651.9,150.5230472280447
2006-07-18,2993.65,629.5,150.54943082528447
2006-07-19,2932.75,642.8,150.5758190470267
2006-07-20,3023.05,632.5,150.60238268418905
2006-07-21,2945.0,620.2,150.62895100754088
2006-07-22,2945.0,620.2,150.6555240179089
2006-07-23,2945.0,620.2,150.68210171611997
2006-07-24,2985.85,613.2,150.70868410300108
2006-07-25,3040.5,618.0,150.73527117937937
2006-07-26,3110.15,621.9,150.76186294608215
2006-07-27,3156.15,632.5,150.78845940393686
2006-07-28,3130.8,647.8,150.81506055377105
2006-07-29,3130.8,647.8,150.84166639641248
2006-07-30,3130.8,647.8,150.868276932689
2006-07-31,3143.2,646.8,150.89489216342866
2006-08-01,3147.8,658.8,150.9215120894596
2006-08-02,3182.1,664.1,150.94813671161018
2006-08-03,3190.0,657.0,150.9747660307088
2006-08-04,3176.75,656.0,151.0014000475841
2006-08-05,3176.75,656.0,151.02803876306484
2006-08-06,3176.75,656.0,151.05468217797988
2006-08-07,3151.1,659.5,151.08133029315832
2006-08-08,3212.4,657.3,151.1079831094293
2006-08-09,3254.6,662.0,151.1346406276222
2006-08-10,3260.1,646.0,151.16096000066938
2006-08-11,3274.35,644.4,151.18728395710917
2006-08-12,3274.35,644.4,151.21361249773977
2006-08-13,3274.35,644.4,151.2399456233595
2006-08-14,3313.1,639.3,151.2662833347668
2006-08-15,3313.1,632.9,151.29262563276026
2006-08-16,3356.05,639.0,151.31897251813862
2006-08-17,3353.9,625.3,151.3454956247271
2006-08-18,3356.75,621.7,151.37202338027117
2006-08-19,3356.75,621.7,151.3985557855857
2006-08-20,3356.75,621.7,151.4250928414857
2006-08-21,3366.0,635.2,151.45163454878633
2006-08-22,3364.6,634.0,151.47818090830285
2006-08-23,3335.8,633.0,151.50473192085073
2006-08-24,3370.4,628.5,151.53128758724554
2006-08-25,3385.95,630.8,151.55784790830302
2006-08-26,3385.95,630.8,151.584412884839
2006-08-27,3385.95,630.8,151.6109825176695
2006-08-28,3401.1,623.9,151.6375568076107
2006-08-29,3425.7,619.1,151.6641357554789
2006-08-30,3430.35,626.1,151.69071936209048
2006-08-31,3413.9,634.2,151.71747968294102
2006-09-01,3435.45,632.6,151.74424472467874
2006-09-02,3435.45,632.6,151.77101448813647
2006-09-03,3435.45,632.6,151.79778897414718
2006-09-04,3476.85,632.6,151.824568183544
2006-09-05,3473.75,646.9,151.8513521171602
2006-09-06,3477.25,641.8,151.87814077582917
2006-09-07,3454.55,624.9,151.9049341603845
2006-09-08,3471.45,617.3,151.9317322716599
2006-09-09,3471.45,617.3,151.95853511048924
2006-09-10,3471.45,617.3,151.9853426777065
2006-09-11,3366.15,597.3,152.01215497414586
2006-09-12,3389.9,594.3,152.0389720006416
2006-09-13,3454.55,596.3,152.06579375802815
2006-09-14,3471.6,586.0,152.09279272724592
2006-09-15,3478.6,583.0,152.1197964900752
2006-09-16,3478.6,583.0,152.1468050473671
2006-09-17,3478.6,583.0,152.17381839997284
2006-09-18,3492.75,592.8,152.20083654874384
2006-09-19,3457.35,583.2,152.22785949453163
2006-09-20,3502.8,586.2,152.2548872381879
2006-09-21,3553.05,588.3,152.28209247514897
2006-09-22,3544.05,595.4,152.3093025732014
2006-09-23,3544.05,595.4,152.3365175332138
2006-09-24,3544.05,595.4,152.36373735605488
2006-09-25,3523.45,595.9,152.3909620425936
2006-09-26,3571.75,597.1,152.41819159369896
2006-09-27,3579.3,603.3,152.4454260102402
2006-09-28,3571.75,610.9,152.4730115321501
2006-09-29,3588.4,604.2,152.5006020457547
2006-09-30,3588.4,604.2,152.52819755195722
2006-10-01,3588.4,604.2,152.55579805166107
2006-10-02,3588.4,603.3,152.58340354576987
2006-10-03,3569.6,581.5,152.61101403518737
2006-10-04,3515.35,566.7,152.6386295208175
2006-10-05,3564.9,575.5,152.6662500035643
2006-10-06,3569.7,576.8,152.69387548433207
2006-10-07,3569.7,576.8,152.7215059640252
2006-10-08,3569.7,576.8,152.74914144354824
2006-10-09,3567.15,582.8,152.77678192380594
2006-10-10,3571.05,576.2,152.80442740570322
2006-10-11,3558.55,576.5,152.83207789014511
2006-10-12,3621.05,580.3,152.85973337803685
2006-10-13,3676.05,592.7,152.88739387028383
2006-10-14,3676.05,592.7,152.91505936779163
2006-10-15,3676.05,592.7,152.94272987146593
2006-10-16,3723.95,598.5,152.97040538221265
2006-10-17,3715.0,593.5,152.9980859009378
2006-10-18,3710.65,592.6,153.02577142854764
2006-10-19,3677.8,602.5,153.05363553490568
2006-10-20,3676.85,596.4,153.08150471497396
2006-10-21,3683.5,596.4,153.10937896967633
2006-10-22,3683.5,596.4,153.13725829993683
2006-10-23,3657.3,582.9,153.16514270667966
2006-10-24,3657.3,587.6,153.19303219082917
2006-10-25,3657.3,590.8,153.2209267533099
2006-10-26,3677.55,599.8,153.24882639504654
2006-10-27,3739.35,601.0,153.276731116964
2006-10-28,3739.35,601.0,153.30464091998726
2006-10-29,3739.35,601.0,153.33255580504158
2006-10-30,3769.1,607.4,153.3604757730523
2006-10-31,3744.1,606.8,153.38840082494497
2006-11-01,3767.05,619.3,153.41633096164531
2006-11-02,3791.2,627.8,153.4442661840792
2006-11-03,3805.35,629.2,153.47220649317268
2006-11-04,3805.35,629.2,153.500151889852
2006-11-05,3805.35,629.2,153.52810237504352
2006-11-06,3809.25,627.9,153.5560579496738
2006-11-07,3798.75,627.9,153.58401861466956
2006-11-08,3777.3,618.3,153.61198437095769
2006-11-09,3796.4,636.8,153.63995521946524
2006-11-10,3834.75,630.1,153.66793116111947
2006-11-11,3834.75,630.1,153.69591219684776
2006-11-12,3834.75,630.1,153.7238983275777
2006-11-13,3858.75,625.8,153.751889554237
2006-11-14,3865.9,625.3,153.7798858777536
2006-11-15,3876.3,623.8,153.80788729905552
2006-11-16,3876.85,621.7,153.83589381907106
2006-11-17,3852.8,622.5,153.8639054387286
2006-11-18,3852.8,622.5,153.89192215895673
2006-11-19,3852.8,622.5,153.9199439806842
2006-11-20,3856.15,622.1,153.9479709048399
2006-11-21,3918.25,628.7,153.97600293235303
2006-11-22,3954.75,629.0,154.00404006415272
2006-11-23,3945.45,629.0,154.03208230116846
2006-11-24,3950.85,629.0,154.06012964432983
2006-11-25,3950.85,629.0,154.0881820945666
2006-11-26,3950.85,629.0,154.1162396528087
2006-11-27,3968.9,640.6,154.14430231998625
2006-11-28,3921.75,637.3,154.1723700970295
2006-11-29,3928.2,641.8,154.2004429848689
2006-11-30,3954.5,652.9,154.22869630822643
2006-12-01,3997.6,650.6,154.25695480828944
2006-12-02,3997.6,650.6,154.28521848600644
2006-12-03,3997.6,650.6,154.3134873423261
2006-12-04,4001.0,650.9,154.3417613781973
2006-12-05,4015.75,647.9,154.37004059456905
2006-12-06,4015.95,635.9,154.3983249923905
2006-12-07,4015.35,637.0,154.42643902383062
2006-12-08,3962.0,631.0,154.45455817448925
2006-12-09,3962.0,631.0,154.48268244529854
2006-12-10,3962.0,631.0,154.5108118371908
2006-12-11,3849.5,634.8,154.53894635109853
2006-12-12,3716.9,631.7,154.5670859879544
2006-12-13,3765.2,632.4,154.59523074869116
2006-12-14,3843.05,630.9,154.6253141334977
2006-12-15,3888.65,619.1,154.6554033723661
2006-12-16,3888.65,619.1,154.6854984664355
2006-12-17,3888.65,619.1,154.7155994168453
2006-12-18,3928.75,617.9,154.7457062247351
2006-12-19,3832.0,625.4,154.77581889124477
2006-12-20,3815.55,624.3,154.80593741751431
2006-12-21,3833.5,621.6,154.83606180468405
2006-12-22,3871.15,622.3,154.86619205389445
2006-12-23,3871.15,622.3,154.89632816628625
2006-12-24,3871.15,622.3,154.92647014300042
2006-12-25,3871.15,622.3,154.95661798517807
2006-12-26,3940.5,626.9,154.98677169396063
2006-12-27,3974.25,630.3,155.0169312704897
2006-12-28,3970.55,636.9,155.0474496448657
2006-12-29,3966.4,638.0,155.0779740274317
2006-12-30,3966.4,638.0,155.10850441937052
2006-12-31,3966.4,638.0,155.13904082186525
2007-01-01,3966.4,638.0,155.1695832360992
2007-01-02,4007.4,638.0,155.20013166325586
2007-01-03,4024.05,629.8,155.23068610451904
2007-01-04,3988.8,626.2,155.26107006590905
2007-01-05,3983.4,606.9,155.29145997448086
2007-01-06,3983.4,606.9,155.32185583139852
2007-01-07,3983.4,606.9,155.35225763782634
2007-01-08,3933.4,609.4,155.38266539492884
2007-01-09,3911.4,615.0,155.41307910387076
2007-01-10,3850.3,613.4,155.44349876581708
2007-01-11,3942.25,613.9,155.47392438193305
2007-01-12,4052.45,626.9,155.50435595338405
2007-01-13,4052.45,626.9,155.53479348133575
2007-01-14,4052.45,626.9,155.56523696695407
2007-01-15,4078.4,626.9,155.5956864114051
2007-01-16,4080.5,625.9,155.6261418158552
2007-01-17,4076.45,633.3,155.65660318147093
2007-01-18,4109.05,628.1,155.68707050941913
2007-01-19,4090.15,636.4,155.7175438008668
2007-01-20,4090.15,636.4,155.7480230569812
2007-01-21,4090.15,636.4,155.77850827892985
2007-01-22,4102.45,634.1,155.80899946788043
2007-01-23,4066.1,645.9,155.83949662500095
2007-01-24,4089.9,648.2,155.86999975145952
2007-01-25,4147.7,648.1,155.90157388891603
2007-01-26,4147.7,644.7,155.93315442225474
2007-01-27,4147.7,644.7,155.96474135277123
2007-01-28,4147.7,644.7,155.99633468176137
2007-01-29,4124.45,643.2,156.02793441052128
2007-01-30,4124.45,650.2,156.05954054034734
2007-01-31,4082.7,657.9,156.0911530725362
2007-02-01,4137.2,663.0,156.12348404063096
2007-02-02,4183.5,651.5,156.1558217053993
2007-02-03,4183.5,651.5,156.18816606822824
2007-02-04,4183.5,651.5,156.2205171305052
2007-02-05,4215.35,656.1,156.2528748936178
2007-02-06,4195.9,658.7,156.28523935895396
2007-02-07,4224.25,657.3,156.31761052790193
2007-02-08,4223.4,662.8,156.349810242601
2007-02-09,4187.4,672.3,156.3820165900884
2007-02-10,4187.4,672.3,156.41422957173043
2007-02-11,4187.4,672.3,156.44644918889367
2007-02-12,4058.3,667.3,156.47867544294496
2007-02-13,4044.55,668.5,156.5109083352514
2007-02-14,4047.1,672.0,156.54314786718044
2007-02-15,4146.2,671.4,156.57789701492425
2007-02-16,4146.2,672.8,156.61265387621722
2007-02-17,4146.2,672.8,156.64741845277163
2007-02-18,4146.2,672.8,156.68219074630005
2007-02-19,4164.55,674.3,156.71697075851552
2007-02-20,4106.95,661.0,156.7517584911314
2007-02-21,4096.2,684.0,156.78655394586144
2007-02-22,4040.0,683.0,156.81992370871976
2007-02-23,3938.95,686.7,156.85330057385212
2007-02-24,3938.95,686.7,156.88668454277015
2007-02-25,3938.95,686.7,156.9200756169858
2007-02-26,3942.0,689.8,156.9534737980113
2007-02-27,3893.9,687.2,156.98687908735923
2007-02-28,3745.3,672.5,157.02029148654253
2007-03-01,3811.2,665.1,157.0524565555128
2007-03-02,3726.75,644.1,157.0846282133873
2007-03-03,3726.75,644.1,157.11680646151575
2007-03-04,3726.75,644.1,157.14899130124812
2007-03-05,3576.5,639.2,157.1811827339347
2007-03-06,3655.65,646.2,157.213380760926
2007-03-07,3626.85,652.9,157.24558538357286
2007-03-08,3761.65,655.5,157.2777966032264
2007-03-09,3718.0,652.0,157.31001442123795
2007-03-10,3718.0,652.0,157.3422388389592
2007-03-11,3718.0,652.0,157.37446985774204
2007-03-12,3734.6,650.3,157.40670747893873
2007-03-13,3770.55,649.4,157.4389517039017
2007-03-14,3641.1,642.5,157.47120253398373
2007-03-15,3643.6,647.1,157.50345997053785
2007-03-16,3608.55,653.9,157.53572401491738
2007-03-17,3608.55,653.9,157.5679946684759
2007-03-18,3608.55,653.9,157.6002719325673
2007-03-19,3678.9,654.3,157.6325558085457
2007-03-20,3697.6,659.0,157.66484629776554
2007-03-21,3764.55,660.0,157.6971434015815
2007-03-22,3875.9,664.2,157.73160778823672
2007-03-23,3861.05,657.3,157.76607970701278
2007-03-24,3861.05,657.3,157.80055915955586
2007-03-25,3861.05,657.3,157.83504614751246
2007-03-26,3819.95,663.9,157.8695406725294
2007-03-27,3819.95,662.5,157.90404273625393
2007-03-28,3761.1,666.8,157.9385523403336
2007-03-29,3798.1,667.6,157.9730694864163
2007-03-30,3821.55,669.0,158.00759417615038
2007-03-31,3821.55,669.0,158.04212641118443
2007-04-01,3821.55,669.0,158.07666619316748
2007-04-02,3633.6,671.5,158.11121352374894
2007-04-03,3690.65,669.7,158.14576840457852
2007-04-04,3733.25,677.4,158.1803308373063
2007-04-05,3752.0,679.4,158.21472010797186
2007-04-06,3752.0,679.4,158.24911685505333
2007-04-07,3752.0,679.4,158.2835210801761
2007-04-08,3752.0,679.4,158.3179327849659
2007-04-09,3843.5,676.9,158.3523519710489
2007-04-10,3848.15,681.5,158.38677864005157
2007-04-11,3862.65,681.7,158.42121279360066
2007-04-12,3829.85,679.7,158.45312316616452
2007-04-13,3917.35,689.9,158.48503996635165
2007-04-14,3917.35,689.9,158.51696319545678
2007-04-15,3917.35,689.9,158.54889285477486
2007-04-16,4013.35,694.5,158.58082894560113
2007-04-17,3984.95,692.5,158.61277146923103
2007-04-18,4011.6,693.3,158.64472042696033
2007-04-19,3997.65,688.3,158.67721825463593
2007-04-20,4083.55,695.8,158.70972273938025
2007-04-21,4083.55,695.8,158.74223388255697
2007-04-22,4083.55,695.8,158.77475168553
2007-04-23,4085.1,694.2,158.8072761496636
2007-04-24,4141.8,687.7,158.83980727632232
2007-04-25,4167.3,687.4,158.8723450668709
2007-04-26,4177.85,678.0,158.90434630983438
2007-04-27,4083.5,681.8,158.93635399872494
2007-04-28,4083.5,681.8,158.96836813484094
2007-04-29,4083.5,681.8,159.00038871948107
2007-04-30,4087.9,683.5,159.0324157539442
2007-05-01,4087.9,677.3,159.06444923952955
2007-05-02,4087.9,675.1,159.0964891775365
2007-05-03,4150.85,684.4,159.1285355692648
2007-05-04,4117.35,689.7,159.16204019142106
2007-05-05,4117.35,689.7,159.19555186799846
2007-05-06,4117.35,689.7,159.22907060048232
2007-05-07,4111.15,690.4,159.26259639035823
2007-05-08,4077.0,687.4,159.29612923911222
2007-05-09,4079.3,682.5,159.32966914823044
2007-05-10,4066.8,667.0,159.36285249833813
2007-05-11,4076.65,672.3,159.39604275949213
2007-05-12,4076.65,672.3,159.4292399331318
2007-05-13,4076.65,672.3,159.46244402069684
2007-05-14,4134.3,670.1,159.49565502362714
2007-05-15,4120.3,674.5,159.52887294336298
2007-05-16,4170.95,661.5,159.5620977813449
2007-05-17,4219.55,657.2,159.59551183324606
2007-05-18,4214.5,662.0,159.62893288241585
2007-05-19,4214.5,662.0,159.6623609303196
2007-05-20,4214.5,662.0,159.69579597842292
2007-05-21,4260.9,663.8,159.72923802819173
2007-05-22,4278.1,659.9,159.76268708109225
2007-05-23,4246.2,662.6,159.79614313859102
2007-05-24,4204.9,653.3,159.82960620215485
2007-05-25,4248.15,655.3,159.86307627325093
2007-05-26,4248.15,655.3,159.89655335334666
2007-05-27,4248.15,655.3,159.93003744390984
2007-05-28,4256.55,655.3,159.96352854640855
2007-05-29,4293.25,657.2,159.99702666231116
2007-05-30,4249.65,659.3,160.0305317930863
2007-05-31,4295.8,666.7,160.06294871754983
2007-06-01,4297.05,676.9,160.09537220861648
2007-06-02,4297.05,676.9,160.12780226761646
2007-06-03,4297.05,676.9,160.16023889588018
2007-06-04,4267.05,676.3,160.1926820947384
2007-06-05,4284.65,675.1,160.22513186552206
2007-06-06,4198.25,674.6,160.25758820956244
2007-06-07,4179.5,665.2,160.2893209682755
2007-06-08,4145.0,650.3,160.3210600104225
2007-06-09,4145.0,650.3,160.3528053372477
2007-06-10,4145.0,650.3,160.3845569499955
2007-06-11,4145.6,659.0,160.41631484991058
2007-06-12,4155.2,653.1,160.45027388502243
2007-06-13,4113.05,652.7,160.48424010902943
2007-06-14,4170.0,655.9,160.51839687120167
2007-06-15,4171.45,658.7,160.55256090314944
2007-06-16,4171.45,658.7,160.58673220642
2007-06-17,4171.45,658.7,160.620910782561
2007-06-18,4147.1,659.9,160.6550966331203
2007-06-19,4214.3,664.7,160.6892897596462
2007-06-20,4248.65,660.0,160.72349016368722
2007-06-21,4267.4,654.2,160.755131995348
2007-06-22,4252.05,657.0,160.7867800563752
2007-06-23,4252.05,657.0,160.81843434799518
2007-06-24,4252.05,657.0,160.85009487143458
2007-06-25,4259.4,654.7,160.88176162792027
2007-06-26,4285.7,645.3,160.9132516983202
2007-06-27,4263.95,644.8,160.94474793240536
2007-06-28,4282.0,650.4,160.9773500470023
2007-06-29,4318.3,650.9,161.0099587657158
2007-06-30,4318.3,650.9,161.04257408988363
2007-07-01,4318.3,650.9,161.07519602084386
2007-07-02,4313.75,659.2,161.1078245599348
2007-07-03,4357.55,655.4,161.14045970849506
2007-07-04,4359.3,656.3,161.17310146786346
2007-07-05,4353.95,650.6,161.200438192153
2007-07-06,4384.85,654.8,161.22777955305054
2007-07-07,4384.85,654.8,161.25512555134253
2007-07-08,4384.85,654.8,161.28247618781552
2007-07-09,4419.4,662.5,161.3098314632562
2007-07-10,4406.05,664.4,161.33719137845134
2007-07-11,4387.15,662.1,161.36455593418796
2007-07-12,4446.15,668.3,161.38718366587668
2007-07-13,4504.55,667.3,161.4098145705933
2007-07-14,4504.55,667.3,161.43244864878284
2007-07-15,4504.55,667.3,161.45508590089025
2007-07-16,4512.15,666.3,161.47772632736056
2007-07-17,4496.75,665.9,161.50036992863895
2007-07-18,4499.55,673.7,161.52301670517065
2007-07-19,4562.1,678.1,161.5429402373846
2007-07-20,4566.05,684.7,161.56286622712534
2007-07-21,4566.05,684.7,161.58279467469595
2007-07-22,4566.05,684.7,161.6027255803996
2007-07-23,4619.35,681.5,161.62265894453955
2007-07-24,4620.75,684.8,161.64259476741898
2007-07-25,4588.7,673.8,161.66253304934122
2007-07-26,4619.8,662.8,161.6822921970793
2007-07-27,4445.2,660.1,161.70205375987246
2007-07-28,4445.2,660.1,161.72181773801586
2007-07-29,4445.2,660.1,161.7415841318047
2007-07-30,4440.05,676.6,161.76135294153426
2007-07-31,4528.85,679.3,161.78112416749985
2007-08-01,4345.85,675.9,161.8008978099967
2007-08-02,4356.35,676.6,161.8296252269353
2007-08-03,4401.55,684.4,161.8583577443677
2007-08-04,4401.55,684.4,161.88709536319956
2007-08-05,4401.55,684.4,161.9158380843366
2007-08-06,4339.5,683.3,161.9445859086847
2007-08-07,4356.35,682.3,161.97333883714995
2007-08-08,4462.1,686.3,162.00209687063855
2007-08-09,4403.2,672.8,162.0312279545454
2007-08-10,4333.35,681.6,162.06036427677984
2007-08-11,4333.35,681.6,162.0895058382838
2007-08-12,4333.35,681.6,162.1186526399994
2007-08-13,4373.65,680.9,162.14780468286892
2007-08-14,4370.2,679.7,162.1769619678348
2007-08-15,4370.2,679.7,162.20686117913544
2007-08-16,4178.6,658.0,162.23676590270384
2007-08-17,4108.05,666.8,162.2666761395562
2007-08-18,4108.05,666.8,162.296591890709
2007-08-19,4108.05,666.8,162.32651315717888
2007-08-20,4209.05,666.5,162.35643993998264
2007-08-21,4074.9,666.2,162.38637224013726
2007-08-22,4153.15,668.7,162.41631005865997
2007-08-23,4114.95,668.4,162.4466222818312
2007-08-24,4190.15,677.5,162.4769401622599
2007-08-25,4190.15,677.5,162.50726370100176
2007-08-26,4190.15,677.5,162.53759289911295
2007-08-27,4302.6,676.2,162.5679277576496
2007-08-28,4320.7,673.5,162.59826827766818
2007-08-29,4359.3,675.4,162.6286144602253
2007-08-30,4412.3,673.9,162.66026109748356
2007-08-31,4464.0,681.9,162.69191389300403
2007-09-01,4464.0,681.9,162.72357284798505
2007-09-02,4464.0,681.9,162.75523796362526
2007-09-03,4474.75,680.9,162.78690924112345
2007-09-04,4479.25,691.5,162.8185866816787
2007-09-05,4475.85,690.7,162.85027028649031
2007-09-06,4518.6,704.6,162.88177489823133
2007-09-07,4509.5,709.7,162.91328560477686
2007-09-08,4509.5,709.7,162.944802407306
2007-09-09,4509.5,709.7,162.976325306998
2007-09-10,4507.85,712.2,163.00785430503248
2007-09-11,4497.05,721.1,163.03938940258917
2007-09-12,4496.85,720.7,163.07093060084807
2007-09-13,4528.95,717.9,163.10266331040364
2007-09-14,4518.0,717.8,163.13440219497062
2007-09-15,4518.0,717.8,163.16614725575062
2007-09-16,4518.0,717.8,163.1978984939455
2007-09-17,4494.65,723.8,163.22965591075737
2007-09-18,4546.2,723.7,163.26141950738852
2007-09-19,4732.35,729.5,163.29318928504154
2007-09-20,4747.55,739.9,163.32440781118262
2007-09-21,4837.55,738.9,163.3556323057072
2007-09-22,4837.55,738.9,163.38686276975628
2007-09-23,4837.55,738.9,163.41809920447116
2007-09-24,4932.2,739.3,163.44934161099332
2007-09-25,4938.85,738.8,163.4805899904644
2007-09-26,4940.5,735.5,163.51184434402637
2007-09-27,5000.55,739.9,163.54403512241234
2007-09-28,5021.35,750.0,163.57623223823654
2007-09-29,5021.35,750.0,163.60843569274664
2007-09-30,5021.35,750.0,163.6406454871905
2007-10-01,5068.95,754.1,163.67286162281633
2007-10-02,5068.95,736.3,163.70508410087248
2007-10-03,5210.8,735.7,163.73731292260763
2007-10-04,5208.65,743.8,163.7693619221888
2007-10-05,5185.85,747.2,163.80141719485675
2007-10-06,5185.85,747.2,163.83347874183934
2007-10-07,5185.85,747.2,163.86554656436468
2007-10-08,5085.1,738.7,163.8976206636611
2007-10-09,5327.25,743.1,163.92970104095716
2007-10-10,5441.45,746.0,163.96178769748172
2007-10-11,5524.85,756.7,163.99313404681683
2007-10-12,5428.25,753.8,164.02448638897278
2007-10-13,5428.25,753.8,164.05584472509526
2007-10-14,5428.25,753.8,164.0872090563302
2007-10-15,5670.4,762.2,164.11857938382377
2007-10-16,5668.05,762.0,164.14995570872233
2007-10-17,5559.3,762.3,164.18133803217248
2007-10-18,5351.0,768.7,164.21328682092977
2007-10-19,5215.3,768.4,164.24524182674628
2007-10-20,5215.3,768.4,164.27720305083184
2007-10-21,5215.3,768.4,164.30917049439648
2007-10-22,5184.0,760.0,164.34114415865048
2007-10-23,5473.7,763.1,164.37312404480434
2007-10-24,5496.15,765.6,164.4051101540688
2007-10-25,5568.95,771.0,164.4367281845137
2007-10-26,5702.3,787.5,164.4683522956689
2007-10-27,5702.3,787.5,164.49998248870384
2007-10-28,5702.3,787.5,164.53161876478816
2007-10-29,5905.9,792.6,164.56326112509177
2007-10-30,5868.75,787.8,164.59490957078475
2007-10-31,5900.65,795.3,164.62656410303745
2007-11-01,5866.45,793.7,164.65953677418472
2007-11-02,5932.4,808.5,164.6925160493515
2007-11-03,5932.4,808.5,164.72550192986049
2007-11-04,5932.4,808.5,164.75849441703468
2007-11-05,5847.3,810.8,164.7914935121973
2007-11-06,5786.5,823.4,164.82449921667182
2007-11-07,5782.35,833.5,164.85751153178205
2007-11-08,5698.75,837.5,164.890530458852
2007-11-09,5663.25,834.7,164.92355599920594
2007-11-10,5663.25,834.7,164.95658815416846
2007-11-11,5663.25,834.7,164.98962692506436
2007-11-12,5617.1,807.7,165.02267231321875
2007-11-13,5695.4,799.0,165.05572431995697
2007-11-14,5937.9,814.7,165.08878294660465
2007-11-15,5912.1,787.3,165.1227894266995
2007-11-16,5906.85,787.0,165.1568029117566
2007-11-17,5906.85,787.0,165.19082340321887
2007-11-18,5906.85,787.0,165.22485090252954
2007-11-19,5907.65,778.0,165.25888541113216
2007-11-20,5780.9,791.4,165.29292693047057
2007-11-21,5561.05,798.6,165.32697546198892
2007-11-22,5519.35,804.0,165.36103100713163
2007-11-23,5608.6,824.7,165.39509356734342
2007-11-24,5608.6,824.7,165.42916314406932
2007-11-25,5608.6,824.7,165.46323973875468
2007-11-26,5731.7,826.5,165.4973233528451
2007-11-27,5698.15,814.0,165.5314139877865
2007-11-28,5617.55,800.3,165.56551164502508
2007-11-29,5634.6,802.3,165.5996163260074
2007-11-30,5762.75,789.1,165.63372803218024
2007-12-01,5762.75,789.1,165.66784676499074
2007-12-02,5762.75,789.1,165.70197252588628
2007-12-03,5865.0,794.7,165.7361053163146
2007-12-04,5858.35,807.6,165.77024513772366
2007-12-05,5940.0,803.7,165.80439199156183
2007-12-06,5954.7,807.1,165.83854587927766
2007-12-07,5974.3,800.2,165.87270680232007
2007-12-08,5974.3,800.2,165.90687476213827
2007-12-09,5974.3,800.2,165.94104976018176
2007-12-10,5960.6,813.5,165.9752317979003
2007-12-11,6097.25,817.1,166.00942087674403
2007-12-12,6159.3,818.8,166.04361699816332
2007-12-13,6058.1,804.0,166.0774412202309
2007-12-14,6047.7,798.0,166.11127233252418
2007-12-15,6047.7,798.0,166.14511033644675
2007-12-16,6047.7,798.0,166.1789552334025
2007-12-17,5777.0,799.3,166.21280702479555
2007-12-18,5742.3,807.4,166.2466657120304
2007-12-19,5751.15,805.4,166.28053129651173
2007-12-20,5766.5,803.2,166.3140247511459
2007-12-21,5766.5,815.4,166.34752495227937
2007-12-22,5766.5,815.4,166.3810319012712
2007-12-23,5766.5,815.4,166.41454559948056
2007-12-24,5985.1,816.5,166.44806604826692
2007-12-25,5985.1,816.5,166.48159324899004
2007-12-26,6070.75,829.5,166.51512720300994
2007-12-27,6081.5,831.8,166.54866791168692
2007-12-28,6079.7,842.7,166.58221537638155
2007-12-29,6079.7,842.7,166.61576959845468
2007-12-30,6079.7,842.7,166.64933057926743
2007-12-31,6138.6,838.0,166.68289832018118
2008-01-01,6144.35,838.0,166.71647282255762
2008-01-02,6179.4,860.0,166.75005408775868
2008-01-03,6178.55,869.1,166.78212309268127
2008-01-04,6274.3,865.7,166.8141982650446
2008-01-05,6274.3,865.7,166.84627960603478
2008-01-06,6274.3,865.7,166.87836711683815
2008-01-07,6279.1,862.0,166.91046079864128
2008-01-08,6287.85,880.3,166.94256065263093
2008-01-09,6272.0,881.7,166.97466667999416
2008-01-10,6156.95,893.6,167.0067788819182
2008-01-11,6200.1,897.7,167.03889725959053
2008-01-12,6200.1,897.7,167.07102181419884
2008-01-13,6200.1,897.7,167.1031525469311
2008-01-14,6206.8,903.4,167.13528945897548
2008-01-15,6074.25,902.6,167.1674325515203
2008-01-16,5935.75,882.0,167.19958182575428
2008-01-17,5913.2,880.5,167.2321179482155
2008-01-18,5705.3,881.7,167.26466040202783
2008-01-19,5705.3,881.7,167.29720918842338
2008-01-20,5705.3,881.7,167.3297643086344
2008-01-21,5208.8,881.7,167.36232576389344
2008-01-22,4899.3,890.3,167.39489355543324
2008-01-23,5203.4,883.1,167.42746768448683
2008-01-24,5033.45,905.8,167.4604293364673
2008-01-25,5383.35,910.7,167.49339747764887
2008-01-26,5383.35,910.7,167.52637210930902
2008-01-27,5383.35,910.7,167.55935323272556
2008-01-28,5274.1,927.1,167.59234084917654
2008-01-29,5280.8,925.1,167.62533495994023
2008-01-30,5167.6,926.3,167.6583355662952
2008-01-31,5137.45,928.0,167.6917243793198
2008-02-01,5317.25,913.5,167.7251198416579
2008-02-02,5317.25,913.5,167.7585219546337
2008-02-03,5317.25,913.5,167.79193071957167
2008-02-04,5463.5,909.4,167.82534613779654
2008-02-05,5483.9,890.3,167.8587682106333
2008-02-06,5322.55,905.0,167.89219693940717
2008-02-07,5133.25,910.0,167.9256323254437
2008-02-08,5120.35,922.3,167.95907437006863
2008-02-09,5120.35,922.3,167.99252307460804
2008-02-10,5120.35,922.3,168.02597844038823
2008-02-11,4857.0,926.7,168.05944046873577
2008-02-12,4838.25,911.1,168.0929091609775
2008-02-13,4929.45,910.2,168.12638451844057
2008-02-14,5202.0,910.8,168.15986654245222
2008-02-15,5302.9,906.1,168.19335523434015
2008-02-16,5302.9,906.1,168.2268505954323
2008-02-17,5302.9,906.1,168.26035262705676
2008-02-18,5276.9,906.1,168.293861330542
2008-02-19,5280.8,929.8,168.32737670721667
2008-02-20,5154.45,937.8,168.36089875840975
2008-02-21,5191.8,949.2,168.39500314134537
2008-02-22,5110.75,947.8,168.4291144327077
2008-02-23,5110.75,947.8,168.46323263389627
2008-02-24,5110.75,947.8,168.49735774631066
2008-02-25,5200.7,940.5,168.5314897713509
2008-02-26,5270.05,948.9,168.56562871041726
2008-02-27,5268.4,961.0,168.59977456491032
2008-02-28,5285.1,967.5,168.63411949378215
2008-02-29,5223.5,975.0,168.66847141895124
2008-03-01,5223.5,975.0,168.70283034184277
2008-03-02,5223.5,975.0,168.73719626388225
2008-03-03,4953.0,984.2,168.77156918649538
2008-03-04,4864.25,966.3,168.80594911110833
2008-03-05,4921.4,988.5,168.8403360391474
2008-03-06,4921.4,977.1,168.87453754031375
2008-03-07,4771.6,974.2,168.90874596957983
2008-03-08,4771.6,974.2,168.942961328349
2008-03-09,4771.6,974.2,168.977183618025
2008-03-10,4800.4,971.8,169.01141284001176
2008-03-11,4865.9,976.0,169.04564899571355
2008-03-12,4872.0,980.5,169.07989208653493
2008-03-13,4623.6,993.8,169.1141421138807
2008-03-14,4745.8,999.5,169.14839907915598
2008-03-15,4745.8,999.5,169.18266298376616
2008-03-16,4745.8,999.5,169.21693382911693
2008-03-17,4503.1,1002.6,169.25121161661426
2008-03-18,4533.0,1004.3,169.28549634766438
2008-03-19,4573.95,945.3,169.31978802367385
2008-03-20,4573.95,920.0,169.3537006897107
2008-03-21,4573.95,920.0,169.38762014803655
2008-03-22,4573.95,920.0,169.42154640001166
2008-03-23,4573.95,920.0,169.45547944699678
2008-03-24,4609.85,918.7,169.48941929035286
2008-03-25,4877.5,935.0,169.52336593144113
2008-03-26,4828.85,949.2,169.5573193716231
2008-03-27,4830.25,948.8,169.5908935790211
2008-03-28,4942.0,936.5,169.6244744344801
2008-03-29,4942.0,936.5,169.6580619393165
2008-03-30,4942.0,936.5,169.69165609484693
2008-03-31,4734.5,921.5,169.7252569023883
2008-04-01,4739.55,887.8,169.7588643632578
2008-04-02,4754.2,900.2,169.79247847877284
2008-04-03,4771.6,909.6,169.82474649264176
2008-04-04,4647.0,913.2,169.8570206388478
2008-04-05,4647.0,913.2,169.8893009185564
2008-04-06,4647.0,913.2,169.92158733293314
2008-04-07,4761.2,926.8,169.9538798831439
2008-04-08,4709.65,918.0,169.98617857035478
2008-04-09,4747.05,937.5,170.01848339573206
2008-04-10,4733.0,931.8,170.0521489186607
2008-04-11,4777.8,927.0,170.0858211077318
2008-04-12,4777.8,927.0,170.11949996426534
2008-04-13,4777.8,927.0,170.15318548958157
2008-04-14,4777.8,928.7,170.18687768500095
2008-04-15,4879.65,932.0,170.22057655184426
2008-04-16,4887.3,948.3,170.25428209143251
2008-04-17,4958.4,942.9,170.28896405481976
2008-04-18,4958.4,915.2,170.32365308316048
2008-04-19,4958.4,915.2,170.35834917789387
2008-04-20,4958.4,915.2,170.3930523404594
2008-04-21,5037.0,917.6,170.42776257229684
2008-04-22,5049.3,925.2,170.46247987484625
2008-04-23,5022.8,909.0,170.497204249548
2008-04-24,4999.85,889.4,170.5319356978427
2008-04-25,5111.7,889.7,170.5666742211713
2008-04-26,5111.7,889.7,170.60141982097502
2008-04-27,5111.7,889.7,170.63617249869543
2008-04-28,5089.65,895.5,170.67093225577432
2008-04-29,5195.5,876.8,170.7056990936538
2008-04-30,5165.9,865.1,170.7404730137763
2008-05-01,5165.9,850.9,170.77486482286247
2008-05-02,5228.2,858.0,170.80926355940122
2008-05-03,5228.2,858.0,170.84366922478796
2008-05-04,5228.2,858.0,170.87808182041832
2008-05-05,5192.25,874.1,170.91250134768825
2008-05-06,5144.65,877.7,170.94692780799397
2008-05-07,5135.5,871.2,170.981361202732
2008-05-08,5081.7,882.1,171.0156066613915
2008-05-09,4982.6,885.8,171.04985897899417
2008-05-10,4982.6,885.8,171.08411815691375
2008-05-11,4982.6,885.8,171.11838419652435
2008-05-12,5012.65,884.9,171.15265709920018
2008-05-13,4957.8,869.6,171.1869368663159
2008-05-14,5011.75,866.5,171.22122349924635
2008-05-15,5115.25,880.0,171.2559072899364
2008-05-16,5157.7,899.9,171.29059810642215
2008-05-17,5157.7,899.9,171.3252959501268
2008-05-18,5157.7,899.9,171.3600008224738
2008-05-19,5157.7,905.8,171.394712724887
2008-05-20,5104.95,920.2,171.4294316587904
2008-05-21,5117.65,928.6,171.46415762560838
2008-05-22,5025.45,918.3,171.49928147109196
2008-05-23,4946.55,925.8,171.534412511575
2008-05-24,4946.55,925.8,171.56955074853136
2008-05-25,4946.55,925.8,171.6046961834352
2008-05-26,4875.05,929.0,171.63984881776105
2008-05-27,4859.8,907.9,171.67500865298365
2008-05-28,4918.35,900.5,171.7101756905781
2008-05-29,4835.3,881.7,171.74534993201974
2008-05-30,4870.1,891.5,171.78053137878427
2008-05-31,4870.1,891.5,171.8157200323477
2008-06-01,4870.1,891.5,171.85091589418633
2008-06-02,4739.6,897.0,171.8861189657767
2008-06-03,4715.9,885.5,171.92132924859573
2008-06-04,4585.6,883.8,171.9565467441206
2008-06-05,4676.95,875.5,171.99216389164647
2008-06-06,4627.8,899.0,172.0277884165082
2008-06-07,4627.8,899.0,172.06342032023386
2008-06-08,4627.8,899.0,172.0990596043518
2008-06-09,4500.95,898.1,172.13470627039072
2008-06-10,4449.8,871.2,172.17036031987962
2008-06-11,4523.6,882.9,172.20602175434783
2008-06-12,4539.35,872.0,172.24227985017754
2008-06-13,4517.1,873.1,172.27854558017415
2008-06-14,4517.1,873.1,172.31481894594506
2008-06-15,4517.1,873.1,172.35109994909797
2008-06-16,4572.5,886.3,172.38738859124095
2008-06-17,4653.0,886.9,172.42368487398238
2008-06-18,4582.4,893.5,172.459988798931
2008-06-19,4504.25,904.2,172.49807363437523
2008-06-20,4347.55,903.7,172.53616688020324
2008-06-21,4347.55,903.7,172.57426853827232
2008-06-22,4347.55,903.7,172.61237861044015
2008-06-23,4266.4,887.2,172.65049709856487
2008-06-24,4191.1,891.6,172.68862400450496
2008-06-25,4252.65,882.3,172.72675933011936
2008-06-26,4315.85,915.1,172.76806847259115
2008-06-27,4136.65,931.3,172.80938749451218
2008-06-28,4136.65,931.3,172.8507163982452
2008-06-29,4136.65,931.3,172.89205518615356
2008-06-30,4040.55,928.3,172.93340386060112
2008-07-01,3896.75,944.5,172.97476242395234
2008-07-02,4093.35,946.5,173.01613087857226
2008-07-03,3925.75,933.6,173.0579064529023
2008-07-04,4016.0,935.7,173.09969211414506
2008-07-05,4016.0,935.7,173.14148786473606
2008-07-06,4016.0,935.7,173.18329370711143
2008-07-07,4030.0,928.8,173.2251096437079
2008-07-08,3988.55,923.3,173.26693567696273
2008-07-09,4157.1,928.6,173.30877180931384
2008-07-10,4162.2,942.0,173.35161326288656
2008-07-11,4049.0,960.6,173.39446530674925
2008-07-12,4049.0,960.6,173.43732794351973
2008-07-13,4049.0,960.6,173.4802011758166
2008-07-14,4039.7,973.7,173.52308500625904
2008-07-15,3861.1,978.7,173.56597943746686
2008-07-16,3816.7,962.7,173.60888447206057
2008-07-17,3947.2,970.7,173.65219917527517
2008-07-18,4092.25,958.0,173.6955246853302
2008-07-19,4092.25,958.0,173.73886100492197
2008-07-20,4092.25,958.0,173.78220813674736
2008-07-21,4159.5,963.7,173.825566083504
2008-07-22,4240.1,948.5,173.8689348478902
2008-07-23,4476.8,922.8,173.91231443260486
2008-07-24,4433.55,922.3,173.95550472206804
2008-07-25,4311.85,926.8,173.99870573763255
2008-07-26,4311.85,926.8,174.04191748196214
2008-07-27,4311.85,926.8,174.08513995772125
2008-07-28,4332.1,927.7,174.12837316757498
2008-07-29,4189.85,916.5,174.1716171141891
2008-07-30,4313.55,912.3,174.21487180023004
2008-07-31,4332.95,922.7,174.2595395387576
2008-08-01,4413.55,917.5,174.30421872984854
2008-08-02,4413.55,917.5,174.34890937643928
2008-08-03,4413.55,917.5,174.39361148146693
2008-08-04,4395.35,907.9,174.43832504786937
2008-08-05,4502.85,886.1,174.48305007858522
2008-08-06,4517.55,883.0,174.5277865765539
2008-08-07,4523.85,877.9,174.57193254339137
2008-08-08,4529.5,864.8,174.61608967673948
2008-08-09,4529.5,864.8,174.66025797942277
2008-08-10,4529.5,864.8,174.70443745426644
2008-08-11,4620.4,828.3,174.74862810409647
2008-08-12,4552.25,814.6,174.7928299317395
2008-08-13,4529.05,831.5,174.8370429400229
2008-08-14,4430.7,814.5,174.88086476707323
2008-08-15,4430.7,792.1,174.92469757779438
2008-08-16,4430.7,792.1,174.96854137493932
2008-08-17,4430.7,792.1,175.01239616126176
2008-08-18,4393.05,805.7,175.05626193951605
2008-08-19,4368.25,816.8,175.10013871245724
2008-08-20,4415.75,816.3,175.1440264828411
2008-08-21,4283.85,839.0,175.18792525342403
2008-08-22,4327.45,833.5,175.23183502696327
2008-08-23,4327.45,833.5,175.27575580621652
2008-08-24,4327.45,833.5,175.31968759394238
2008-08-25,4335.35,825.7,175.3636303929
2008-08-26,4337.5,828.1,175.4075842058493
2008-08-27,4292.1,834.0,175.45154903555087
2008-08-28,4214.0,837.2,175.4951215865478
2008-08-29,4360.0,835.2,175.53870495857888
2008-08-30,4360.0,835.2,175.58229915433142
2008-08-31,4360.0,835.2,175.6259041764935
2008-09-01,4348.65,835.2,175.66952002775375
2008-09-02,4504.0,810.5,175.71314671080154
2008-09-03,4504.0,808.2,175.75658251926257
2008-09-04,4447.75,803.2,175.80002906493644
2008-09-05,4352.3,802.8,175.84348635047738
2008-09-06,4352.3,802.8,175.88695437854025
2008-09-07,4352.3,802.8,175.93043315178056
2008-09-08,4482.3,802.5,175.9739226728545
2008-09-09,4468.7,792.0,176.0174229444189
2008-09-10,4400.25,762.5,176.06093396913127
2008-09-11,4290.3,745.5,176.10304050915582
2008-09-12,4228.45,764.5,176.14515711933436
2008-09-13,4228.45,764.5,176.18728380207523
2008-09-14,4228.45,764.5,176.22942055978737
2008-09-15,4072.9,787.0,176.2715673948803
2008-09-16,4074.9,780.5,176.31372430976413
2008-09-17,4008.25,850.5,176.35589130684951
2008-09-18,4038.15,897.0,176.3976639779148
2008-09-19,4245.25,864.7,176.43944654349525
2008-09-20,4245.25,864.7,176.4812390059346
2008-09-21,4245.25,864.7,176.52304136757706
2008-09-22,4223.05,909.0,176.5648536307674
2008-09-23,4126.9,891.2,176.60667579785095
2008-09-24,4161.25,895.0,176.64850787117362
2008-09-25,4110.55,882.0,176.68994477143505
2008-09-26,3985.25,888.5,176.73139139165804
2008-09-27,3985.25,888.5,176.7728477341226
2008-09-28,3985.25,888.5,176.8143138011093
2008-09-29,3850.05,894.4,176.85578959489928
2008-09-30,3921.2,880.8,176.89727511777414
2008-10-01,3950.75,887.3,176.93877037201608
2008-10-02,3950.75,844.3,176.98169620247208
2008-10-03,3818.3,833.2,177.02463244685214
2008-10-04,3818.3,833.2,177.06757910768272
2008-10-05,3818.3,833.2,177.11053618749088
2008-10-06,3602.35,866.2,177.1535036888043
2008-10-07,3606.6,882.0,177.19648161415128
2008-10-08,3513.65,906.5,177.23946996606068
2008-10-09,3513.65,886.5,177.2806390530269
2008-10-10,3279.95,859.0,177.3218177027261
2008-10-11,3279.95,859.0,177.3630059173794
2008-10-12,3279.95,859.0,177.4042036992087
2008-10-13,3490.7,842.5,177.44541105043618
2008-10-14,3518.65,839.5,177.4866279732846
2008-10-15,3338.4,839.0,177.5278544699773
2008-10-16,3269.3,804.5,177.5701085312296
2008-10-17,3074.35,787.7,177.6123726495273
2008-10-18,3074.35,787.7,177.6546468272641
2008-10-19,3074.35,787.7,177.69693106683428
2008-10-20,3122.8,790.0,177.73922537063274
2008-10-21,3234.9,768.0,177.78152974105487
2008-10-22,3065.15,735.2,177.82384418049668
2008-10-23,2943.15,714.7,177.8588525799354
2008-10-24,2584.0,730.3,177.89386787152085
2008-10-25,2584.0,730.3,177.92889005660996
2008-10-26,2584.0,730.3,177.9639191365598
2008-10-27,2524.2,742.9,177.99895511272783
2008-10-28,2684.6,740.5,178.03399798647166
2008-10-29,2697.05,754.0,178.06904775914924
2008-10-30,2697.05,738.5,178.10532164382877
2008-10-31,2885.6,718.2,178.14160291774706
2008-11-01,2885.6,718.2,178.17789158240936
2008-11-02,2885.6,718.2,178.2141876393212
2008-11-03,3043.85,726.8,178.25049108998846
2008-11-04,3142.1,757.3,178.28680193591725
2008-11-05,2994.95,742.4,178.32312017861406
2008-11-06,2892.65,732.2,178.35924258008433
2008-11-07,2973.0,734.2,178.39537229876555
2008-11-08,2973.0,734.2,178.43150933613995
2008-11-09,2973.0,734.2,178.46765369369007
2008-11-10,3148.25,746.5,178.5038053728987
2008-11-11,2938.65,732.8,178.539964375249
2008-11-12,2848.45,718.3,178.5761307022244
2008-11-13,2848.45,705.0,178.61210082744458
2008-11-14,2810.35,742.5,178.64807819803346
2008-11-15,2810.35,742.5,178.68406281545046
2008-11-16,2810.35,742.5,178.7200546811553
2008-11-17,2799.55,742.0,178.75605379660794
2008-11-18,2683.15,732.7,178.79206016326873
2008-11-19,2635.0,736.0,178.82807378259824
2008-11-20,2553.15,748.7,178.8638908410472
2008-11-21,2693.45,791.8,178.8997150732114
2008-11-22,2693.45,791.8,178.93554648052765
2008-11-23,2693.45,791.8,178.971385064433
2008-11-24,2708.25,819.5,179.00723082636486
2008-11-25,2654.0,818.5,179.04308376776092
2008-11-26,2752.25,808.5,179.0789438900591
2008-11-27,2752.25,808.5,179.1139957722189
2008-11-28,2755.1,819.0,179.14905451523248
2008-11-29,2755.1,819.0,179.18412012044269
2008-11-30,2755.1,819.0,179.21919258919272
2008-12-01,2682.9,776.8,179.25427192282598
2008-12-02,2657.8,783.3,179.2893581226862
2008-12-03,2656.45,770.5,179.32445119011732
2008-12-04,2788.0,765.5,179.356900563685
2008-12-05,2714.4,752.2,179.38935580907795
2008-12-06,2714.4,752.2,179.42181692735872
2008-12-07,2714.4,752.2,179.45428391959
2008-12-08,2784.0,769.3,179.48675678683472
2008-12-09,2784.0,774.2,179.51923553015595
2008-12-10,2928.25,808.8,179.55172015061703
2008-12-11,2920.15,826.6,179.5795329580296
2008-12-12,2921.35,820.5,179.60735007368416
2008-12-13,2921.35,820.5,179.63517149824804
2008-12-14,2921.35,820.5,179.66299723238868
2008-12-15,2981.2,836.5,179.69082727677366
2008-12-16,3041.75,842.7,179.71866163207065
2008-12-17,2954.35,868.5,179.74650029894738
2008-12-18,3060.75,860.6,179.77332783345912
2008-12-19,3077.5,837.4,179.80015937203552
2008-12-20,3077.5,837.4,179.82699491527418
2008-12-21,3077.5,837.4,179.8538344637728
2008-12-22,3039.3,847.2,179.8806780181292
2008-12-23,2968.65,838.1,179.90752557894123
2008-12-24,2916.85,848.0,179.9343771468069
2008-12-25,2916.85,848.0,179.95920365411507
2008-12-26,2857.25,871.2,179.98403358686912
2008-12-27,2857.25,871.2,180.00886694554163
2008-12-28,2857.25,871.2,180.0337037306053
2008-12-29,2922.2,875.3,180.0585439425329
2008-12-30,2979.5,870.0,180.08338758179727
2008-12-31,2959.15,884.3,180.10823464887125
2009-01-01,3033.45,884.3,180.13146318322157
2009-01-02,3046.75,879.5,180.1546947133528
2009-01-03,3046.75,879.5,180.1779292396513
2009-01-04,3046.75,879.5,180.20116676250345
2009-01-05,3121.45,857.8,180.2244072822957
2009-01-06,3112.8,866.0,180.24765079941463
2009-01-07,2920.4,841.7,180.2708973142468
2009-01-08,2920.4,854.5,180.2941468271788
2009-01-09,2873.0,855.0,180.31739933859728
2009-01-10,2873.0,855.0,180.340654848889
2009-01-11,2873.0,855.0,180.36391335844067
2009-01-12,2773.1,821.0,180.38717486763915
2009-01-13,2744.95,820.7,180.41043937687127
2009-01-14,2835.3,808.8,180.433706886524
2009-01-15,2736.7,807.3,180.4563683714311
2009-01-16,2828.45,839.9,180.4790327024965
2009-01-17,2828.45,839.9,180.50169988007775
2009-01-18,2828.45,839.9,180.52436990453236
2009-01-19,2846.2,855.2,180.5470427762177
2009-01-20,2796.6,855.2,180.5697184954916
2009-01-21,2706.15,850.1,180.5923970627115
2009-01-22,2713.8,858.8,180.6154846874352
2009-01-23,2678.55,895.8,180.63857526376933
2009-01-24,2678.55,895.8,180.66166879209135
2009-01-25,2678.55,895.8,180.68476527277863
2009-01-26,2678.55,908.8,180.70786470620857
2009-01-27,2771.35,899.5,180.73096709275868
2009-01-28,2849.5,888.2,180.75407243280648
2009-01-29,2823.95,906.5,180.7777908336261
2009-01-30,2874.8,928.4,180.8015123467549
2009-01-31,2874.8,928.4,180.82523697260103
2009-02-01,2874.8,928.4,180.8489647115731
2009-02-02,2766.65,907.2,180.8726955640796
2009-02-03,2783.9,892.5,180.89642953052905
2009-02-04,2803.05,902.2,180.92016661133
2009-02-05,2780.05,914.2,180.9441105279556
2009-02-06,2843.1,914.3,180.96805761344373
2009-02-07,2843.1,914.3,180.99200786821385
2009-02-08,2843.1,914.3,181.0159612926853
2009-02-09,2919.9,892.8,181.03991788727765
2009-02-10,2934.5,914.2,181.06387765241044
2009-02-11,2925.7,944.5,181.08784058850327
2009-02-12,2893.05,949.2,181.111602786106
2009-02-13,2948.35,942.2,181.13536810176475
2009-02-14,2948.35,942.2,181.15913653588865
2009-02-15,2948.35,942.2,181.18290808888696
2009-02-16,2848.5,967.5,181.2066827611689
2009-02-17,2770.5,967.5,181.23046055314387
2009-02-18,2776.15,978.2,181.25424146522116
2009-02-19,2789.35,976.5,181.27782140056837
2009-02-20,2736.45,1002.2,181.3014044035036
2009-02-21,2736.45,1002.2,181.32499047442607
2009-02-22,2736.45,1002.2,181.3485796137348
2009-02-23,2736.45,995.0,181.372171821829
2009-02-24,2733.9,969.5,181.39576709910787
2009-02-25,2762.5,966.2,181.4193654459707
2009-02-26,2785.65,942.6,181.44296686281683
2009-02-27,2763.65,942.5,181.46657135004563
2009-02-28,2763.65,942.5,181.49017890805652
2009-03-01,2763.65,942.5,181.51378953724907
2009-03-02,2674.6,940.0,181.53740323802276
2009-03-03,2622.4,913.6,181.56102001077716
2009-03-04,2645.2,906.7,181.5846398559119
2009-03-05,2576.7,927.8,181.6078543327601
2009-03-06,2620.15,942.7,181.6310717774361
2009-03-07,2620.15,942.7,181.65429219031924
2009-03-08,2620.15,942.7,181.67751557178903
2009-03-09,2573.15,918.0,181.70074192222503
2009-03-10,2573.15,895.9,181.72397124200677
2009-03-11,2573.15,910.7,181.74720353151375
2009-03-12,2617.45,924.0,181.77043879112583
2009-03-13,2719.25,930.1,181.7932681622356
2009-03-14,2719.25,930.1,181.8161004005893
2009-03-15,2719.25,930.1,181.83893550654705
2009-03-16,2777.25,922.0,181.86177348046897
2009-03-17,2757.45,916.8,181.8846143227153
2009-03-18,2794.7,889.1,181.9074580336462
2009-03-19,2807.15,958.8,181.93173694796283
2009-03-20,2807.05,956.2,181.9560191027496
2009-03-21,2807.05,956.2,181.9803044984389
2009-03-22,2807.05,956.2,182.0045931354634
2009-03-23,2939.9,952.5,182.0288850142557
2009-03-24,2938.7,923.8,182.05318013524845
2009-03-25,2984.35,935.8,182.0774784988744
2009-03-26,3082.25,940.0,182.10219015402475
2009-03-27,3108.65,923.2,182.1269051630545
2009-03-28,3108.65,923.2,182.1516235264188
2009-03-29,3108.65,923.2,182.17634524457293
2009-03-30,2978.15,917.7,182.20107031797215
2009-03-31,3020.95,925.0,182.225798747072
2009-04-01,3060.35,927.7,182.25053053232767
2009-04-02,3211.05,908.9,182.27526567419488
2009-04-03,3211.05,897.3,182.29774895367757
2009-04-04,3211.05,897.3,182.32023500642651
2009-04-05,3211.05,897.3,182.34272383278395
2009-04-06,3256.6,872.8,182.3652154330919
2009-04-07,3256.6,883.3,182.3877098076925
2009-04-08,3342.95,885.9,182.410206956928
2009-04-09,3342.05,883.3,182.43065888928285
2009-04-10,3342.05,883.3,182.45111311471956
2009-04-11,3342.05,883.3,182.4715696334952
2009-04-12,3342.05,883.3,182.4920284458669
2009-04-13,3382.6,895.8,182.51248955209192
2009-04-14,3382.6,892.0,182.53295295242737
2009-04-15,3484.15,893.5,182.55341864713048
2009-04-16,3369.5,879.8,182.5724547174513
2009-04-17,3384.4,867.9,182.59149277279104
2009-04-18,3384.4,867.9,182.61053281335657
2009-04-19,3384.4,867.9,182.62957483935492
2009-04-20,3377.1,887.5,182.6486188509932
2009-04-21,3365.3,882.7,182.66766484847835
2009-04-22,3330.3,892.5,182.68671283201752
2009-04-23,3423.7,906.6,182.70351500448265
2009-04-24,3480.75,914.1,182.7203187222873
2009-04-25,3480.75,914.1,182.73712398557365
2009-04-26,3480.75,914.1,182.75393079448375
2009-04-27,3470.0,908.2,182.77073914915988
2009-04-28,3362.35,893.6,182.7875490497441
2009-04-29,3473.95,900.5,182.80415617495396
2009-04-30,3473.95,891.2,182.82076480900076
2009-05-01,3473.95,888.2,182.8373749520216
2009-05-02,3473.95,888.2,182.85398660415356
2009-05-03,3473.95,888.2,182.8705997655337
2009-05-04,3654.0,902.2,182.8872144362993
2009-05-05,3661.9,904.3,182.90383061658736
2009-05-06,3625.05,911.0,182.92044830653504
2009-05-07,3683.9,915.5,182.93625062866107
2009-05-08,3620.7,914.9,182.95205431593453
2009-05-09,3620.7,914.9,182.9678593684734
2009-05-10,3620.7,914.9,182.9836657863956
2009-05-11,3554.6,913.5,182.9994735698191
2009-05-12,3681.1,923.9,183.0152827188618
2009-05-13,3635.25,925.9,183.03109323364177
2009-05-14,3593.45,928.4,183.047517892348
2009-05-15,3671.65,931.3,183.0639440249536
2009-05-16,3671.65,931.3,183.0803716315908
2009-05-17,3671.65,931.3,183.096800712392
2009-05-18,4323.15,921.7,183.1132312674893
2009-05-19,4318.45,926.7,183.1296632970152
2009-05-20,4270.3,937.4,183.1460968011018
2009-05-21,4210.9,951.2,183.1625317798816
2009-05-22,4238.5,958.9,183.17896823348684
2009-05-23,4238.5,958.9,183.1954061620499
2009-05-24,4238.5,958.9,183.21184556570316
2009-05-25,4237.55,953.3,183.2282864445789
2009-05-26,4116.7,953.3,183.2447287988096
2009-05-27,4276.05,953.3,183.2611726285276
2009-05-28,4337.1,963.2,183.2778227847104
2009-05-29,4448.95,980.3,183.29447445363968
2009-05-30,4448.95,980.3,183.31112763545292
2009-05-31,4448.95,980.3,183.3277823302876
2009-06-01,4529.9,980.0,183.3444385382812
2009-06-02,4525.25,984.4,183.36109625957107
2009-06-03,4530.7,965.6,183.3777554942948
2009-06-04,4572.65,982.3,183.39462122375215
2009-06-05,4586.9,962.6,183.4114885043946
2009-06-06,4586.9,962.6,183.42835733636477
2009-06-07,4586.9,962.6,183.44522771980525
2009-06-08,4429.9,952.5,183.46209965485883
2009-06-09,4550.95,954.7,183.47897314166815
2009-06-10,4655.25,954.7,183.49584818037604
2009-06-11,4637.7,962.0,183.51272477112516
2009-06-12,4583.4,940.7,183.5296029140582
2009-06-13,4583.4,940.7,183.546482609318
2009-06-14,4583.4,940.7,183.5633638570473
2009-06-15,4484.0,927.5,183.5802466573889
2009-06-16,4517.8,932.2,183.5971310104856
2009-06-17,4356.15,936.0,183.61401691648013
2009-06-18,4251.4,934.6,183.63090437551543
2009-06-19,4313.6,936.2,183.64779338773437
2009-06-20,4313.6,936.2,183.6646839532796
2009-06-21,4313.6,936.2,183.68157607229415
2009-06-22,4235.25,921.0,183.69846974492089
2009-06-23,4247.0,924.3,183.71536497130265
2009-06-24,4292.95,934.4,183.7322617515823
2009-06-25,4241.85,939.5,183.74895470847056
2009-06-26,4375.5,941.0,183.765649181994
2009-06-27,4375.5,941.0,183.78234517229035
2009-06-28,4375.5,941.0,183.7990426794975
2009-06-29,4390.95,940.7,183.8157417037532
2009-06-30,4291.1,927.4,183.83244224519535
2009-07-01,4340.9,941.3,183.8491443039618
2009-07-02,4348.85,931.0,183.86482134715996
2009-07-03,4424.25,924.3,183.88049972715885
2009-07-04,4424.25,924.3,183.89617944407257
2009-07-05,4424.25,924.3,183.91186049801507
2009-07-06,4165.7,924.3,183.9275428891004
2009-07-07,4202.15,929.1,183.9432266174425
2009-07-08,4078.9,909.3,183.95891168315552
2009-07-09,4080.95,916.2,183.9752144747068
2009-07-10,4003.9,912.5,183.99151871104277
2009-07-11,4003.9,912.5,184.00782439229133
2009-07-12,4003.9,912.5,184.02413151858076
2009-07-13,3974.05,922.5,184.0404400900389
2009-07-14,4111.4,922.8,184.056750106794
2009-07-15,4233.5,939.4,184.073061568974
2009-07-16,4231.4,935.4,184.08957973077847
2009-07-17,4374.95,937.5,184.106099374873
2009-07-18,4374.95,937.5,184.1226205013906
2009-07-19,4374.95,937.5,184.1391431104643
2009-07-20,4502.25,948.8,184.15566720222716
2009-07-21,4469.1,946.9,184.17219277681215
2009-07-22,4398.9,953.3,184.18871983435247
2009-07-23,4523.75,954.8,184.2052483749811
2009-07-24,4568.55,953.1,184.2217783988312
2009-07-25,4568.55,953.1,184.2383099060357
2009-07-26,4568.55,953.1,184.25484289672795
2009-07-27,4572.3,953.5,184.27137737104093
2009-07-28,4564.1,939.1,184.2879133291078
2009-07-29,4513.5,927.2,184.3044507710617
2009-07-30,4571.45,937.3,184.32078418494964
2009-07-31,4636.45,955.8,184.33711904633603
2009-08-01,4636.45,955.8,184.35345535534915
2009-08-02,4636.45,955.8,184.3697931121173
2009-08-03,4711.4,958.8,184.3861323167688
2009-08-04,4680.5,969.7,184.402472969432
2009-08-05,4694.15,966.3,184.41881507023515
2009-08-06,4585.5,962.9,184.4353642589168
2009-08-07,4481.4,959.5,184.4519149326728
2009-08-08,4481.4,959.5,184.46846709163637
2009-08-09,4481.4,959.5,184.4850207359408
2009-08-10,4437.65,946.9,184.50157586571933
2009-08-11,4471.35,947.6,184.51813248110537
2009-08-12,4457.5,952.5,184.53469058223217
2009-08-13,4605.0,956.5,184.5516627180208
2009-08-14,4580.05,948.7,184.5686364147809
2009-08-15,4580.05,948.7,184.5856116726561
2009-08-16,4580.05,948.7,184.60258849179
2009-08-17,4387.9,935.8,184.61956687232603
2009-08-18,4458.9,939.2,184.636546814408
2009-08-19,4394.1,944.8,184.65352831817935
2009-08-20,4453.45,941.7,184.6705113837839
2009-08-21,4528.8,954.7,184.68749601136517
2009-08-22,4528.8,954.7,184.7044822010668
2009-08-23,4528.8,954.7,184.7214699530325
2009-08-24,4642.8,943.7,184.738459267406
2009-08-25,4659.35,946.0,184.75545014433092
2009-08-26,4680.85,945.8,184.7724425839511
2009-08-27,4688.2,947.3,184.7896431265651
2009-08-28,4732.35,958.8,184.80684527038468
2009-08-29,4732.35,958.8,184.8240490155589
2009-08-30,4732.35,958.8,184.84125436223684
2009-08-31,4662.1,953.5,184.8584613105676
2009-09-01,4625.35,956.5,184.87566986070016
2009-09-02,4608.35,978.5,184.89288001278385
2009-09-03,4593.55,997.7,184.9100917669676
2009-09-04,4680.4,996.7,184.9273051234006
2009-09-05,4680.4,996.7,184.9445200822321
2009-09-06,4680.4,996.7,184.9617366436111
2009-09-07,4782.9,999.8,184.9789548076869
2009-09-08,4805.25,999.8,184.9961745746087
2009-09-09,4814.25,997.1,185.01339594452568
2009-09-10,4819.4,996.8,185.03061891758705
2009-09-11,4829.55,1006.4,185.04784349394205
2009-09-12,4829.55,1006.4,185.0650696737399
2009-09-13,4829.55,1006.4,185.08229745712995
2009-09-14,4808.6,1001.1,185.09952684426145
2009-09-15,4892.1,1006.3,185.1167578352837
2009-09-16,4958.4,1020.2,185.13399043034596
2009-09-17,4965.55,1013.5,185.15122462959755
2009-09-18,4976.05,1010.3,185.16846043318785
2009-09-19,4976.05,1010.3,185.18569784126615
2009-09-20,4976.05,1010.3,185.20293685398192
2009-09-21,4976.05,1004.9,185.22017747148445
2009-09-22,5020.2,1015.5,185.23741969392316
2009-09-23,4969.95,1014.4,185.25466352144736
2009-09-24,4986.55,998.9,185.27190895420665
2009-09-25,4958.95,991.6,185.2891559923503
2009-09-26,4958.95,991.6,185.30640463602785
2009-09-27,4958.95,991.6,185.3236548853887
2009-09-28,4958.95,994.1,185.3409067405824
2009-09-29,5006.85,994.4,185.35816020175832
2009-09-30,5083.95,1009.3,185.37417311547745
2009-10-01,5083.4,1000.7,185.3901874125368
2009-10-02,5083.4,1004.3,185.40620309305595
2009-10-03,5083.4,1004.3,185.4222201571544
2009-10-04,5083.4,1004.3,185.4382386049516
2009-10-05,5003.2,1017.8,185.4542584365672
2009-10-06,5027.4,1039.7,185.47027965212067
2009-10-07,4985.75,1044.4,185.4863022517316
2009-10-08,5002.25,1056.3,185.5027404035643
2009-10-09,4945.2,1048.6,185.51918001217757
2009-10-10,4945.2,1048.6,185.53562107770043
2009-10-11,4945.2,1048.6,185.55206360026207
2009-10-12,5054.25,1057.5,185.5685075799916
2009-10-13,5054.25,1065.0,185.58495301701817
2009-10-14,5118.2,1064.7,185.60139991147088
2009-10-15,5108.85,1050.6,185.6178482634789
2009-10-16,5142.15,1051.5,185.63429807317144
2009-10-17,5141.8,1051.5,185.6507493406777
2009-10-18,5141.8,1051.5,185.6672020661268
2009-10-19,5141.8,1058.1,185.683656249648
2009-10-20,5114.45,1058.6,185.70011189137048
2009-10-21,5063.6,1064.5,185.7165689914235
2009-10-22,4988.6,1058.6,185.73302754993628
2009-10-23,4997.05,1056.4,185.74948756703807
2009-10-24,4997.05,1056.4,185.76594904285813
2009-10-25,4997.05,1056.4,185.7824119775258
2009-10-26,4970.9,1042.8,185.7988763711703
2009-10-27,4846.7,1035.4,185.8153422239209
2009-10-28,4826.15,1030.5,185.831809535907
2009-10-29,4750.55,1047.1,185.84827830725783
2009-10-30,4711.7,1040.4,185.8647485381028
2009-10-31,4711.7,1040.4,185.8812202285712
2009-11-01,4711.7,1040.4,185.8976933787924
2009-11-02,4711.7,1054.0,185.91416798889577
2009-11-03,4563.9,1084.9,185.93064405901063
2009-11-04,4710.8,1087.3,185.9471215892665
2009-11-05,4765.55,1089.3,185.9638079235693
2009-11-06,4796.15,1095.7,185.9804957552535
2009-11-07,4796.15,1095.7,185.99718508445335
2009-11-08,4796.15,1095.7,186.0138759113034
2009-11-09,4898.4,1101.4,186.0305682359379
2009-11-10,4881.7,1102.5,186.0472620584913
2009-11-11,5003.95,1114.6,186.06395737909804
2009-11-12,4952.65,1106.6,186.08065419789253
2009-11-13,4998.95,1116.7,186.0973525150092
2009-11-14,4998.95,1116.7,186.11405233058255
2009-11-15,4998.95,1116.7,186.13075364474705
2009-11-16,5058.05,1139.2,186.14745645763716
2009-11-17,5062.25,1139.4,186.1641607693873
2009-11-18,5054.7,1141.2,186.1808665801321
2009-11-19,4989.0,1141.9,186.19757389000597
2009-11-20,5052.45,1146.8,186.21428269914344
2009-11-21,5052.45,1146.8,186.23099300767916
2009-11-22,5052.45,1146.8,186.24770481574757
2009-11-23,5103.55,1164.7,186.26441812348324
2009-11-24,5090.55,1165.8,186.2811329310208
2009-11-25,5108.15,1187.0,186.2978492384948
2009-11-26,5005.55,1175.5,186.3145670460399
2009-11-27,4941.75,1175.5,186.33128635379063
2009-11-28,4941.75,1175.5,186.3480071618817
2009-11-29,4941.75,1175.5,186.36472947044768
2009-11-30,5032.7,1182.3,186.3814532796232
2009-12-01,5122.0,1200.2,186.39817858954297
2009-12-02,5123.25,1213.0,186.41490540034164
2009-12-03,5131.7,1218.3,186.43184208826736
2009-12-04,5108.9,1169.5,186.4487803149724
2009-12-05,5108.9,1169.5,186.46572008059653
2009-12-06,5108.9,1169.5,186.4826613852796
2009-12-07,5066.7,1164.0,186.4996042291614
2009-12-08,5147.95,1143.4,186.51654861238185
2009-12-09,5112.0,1120.9,186.5334945350807
2009-12-10,5134.65,1126.2,186.55085901474456
2009-12-11,5117.3,1119.9,186.56822511087495
2009-12-12,5117.3,1119.9,186.5855928236224
2009-12-13,5117.3,1119.9,186.60296215313736
2009-12-14,5105.7,1123.8,186.6203330995704
2009-12-15,5033.05,1123.0,186.63770566307187
2009-12-16,5042.05,1136.2,186.6550798437925
2009-12-17,5041.75,1107.4,186.67391666534328
2009-12-18,4987.7,1111.5,186.69275538786485
2009-12-19,4987.7,1111.5,186.711596011549
2009-12-20,4987.7,1111.5,186.7304385365876
2009-12-21,4952.6,1096.0,186.74928296317253
2009-12-22,4985.85,1086.7,186.76812929149568
2009-12-23,5144.6,1094.0,186.78697752174895
2009-12-24,5178.4,1104.8,186.8062457499069
2009-12-25,5178.4,1104.8,186.82551596570136
2009-12-26,5178.4,1104.8,186.8447881693374
2009-12-27,5178.4,1104.8,186.86406236102
2009-12-28,5178.4,1107.9,186.88333854095436
2009-12-29,5187.95,1098.1,186.9026167093454
2009-12-30,5169.45,1092.5,186.9218968663984
2009-12-31,5201.05,1096.2,186.94076061453836
2010-01-01,5201.05,1096.2,186.9596262663664
2010-01-02,5201.05,1096.2,186.97849382207465
2010-01-03,5201.05,1096.2,186.9973632818553
2010-01-04,5232.2,1118.3,187.01623464590048
2010-01-05,5277.9,1118.7,187.03510791440235
2010-01-06,5281.8,1136.5,187.05398308755312
2010-01-07,5263.1,1133.7,187.07132273554703
2010-01-08,5244.75,1138.9,187.08866399090252
2010-01-09,5244.75,1138.9,187.10600685376863
2010-01-10,5244.75,1138.9,187.1233513242944
2010-01-11,5249.4,1151.4,187.14069740262883
2010-01-12,5210.4,1129.4,187.15804508892091
2010-01-13,5233.95,1136.8,187.17539438331983
2010-01-14,5259.9,1143.0,187.19491241807492
2010-01-15,5252.2,1130.5,187.21443248810652
2010-01-16,5252.2,1130.5,187.2339545936269
2010-01-17,5252.2,1130.5,187.25347873484824
2010-01-18,5274.85,1140.0,187.2730049119828
2010-01-19,5225.65,1140.0,187.29253312524293
2010-01-20,5221.7,1112.6,187.31206337484096
2010-01-21,5094.15,1103.2,187.3322253374324
2010-01-22,5036.0,1089.7,187.35238947022435
2010-01-23,5036.0,1089.7,187.3725557734504
2010-01-24,5036.0,1089.7,187.3927242473442
2010-01-25,5007.9,1095.7,187.41289489213935
2010-01-26,5007.9,1098.3,187.4330677080696
2010-01-27,4853.1,1084.5,187.45324269536852
2010-01-28,4867.25,1084.8,187.47383995496185
2010-01-29,4882.05,1083.8,187.4944394777707
2010-01-30,4882.05,1083.8,187.51504126404384
2010-01-31,4882.05,1083.8,187.53564531403
2010-02-01,4899.7,1105.0,187.55625162797784
2010-02-02,4830.1,1118.0,187.5768602061362
2010-02-03,4931.85,1112.0,187.59747104875385
2010-02-04,4845.35,1063.0,187.61850458000092
2010-02-05,4718.65,1052.8,187.63954046953916
2010-02-06,4757.25,1052.8,187.6605787176328
2010-02-07,4757.25,1052.8,187.68161932454632
2010-02-08,4760.4,1066.2,187.70266229054425
2010-02-09,4792.65,1077.2,187.72370761589107
2010-02-10,4757.2,1076.3,187.7447553008513
2010-02-11,4826.85,1094.7,187.76580534568947
2010-02-12,4826.85,1090.0,187.7868577506702
2010-02-13,4826.85,1090.0,187.8079125160581
2010-02-14,4826.85,1090.0,187.8289696421179
2010-02-15,4801.95,1119.8,187.85002912911415
2010-02-16,4855.75,1119.8,187.87109097731167
2010-02-17,4914.0,1120.1,187.89215518697512
2010-02-18,4887.75,1118.7,187.91343281531076
2010-02-19,4844.9,1122.1,187.93471285320655
2010-02-20,4844.9,1122.1,187.95599530093557
2010-02-21,4844.9,1122.1,187.97728015877053
2010-02-22,4856.4,1113.1,187.99856742698444
2010-02-23,4870.05,1103.2,188.01985710585024
2010-02-24,4858.6,1097.2,188.04114919564097
2010-02-25,4859.75,1108.5,188.0624436966296
2010-02-26,4922.3,1118.9,188.0837406090892
2010-02-27,4922.3,1118.9,188.1050399332929
2010-02-28,4922.3,1118.9,188.1263416695137
2010-03-01,4922.3,1118.3,188.14764581802484
2010-03-02,5017.0,1137.4,188.1689523790995
2010-03-03,5088.1,1143.3,188.1902613530108
2010-03-04,5080.25,1133.1,188.21199500804315
2010-03-05,5088.7,1135.2,188.2337311730447
2010-03-06,5088.7,1135.2,188.25546984830532
2010-03-07,5088.7,1135.2,188.27721103411497
2010-03-08,5124.0,1124.0,188.2989547307635
2010-03-09,5101.5,1122.3,188.3207009385409
2010-03-10,5116.25,1108.1,188.3424496577373
2010-03-11,5133.4,1108.2,188.36483506089084
2010-03-12,5137.0,1101.7,188.3872231246569
2010-03-13,5137.0,1101.7,188.4096138493517
2010-03-14,5137.0,1101.7,188.43200723529145
2010-03-15,5128.9,1105.4,188.4544032827925
2010-03-16,5198.1,1122.5,188.4768019921712
2010-03-17,5231.9,1124.2,188.49920336374385
2010-03-18,5245.9,1127.5,188.5220308754893
2010-03-19,5262.8,1107.6,188.54486115167765
2010-03-20,5262.8,1107.6,188.56769419264376
2010-03-21,5262.8,1107.6,188.5905299987224
2010-03-22,5205.2,1099.5,188.6133685702484
2010-03-23,5225.3,1103.7,188.63620990755675
2010-03-24,5225.3,1088.8,188.65905401098232
2010-03-25,5260.4,1092.9,188.6819008808601
2010-03-26,5282.0,1104.3,188.70475051752516
2010-03-27,5282.0,1104.3,188.72760292131244
2010-03-28,5282.0,1104.3,188.7504580925572
2010-03-29,5302.85,1110.3,188.77331603159445
2010-03-30,5262.45,1105.7,188.79617673875944
2010-03-31,5249.1,1114.5,188.81882814196973
2010-04-01,5290.5,1126.1,188.8414822628519
2010-04-02,5290.5,1126.1,188.8641391017321
2010-04-03,5290.5,1126.1,188.88679865893636
2010-04-04,5290.5,1126.1,188.9094609347908
2010-04-05,5368.4,1133.8,188.93212592962163
2010-04-06,5366.0,1136.0,188.9547936437551
2010-04-07,5374.65,1153.0,188.97746407751745
2010-04-08,5304.45,1152.9,188.9980170594119
2010-04-09,5361.75,1161.9,189.01857227662612
2010-04-10,5361.75,1161.9,189.0391297294033
2010-04-11,5361.75,1161.9,189.0596894179865
2010-04-12,5339.7,1162.2,189.0802513426189
2010-04-13,5322.95,1153.4,189.10081550354369
2010-04-14,5322.95,1159.6,189.12286621288467
2010-04-15,5273.6,1160.3,189.14491949351964
2010-04-16,5262.6,1136.9,189.1669753457484
2010-04-17,5262.6,1136.9,189.18903376987075
2010-04-18,5262.6,1136.9,189.21109476618668
2010-04-19,5203.65,1135.8,189.2331583349961
2010-04-20,5230.1,1139.2,189.255224476599
2010-04-21,5244.9,1148.8,189.2772931912954
2010-04-22,5269.35,1142.9,189.29893977225345
2010-04-23,5304.1,1153.7,189.32058882880935
2010-04-24,5304.1,1153.7,189.34224036124635
2010-04-25,5304.1,1153.7,189.36389436984743
2010-04-26,5322.45,1154.0,189.38555085489588
2010-04-27,5308.35,1162.2,189.4072098166749
2010-04-28,5215.45,1171.8,189.42887125546773
2010-04-29,5254.15,1168.8,189.45053517155765
2010-04-30,5278.0,1180.7,189.472201565228
2010-05-01,5278.0,1180.7,189.49387043676205
2010-05-02,5278.0,1180.7,189.5155417864433
2010-05-03,5222.75,1183.3,189.53721561455504
2010-05-04,5148.5,1169.2,189.5588919213808
2010-05-05,5124.9,1175.0,189.58057070720403
2010-05-06,5090.85,1197.3,189.60203953818927
2010-05-07,5018.05,1210.4,189.6235108003873
2010-05-08,5018.05,1210.4,189.64498449407336
2010-05-09,5018.05,1210.4,189.6664606195229
2010-05-10,5193.6,1200.8,189.6879391770112
2010-05-11,5136.15,1220.3,189.70942016681377
2010-05-12,5156.65,1243.1,189.73090358920604
2010-05-13,5178.9,1229.2,189.7526020470376
2010-05-14,5093.5,1227.8,189.7743029864
2010-05-15,5093.5,1227.8,189.79600640757684
2010-05-16,5093.5,1227.8,189.81771231085213
2010-05-17,5059.9,1228.1,189.83942069650965
2010-05-18,5066.2,1214.6,189.86113156483333
2010-05-19,4919.65,1193.1,189.88284491610708
2010-05-20,4947.6,1188.6,189.9047740436735
2010-05-21,4931.15,1176.1,189.92670570378385
2010-05-22,4931.15,1176.1,189.94863989673047
2010-05-23,4931.15,1176.1,189.970576622806
2010-05-24,4943.95,1194.0,189.9925158823029
2010-05-25,4806.75,1198.0,190.01445767551385
2010-05-26,4917.4,1213.4,190.0364020027313
2010-05-27,5003.1,1214.4,190.06262234037865
2010-05-28,5066.55,1215.0,190.088846295786
2010-05-29,5066.55,1215.0,190.11507386945252
2010-05-30,5066.55,1215.0,190.1413050618776
2010-05-31,5086.3,1226.9,190.1675398735604
2010-06-01,4970.2,1226.9,190.19377830500028
2010-06-02,5019.85,1222.6,190.22002035669675
2010-06-03,5110.5,1210.0,190.24712332211777
2010-06-04,5135.5,1217.7,190.2742301492287
2010-06-05,5135.5,1217.7,190.3013408385798
2010-06-06,5135.5,1217.7,190.3284553907213
2010-06-07,5034.0,1240.8,190.35557380620364
2010-06-08,4987.1,1245.6,190.38269608557724
2010-06-09,5000.3,1229.9,190.40982222939263
2010-06-10,5078.6,1222.2,190.4371671665478
2010-06-11,5119.35,1230.2,190.4645160307356
2010-06-12,5119.35,1230.2,190.49186882252
2010-06-13,5119.35,1230.2,190.519225542465
2010-06-14,5197.7,1224.5,190.5465861911348
2010-06-15,5222.35,1234.4,190.57395076909364
2010-06-16,5233.35,1230.5,190.6013192769057
2010-06-17,5274.85,1248.7,190.62933662644863
2010-06-18,5262.6,1258.3,190.6573580943884
2010-06-19,5262.6,1258.3,190.6853836813304
2010-06-20,5262.6,1258.3,190.7134133878801
2010-06-21,5353.3,1240.7,190.74144721464316
2010-06-22,5316.55,1240.8,190.76948516222507
2010-06-23,5323.15,1234.8,190.79752723123167
2010-06-24,5320.6,1245.9,190.82557342226875
2010-06-25,5269.05,1256.2,190.85362373594225
2010-06-26,5269.05,1256.2,190.8816781728581
2010-06-27,5269.05,1256.2,190.9097367336225
2010-06-28,5333.5,1238.6,190.9377994188416
2010-06-29,5256.15,1242.4,190.96586622912164
2010-06-30,5312.5,1245.9,190.993937165069
2010-07-01,5251.4,1206.7,191.0215815752072
2010-07-02,5237.1,1207.7,191.0492299865897
2010-07-03,5237.1,1207.7,191.07688239979572
2010-07-04,5237.1,1207.7,191.10453881540448
2010-07-05,5235.9,1195.1,191.13219923399524
2010-07-06,5289.05,1195.1,191.1598636561474
2010-07-07,5241.1,1198.9,191.18753208244044
2010-07-08,5296.85,1196.1,191.21563403064928
2010-07-09,5352.45,1209.8,191.24374010945957
2010-07-10,5352.45,1209.8,191.2718503194784
2010-07-11,5352.45,1209.8,191.299964661313
2010-07-12,5383.0,1198.7,191.32808313557075
2010-07-13,5400.65,1213.5,191.35620574285903
2010-07-14,5386.15,1207.0,191.38433248378536
2010-07-15,5378.75,1208.3,191.4126783386184
2010-07-16,5393.9,1188.2,191.4410283917444
2010-07-17,5393.9,1188.2,191.46938264378505
2010-07-18,5393.9,1188.2,191.4977410953624
2010-07-19,5386.45,1181.9,191.52610374709823
2010-07-20,5368.0,1191.7,191.5544705996149
2010-07-21,5399.35,1191.8,191.58284165353436
2010-07-22,5441.95,1195.6,191.6129490283213
2010-07-23,5449.1,1187.8,191.6430611345029
2010-07-24,5449.1,1187.8,191.6731779728226
2010-07-25,5449.1,1187.8,191.70329954402405
2010-07-26,5418.6,1183.1,191.73342584885103
2010-07-27,5430.6,1158.0,191.76355688804745
2010-07-28,5397.55,1160.4,191.79369266235733
2010-07-29,5408.9,1171.2,191.8238331725248
2010-07-30,5367.6,1183.9,191.85397841929407
2010-07-31,5367.6,1183.9,191.8841284034095
2010-08-01,5367.6,1183.9,191.9142831256156
2010-08-02,5431.65,1185.4,191.94444258665692
2010-08-03,5439.55,1187.5,191.97460678727825
2010-08-04,5467.85,1195.9,192.00477572822436
2010-08-05,5447.1,1199.3,192.03625451667463
2010-08-06,5439.25,1205.3,192.06773846600765
2010-08-07,5439.25,1205.3,192.0992275770694
2010-08-08,5439.25,1205.3,192.13072185070624
2010-08-09,5486.15,1202.6,192.1622212877645
2010-08-10,5460.7,1198.0,192.1937258890908
2010-08-11,5420.6,1199.2,192.22523565553172
2010-08-12,5416.45,1216.7,192.25762165790613
2010-08-13,5452.1,1216.6,192.29001311665644
2010-08-14,5452.1,1216.6,192.32241003270195
2010-08-15,5452.1,1216.6,192.3548124069621
2010-08-16,5418.3,1226.2,192.38722024035656
2010-08-17,5414.15,1228.3,192.41963353380504
2010-08-18,5479.15,1231.4,192.4520522882274
2010-08-19,5540.2,1235.4,192.48513031425568
2010-08-20,5530.65,1228.8,192.51821402562624
2010-08-21,5530.65,1228.8,192.55130342331643
2010-08-22,5530.65,1228.8,192.58439850830348
2010-08-23,5543.5,1228.5,192.61749928156493
2010-08-24,5505.1,1233.4,192.6506057440785
2010-08-25,5462.35,1241.3,192.68371789682192
2010-08-26,5477.9,1237.7,192.71639916697964
2010-08-27,5408.7,1237.9,192.74908598023893
2010-08-28,5408.7,1237.9,192.78177833753995
2010-08-29,5408.7,1237.9,192.81447623982305
2010-08-30,5415.45,1239.2,192.8471796880287
2010-08-31,5402.4,1250.3,192.8798886830976
2010-09-01,5471.85,1248.1,192.91260322597043
2010-09-02,5486.15,1253.4,192.94466794326505
2010-09-03,5479.4,1251.1,192.97673799015485
2010-09-04,5479.4,1251.1,193.0088133675258
2010-09-05,5479.4,1251.1,193.04089407626384
2010-09-06,5576.95,1259.3,193.0729801172552
2010-09-07,5604.0,1259.3,193.105071491386
2010-09-08,5607.85,1257.5,193.13716819954288
2010-09-09,5640.05,1250.9,193.16905117744065
2010-09-10,5640.05,1246.5,193.2009394185629
2010-09-11,5640.05,1246.5,193.23283292377857
2010-09-12,5640.05,1246.5,193.2647316939566
2010-09-13,5760.0,1247.1,193.2966357299661
2010-09-14,5795.55,1271.7,193.3285450326765
2010-09-15,5860.95,1268.7,193.36045960295695
2010-09-16,5828.7,1273.8,193.39303686724
2010-09-17,5884.95,1277.5,193.4256196201226
2010-09-18,5884.95,1277.5,193.4582078625296
2010-09-19,5884.95,1277.5,193.4908015953858
2010-09-20,5980.45,1280.8,193.52340081961623
2010-09-21,6009.05,1274.3,193.55600553614613
2010-09-22,5991.0,1292.1,193.5886157459008
2010-09-23,5959.55,1296.3,193.6214504966504
2010-09-24,6018.3,1298.1,193.65429081653355
2010-09-25,6018.3,1298.1,193.68713670649487
2010-09-26,6018.3,1298.1,193.71998816747907
2010-09-27,6035.65,1298.6,193.75284520043107
2010-09-28,6029.5,1308.3,193.78570780629596
2010-09-29,5991.3,1310.3,193.81857598601889
2010-09-30,6029.95,1309.6,193.85188888564764
2010-10-01,6143.4,1317.8,193.88520751098804
2010-10-02,6143.4,1317.8,193.91853186302424
2010-10-03,6143.4,1317.8,193.9518619427405
2010-10-04,6159.45,1316.8,193.9851977511213
2010-10-05,6145.8,1340.3,194.0185392891512
2010-10-06,6186.45,1347.7,194.05188655781507
2010-10-07,6120.3,1335.0,194.08589986616116
2010-10-08,6103.45,1345.3,194.11991913634125
2010-10-09,6103.45,1345.3,194.1539443694004
2010-10-10,6103.45,1345.3,194.18797556638376
2010-10-11,6135.85,1354.4,194.2220127283367
2010-10-12,6090.9,1346.7,194.25605585630467
2010-10-13,6233.9,1370.5,194.2901049513335
2010-10-14,6177.35,1377.6,194.32504203831533
2010-10-15,6062.65,1372.0,194.35998540765544
2010-10-16,6062.65,1372.0,194.3949350604835
2010-10-17,6062.65,1372.0,194.42989099792945
2010-10-18,6075.95,1372.1,194.4648532211233
2010-10-19,6027.3,1336.0,194.49982173119537
2010-10-20,5982.1,1344.2,194.5347965292762
2010-10-21,6101.5,1325.6,194.57088193457437
2010-10-22,6066.05,1325.1,194.60697403356687
2010-10-23,6066.05,1325.1,194.64307282749544
2010-10-24,6066.05,1325.1,194.6791783176019
2010-10-25,6105.8,1338.9,194.7152905051284
2010-10-26,6082.0,1338.6,194.7514093913173
2010-10-27,6012.65,1322.6,194.7875349774112
2010-10-28,5987.7,1342.5,194.82411020617064
2010-10-29,6017.7,1357.6,194.86069230265585
2010-10-30,6017.7,1357.6,194.89728126815623
2010-10-31,6017.7,1357.6,194.9338771039617
2010-11-01,6117.55,1350.6,194.97047981136225
2010-11-02,6119.0,1356.9,195.00708939164812
2010-11-03,6160.5,1337.6,195.04370584610996
2010-11-04,6281.8,1383.1,195.0798856519949
2010-11-05,6312.45,1397.7,195.1160721690852
2010-11-06,6312.45,1397.7,195.15226539862573
2010-11-07,6312.45,1397.7,195.1884653418616
2010-11-08,6273.2,1403.2,195.2246720000381
2010-11-09,6301.55,1410.1,195.260885374401
2010-11-10,6275.7,1399.3,195.297105466196
2010-11-11,6194.25,1403.3,195.33377637693636
2010-11-12,6071.65,1365.5,195.37045417336856
2010-11-13,6071.65,1365.5,195.40713885678565
2010-11-14,6071.65,1365.5,195.44383042848068
2010-11-15,6121.6,1368.5,195.48052888974712
2010-11-16,5988.7,1338.4,195.5172342418786
2010-11-17,5988.7,1336.9,195.55372418575203
2010-11-18,5998.8,1353.0,195.59022093984865
2010-11-19,5890.3,1352.3,195.62672450543943
2010-11-20,5890.3,1352.3,195.66323488379567
2010-11-21,5890.3,1352.3,195.69975207618893
2010-11-22,6010.0,1357.8,195.7362760838908
2010-11-23,5934.75,1377.6,195.7728069081733
2010-11-24,5865.75,1373.0,195.80934455030865
2010-11-25,5799.75,1362.4,195.84611164411163
2010-11-26,5751.95,1362.4,195.8828856416668
2010-11-27,5751.95,1362.4,195.91966654427048
2010-11-28,5751.95,1362.4,195.9564543532192
2010-11-29,5830.0,1367.5,195.9932490698097
2010-11-30,5862.7,1386.1,196.0300506953392
2010-12-01,5960.9,1388.3,196.0668592311048
2010-12-02,6011.7,1389.3,196.10412052907037
2010-12-03,5992.8,1406.2,196.14138890831583
2010-12-04,5992.8,1406.2,196.17866437018716
2010-12-05,5992.8,1406.2,196.21594691603013
2010-12-06,5992.25,1416.1,196.2532365471912
2010-12-07,5976.55,1409.0,196.29053326501676
2010-12-08,5903.7,1383.2,196.3278370708536
2010-12-09,5766.5,1392.8,196.3667121341316
2010-12-10,5857.35,1384.9,196.4055948950981
2010-12-11,5857.35,1384.9,196.44448535527744
2010-12-12,5857.35,1384.9,196.48338351619407
2010-12-13,5907.65,1398.0,196.52228937937284
2010-12-14,5944.1,1404.3,196.56120294633888
2010-12-15,5892.3,1386.2,196.60012421861765
2010-12-16,5948.75,1371.0,196.63882912745632
2010-12-17,5948.75,1379.2,196.6775416561781
2010-12-18,5948.75,1379.2,196.71626180628317
2010-12-19,5948.75,1379.2,196.75498957927184
2010-12-20,5947.05,1386.1,196.793724976645
2010-12-21,6000.65,1388.8,196.8324679999036
2010-12-22,5984.4,1387.4,196.8712186505489
2010-12-23,5980.0,1380.5,196.9099769300826
2010-12-24,6011.6,1380.5,196.94874284000656
2010-12-25,6011.6,1380.5,196.987516381823
2010-12-26,6011.6,1380.5,197.02629755703444
2010-12-27,5998.1,1382.9,197.06508636714364
2010-12-28,5996.0,1405.6,197.1038828136537
2010-12-29,6060.35,1413.5,197.14268689806804
2010-12-30,6101.85,1405.9,197.1814986218903
2010-12-31,6134.5,1421.4,197.2203179866245
2011-01-01,6134.5,1421.4,197.2591449937749
2011-01-02,6134.5,1421.4,197.29797964484604
2011-01-03,6157.6,1422.9,197.33682194134283
2011-01-04,6146.35,1378.8,197.3756718847704
2011-01-05,6079.8,1373.7,197.41452947663424
2011-01-06,6048.25,1371.7,197.45294526234696
2011-01-07,5904.6,1368.9,197.49136852356105
2011-01-08,5904.6,1368.9,197.52979926173128
2011-01-09,5904.6,1368.9,197.5682374783125
2011-01-10,5762.85,1374.1,197.6066831747601
2011-01-11,5754.1,1384.3,197.6451363525296
2011-01-12,5863.25,1385.8,197.6835970130767
2011-01-13,5751.9,1387.0,197.7222904629984
2011-01-14,5654.55,1360.5,197.76099148655328
2011-01-15,5654.55,1360.5,197.7997000852239
2011-01-16,5654.55,1360.5,197.8384162604929
2011-01-17,5654.75,1368.2,197.87714001384327
2011-01-18,5724.05,1368.2,197.9158713467584
2011-01-19,5691.05,1370.2,197.9546102607217
2011-01-20,5711.6,1346.5,197.9935818288974
2011-01-21,5696.5,1341.0,198.03256106945372
2011-01-22,5696.5,1341.0,198.07154798390124
2011-01-23,5696.5,1341.0,198.11054257375065
2011-01-24,5743.25,1344.5,198.14954484051304
2011-01-25,5687.4,1332.3,198.18855478569975
2011-01-26,5687.4,1333.0,198.22779829147672
2011-01-27,5604.3,1318.4,198.26704956789783
2011-01-28,5512.15,1341.7,198.3063086165019
2011-01-29,5512.15,1341.7,198.34557543882775
2011-01-30,5512.15,1341.7,198.3848500364148
2011-01-31,5505.9,1334.5,198.42413241080257
2011-02-01,5417.2,1340.3,198.46342256353097
2011-02-02,5432.0,1332.1,198.50272049614017
2011-02-03,5526.75,1353.0,198.54179997145368
2011-02-04,5395.75,1349.0,198.5808871403916
2011-02-05,5395.75,1349.0,198.6199820044687
2011-02-06,5395.75,1349.0,198.6590845651999
2011-02-07,5396.0,1348.2,198.69819482410043
2011-02-08,5312.55,1364.1,198.73731278268585
2011-02-09,5253.55,1365.5,198.776438442472
2011-02-10,5225.8,1362.5,198.81534579888745
2011-02-11,5310.0,1360.4,198.85426077080496
2011-02-12,5310.0,1360.4,198.89318335971524
2011-02-13,5310.0,1360.4,198.9321135671091
2011-02-14,5456.0,1365.1,198.97105139447777
2011-02-15,5481.0,1374.1,199.0099968433128
2011-02-16,5481.7,1375.1,199.04894991510585
2011-02-17,5546.45,1385.1,199.08791061134903
2011-02-18,5458.95,1388.6,199.1268789335348
2011-02-19,5458.95,1388.6,199.16585488315576
2011-02-20,5458.95,1388.6,199.20483846170484
2011-02-21,5518.6,1401.1,199.2438296706753
2011-02-22,5469.2,1401.1,199.28282851156067
2011-02-23,5437.35,1414.0,199.3218349858548
2011-02-24,5262.7,1415.8,199.3608490950517
2011-02-25,5303.55,1409.3,199.39987084064597
2011-02-26,5303.55,1409.3,199.4389002241321
2011-02-27,5303.55,1409.3,199.4779372470053
2011-02-28,5333.25,1409.9,199.51698191076076
2011-03-01,5522.3,1431.2,199.556034216894
2011-03-02,5522.3,1437.7,199.595094166901
2011-03-03,5536.2,1416.4,199.63416176227787
2011-03-04,5538.75,1428.6,199.6732370045211
2011-03-05,5538.75,1428.6,199.71231989512745
2011-03-06,5538.75,1428.6,199.7514104355939
2011-03-07,5463.15,1434.5,199.79050862741784
2011-03-08,5520.8,1427.2,199.82961447209692
2011-03-09,5531.0,1429.6,199.86872797112903
2011-03-10,5494.4,1412.5,199.90784912601245
2011-03-11,5445.45,1421.8,199.9469779382456
2011-03-12,5445.45,1421.8,199.98611440932737
2011-03-13,5445.45,1421.8,200.0252585407568
2011-03-14,5531.5,1424.9,200.06441033403328
2011-03-15,5449.65,1392.8,200.1035697906565
2011-03-16,5511.15,1396.1,200.1427369121265
2011-03-17,5446.65,1404.2,200.1823673673802
2011-03-18,5373.7,1416.1,200.22200566989832
2011-03-19,5373.7,1416.1,200.26165182123472
2011-03-20,5373.7,1416.1,200.3013058229436
2011-03-21,5364.75,1426.4,200.3409676765793
2011-03-22,5413.85,1427.6,200.38063738369672
2011-03-23,5480.25,1438.0,200.4203149458509
2011-03-24,5522.4,1434.9,200.46045666399917
2011-03-25,5654.25,1426.2,200.50060642203863
2011-03-26,5654.25,1426.2,200.54076422157968
2011-03-27,5654.25,1426.2,200.5809300642329
2011-03-28,5687.25,1419.9,200.62110395160917
2011-03-29,5736.35,1416.2,200.66128588531976
2011-03-30,5787.65,1424.9,200.7014758669763
2011-03-31,5833.75,1439.9,200.74167389819067
2011-04-01,5826.05,1428.9,200.78187998057516
2011-04-02,5826.05,1428.9,200.82209411574215
2011-04-03,5826.05,1428.9,200.86231630530472
2011-04-04,5908.45,1433.0,200.90254655087597
2011-04-05,5910.05,1452.5,200.94278485406932
2011-04-06,5891.75,1458.5,200.9830312164988
2011-04-07,5885.7,1459.3,201.0223704786884
2011-04-08,5842.0,1474.1,201.0617174409188
2011-04-09,5842.0,1474.1,201.1010721046972
2011-04-10,5842.0,1474.1,201.1404344715311
2011-04-11,5785.7,1468.1,201.17980454292825
2011-04-12,5785.7,1453.6,201.21918232039656
2011-04-13,5911.5,1455.6,201.25856780544456
2011-04-14,5911.5,1472.4,201.29818982781543
2011-04-15,5824.55,1486.0,201.33781965062272
2011-04-16,5824.55,1486.0,201.3774572754021
2011-04-17,5824.55,1486.0,201.4171027036895
2011-04-18,5729.1,1492.9,201.45675593702123
2011-04-19,5740.75,1495.1,201.49641697693392
2011-04-20,5851.65,1498.9,201.53608582496443
2011-04-21,5884.7,1503.8,201.57714010603112
2011-04-22,5884.7,1503.8,201.61820275013605
2011-04-23,5884.7,1503.8,201.65927375898283
2011-04-24,5884.7,1503.8,201.70035313427545
2011-04-25,5874.5,1509.1,201.74144087771816
2011-04-26,5868.4,1503.5,201.78253699101563
2011-04-27,5833.9,1517.1,201.82364147587288
2011-04-28,5785.45,1531.2,201.865214934251
2011-04-29,5749.5,1556.4,201.90679695630595
2011-04-30,5749.5,1556.4,201.9483875438017
2011-05-01,5749.5,1556.4,201.98998669850272
2011-05-02,5701.3,1557.1,202.03159442217373
2011-05-03,5565.25,1540.4,202.07321071657984
2011-05-04,5537.15,1515.3,202.11483558348647
2011-05-05,5459.85,1481.4,202.158545546943
2011-05-06,5551.45,1491.6,202.2022649632479
2011-05-07,5551.45,1491.6,202.24599383444556
2011-05-08,5551.45,1491.6,202.28973216258063
2011-05-09,5551.1,1503.2,202.3334799496984
2011-05-10,5541.25,1516.9,202.37723719784444
2011-05-11,5565.05,1501.4,202.42100390906484
2011-05-12,5486.15,1506.8,202.46570512166508
2011-05-13,5544.75,1493.6,202.5104162057627
2011-05-14,5544.75,1493.6,202.55513716353764
2011-05-15,5544.75,1493.6,202.59986799717032
2011-05-16,5499.0,1490.6,202.64460870884167
2011-05-17,5438.95,1480.0,202.6893593007331
2011-05-18,5420.6,1495.8,202.73411977502644
2011-05-19,5428.1,1492.4,202.77912230612893
2011-05-20,5486.35,1508.9,202.82413482680693
2011-05-21,5486.35,1508.9,202.869157339278
2011-05-22,5486.35,1508.9,202.91418984576
2011-05-23,5386.55,1515.4,202.95923234847143
2011-05-24,5394.85,1523.3,203.0042848496313
2011-05-25,5348.95,1526.7,203.0493473514589
2011-05-26,5412.35,1522.8,203.09465183309987
2011-05-27,5476.1,1537.3,203.13996642310164
2011-05-28,5476.1,1537.3,203.18529112371957
2011-05-29,5476.1,1537.3,203.23062593720948
2011-05-30,5473.1,1536.8,203.27597086582784
2011-05-31,5560.15,1536.8,203.32132591183156
2011-06-01,5592.0,1543.2,203.36669107747795
2011-06-02,5550.35,1532.7,203.41229926167392
2011-06-03,5516.75,1542.4,203.4579176742237
2011-06-04,5516.75,1542.4,203.50354631742107
2011-06-05,5516.75,1542.4,203.54918519356053
2011-06-06,5532.05,1547.2,203.5948343049369
2011-06-07,5556.15,1544.0,203.64049365384568
2011-06-08,5526.85,1538.7,203.68616324258272
2011-06-09,5521.05,1542.7,203.73207633595476
2011-06-10,5485.8,1529.2,203.77799977864117
2011-06-11,5485.8,1529.2,203.8239335729748
2011-06-12,5485.8,1529.2,203.86987772128916
2011-06-13,5482.8,1515.6,203.915832225918
2011-06-14,5500.5,1524.4,203.96179708919576
2011-06-15,5447.5,1526.2,204.00777231345745
2011-06-16,5396.75,1529.9,204.0539909729318
2011-06-17,5366.4,1539.1,204.10022010340177
2011-06-18,5366.4,1539.1,204.14645970723956
2011-06-19,5366.4,1539.1,204.19270978681791
2011-06-20,5257.9,1542.0,204.23897034451025
2011-06-21,5275.85,1546.4,204.2852413826903
2011-06-22,5278.3,1553.4,204.3315229037325
2011-06-23,5320.0,1520.5,204.37734746666493
2011-06-24,5471.25,1500.9,204.42318230647743
2011-06-25,5471.25,1500.9,204.46902742547488
2011-06-26,5471.25,1500.9,204.51488282596245
2011-06-27,5526.6,1496.4,204.560748510246
2011-06-28,5545.3,1500.2,204.6066244806317
2011-06-29,5600.45,1510.4,204.6525107394265
2011-06-30,5647.4,1502.8,204.6984072889377
2011-07-01,5627.2,1482.6,204.7443141314732
2011-07-02,5627.2,1482.6,204.7902312693413
2011-07-03,5627.2,1482.6,204.83615870485087
2011-07-04,5650.5,1512.7,204.8820964403114
2011-07-05,5632.1,1512.7,204.9280444780328
2011-07-06,5625.45,1529.2,204.9740028203255
2011-07-07,5728.95,1530.6,205.0199714695005
2011-07-08,5660.65,1541.6,205.06595042786915
2011-07-09,5660.65,1541.6,205.1119396977436
2011-07-10,5660.65,1541.6,205.15793928143628
2011-07-11,5616.1,1549.2,205.20394918126027
2011-07-12,5526.15,1562.3,205.2499693995291
2011-07-13,5585.45,1585.5,205.2959999385569
2011-07-14,5599.8,1589.3,205.34180569455413
2011-07-15,5581.1,1590.1,205.3876216707568
2011-07-16,5581.1,1590.1,205.43344786944516
2011-07-17,5581.1,1590.1,205.47928429290005
2011-07-18,5567.05,1602.4,205.52513094340287
2011-07-19,5613.55,1601.1,205.5709878232355
2011-07-20,5567.05,1596.9,205.61685493468028
2011-07-21,5541.6,1587.0,205.66249736980495
2011-07-22,5633.95,1601.5,205.7081499365499
2011-07-23,5633.95,1601.5,205.753812637164
2011-07-24,5633.95,1601.5,205.7994854738968
2011-07-25,5680.3,1612.2,205.84516844899835
2011-07-26,5574.85,1616.8,205.8908615647191
2011-07-27,5546.8,1615.1,205.93656482331005
2011-07-28,5487.75,1616.2,205.9839279763804
2011-07-29,5482.0,1631.2,206.03130202245683
2011-07-30,5482.0,1631.2,206.07868696404472
2011-07-31,5482.0,1631.2,206.1260828036499
2011-08-01,5516.8,1621.7,206.1734895437788
2011-08-02,5456.55,1644.5,206.22090718693835
2011-08-03,5404.8,1666.3,206.2683357356362
2011-08-04,5331.8,1659.0,206.3157751923805
2011-08-05,5211.25,1651.8,206.36322555968
2011-08-06,5211.25,1651.8,206.4106868400439
2011-08-07,5211.25,1651.8,206.4581590359822
2011-08-08,5118.5,1713.2,206.5056421500053
2011-08-09,5072.85,1743.0,206.5531361846243
2011-08-10,5161.0,1784.3,206.60064114235075
2011-08-11,5138.3,1751.5,206.6476838253243
2011-08-12,5072.95,1742.6,206.69473721985236
2011-08-13,5072.95,1742.6,206.74180132837384
2011-08-14,5072.95,1742.6,206.7888761533284
2011-08-15,5072.95,1758.0,206.83596169715608
2011-08-16,5035.8,1785.0,206.8830579622976
2011-08-17,5056.6,1793.8,206.9301649511942
2011-08-18,4944.15,1822.0,206.9775196438464
2011-08-19,4845.65,1852.2,207.024885173328
2011-08-20,4845.65,1852.2,207.07226154211912
2011-08-21,4845.65,1852.2,207.1196487527002
2011-08-22,4898.8,1891.9,207.16704680755228
2011-08-23,4948.9,1861.3,207.21445570915705
2011-08-24,4888.9,1757.3,207.2618754599967
2011-08-25,4839.6,1763.2,207.309306062554
2011-08-26,4747.8,1797.3,207.35674751931236
2011-08-27,4747.8,1797.3,207.4041998327556
2011-08-28,4747.8,1797.3,207.45166300536823
2011-08-29,4919.6,1791.6,207.4991370396354
2011-08-30,5001.0,1829.8,207.54662193804265
2011-08-31,5001.0,1831.7,207.5943553866049
2011-09-01,5001.0,1829.1,207.6420998133372
2011-09-02,5040.0,1876.9,207.6898552207644
2011-09-03,5040.0,1876.9,207.737621611412
2011-09-04,5040.0,1876.9,207.78539898780596
2011-09-05,5017.2,1873.3,207.8331873524729
2011-09-06,5064.3,1873.3,207.88098670794
2011-09-07,5124.65,1817.6,207.92879705673505
2011-09-08,5153.25,1857.5,207.97661840138636
2011-09-09,5059.45,1859.5,208.02445074442284
2011-09-10,5059.45,1859.5,208.0722940883741
2011-09-11,5059.45,1859.5,208.1201484357701
2011-09-12,4946.8,1813.3,208.1680137891416
2011-09-13,4940.95,1830.1,208.2158901510198
2011-09-14,5012.55,1826.5,208.26377752393657
2011-09-15,5075.7,1781.4,208.31167591042436
2011-09-16,5084.25,1814.7,208.35958531301603
2011-09-17,5084.25,1814.7,208.40750573424532
2011-09-18,5084.25,1814.7,208.4554371766464
2011-09-19,5031.95,1778.9,208.50337964275383
2011-09-20,5140.2,1809.1,208.5513331351032
2011-09-21,5133.25,1808.1,208.5992976562302
2011-09-22,4923.65,1741.7,208.6475120977301
2011-09-23,4867.75,1639.8,208.6957376832386
2011-09-24,4867.75,1639.8,208.74397441533148
2011-09-25,4867.75,1639.8,208.7922222965851
2011-09-26,4835.4,1594.8,208.8404813295764
2011-09-27,4971.25,1652.5,208.88875151688293
2011-09-28,4945.9,1618.1,208.93703286108283
2011-09-29,5015.45,1617.3,208.98532536475489
2011-09-30,4943.25,1622.3,209.03362903047832
2011-10-01,4943.25,1622.3,209.0819438608332
2011-10-02,4943.25,1622.3,209.13026985839997
2011-10-03,4849.5,1657.7,209.17860702575976
2011-10-04,4772.15,1616.0,209.22695536549432
2011-10-05,4751.3,1641.6,209.275314880186
2011-10-06,4751.3,1653.2,209.3236855724176
2011-10-07,4888.05,1635.8,209.37206744477277
2011-10-08,4888.05,1635.8,209.42046049983549
2011-10-09,4888.05,1635.8,209.46886474019053
2011-10-10,4979.6,1670.8,209.51728016842327
2011-10-11,4974.35,1661.0,209.5657067871195
2011-10-12,5099.4,1682.6,209.61414459886572
2011-10-13,5077.85,1668.5,209.66283365751613
2011-10-14,5132.3,1683.0,209.7115340256344
2011-10-15,5132.3,1683.0,209.7602457058474
2011-10-16,5132.3,1683.0,209.80896870078288
2011-10-17,5118.25,1676.6,209.85770301306889
2011-10-18,5037.5,1652.8,209.90644864533425
2011-10-19,5139.15,1647.0,209.95520560020836
2011-10-20,5091.9,1612.9,210.00493679816825
2011-10-21,5049.95,1636.1,210.05467977574585
2011-10-22,5049.95,1636.1,210.1044345357313
2011-10-23,5049.95,1636.1,210.15420108091544
2011-10-24,5098.35,1652.3,210.20397941408984
2011-10-25,5191.6,1700.4,210.25376953804655
2011-10-26,5201.8,1723.5,210.30357145557855
2011-10-27,5201.8,1747.7,210.35338516947928
2011-10-28,5360.7,1747.2,210.4032106825429
2011-10-29,5360.7,1747.2,210.4530479975641
2011-10-30,5360.7,1747.2,210.5028971173386
2011-10-31,5326.6,1725.2,210.5527580446624
2011-11-01,5257.95,1711.8,210.60263078233223
2011-11-02,5258.45,1729.6,210.6525153331457
2011-11-03,5265.75,1765.1,210.7024116999009
2011-11-04,5284.2,1756.1,210.7523198853966
2011-11-05,5284.2,1756.1,210.80223989243223
2011-11-06,5284.2,1756.1,210.85217172380797
2011-11-07,5284.2,1791.1,210.90211538232447
2011-11-08,5289.35,1799.2,210.95207087078344
2011-11-09,5221.05,1791.6,211.0020381919867
2011-11-10,5221.05,1759.6,211.05322786453985
2011-11-11,5168.85,1788.1,211.1044299558478
2011-11-12,5168.85,1788.1,211.15564446892336
2011-11-13,5168.85,1788.1,211.20687140678012
2011-11-14,5148.35,1778.4,211.2581107724324
2011-11-15,5068.5,1782.2,211.30936256889512
2011-11-16,5030.45,1774.3,211.3606267991841
2011-11-17,4934.75,1720.2,211.412146096734
2011-11-18,4905.8,1725.1,211.4636779521479
2011-11-19,4905.8,1725.1,211.5152223684869
2011-11-20,4905.8,1725.1,211.56677934881264
2011-11-21,4778.35,1678.6,211.61834889618763
2011-11-22,4812.35,1702.4,211.6699310136752
2011-11-23,4706.45,1695.9,211.7215257043392
2011-11-24,4756.45,1685.7,211.772889926534
2011-11-25,4710.05,1685.7,211.8242666098299
2011-11-26,4710.05,1685.7,211.8756557572499
2011-11-27,4710.05,1685.7,211.92705737181785
2011-11-28,4851.3,1710.8,211.97847145655828
2011-11-29,4805.1,1718.9,212.02989801449655
2011-11-30,4832.05,1750.3,212.08133704865872
2011-12-01,4936.85,1739.8,212.13254510431747
2011-12-02,5050.15,1751.3,212.1837655244068
2011-12-03,5050.15,1751.3,212.23499831191208
2011-12-04,5050.15,1751.3,212.2862434698196
2011-12-05,5039.15,1734.5,212.33750100111607
2011-12-06,5039.15,1731.8,212.38877090878935
2011-12-07,5062.6,1744.8,212.4400531958277
2011-12-08,4943.65,1713.4,212.4901296815725
2011-12-09,4866.7,1716.8,212.540217971374
2011-12-10,4866.7,1716.8,212.59031806801465
2011-12-11,4866.7,1716.8,212.64042997427748
2011-12-12,4764.6,1668.2,212.69055369294637
2011-12-13,4800.6,1663.1,212.7406892268056
2011-12-14,4763.25,1586.9,212.7908365786404
2011-12-15,4746.35,1577.2,212.8402635175632
2011-12-16,4651.6,1597.9,212.88970193734824
2011-12-17,4651.6,1597.9,212.9391518406624
2011-12-18,4651.6,1597.9,212.98861323017297
2011-12-19,4613.1,1596.7,213.038086108548
2011-12-20,4544.2,1617.6,213.0875704784561
2011-12-21,4693.15,1613.6,213.13706634256653
2011-12-22,4733.85,1610.6,213.18608553207665
2011-12-23,4714.0,1606.0,213.2351159954632
2011-12-24,4714.0,1606.0,213.28415773531893
2011-12-25,4714.0,1606.0,213.33321075423743
2011-12-26,4779.0,1606.0,213.3822750548127
2011-12-27,4750.5,1595.5,213.43135063963945
2011-12-28,4705.8,1564.1,213.48043751131289
2011-12-29,4646.25,1540.9,213.5300246303624
2011-12-30,4624.3,1566.8,213.57962326748083
2011-12-31,4624.3,1566.8,213.62923342534347
2012-01-01,4624.3,1566.8,213.6788551066264
2012-01-02,4636.75,1566.8,213.72848831400628
2012-01-03,4765.3,1600.5,213.7781330501604
2012-01-04,4749.65,1612.7,213.82778931776656
2012-01-05,4749.95,1620.1,213.8777025820889
2012-01-06,4754.1,1616.8,213.92762749753464
2012-01-07,4746.9,1616.8,213.97756406682345
2012-01-08,4746.9,1616.8,214.02751229267565
2012-01-09,4742.8,1608.1,214.0774721778122
2012-01-10,4849.55,1631.5,214.1274437249547
2012-01-11,4860.95,1639.6,214.17742693682536
2012-01-12,4831.25,1647.7,214.2276670933101
2012-01-13,4866.0,1630.8,214.277919034759
2012-01-14,4866.0,1630.8,214.32818276393664
2012-01-15,4866.0,1630.8,214.37845828360804
2012-01-16,4873.9,1655.6,214.42874559653896
2012-01-17,4967.3,1655.6,214.47904470549577
2012-01-18,4955.8,1659.9,214.52935561324543
2012-01-19,5018.4,1654.5,214.58017027069448
2012-01-20,5048.6,1664.0,214.6309969643956
2012-01-21,5048.6,1664.0,214.68183569719983
2012-01-22,5048.6,1664.0,214.73268647195889
2012-01-23,5046.25,1678.3,214.7835492915249
2012-01-24,5127.35,1664.5,214.8344241587511
2012-01-25,5158.3,1700.1,214.885311076491
2012-01-26,5158.3,1726.7,214.9367028119973
2012-01-27,5204.7,1732.2,214.98810683829475
2012-01-28,5204.7,1732.2,215.0395231583228
2012-01-29,5204.7,1732.2,215.09095177502155
2012-01-30,5087.3,1734.4,215.14239269133196
2012-01-31,5199.25,1740.4,215.1938459101955
2012-02-01,5235.7,1749.5,215.2453114345545
2012-02-02,5269.9,1759.3,215.29728344699848
2012-02-03,5325.85,1740.3,215.34926800833404
2012-02-04,5325.85,1740.3,215.4012651215912
2012-02-05,5325.85,1740.3,215.4532747898006
2012-02-06,5361.65,1724.9,215.50529701599376
2012-02-07,5335.15,1748.4,215.55733180320289
2012-02-08,5368.15,1731.3,215.6093791544608
2012-02-09,5412.35,1741.2,215.66193408830736
2012-02-10,5381.6,1725.3,215.71450183245503
2012-02-11,5381.6,1725.3,215.7670823900264
2012-02-12,5381.6,1725.3,215.81967576414465
2012-02-13,5390.2,1724.9,215.87228195793384
2012-02-14,5416.05,1717.7,215.92490097451883
2012-02-15,5531.95,1728.1,215.97753281702515
2012-02-16,5521.95,1728.4,216.0304254189524
2012-02-17,5564.3,1725.9,216.08333097420532
2012-02-18,5564.3,1725.9,216.13624948595637
2012-02-19,5564.3,1725.9,216.1891809573784
2012-02-20,5564.3,1758.5,216.24212539164523
2012-02-21,5607.15,1758.5,216.29508279193152
2012-02-22,5505.35,1771.3,216.3480531614126
2012-02-23,5483.3,1786.3,216.4015338074197
2012-02-24,5429.3,1776.4,216.455027673696
2012-02-25,5429.3,1776.4,216.50853476350943
2012-02-26,5429.3,1776.4,216.5620550801289
2012-02-27,5281.2,1774.9,216.6155886268241
2012-02-28,5375.5,1788.4,216.66913540686525
2012-02-29,5385.2,1711.3,216.72269542352376
2012-03-01,5339.75,1722.2,216.7765174658508
2012-03-02,5359.35,1709.8,216.830352874624
2012-03-03,5359.4,1709.8,216.88420165316285
2012-03-04,5359.4,1709.8,216.93806380478767
2012-03-05,5280.35,1703.9,216.9919393328196
2012-03-06,5222.4,1672.1,217.04582824058065
2012-03-07,5220.45,1683.9,217.0997305313935
2012-03-08,5220.45,1698.7,217.15364620858188
2012-03-09,5333.55,1711.5,217.2075752754702
2012-03-10,5333.55,1711.5,217.2615177353837
2012-03-11,5333.55,1711.5,217.3154735916485
2012-03-12,5359.55,1699.8,217.3694428475915
2012-03-13,5429.5,1694.2,217.42342550654047
2012-03-14,5463.9,1642.9,217.47742157182395
2012-03-15,5380.5,1659.5,217.530931146616
2012-03-16,5317.9,1655.8,217.58445388725568
2012-03-17,5317.9,1655.8,217.6379897969824
2012-03-18,5317.9,1655.8,217.6915388790364
2012-03-19,5257.05,1667.3,217.74510113665855
2012-03-20,5274.85,1647.0,217.79867657309083
2012-03-21,5364.95,1650.3,217.85226519157573
2012-03-22,5228.45,1642.5,217.90586699535675
2012-03-23,5278.2,1662.4,217.959481987678
2012-03-24,5278.2,1662.4,218.0131101717845
2012-03-25,5278.2,1662.4,218.066751550922
2012-03-26,5184.25,1685.6,218.12040612833715
2012-03-27,5243.15,1684.9,218.1740739072773
2012-03-28,5194.75,1657.9,218.22775489099072
2012-03-29,5178.85,1654.9,218.28170019411556
2012-03-30,5295.55,1671.9,218.33565883237148
2012-03-31,5295.55,1671.9,218.38963080905492
2012-04-01,5295.55,1671.9,218.4436161274632
2012-04-02,5317.9,1679.7,218.49761479089423
2012-04-03,5358.5,1672.0,218.55162680264695
2012-04-04,5322.9,1614.1,218.60565216602103
2012-04-05,5322.9,1630.1,218.65843554884583
2012-04-06,5322.9,1630.1,218.71123167647147
2012-04-07,5322.9,1630.1,218.76404055197528
2012-04-08,5322.9,1630.1,218.81686217843523
2012-04-09,5234.4,1643.9,218.86969655893017
2012-04-10,5243.6,1660.7,218.9225436965396
2012-04-11,5226.85,1660.3,218.9754035943438
2012-04-12,5276.85,1680.6,219.02802488365904
2012-04-13,5207.45,1660.2,219.08065881823052
2012-04-14,5207.45,1660.2,219.13330540109703
2012-04-15,5207.45,1660.2,219.185964635298
2012-04-16,5226.2,1649.7,219.2386365238736
2012-04-17,5289.7,1651.1,219.29132106986475
2012-04-18,5300.0,1639.6,219.3440182763132
2012-04-19,5332.4,1641.4,219.39396260880343
2012-04-20,5290.85,1642.8,219.44391831354983
2012-04-21,5290.85,1642.8,219.4938853931417
2012-04-22,5290.85,1642.8,219.5438638501692
2012-04-23,5200.6,1632.6,219.5938536872229
2012-04-24,5222.65,1643.8,219.643854906894
2012-04-25,5202.0,1642.3,219.6938675117743
2012-04-26,5189.0,1660.5,219.744394693698
2012-04-27,5190.6,1664.8,219.7949334963198
2012-04-28,5190.6,1664.8,219.84548392231235
2012-04-29,5190.6,1664.8,219.8960459743489
2012-04-30,5248.15,1664.2,219.94661965510332
2012-05-01,5248.15,1662.4,219.99720496725013
2012-05-02,5239.15,1654.0,220.04780191346435
2012-05-03,5188.4,1634.8,220.0986624963701
2012-05-04,5086.85,1645.2,220.14953483489847
2012-05-05,5086.85,1645.2,220.20041893176645
2012-05-06,5086.85,1645.2,220.2513147896918
2012-05-07,5114.15,1639.1,220.30222241139293
2012-05-08,4999.95,1604.5,220.35314179958883
2012-05-09,4974.8,1594.2,220.4040729569992
2012-05-10,4965.7,1595.5,220.45501588634423
2012-05-11,4928.9,1584.0,220.50597059034487
2012-05-12,4928.9,1584.0,220.5569370717226
2012-05-13,4928.9,1584.0,220.60791533319963
2012-05-14,4907.8,1561.0,220.6589053774987
2012-05-15,4942.8,1557.1,220.7099072073433
2012-05-16,4858.25,1536.6,220.76092082545733
2012-05-17,4870.2,1574.9,220.81169341794944
2012-05-18,4891.45,1591.9,220.86247768758145
2012-05-19,4891.45,1591.9,220.91327363703888
2012-05-20,4891.45,1591.9,220.964081269008
2012-05-21,4906.05,1588.7,221.0149005861757
2012-05-22,4860.5,1576.6,221.06573159122945
2012-05-23,4835.65,1548.4,221.1165742868573
2012-05-24,4921.4,1557.5,221.16742867574797
2012-05-25,4920.4,1568.9,221.21829476059077
2012-05-26,4920.4,1568.9,221.2691725440756
2012-05-27,4920.4,1568.9,221.32006202889312
2012-05-28,4985.65,1548.7,221.37096321773444
2012-05-29,4990.1,1548.7,221.42187611329135
2012-05-30,4950.75,1565.7,221.47280071825637
2012-05-31,4924.25,1564.2,221.5237370353224
2012-06-01,4841.6,1622.1,221.5746850671831
2012-06-02,4841.6,1622.1,221.62564481653283
2012-06-03,4841.6,1622.1,221.6766162860665
2012-06-04,4848.15,1613.9,221.7275994784795
2012-06-05,4863.3,1616.9,221.7785943964681
2012-06-06,4997.1,1634.2,221.8296010427289
2012-06-07,5049.65,1588.0,221.87985729853557
2012-06-08,5068.35,1591.4,221.93012494006905
2012-06-09,5068.35,1591.4,221.98040396990888
2012-06-10,5068.35,1591.4,222.03069439063512
2012-06-11,5054.1,1596.8,222.0809962048284
2012-06-12,5115.9,1613.8,222.13130941506995
2012-06-13,5121.45,1619.4,222.1816340239416
2012-06-14,5054.75,1619.6,222.2312073118684
2012-06-15,5139.05,1628.1,222.28079166061437
2012-06-16,5139.05,1628.1,222.33038707264737
2012-06-17,5139.05,1628.1,222.3799935504359
2012-06-18,5064.25,1627.0,222.42961109644887
2012-06-19,5103.85,1623.2,222.479239713156
2012-06-20,5120.55,1615.8,222.52887940302725
2012-06-21,5165.0,1565.5,222.57954892403325
2012-06-22,5146.05,1566.9,222.63022998241976
2012-06-23,5146.05,1566.9,222.68092258081387
2012-06-24,5146.05,1566.9,222.7316267218432
2012-06-25,5114.65,1588.4,222.78234240813595
2012-06-26,5120.8,1574.9,222.833069642321
2012-06-27,5141.9,1578.4,222.8838084270278
2012-06-28,5149.15,1550.4,222.9345587648864
2012-06-29,5278.9,1604.2,222.9853206585273
2012-06-30,5278.9,1604.2,223.036094110582
2012-07-01,5278.9,1604.2,223.08687912368205
2012-07-02,5278.6,1597.7,223.13767570046008
2012-07-03,5287.95,1621.8,223.18848384354905
2012-07-04,5302.55,1609.4,223.23930355558255
2012-07-05,5327.3,1609.4,223.28987918432125
2012-07-06,5316.95,1578.9,223.34046627114185
2012-07-07,5316.95,1578.9,223.39106481864016
2012-07-08,5316.95,1578.9,223.4416748294127
2012-07-09,5275.15,1589.1,223.4922963060565
2012-07-10,5345.35,1579.8,223.54292925116923
2012-07-11,5306.3,1575.7,223.59357366734903
2012-07-12,5235.25,1565.3,223.6439741091942
2012-07-13,5227.25,1592.0,223.6943859118513
2012-07-14,5227.25,1592.0,223.7448090778812
2012-07-15,5227.25,1592.0,223.79524360984524
2012-07-16,5197.25,1591.6,223.84568951030556
2012-07-17,5192.85,1589.5,223.89614678182463
2012-07-18,5216.3,1570.8,223.94661542696565
2012-07-19,5242.7,1580.4,223.9968389834013
2012-07-20,5205.1,1582.8,224.04707380326064
2012-07-21,5205.1,1582.8,224.0973198890697
2012-07-22,5205.1,1582.8,224.14757724335504
2012-07-23,5117.95,1577.4,224.19784586864384
2012-07-24,5128.2,1576.2,224.24812576746373
2012-07-25,5109.6,1608.1,224.29841694234304
2012-07-26,5043.0,1615.1,224.34846252803447
2012-07-27,5099.85,1618.0,224.3985192799244
2012-07-28,5099.85,1618.0,224.44858720050425
2012-07-29,5099.85,1618.0,224.498666292266
2012-07-30,5199.8,1624.0,224.5487565577021
2012-07-31,5229.0,1614.6,224.5988579993057
2012-08-01,5240.5,1607.3,224.64897061957035
2012-08-02,5227.75,1590.7,224.6996089594545
2012-08-03,5215.7,1609.3,224.75025871377548
2012-08-04,5215.7,1609.3,224.8009198851061
2012-08-05,5215.7,1609.3,224.85159247602
2012-08-06,5282.55,1616.2,224.9022764890911
2012-08-07,5336.7,1612.8,224.95297192689424
2012-08-08,5338.0,1616.0,225.00367879200465
2012-08-09,5322.95,1620.2,225.05439708699808
2012-08-10,5320.4,1622.8,225.10512681445107
2012-08-11,5320.4,1622.8,225.15586797694056
2012-08-12,5320.4,1622.8,225.2066205770441
2012-08-13,5347.9,1612.6,225.25738461734
2012-08-14,5380.35,1602.4,225.3081601004068
2012-08-15,5380.35,1606.6,225.3592044356808
2012-08-16,5362.95,1619.2,225.41026033522385
2012-08-17,5366.3,1619.4,225.4613278016557
2012-08-18,5366.3,1619.4,225.51240683759696
2012-08-19,5366.3,1619.4,225.5634974456688
2012-08-20,5366.3,1623.0,225.6145996284928
2012-08-21,5421.0,1642.9,225.6657133886914
2012-08-22,5412.85,1640.5,225.71683872888735
2012-08-23,5415.35,1672.8,225.76771777794607
2012-08-24,5386.7,1672.9,225.8186082957
2012-08-25,5386.7,1672.9,225.8695102847344
2012-08-26,5386.7,1672.9,225.92042374763489
2012-08-27,5350.25,1675.6,225.97134868698785
2012-08-28,5334.6,1669.7,226.02228510538023
2012-08-29,5287.8,1663.0,226.0732330053996
2012-08-30,5315.05,1657.1,226.1241923896339
2012-08-31,5258.5,1687.6,226.17516326067187
2012-09-01,5258.5,1687.6,226.22614562110277
2012-09-02,5258.5,1687.6,226.2771394735164
2012-09-03,5253.75,1696.0,226.3281448205032
2012-09-04,5274.0,1696.0,226.3791616646542
2012-09-05,5225.7,1694.0,226.4301900085609
2012-09-06,5238.4,1705.6,226.480711236627
2012-09-07,5342.1,1740.5,226.53124373701715
2012-09-08,5358.7,1740.5,226.58178751224648
2012-09-09,5358.7,1740.5,226.63234256483065
2012-09-10,5363.45,1731.8,226.6829088972858
2012-09-11,5390.0,1734.9,226.7334865121288
2012-09-12,5431.0,1733.7,226.78407541187693
2012-09-13,5435.35,1772.1,226.8346755990481
2012-09-14,5577.65,1772.7,226.88528707616075
2012-09-15,5577.65,1772.7,226.9359098457339
2012-09-16,5577.65,1772.7,226.98654391028717
2012-09-17,5610.0,1770.6,227.0371892723406
2012-09-18,5600.05,1771.2,227.087845934415
2012-09-19,5600.05,1771.7,227.1385138990316
2012-09-20,5554.25,1770.2,227.18919316871225
2012-09-21,5691.15,1778.0,227.2396241901065
2012-09-22,5691.15,1778.0,227.2900664060822
2012-09-23,5691.15,1778.0,227.34051981912424
2012-09-24,5669.6,1764.6,227.39098443171812
2012-09-25,5673.9,1766.4,227.44146024635
2012-09-26,5663.45,1753.6,227.49194726550635
2012-09-27,5649.5,1780.5,227.54270539343335
2012-09-28,5703.3,1773.9,227.5934748465417
2012-09-29,5703.3,1773.9,227.64425562735823
2012-09-30,5703.3,1773.9,227.6950477384104
2012-10-01,5718.8,1783.3,227.74585118222623
2012-10-02,5718.8,1775.6,227.79666596133427
2012-10-03,5731.25,1779.8,227.84749207826368
2012-10-04,5787.6,1796.5,227.897808295391
2012-10-05,5746.95,1780.8,227.94813562399327
2012-10-06,5746.95,1780.8,227.9984740665244
2012-10-07,5746.95,1780.8,228.04882362543853
2012-10-08,5676.0,1775.7,228.0991843031906
2012-10-09,5704.6,1765.0,228.14955610223603
2012-10-10,5652.15,1765.1,228.19993902503077
2012-10-11,5708.05,1770.6,228.25059440985177
2012-10-12,5676.05,1759.7,228.301261039058
2012-10-13,5676.05,1759.7,228.35193891514535
2012-10-14,5676.05,1759.7,228.40262804061047
2012-10-15,5687.25,1737.6,228.45332841795053
2012-10-16,5648.0,1746.3,228.50404004966305
2012-10-17,5660.25,1753.0,228.55476293824637
2012-10-18,5718.7,1744.7,228.6054970861992
2012-10-19,5684.25,1724.0,228.65624249602084
2012-10-20,5684.25,1724.0,228.70699917021128
2012-10-21,5684.25,1724.0,228.7577671112709
2012-10-22,5717.15,1726.3,228.80854632170076
2012-10-23,5691.4,1709.4,228.85933680400228
2012-10-24,5691.4,1701.6,228.9101385606777
2012-10-25,5705.3,1713.0,228.96095159422964
2012-10-26,5664.3,1711.9,229.0117759071613
2012-10-27,5664.3,1711.9,229.0626115019765
2012-10-28,5664.3,1711.9,229.11345838117956
2012-10-29,5665.6,1708.7,229.1643165472753
2012-10-30,5597.9,1712.1,229.21518600276923
2012-10-31,5619.7,1719.1,229.2660667501673
2012-11-01,5645.05,1715.5,229.3172207206059
2012-11-02,5697.7,1675.2,229.36838610454635
2012-11-03,5697.7,1675.2,229.41956290453533
2012-11-04,5697.7,1675.2,229.47075112311995
2012-11-05,5704.2,1683.2,229.52195076284795
2012-11-06,5724.4,1715.0,229.57316182626764
2012-11-07,5760.1,1714.0,229.62438431592784
2012-11-08,5738.75,1726.0,229.675618234378
2012-11-09,5686.25,1730.9,229.7268635841681
2012-11-10,5686.25,1730.9,229.7781203678488
2012-11-11,5686.25,1730.9,229.82938858797107
2012-11-12,5683.7,1730.9,229.88066824708676
2012-11-13,5666.95,1724.8,229.93222260834887
2012-11-14,5666.95,1730.1,229.9837885314888
2012-11-15,5631.0,1713.8,230.03536601909923
2012-11-16,5574.05,1714.7,230.0869550737738
2012-11-17,5574.05,1714.7,230.1385556981066
2012-11-18,5574.05,1714.7,230.19016789469228
2012-11-19,5571.4,1734.4,230.2417916661261
2012-11-20,5571.55,1723.6,230.29342701500397
2012-11-21,5614.8,1728.2,230.3450739439222
2012-11-22,5627.75,1751.4,230.39673245547783
2012-11-23,5626.6,1751.4,230.44840255226856
2012-11-24,5626.6,1751.4,230.50008423689243
2012-11-25,5626.6,1751.4,230.55177751194825
2012-11-26,5635.9,1749.6,230.60348238003533
2012-11-27,5727.45,1742.3,230.6551988437536
2012-11-28,5727.45,1716.5,230.70692690570365
2012-11-29,5825.0,1729.5,230.7586665684864
2012-11-30,5879.85,1712.7,230.81041783470369
2012-12-01,5879.85,1712.7,230.8621807069576
2012-12-02,5879.85,1712.7,230.91395518785112
2012-12-03,5870.95,1721.1,230.9657412799876
2012-12-04,5889.25,1695.8,231.01753898597104
2012-12-05,5900.5,1693.8,231.069348308406
2012-12-06,5930.9,1701.8,231.1211692498977
2012-12-07,5907.4,1705.5,231.1730018130519
2012-12-08,5907.4,1705.5,231.2248460004749
2012-12-09,5907.4,1705.5,231.27670181477373
2012-12-10,5908.9,1714.4,231.32856925855577
2012-12-11,5898.8,1709.6,231.3804483344292
2012-12-12,5888.0,1717.9,231.43233904500264
2012-12-13,5851.5,1696.8,231.4842413928854
2012-12-14,5879.6,1697.0,231.5361553806873
2012-12-15,5879.6,1697.0,231.5880810110188
2012-12-16,5879.6,1697.0,231.64001828649089
2012-12-17,5857.9,1698.2,231.6919672097152
2012-12-18,5896.8,1670.7,231.74392778330383
2012-12-19,5929.6,1667.7,231.79590000986977
2012-12-20,5916.4,1645.9,231.84761843809144
2012-12-21,5847.7,1660.1,231.8993484057572
2012-12-22,5847.7,1660.1,231.9510899154416
2012-12-23,5847.7,1660.1,232.00284296972004
2012-12-24,5855.75,1659.5,232.0546075711683
2012-12-25,5855.75,1659.5,232.1063837223628
2012-12-26,5905.6,1660.7,232.1581714258805
2012-12-27,5870.1,1663.7,232.21023655310904
2012-12-28,5908.35,1655.9,232.2623133567625
2012-12-29,5908.35,1655.9,232.3144018394596
2012-12-30,5908.35,1655.9,232.3665020038195
2012-12-31,5905.1,1675.8,232.41861385246204
2013-01-01,5950.85,1675.8,232.4707373880076
2013-01-02,5993.25,1688.8,232.52287261307703
2013-01-03,6009.5,1674.6,232.5744875944054
2013-01-04,6016.15,1648.9,232.62611403312837
2013-01-05,6016.15,1648.9,232.67775193178912
2013-01-06,6016.15,1648.9,232.7294012929316
2013-01-07,5988.4,1646.3,232.78106211910023
2013-01-08,6001.7,1662.2,232.83273441284
2013-01-09,5971.5,1655.5,232.8844181766964
2013-01-10,5968.65,1678.0,232.93584671270384
2013-01-11,5951.3,1660.6,232.98728660582287
2013-01-12,5951.3,1660.6,233.03873785856143
2013-01-13,5951.3,1660.6,233.09020047342815
2013-01-14,6024.05,1669.4,233.1416744529322
2013-01-15,6056.6,1683.9,233.1931597995832
2013-01-16,6001.85,1683.2,233.24465651589136
2013-01-17,6039.2,1690.8,233.29563165630307
2013-01-18,6064.4,1687.0,233.34661793722697
2013-01-19,6064.4,1687.0,233.3976153610978
2013-01-20,6064.4,1687.0,233.4486239303508
2013-01-21,6082.3,1693.2,233.49964364742183
2013-01-22,6048.5,1693.2,233.5506745147472
2013-01-23,6054.3,1686.7,233.6017165347637
2013-01-24,6019.35,1669.9,233.65276970990888
2013-01-25,6074.65,1656.6,233.7038340426205
2013-01-26,6074.65,1656.6,233.7549095353372
2013-01-27,6074.65,1656.6,233.80599619049784
2013-01-28,6074.8,1652.9,233.857094010542
2013-01-29,6049.9,1660.8,233.9082029979097
2013-01-30,6055.75,1681.6,233.95932315504163
2013-01-31,6034.75,1662.0,234.01018719386445
2013-02-01,5998.9,1670.6,234.061062290808
2013-02-02,5998.9,1670.6,234.11194844827645
2013-02-03,5998.9,1670.6,234.16284566867432
2013-02-04,5987.25,1676.4,234.2137539544068
2013-02-05,5956.9,1673.5,234.26467330787955
2013-02-06,5959.2,1678.8,234.31560373149875
2013-02-07,5938.8,1671.3,234.36681292522383
2013-02-08,5903.5,1666.9,234.41803331061303
2013-02-09,5903.5,1666.9,234.46926489011216
2013-02-10,5903.5,1666.9,234.52050766616773
2013-02-11,5897.85,1649.1,234.57176164122671
2013-02-12,5922.5,1649.6,234.62302681773664
2013-02-13,5932.95,1645.1,234.67430319814557
2013-02-14,5896.95,1635.5,234.725590784902
2013-02-15,5887.4,1609.5,234.7768895804552
2013-02-16,5887.4,1609.5,234.82819958725477
2013-02-17,5887.4,1609.5,234.87952080775085
2013-02-18,5898.2,1604.2,234.93085324439423
2013-02-19,5939.7,1604.2,234.98219689963616
2013-02-20,5943.05,1578.0,235.0335517759285
2013-02-21,5852.25,1578.6,235.08518639350723
2013-02-22,5850.3,1572.8,235.13683235471635
2013-02-23,5850.3,1572.8,235.1884896620479
2013-02-24,5850.3,1572.8,235.2401583179945
2013-02-25,5854.75,1586.6,235.29183832504944
2013-02-26,5761.35,1615.5,235.34352968570636
2013-02-27,5796.9,1595.7,235.39523240245947
2013-02-28,5693.05,1578.1,235.44748498470523
2013-03-01,5719.7,1572.3,235.499749165879
2013-03-02,5719.7,1572.3,235.55202494855547
2013-03-03,5719.7,1572.3,235.6043123353099
2013-03-04,5698.5,1572.4,235.6566113287182
2013-03-05,5784.25,1574.9,235.7089219313568
2013-03-06,5818.6,1574.9,235.76124414580255
2013-03-07,5863.3,1575.1,235.8135779746332
2013-03-08,5945.7,1576.9,235.8659234204268
2013-03-09,5945.7,1576.9,235.918280485762
2013-03-10,5945.7,1576.9,235.97064917321825
2013-03-11,5942.35,1578.0,236.0230294853752
2013-03-12,5914.1,1591.7,236.07542142481347
2013-03-13,5851.2,1588.4,236.12782499411395
2013-03-14,5908.95,1590.7,236.18024019585823
2013-03-15,5872.6,1592.6,236.23266703262848
2013-03-16,5872.6,1592.6,236.28510550700744
2013-03-17,5872.6,1592.6,236.33755562157836
2013-03-18,5835.25,1604.6,236.39001737892508
2013-03-19,5745.95,1611.3,236.44249078163213
2013-03-20,5694.4,1607.5,236.49497583228447
2013-03-21,5658.75,1613.8,236.5469315107148
2013-03-22,5651.35,1606.1,236.59889860330935
2013-03-23,5651.35,1606.1,236.650877112576
2013-03-24,5651.35,1606.1,236.70286704102256
2013-03-25,5633.85,1604.5,236.754868391158
2013-03-26,5641.6,1595.7,236.8068811654913
2013-03-27,5641.6,1607.2,236.859988839112
2013-03-28,5682.55,1595.7,236.9131084229652
2013-03-29,5682.55,1595.7,236.9662399197218
2013-03-30,5682.55,1595.7,237.0193833320536
2013-03-31,5682.55,1595.7,237.0725386626328
2013-04-01,5704.4,1600.9,237.12570591413223
2013-04-02,5748.1,1575.9,237.1788850892254
2013-04-03,5672.9,1553.5,237.23207619058635
2013-04-04,5574.75,1552.4,237.28310968480665
2013-04-05,5553.25,1575.9,237.3341541573802
2013-04-06,5553.25,1575.9,237.38520961066865
2013-04-07,5553.25,1575.9,237.4362760470342
2013-04-08,5542.95,1572.5,237.48735346883956
2013-04-09,5495.1,1586.7,237.53844187844783
2013-04-10,5558.7,1558.8,237.5895412782228
2013-04-11,5594.0,1564.9,237.6403802326143
2013-04-12,5528.55,1501.4,237.69123006542776
2013-04-13,5528.55,1501.4,237.74209077899096
2013-04-14,5528.55,1501.4,237.7929623756321
2013-04-15,5568.4,1361.1,237.84384485767995
2013-04-16,5688.95,1387.4,237.89473822746368
2013-04-17,5688.7,1382.7,237.94564248731308
2013-04-18,5783.1,1392.5,237.996013950063
2013-04-19,5783.1,1395.6,238.04639607610656
2013-04-20,5783.1,1395.6,238.09678886770112
2013-04-21,5783.1,1395.6,238.1471923271045
2013-04-22,5834.4,1421.2,238.19760645657504
2013-04-23,5836.9,1408.8,238.24803125837144
2013-04-24,5836.9,1423.7,238.2979230070543
2013-04-25,5916.3,1462.0,238.34782520361605
2013-04-26,5871.45,1453.6,238.39773785024465
2013-04-27,5871.45,1453.6,238.44766094912845
2013-04-28,5871.45,1453.6,238.49759450245625
2013-04-29,5904.1,1467.4,238.54753851241733
2013-04-30,5930.2,1472.1,238.59749298120144
2013-05-01,5930.2,1446.2,238.6469133857613
2013-05-02,5999.35,1467.6,238.6963440267087
2013-05-03,5944.0,1464.2,238.74578490616375
2013-05-04,5944.0,1464.2,238.79523602624727
2013-05-05,5944.0,1464.2,238.8446973890803
2013-05-06,5971.05,1468.0,238.89416899678443
2013-05-07,6043.55,1448.8,238.9436508514817
2013-05-08,6069.3,1473.7,238.99314295529447
2013-05-09,6050.15,1468.6,239.0420998821592
2013-05-10,6094.75,1436.6,239.09106683768263
2013-05-11,6107.25,1436.6,239.1400438239193
2013-05-12,6107.25,1436.6,239.18903084292387
2013-05-13,5980.45,1434.3,239.2380278967515
2013-05-14,5995.4,1424.5,239.28703498745784
2013-05-15,6146.75,1396.2,239.33605211709883
2013-05-16,6169.9,1386.9,239.3839881776194
2013-05-17,6187.3,1364.7,239.43193383914192
2013-05-18,6187.3,1364.7,239.47988910358933
2013-05-19,6187.3,1364.7,239.52785397288497
2013-05-20,6156.9,1384.1,239.5758284489526
2013-05-21,6114.1,1377.6,239.62381253371632
2013-05-22,6094.5,1367.4,239.6718062291006
2013-05-23,5967.05,1391.8,239.7195363768348
2013-05-24,5983.55,1386.6,239.76727602992983
2013-05-25,5983.55,1386.6,239.81502519027876
2013-05-26,5983.55,1386.6,239.8627838597748
2013-05-27,6083.15,1378.9,239.9105520403117
2013-05-28,6111.25,1378.9,239.95832973378364
2013-05-29,6104.3,1391.3,240.00611694208507
2013-05-30,6124.05,1412.0,240.05418720832904
2013-05-31,5985.95,1393.0,240.10226710245468
2013-06-01,5985.95,1393.0,240.15035662639036
2013-06-02,5985.95,1393.0,240.1984557820648
2013-06-03,5939.3,1411.9,240.24656457140708
2013-06-04,5919.45,1397.2,240.2946829963468
2013-06-05,5923.85,1398.5,240.3428110588137
2013-06-06,5921.4,1415.8,240.3912226856956
2013-06-07,5881.0,1383.0,240.4396440640054
2013-06-08,5881.0,1383.0,240.4880751957074
2013-06-09,5881.0,1383.0,240.53651608276624
2013-06-10,5878.0,1386.0,240.58496672714688
2013-06-11,5788.8,1377.0,240.6334271308147
2013-06-12,5760.2,1392.0,240.68189729573552
2013-06-13,5699.1,1377.8,240.73120015814345
2013-06-14,5808.4,1387.6,240.7805131200739
2013-06-15,5808.4,1387.6,240.8298361835957
2013-06-16,5808.4,1387.6,240.8791693507782
2013-06-17,5850.05,1383.1,240.928512623691
2013-06-18,5813.6,1366.9,240.9778660044043
2013-06-19,5822.25,1374.0,241.0272294949886
2013-06-20,5655.9,1286.2,241.07632839250812
2013-06-21,5667.65,1292.0,241.12543729180945
2013-06-22,5667.65,1292.0,241.17455619492983
2013-06-23,5667.65,1292.0,241.2236851039073
2013-06-24,5590.25,1277.1,241.27282402077995
2013-06-25,5609.1,1275.1,241.32197294758657
2013-06-26,5588.7,1229.8,241.3711318863662
2013-06-27,5682.35,1211.6,241.42057593611963
2013-06-28,5842.2,1223.7,241.47003011431727
2013-06-29,5842.2,1223.7,241.51949442303405
2013-06-30,5842.2,1223.7,241.56896886434504
2013-07-01,5898.85,1255.7,241.61845344032588
2013-07-02,5857.55,1243.4,241.66794815305263
2013-07-03,5770.9,1251.9,241.71745300460185
2013-07-04,5836.95,1212.7,241.7672441509624
2013-07-05,5867.9,1212.7,241.81704555375345
2013-07-06,5867.9,1212.7,241.8668572150877
2013-07-07,5867.9,1212.7,241.91667913707835
2013-07-08,5811.55,1234.9,241.9665113218389
2013-07-09,5859.0,1245.9,242.0163537714834
2013-07-10,5816.7,1247.4,242.06620648812637
2013-07-11,5935.1,1279.9,242.11579292153155
2013-07-12,6009.0,1277.6,242.16538951254785
2013-07-13,6009.0,1277.6,242.21499626325596
2013-07-14,6009.0,1277.6,242.26461317573705
2013-07-15,6030.8,1283.5,242.31424025207272
2013-07-16,5955.25,1290.4,242.36387749434505
2013-07-17,5973.3,1277.5,242.4135249046365
2013-07-18,6038.05,1284.2,242.46318248502985
2013-07-19,6029.2,1292.9,242.5128502376085
2013-07-20,6029.2,1292.9,242.5625281644562
2013-07-21,6029.2,1292.9,242.6122162676571
2013-07-22,6031.8,1336.0,242.66191454929572
2013-07-23,6077.8,1334.7,242.7116230114572
2013-07-24,5990.5,1319.5,242.76134165622688
2013-07-25,5907.5,1328.8,242.8345232265934
2013-07-26,5886.2,1321.5,242.9077268578952
2013-07-27,5886.2,1321.5,242.98095255678257
2013-07-28,5886.2,1321.5,243.054200329908
2013-07-29,5831.65,1328.4,243.1274701839258
2013-07-30,5755.05,1324.8,243.2007621254924
2013-07-31,5742.0,1313.0,243.27407616126615
2013-08-01,5727.85,1311.2,243.34910655188452
2013-08-02,5677.9,1310.5,243.42416008331432
2013-08-03,5677.9,1310.5,243.49923676269256
2013-08-04,5677.9,1310.5,243.57433659715852
2013-08-05,5685.4,1302.4,243.64945959385375
2013-08-06,5542.25,1282.5,243.7246057599219
2013-08-07,5519.1,1285.3,243.7997751025088
2013-08-08,5565.65,1309.9,243.87270463249396
2013-08-09,5565.65,1312.2,243.9456559783989
2013-08-10,5565.65,1312.2,244.0186291467496
2013-08-11,5565.65,1312.2,244.091624144074
2013-08-12,5612.4,1334.2,244.16464097690184
2013-08-13,5699.3,1320.5,244.23767965176503
2013-08-14,5742.3,1333.4,244.3107401751973
2013-08-15,5742.3,1360.9,244.38722617048447
2013-08-16,5507.85,1371.0,244.463736111127
2013-08-17,5507.85,1371.0,244.5402700046213
2013-08-18,5507.85,1371.0,244.6168278584663
2013-08-19,5414.75,1365.7,244.69340968016328
2013-08-20,5401.45,1372.6,244.7700154772157
2013-08-21,5302.55,1370.1,244.8466452571297
2013-08-22,5408.45,1370.8,244.92073987686084
2013-08-23,5471.75,1395.8,244.99485691884192
2013-08-24,5471.75,1395.8,245.06899638985828
2013-08-25,5471.75,1395.8,245.1431582966973
2013-08-26,5476.5,1393.1,245.2173426461484
2013-08-27,5287.45,1420.2,245.29154944500317
2013-08-28,5285.0,1418.8,245.36577870005505
2013-08-29,5409.05,1412.9,245.4465934485037
2013-08-30,5471.8,1396.1,245.52743481445216
2013-08-31,5471.8,1396.1,245.60830280666727
2013-09-01,5471.8,1396.1,245.6891974339188
2013-09-02,5550.75,1412.0,245.77011870497932
2013-09-03,5341.45,1412.0,245.8510666286245
2013-09-04,5448.1,1390.0,245.93204121363252
2013-09-05,5592.95,1373.0,246.00789137164773
2013-09-06,5680.4,1386.5,246.08376492330632
2013-09-07,5680.4,1386.5,246.15966187582333
2013-09-08,5680.4,1386.5,246.2355822364161
2013-09-09,5680.4,1386.7,246.31152601230403
2013-09-10,5896.75,1364.0,246.38749321070893
2013-09-11,5913.15,1363.8,246.4634838388547
2013-09-12,5850.7,1330.6,246.53549641737789
2013-09-13,5850.6,1308.6,246.60753003679275
2013-09-14,5850.6,1308.6,246.6795847032471
2013-09-15,5850.6,1308.6,246.7516604228905
2013-09-16,5840.55,1317.8,246.8237572018744
2013-09-17,5850.2,1309.4,246.895875046352
2013-09-18,5899.45,1307.6,246.96801396247815
2013-09-19,6115.55,1369.3,247.0387442484277
2013-09-20,6012.1,1332.5,247.10949479114348
2013-09-21,6012.1,1332.5,247.18026559642703
2013-09-22,6012.1,1332.5,247.25105667008145
2013-09-23,5889.75,1327.0,247.32186801791147
2013-09-24,5892.45,1316.3,247.3926996457235
2013-09-25,5873.85,1336.2,247.4635515593256
2013-09-26,5882.25,1324.1,247.5292799125668
2013-09-27,5833.2,1339.2,247.5950257237988
2013-09-28,5833.2,1339.2,247.66078899765864
2013-09-29,5833.2,1339.2,247.72656973878452
2013-09-30,5735.3,1327.0,247.792367951816
2013-10-01,5780.05,1286.1,247.8581836413936
2013-10-02,5780.05,1320.7,247.9231605130646
2013-10-03,5909.7,1317.6,247.98815441864505
2013-10-04,5907.3,1309.9,248.0531653626004
2013-10-05,5907.3,1309.9,248.1181933493974
2013-10-06,5907.3,1309.9,248.1832383835038
2013-10-07,5906.15,1325.1,248.24830046938865
2013-10-08,5928.4,1324.6,248.31337961152212
2013-10-09,6007.45,1307.2,248.37847581437563
2013-10-10,6020.95,1296.9,248.4387331130972
2013-10-11,6096.2,1268.2,248.49900503040445
2013-10-12,6096.2,1268.2,248.559291569844
2013-10-13,6096.2,1268.2,248.6195927349632
2013-10-14,6112.7,1276.6,248.67990852931024
2013-10-15,6089.05,1273.2,248.74023895643427
2013-10-16,6089.05,1282.3,248.80086956004996
2013-10-17,6045.85,1323.0,248.8615149424168
2013-10-18,6189.35,1314.6,248.92217510713704
2013-10-19,6189.35,1314.6,248.9828500578141
2013-10-20,6189.35,1314.6,249.04353979805188
2013-10-21,6204.95,1315.8,249.10424433145545
2013-10-22,6202.8,1342.6,249.16496366163057
2013-10-23,6178.35,1334.0,249.22569779218404
2013-10-24,6164.35,1350.3,249.28558843438884
2013-10-25,6144.9,1352.5,249.3454934687252
2013-10-26,6144.9,1352.5,249.4054128986516
2013-10-27,6144.9,1352.5,249.46534672762735
2013-10-28,6101.1,1352.2,249.5252949591128
2013-10-29,6220.9,1345.5,249.5852575965688
2013-10-30,6251.7,1349.3,249.64523464345731
2013-10-31,6299.15,1323.7,249.70408115495945
2013-11-01,6307.2,1313.2,249.76294153779344
2013-11-02,6307.2,1313.2,249.8218157952292
2013-11-03,6324.95,1313.2,249.8807039305371
2013-11-04,6324.95,1314.7,249.93960594698856
2013-11-05,6253.15,1308.1,249.9985218478556
2013-11-06,6215.15,1317.8,250.05745163641112
2013-11-07,6187.25,1308.5,250.11610826367595
2013-11-08,6140.75,1284.6,250.17477865017847
2013-11-09,6140.75,1284.6,250.23346279914628
2013-11-10,6140.75,1284.6,250.29216071380765
2013-11-11,6078.8,1281.1,250.35087239739164
2013-11-12,6018.05,1271.2,250.40959785312805
2013-11-13,5989.6,1268.4,250.46833708424748
2013-11-14,6056.15,1286.3,250.5299639608188
2013-11-15,6056.15,1287.4,250.591606000472
2013-11-16,6056.15,1287.4,250.653263206938
2013-11-17,6056.15,1287.4,250.7149355839485
2013-11-18,6189.0,1272.3,250.7766231352361
2013-11-19,6203.35,1273.5,250.83832586453445
2013-11-20,6122.9,1258.0,250.90004377557804
2013-11-21,5999.05,1243.6,250.9614888526
2013-11-22,5995.45,1244.1,251.02294897743707
2013-11-23,5995.45,1244.1,251.08442415377456
2013-11-24,5995.45,1244.1,251.1459143852985
2013-11-25,6115.35,1241.2,251.207419675696
2013-11-26,6059.1,1241.4,251.2689400286548
2013-11-27,6057.1,1237.9,251.33047544786373
2013-11-28,6091.85,1250.4,251.39202593701256
2013-11-29,6176.1,1250.4,251.45359149979188
2013-11-30,6176.1,1250.4,251.5151721398932
2013-12-01,6176.1,1250.4,251.5767678610089
2013-12-02,6217.85,1221.9,251.63837866683232
2013-12-03,6201.85,1220.8,251.7000045610577
2013-12-04,6160.95,1247.2,251.76164554738017
2013-12-05,6241.1,1231.9,251.82127925923615
2013-12-06,6259.9,1229.0,251.88092709627628
2013-12-07,6259.9,1229.0,251.94058906184625
2013-12-08,6259.9,1229.0,252.0002651592926
2013-12-09,6363.9,1234.2,252.0599553919628
2013-12-10,6332.85,1261.1,252.11965976320488
2013-12-11,6307.9,1257.2,252.17937827636783
2013-12-12,6237.05,1224.9,252.23997870822367
2013-12-13,6168.4,1234.6,252.30059370277837
2013-12-14,6168.4,1234.6,252.36122326353137
2013-12-15,6168.4,1234.6,252.42186739398312
2013-12-16,6154.7,1244.4,252.4825260976348
2013-12-17,6139.05,1230.1,252.54319937798843
2013-12-18,6217.15,1235.0,252.6038872385469
2013-12-19,6166.65,1193.6,252.6637204486157
2013-12-20,6274.25,1203.7,252.7235678311228
2013-12-21,6274.25,1203.7,252.7834293894253
2013-12-22,6274.25,1203.7,252.8433051268809
2013-12-23,6284.5,1197.0,252.9031950468481
2013-12-24,6268.4,1203.3,252.9630991526864
2013-12-25,6268.4,1203.3,253.02330783553268
2013-12-26,6278.9,1212.3,253.08353084887025
2013-12-27,6313.8,1214.0,253.14376819611
2013-12-28,6313.8,1214.0,253.20401988066357
2013-12-29,6313.8,1214.0,253.26428590594332
2013-12-30,6291.1,1203.8,253.3245662753628
2013-12-31,6304.0,1202.3,253.38486099233583
2014-01-01,6301.65,1202.3,253.44517006027755
2014-01-02,6221.15,1225.2,253.505783729401
2014-01-03,6211.15,1238.6,253.56641189482315
2014-01-04,6211.15,1238.6,253.6270545600109
2014-01-05,6211.15,1238.6,253.687711728432
2014-01-06,6191.45,1238.0,253.748383403555
2014-01-07,6162.25,1229.6,253.80906958884935
2014-01-08,6174.6,1225.5,253.8697702877853
2014-01-09,6168.35,1229.4,253.93048550383384
2014-01-10,6171.45,1246.9,253.99121524046697
2014-01-11,6171.45,1246.9,254.0519595011573
2014-01-12,6171.45,1246.9,254.1127182893785
2014-01-13,6272.75,1251.1,254.17349160860488
2014-01-14,6241.85,1245.4,254.2342794623117
2014-01-15,6320.9,1238.3,254.29508185397495
2014-01-16,6318.9,1240.2,254.3558987870716
2014-01-17,6261.65,1251.9,254.4167302650793
2014-01-18,6261.65,1251.9,254.47757629147665
2014-01-19,6261.65,1251.9,254.53843686974295
2014-01-20,6303.95,1241.8,254.5993120033585
2014-01-21,6313.8,1241.8,254.66020169580423
2014-01-22,6338.95,1238.6,254.72110595056213
2014-01-23,6345.65,1262.3,254.7817330631086
2014-01-24,6266.75,1264.3,254.84237460573837
2014-01-25,6266.75,1264.3,254.903030581886
2014-01-26,6266.75,1264.3,254.9637009949868
2014-01-27,6135.85,1263.4,255.02438584847707
2014-01-28,6126.25,1250.8,255.08508514579376
2014-01-29,6120.25,1262.2,255.1457988903747
2014-01-30,6073.7,1242.5,255.2079908536116
2014-01-31,6089.5,1239.8,255.2701979761822
2014-02-01,6089.5,1239.8,255.33242026178152
2014-02-02,6089.5,1239.8,255.3946577141056
2014-02-03,6001.8,1259.9,255.4569103368512
2014-02-04,6000.9,1251.2,255.51917813371637
2014-02-05,6022.4,1256.9,255.5814611083996
2014-02-06,6036.3,1257.2,255.64434605162631
2014-02-07,6063.2,1262.9,255.707246467478
2014-02-08,6063.2,1262.9,255.77016235976157
2014-02-09,6063.2,1262.9,255.8330937322849
2014-02-10,6053.45,1274.7,255.89604058885703
2014-02-11,6062.7,1289.8,255.9590029332876
2014-02-12,6084.0,1295.0,256.0219807693874
2014-02-13,6001.1,1300.1,256.08585720144424
2014-02-14,6048.35,1318.6,256.14974957040835
2014-02-15,6048.35,1318.6,256.21365788025594
2014-02-16,6048.35,1318.6,256.2775821349642
2014-02-17,6073.3,1324.4,256.3415223385113
2014-02-18,6127.1,1324.4,256.40547849487643
2014-02-19,6152.75,1320.4,256.4694506080397
2014-02-20,6091.45,1316.9,256.5334386819824
2014-02-21,6155.45,1323.6,256.5974427206865
2014-02-22,6155.45,1323.6,256.66146272813523
2014-02-23,6155.45,1323.6,256.7254987083127
2014-02-24,6186.1,1338.0,256.78955066520416
2014-02-25,6200.05,1342.7,256.8536186027956
2014-02-26,6238.8,1328.0,256.9177025250741
2014-02-27,6238.8,1331.8,256.98209736347275
2014-02-28,6276.95,1321.6,257.0465083420407
2014-03-01,6276.95,1321.6,257.11093546482334
2014-03-02,6276.95,1321.6,257.1753787358672
2014-03-03,6221.45,1350.3,257.23983815921963
2014-03-04,6297.95,1337.9,257.30431373892924
2014-03-05,6328.65,1340.3,257.3688054790454
2014-03-06,6401.15,1351.8,257.43360953402504
2014-03-07,6526.65,1338.2,257.4984299063106
2014-03-08,6526.65,1338.2,257.5632666000107
2014-03-09,6526.65,1338.2,257.62811961923506
2014-03-10,6537.25,1341.5,257.69298896809426
2014-03-11,6511.9,1346.7,257.75787465070005
2014-03-12,6516.9,1370.5,257.8227766711652
2014-03-13,6493.1,1372.4,257.8882876728079
2014-03-14,6504.2,1379.0,257.9538153203474
2014-03-15,6504.2,1379.0,258.01935961801337
2014-03-16,6504.2,1379.0,258.0849205700364
2014-03-17,6504.2,1372.9,258.1504981806483
2014-03-18,6516.65,1359.0,258.2160924540819
2014-03-19,6524.05,1341.3,258.2817033945711
2014-03-20,6483.1,1330.5,258.34673731224365
2014-03-21,6493.2,1336.0,258.4117876051003
2014-03-22,6494.9,1336.0,258.4768542772643
2014-03-23,6494.9,1336.0,258.5419373328598
2014-03-24,6583.5,1311.2,258.6070367760121
2014-03-25,6589.75,1311.4,258.67215261084743
2014-03-26,6601.4,1303.4,258.7372848414932
2014-03-27,6641.75,1294.7,258.800055215665
2014-03-28,6695.9,1294.3,258.8628408181016
2014-03-29,6695.9,1294.3,258.9256416524973
2014-03-30,6695.9,1294.3,258.9884577225475
2014-03-31,6704.2,1283.8,259.0512890319484
2014-04-01,6721.05,1280.0,259.1141355843971
2014-04-02,6752.55,1290.8,259.1769973835916
2014-04-03,6736.1,1284.6,259.24046947521384
2014-04-04,6694.35,1303.5,259.3039571110644
2014-04-05,6694.35,1303.5,259.36746029495
2014-04-06,6694.35,1303.5,259.4309790306783
2014-04-07,6695.05,1298.3,259.494513322058
2014-04-08,6695.05,1309.1,259.55806317289864
2014-04-09,6796.2,1305.9,259.62162858701066
2014-04-10,6796.4,1320.5,259.6849115368018
2014-04-11,6776.3,1319.0,259.74820991185527
2014-04-12,6776.3,1319.0,259.811523715931
2014-04-13,6776.3,1319.0,259.87485295278987
2014-04-14,6776.3,1327.5,259.9381976261936
2014-04-15,6733.1,1300.3,260.00155773990485
2014-04-16,6675.3,1303.5,260.0649332976872
2014-04-17,6779.4,1293.9,260.1280257630119
2014-04-18,6779.4,1293.9,260.19113353474154
2014-04-19,6779.4,1293.9,260.2542566165895
2014-04-20,6779.4,1293.9,260.31739501227
2014-04-21,6817.65,1288.5,260.3805487254984
2014-04-22,6815.35,1281.1,260.4437177599905
2014-04-23,6840.8,1284.6,260.50690211946346
2014-04-24,6840.8,1290.6,260.5701018076352
2014-04-25,6782.75,1300.8,260.6333168282244
2014-04-26,6782.75,1300.8,260.6965471849508
2014-04-27,6782.75,1300.8,260.75979288153496
2014-04-28,6761.25,1299.0,260.82305392169843
2014-04-29,6715.25,1296.3,260.88633030916355
2014-04-30,6696.4,1295.9,260.94962204765363
2014-05-01,6696.4,1283.4,261.0129291408929
2014-05-02,6694.8,1302.9,261.07625159260635
2014-05-03,6694.8,1302.9,261.1395894065201
2014-05-04,6694.8,1302.9,261.202942586361
2014-05-05,6699.35,1309.3,261.26631113585694
2014-05-06,6715.3,1308.6,261.3296950587366
2014-05-07,6652.55,1288.9,261.3930943587296
2014-05-08,6659.85,1287.7,261.45620897461714
2014-05-09,6858.8,1287.6,261.51933882983127
2014-05-10,6858.8,1287.6,261.5824839280516
2014-05-11,6858.8,1287.6,261.64564427295863
2014-05-12,7014.25,1295.8,261.7088198682338
2014-05-13,7108.75,1294.8,261.7720107175593
2014-05-14,7108.75,1305.9,261.83551732454293
2014-05-15,7123.15,1293.6,261.89903933840344
2014-05-16,7203.0,1293.4,261.96257676287854
2014-05-17,7203.0,1293.4,262.0261296017069
2014-05-18,7203.0,1293.4,262.089697858628
2014-05-19,7263.55,1293.8,262.1532815373825
2014-05-20,7275.5,1294.6,262.2168806417116
2014-05-21,7252.9,1288.1,262.2804951753577
2014-05-22,7276.4,1295.0,262.342620442456
2014-05-23,7367.1,1291.7,262.40476042490246
2014-05-24,7367.1,1291.7,262.4669151261827
2014-05-25,7367.1,1291.7,262.5290845497831
2014-05-26,7359.05,1265.5,262.59126869919083
2014-05-27,7318.0,1265.5,262.653467577894
2014-05-28,7329.65,1259.3,262.7156811893814
2014-05-29,7235.65,1257.1,262.7779095371428
2014-05-30,7229.95,1246.0,262.8401526246687
2014-05-31,7229.95,1246.0,262.9024104554504
2014-06-01,7229.95,1246.0,262.96468303298
2014-06-02,7362.5,1244.0,263.0269703607507
2014-06-03,7415.85,1244.5,263.0892724422562
2014-06-04,7402.25,1244.3,263.1515892809912
2014-06-05,7474.1,1253.3,263.2130160715619
2014-06-06,7583.4,1252.5,263.2744572008285
2014-06-07,7583.4,1252.5,263.335912672138
2014-06-08,7583.4,1252.5,263.3973824888382
2014-06-09,7654.6,1253.9,263.45886665427776
2014-06-10,7656.4,1260.1,263.520365171806
2014-06-11,7626.85,1261.2,263.5818780447731
2014-06-12,7649.9,1274.0,263.6437071319411
2014-06-13,7542.1,1274.1,263.705550722519
2014-06-14,7542.1,1274.1,263.7674088199089
2014-06-15,7542.1,1274.1,263.8292814275137
2014-06-16,7533.55,1275.3,263.8911685487371
2014-06-17,7631.7,1272.0,263.9530701869836
2014-06-18,7558.2,1272.7,264.01498634565854
2014-06-19,7540.7,1314.1,264.07691702816794
2014-06-20,7511.45,1316.6,264.1388622379187
2014-06-21,7511.45,1316.6,264.2008219783186
2014-06-22,7511.45,1316.6,264.262796252776
2014-06-23,7493.35,1318.4,264.3247850647003
2014-06-24,7580.2,1321.3,264.3867884175015
2014-06-25,7569.25,1322.6,264.4488063145906
2014-06-26,7493.2,1317.0,264.5108387593793
2014-06-27,7508.8,1320.0,264.5728857552799
2014-06-28,7508.8,1320.0,264.6349473057059
2014-06-29,7508.8,1320.0,264.6970234140713
2014-06-30,7611.35,1322.0,264.75911408379096
2014-07-01,7634.7,1326.6,264.82121931828067
2014-07-02,7725.15,1330.9,264.88333912095686
2014-07-03,7714.8,1320.6,264.94517014938543
2014-07-04,7751.6,1317.0,265.00701561087004
2014-07-05,7751.6,1317.0,265.0688755087798
2014-07-06,7751.6,1317.0,265.1307498464845
2014-07-07,7787.15,1317.0,265.1926386273548
2014-07-08,7623.2,1316.5,265.2545418547621
2014-07-09,7585.0,1324.3,265.31645953207874
2014-07-10,7567.75,1339.2,265.3786955045409
2014-07-11,7459.6,1337.4,265.440946075857
2014-07-12,7459.6,1337.4,265.50321124945174
2014-07-13,7459.6,1337.4,265.5654910287503
2014-07-14,7454.15,1306.7,265.6277854171788
2014-07-15,7526.65,1297.1,265.69009441816405
2014-07-16,7624.4,1299.8,265.75241803513387
2014-07-17,7640.45,1316.9,265.8150613407309
2014-07-18,7663.9,1309.4,265.87771941264225
2014-07-19,7663.9,1309.4,265.94039225434864
2014-07-20,7663.9,1309.4,266.0030798693316
2014-07-21,7684.2,1313.9,266.06578226107354
2014-07-22,7767.85,1306.3,266.1284994330576
2014-07-23,7795.75,1304.7,266.1912313887678
2014-07-24,7830.6,1290.8,266.253978131689
2014-07-25,7790.45,1303.3,266.3167396653068
2014-07-26,7790.45,1303.3,266.3795159931077
2014-07-27,7790.45,1303.3,266.442307118579
2014-07-28,7748.7,1303.3,266.5051130452088
2014-07-29,7748.7,1298.3,266.567933776486
2014-07-30,7791.4,1296.9,266.6307693159004
2014-07-31,7721.3,1282.8,266.6939250139606
2014-08-01,7602.6,1294.8,266.7570956714428
2014-08-02,7602.6,1294.8,266.8202812918904
2014-08-03,7602.6,1294.8,266.8834818788476
2014-08-04,7683.65,1288.9,266.9466974358594
2014-08-05,7746.55,1285.3,267.00992796647176
2014-08-06,7672.05,1308.2,267.0731734742314
2014-08-07,7649.25,1312.5,267.1364339626859
2014-08-08,7568.55,1311.0,267.1997094353836
2014-08-09,7568.55,1311.0,267.26299989587386
2014-08-10,7568.55,1311.0,267.32630534770675
2014-08-11,7625.95,1310.5,267.3896257944332
2014-08-12,7727.05,1310.6,267.45296123960486
2014-08-13,7739.55,1314.5,267.51631168677454
2014-08-14,7791.7,1315.7,267.57967713949563
2014-08-15,7791.7,1306.2,267.6430576013224
2014-08-16,7791.7,1306.2,267.70645307581
2014-08-17,7791.7,1306.2,267.7698635665144
2014-08-18,7874.25,1299.3,267.8332890769925
2014-08-19,7897.5,1296.7,267.8967296108019
2014-08-20,7875.3,1295.2,267.9601851715012
2014-08-21,7891.1,1275.4,268.02365576264964
2014-08-22,7913.2,1280.2,268.0871413878075
2014-08-23,7913.2,1280.2,268.1506420505358
2014-08-24,7913.2,1280.2,268.2141577543964
2014-08-25,7906.3,1278.9,268.27768850295206
2014-08-26,7904.75,1285.2,268.3412342997663
2014-08-27,7936.05,1283.4,268.40479514840365
2014-08-28,7954.35,1290.4,268.4680636737872
2014-08-29,7954.35,1287.4,268.5313471128622
2014-08-30,7954.35,1287.4,268.5946454691441
2014-08-31,7954.35,1287.4,268.65795874614923
2014-09-01,8027.7,1265.0,268.7212869473948
2014-09-02,8083.05,1265.0,268.7846300763985
2014-09-03,8114.6,1270.3,268.8479881366794
2014-09-04,8095.95,1266.5,268.91136113175696
2014-09-05,8086.85,1267.3,268.9747490651516
2014-09-06,8086.85,1267.3,269.0381519403847
2014-09-07,8086.85,1267.3,269.1015697609783
2014-09-08,8173.9,1254.3,269.1650025304553
2014-09-09,8152.95,1248.5,269.2284502523395
2014-09-10,8094.1,1245.3,269.29191293015543
2014-09-11,8085.7,1239.0,269.35539056742857
2014-09-12,8105.5,1231.5,269.4188831676851
2014-09-13,8105.5,1231.5,269.4823907344522
2014-09-14,8105.5,1231.5,269.54591327125775
2014-09-15,8042.0,1235.1,269.60945078163047
2014-09-16,7932.9,1236.7,269.6730032690999
2014-09-17,7975.5,1235.9,269.7365707371966
2014-09-18,8114.75,1226.9,269.80015318945163
2014-09-19,8121.45,1216.6,269.8637506293972
2014-09-20,8121.45,1216.6,269.9273630605661
2014-09-21,8121.45,1216.6,269.9909904864922
2014-09-22,8146.3,1217.9,270.05463291071
2014-09-23,8017.55,1222.0,270.11829033675485
2014-09-24,8002.4,1219.5,270.1819627681631
2014-09-25,7911.85,1221.9,270.24503064051873
2014-09-26,7968.85,1215.4,270.30811323464366
2014-09-27,7968.85,1215.4,270.3712105539743
2014-09-28,7968.85,1215.4,270.434322601948
2014-09-29,7958.9,1218.8,270.4974493820028
2014-09-30,7964.8,1211.6,270.5605908975776
2014-10-01,7945.55,1215.5,270.623747152112
2014-10-02,7945.55,1215.1,270.6869181490465
2014-10-03,7945.55,1192.9,270.7501038918224
2014-10-04,7945.55,1192.9,270.81330438388176
2014-10-05,7945.55,1192.9,270.8765196286675
2014-10-06,7945.55,1207.3,270.9397496296233
2014-10-07,7852.4,1212.4,271.00299439019363
2014-10-08,7842.7,1206.0,271.06625391382386
2014-10-09,7960.55,1225.3,271.12921703475354
2014-10-10,7859.95,1221.7,271.19219478072245
2014-10-11,7859.95,1221.7,271.25518715512766
2014-10-12,7859.95,1221.7,271.3181941613671
2014-10-13,7884.25,1230.0,271.3812158028394
2014-10-14,7864.0,1234.3,271.44425208294405
2014-10-15,7864.0,1244.8,271.5073030050813
2014-10-16,7748.2,1241.2,271.5703685726522
2014-10-17,7779.7,1239.0,271.6334487890586
2014-10-18,7779.7,1239.0,271.6965436577031
2014-10-19,7779.7,1239.0,271.7596531819891
2014-10-20,7879.4,1244.7,271.82277736532086
2014-10-21,7927.75,1251.7,271.8859162111033
2014-10-22,7995.9,1245.5,271.9490697227422
2014-10-23,8014.55,1229.1,272.0119264660794
2014-10-24,8014.55,1231.8,272.0747977377626
2014-10-25,8014.55,1231.8,272.13768354114984
2014-10-26,8014.55,1231.8,272.2005838795999
2014-10-27,7991.7,1229.3,272.26349875647225
2014-10-28,8027.6,1229.4,272.32642817512726
2014-10-29,8090.45,1224.9,272.38937213892603
2014-10-30,8169.2,1198.6,272.45233065123045
2014-10-31,8322.2,1171.6,272.5153037154032
2014-11-01,8322.2,1171.6,272.5782913348077
2014-11-02,8322.2,1171.6,272.64129351280815
2014-11-03,8324.15,1169.8,272.7043102527695
2014-11-04,8324.15,1167.7,272.76734155805764
2014-11-05,8338.3,1145.7,272.830387432039
2014-11-06,8338.3,1142.6,272.892510537517
2014-11-07,8337.0,1169.8,272.95464778834105
2014-11-08,8337.0,1169.8,273.016799187732
2014-11-09,8337.0,1169.8,273.07896473891145
2014-11-10,8344.25,1159.8,273.14114444510176
2014-11-11,8362.65,1163.0,273.203338309526
2014-11-12,8383.3,1159.1,273.2655463354079
2014-11-13,8357.85,1161.5,273.32776852597215
2014-11-14,8389.9,1185.6,273.39000488444395
2014-11-15,8389.9,1185.6,273.4522554140493
2014-11-16,8389.9,1185.6,273.51452011801496
2014-11-17,8430.75,1183.5,273.57679899956844
2014-11-18,8425.9,1197.1,273.6390920619379
2014-11-19,8382.3,1193.9,273.70139930835234
2014-11-20,8401.9,1190.9,273.7634072976992
2014-11-21,8477.35,1197.7,273.8254293351684
2014-11-22,8477.35,1197.7,273.88746542394256
2014-11-23,8477.35,1197.7,273.94951556720514
2014-11-24,8530.15,1195.7,274.01157976814017
2014-11-25,8463.1,1197.1,274.07365802993246
2014-11-26,8475.75,1197.5,274.1357503557675
2014-11-27,8494.2,1175.5,274.19785674883167
2014-11-28,8588.25,1175.5,274.25997721231187
2014-11-29,8588.25,1175.5,274.3221117493958
2014-11-30,8588.25,1175.5,274.3842603632719
2014-12-01,8555.9,1218.1,274.4464230571293
2014-12-02,8524.7,1199.4,274.5085998341579
2014-12-03,8537.65,1208.7,274.57079069754826
2014-12-04,8564.4,1207.7,274.63268196276647
2014-12-05,8538.3,1190.4,274.6945871789541
2014-12-06,8538.3,1190.4,274.7565063492559
2014-12-07,8538.3,1190.4,274.8184394768173
2014-12-08,8438.25,1194.9,274.8803865647843
2014-12-09,8340.7,1232.0,274.94234761630383
2014-12-10,8355.65,1229.4,275.00432263452336
2014-12-11,8292.9,1225.6,275.0663116225912
2014-12-12,8224.1,1222.5,275.1283145836563
2014-12-13,8224.1,1222.5,275.19033152086826
2014-12-14,8224.1,1222.5,275.25236243737754
2014-12-15,8219.6,1207.7,275.3144073363352
2014-12-16,8067.6,1194.3,275.376466220893
2014-12-17,8029.8,1194.5,275.4385390942035
2014-12-18,8159.3,1194.8,275.5015715059664
2014-12-19,8225.2,1196.0,275.56461834230817
2014-12-20,8225.2,1196.0,275.6276796065298
2014-12-21,8225.2,1196.0,275.690755301933
2014-12-22,8324.0,1179.8,275.75384543182025
2014-12-23,8267.0,1178.0,275.81694999949485
2014-12-24,8174.1,1173.5,275.8800690082608
2014-12-25,8174.1,1173.5,275.94320246142274
2014-12-26,8200.7,1195.3,276.0063503622863
2014-12-27,8200.7,1195.3,276.06951271415767
2014-12-28,8200.7,1195.3,276.13268952034394
2014-12-29,8246.3,1181.9,276.19588078415285
2014-12-30,8248.25,1200.4,276.2590865088929
2014-12-31,8282.7,1184.1,276.3223066978735
2015-01-01,8284.0,1184.1,276.3852249085849
2015-01-02,8395.45,1186.2,276.4481574456867
2015-01-03,8395.45,1186.2,276.51110431244103
2015-01-04,8395.45,1186.2,276.5740655121107
2015-01-05,8378.4,1204.0,276.6370410479592
2015-01-06,8127.35,1219.4,276.700030923251
2015-01-07,8102.1,1210.7,276.7630351412511
2015-01-08,8234.6,1208.5,276.82668760631407
2015-01-09,8284.5,1216.1,276.8903547107464
2015-01-10,8284.5,1216.1,276.95403645791504
2015-01-11,8284.5,1216.1,277.01773285118765
2015-01-12,8323.0,1232.8,277.08144389393266
2015-01-13,8299.4,1234.4,277.1451695895193
2015-01-14,8277.55,1234.5,277.2089099413176
2015-01-15,8494.15,1264.8,277.2726649526982
2015-01-16,8513.8,1276.9,277.3364346270328
2015-01-17,8513.8,1276.9,277.40021896769366
2015-01-18,8513.8,1276.9,277.46401797805385
2015-01-19,8550.7,1294.2,277.52783166148726
2015-01-20,8695.6,1294.2,277.5916600213685
2015-01-21,8729.5,1293.7,277.65550306107303
2015-01-22,8761.4,1300.7,277.7177716816595
2015-01-23,8835.6,1292.6,277.78005426696507
2015-01-24,8835.6,1292.6,277.8423508201216
2015-01-25,8835.6,1292.6,277.9046613442615
2015-01-26,8835.6,1279.4,277.9669858425181
2015-01-27,8910.5,1291.7,278.02932431802526
2015-01-28,8914.3,1285.9,278.0916767739176
2015-01-29,8952.35,1255.9,278.15436168544244
2015-01-30,8808.9,1279.2,278.2170607268333
2015-01-31,8808.9,1279.2,278.27977390127523
2015-02-01,8808.9,1279.2,278.342501211954
2015-02-02,8797.4,1276.9,278.4052426620559
2015-02-03,8756.55,1260.3,278.4679982547683
2015-02-04,8723.7,1264.5,278.530767993279
2015-02-05,8711.7,1262.7,278.5938700926404
2015-02-06,8661.05,1234.6,278.65698648799844
2015-02-07,8661.05,1234.6,278.72011718259205
2015-02-08,8661.05,1234.6,278.7832621796607
2015-02-09,8526.35,1241.5,278.8464214824447
2015-02-10,8565.55,1232.2,278.9095950941851
2015-02-11,8627.4,1219.6,278.9727830181235
2015-02-12,8711.55,1220.7,279.0359852575025
2015-02-13,8805.5,1227.1,279.09920181556527
2015-02-14,8805.5,1227.1,279.16243269555576
2015-02-15,8805.5,1227.1,279.22567790071867
2015-02-16,8809.35,1208.6,279.2889374342994
2015-02-17,8809.35,1208.6,279.3522112995441
2015-02-18,8869.1,1200.2,279.41549949969965
2015-02-19,8895.3,1207.6,279.4794420143358
2015-02-20,8833.6,1204.9,279.54339916182226
2015-02-21,8833.6,1204.9,279.6073709455077
2015-02-22,8833.6,1204.9,279.67135736874144
2015-02-23,8754.95,1200.8,279.7353584348737
2015-02-24,8762.1,1197.3,279.7993741472555
2015-02-25,8767.25,1201.5,279.8634045092384
2015-02-26,8683.85,1210.1,279.92777002527936
2015-02-27,8844.6,1213.1,279.9921503446836
2015-02-28,8901.85,1213.1,280.0565454708557
2015-03-01,8901.85,1213.1,280.1209554072012
2015-03-02,8956.75,1208.2,280.1853801571262
2015-03-03,8996.25,1204.4,280.24981972403765
2015-03-04,8922.65,1200.9,280.3142741113433
2015-03-05,8937.75,1196.2,280.3774600206653
2015-03-06,8937.75,1164.3,280.4406601727837
2015-03-07,8937.75,1164.3,280.5038745709089
2015-03-08,8937.75,1164.3,280.56710321825227
2015-03-09,8756.75,1166.5,280.63034611802567
2015-03-10,8712.05,1160.1,280.69360327344174
2015-03-11,8699.95,1150.6,280.7568746877139
2015-03-12,8776.0,1151.9,280.82080264348184
2015-03-13,8647.75,1152.4,280.88474515555777
2015-03-14,8647.75,1152.4,280.9487022272561
2015-03-15,8647.75,1152.4,281.01267386189204
2015-03-16,8633.15,1153.2,281.0766600627816
2015-03-17,8723.3,1148.2,281.1406608332414
2015-03-18,8685.9,1151.3,281.2046761765889
2015-03-19,8634.65,1169.0,281.26870609614247
2015-03-20,8570.9,1184.6,281.332750595221
2015-03-21,8570.9,1184.6,281.39680967714423
2015-03-22,8570.9,1184.6,281.4608833452327
2015-03-23,8550.9,1187.7,281.5249716028076
2015-03-24,8542.95,1191.4,281.5890744531909
2015-03-25,8530.8,1197.0,281.65319189970546
2015-03-26,8342.15,1204.8,281.71700139489604
2015-03-27,8341.4,1199.8,281.7808253463463
2015-03-28,8341.4,1199.8,281.8446637573314
2015-03-29,8341.4,1199.8,281.90851663112704
2015-03-30,8492.3,1185.3,281.97238397100995
2015-03-31,8491.0,1183.2,282.0362657802574
2015-04-01,8586.25,1208.2,282.10016206214755
2015-04-02,8586.25,1200.9,282.1640728199592
2015-04-03,8586.25,1200.9,282.22799805697184
2015-04-04,8586.25,1200.9,282.2919377764659
2015-04-05,8586.25,1200.9,282.3558919817223
2015-04-06,8659.9,1218.6,282.419860676023
2015-04-07,8660.3,1210.6,282.48061499120223
2015-04-08,8714.4,1203.1,282.5413823758831
2015-04-09,8778.3,1193.6,282.602162832877
2015-04-10,8780.35,1204.6,282.66295636499615
2015-04-11,8780.35,1204.6,282.7237629750532
2015-04-12,8780.35,1204.6,282.78458266586154
2015-04-13,8834.0,1199.3,282.84541544023506
2015-04-14,8834.0,1192.6,282.9062613009884
2015-04-15,8750.2,1201.3,282.9671202509366
2015-04-16,8706.7,1198.0,283.0279922928955
2015-04-17,8606.0,1203.1,283.08887742968136
2015-04-18,8606.0,1203.1,283.14977566411125
2015-04-19,8606.0,1203.1,283.2106869990027
2015-04-20,8448.1,1193.7,283.2716114371739
2015-04-21,8377.75,1203.1,283.33254898144355
2015-04-22,8429.7,1186.9,283.3934996346312
2015-04-23,8398.3,1194.3,283.45478716692475
2015-04-24,8305.25,1175.0,283.51608795344475
2015-04-25,8305.25,1175.0,283.5774019970576
2015-04-26,8305.25,1175.0,283.6387293006303
2015-04-27,8213.8,1203.2,283.7000698670305
2015-04-28,8285.6,1213.9,283.76142369912645
2015-04-29,8239.75,1210.0,283.822790799787
2015-04-30,8181.5,1182.4,283.8844954297003
2015-05-01,8181.5,1174.5,283.9462134745382
2015-05-02,8181.5,1174.5,284.00794493721725
2015-05-03,8181.5,1174.5,284.06968982065456
2015-05-04,8331.95,1186.8,284.13144812776784
2015-05-05,8324.8,1193.2,284.1932198614755
2015-05-06,8097.0,1190.3,284.2550050246965
2015-05-07,8057.3,1182.2,284.31712837195903
2015-05-08,8191.5,1188.9,284.37926529615146
2015-05-09,8191.5,1188.9,284.441415800241
2015-05-10,8191.5,1188.9,284.50357988719543
2015-05-11,8325.25,1183.0,284.5657575599833
2015-05-12,8126.95,1192.4,284.6279488215739
2015-05-13,8235.45,1218.2,284.69015367493694
2015-05-14,8224.2,1225.2,284.75237212304285
2015-05-15,8262.35,1225.3,284.8146041688628
2015-05-16,8262.35,1225.3,284.8768498153684
2015-05-17,8262.35,1225.3,284.93910906553214
2015-05-18,8373.65,1227.6,285.0013819223271
2015-05-19,8365.65,1206.7,285.0636683887269
2015-05-20,8423.25,1208.7,285.125968467706
2015-05-21,8421.0,1204.1,285.1876306689306
2015-05-22,8458.95,1204.0,285.24930620540863
2015-05-23,8458.95,1204.0,285.31099508002404
2015-05-24,8458.95,1204.0,285.3726972956614
2015-05-25,8370.25,1186.9,285.43441285520584
2015-05-26,8339.35,1186.9,285.4961417615432
2015-05-27,8334.6,1185.6,285.55788401755984
2015-05-28,8319.0,1188.8,285.6193133860398
2015-05-29,8433.65,1189.8,285.6807559692392
2015-05-30,8433.65,1189.8,285.74221177000067
2015-05-31,8433.65,1189.8,285.8036807911677
2015-06-01,8433.4,1188.7,285.8651630355843
2015-06-02,8236.45,1194.4,285.926658506095
2015-06-03,8135.1,1184.9,285.988167205545
2015-06-04,8130.65,1175.2,286.0483822100324
2015-06-05,8114.7,1168.1,286.10860989283026
2015-06-06,8114.7,1168.1,286.168850256608
2015-06-07,8114.7,1168.1,286.2291033040356
2015-06-08,8044.15,1173.6,286.2893690377836
2015-06-09,8022.4,1177.6,286.34964746052304
2015-06-10,8124.45,1186.6,286.4099385749257
2015-06-11,7965.35,1180.4,286.47024238366384
2015-06-12,7982.9,1179.2,286.5305588894102
2015-06-13,7982.9,1179.2,286.5908880948382
2015-06-14,7982.9,1179.2,286.6512300026217
2015-06-15,8013.9,1185.8,286.7115846154352
2015-06-16,8047.3,1180.9,286.7719519359538
2015-06-17,8091.55,1176.8,286.832331966853
2015-06-18,8174.6,1202.0,286.89272471080915
2015-06-19,8224.95,1201.9,286.95313017049887
2015-06-20,8224.95,1201.9,287.0135483485995
2015-06-21,8224.95,1201.9,287.0739792477889
2015-06-22,8353.1,1184.1,287.13442287074554
2015-06-23,8381.55,1176.6,287.1948792201484
2015-06-24,8360.85,1172.9,287.255348298677
2015-06-25,8398.0,1171.8,287.3158301090116
2015-06-26,8381.1,1173.2,287.3763246538326
2015-06-27,8381.1,1173.2,287.4368319358216
2015-06-28,8381.1,1173.2,287.4973519576602
2015-06-29,8318.4,1179.0,287.5578847220309
2015-06-30,8368.5,1171.8,287.61843023161657
2015-07-01,8453.05,1169.3,287.67898848910073
2015-07-02,8444.9,1163.5,287.73955949716753
2015-07-03,8484.9,1173.2,287.79915863737875
2015-07-04,8484.9,1173.2,287.85877012228644
2015-07-05,8484.9,1173.2,287.9183939544475
2015-07-06,8522.15,1173.2,287.97803013641936
2015-07-07,8510.8,1152.6,288.0376786707601
2015-07-08,8363.05,1163.5,288.0973395600282
2015-07-09,8328.55,1159.2,288.1566844547465
2015-07-10,8360.55,1157.9,288.2160415738627
2015-07-11,8360.55,1157.9,288.27541091989497
2015-07-12,8360.55,1157.9,288.3347924953619
2015-07-13,8459.65,1155.4,288.3941863027826
2015-07-14,8454.1,1153.5,288.45359234467674
2015-07-15,8523.8,1147.4,288.51301062356447
2015-07-16,8608.05,1143.9,288.5724411419665
2015-07-17,8609.85,1131.9,288.63188390240407
2015-07-18,8609.85,1131.9,288.69133890739886
2015-07-19,8609.85,1131.9,288.7508061594731
2015-07-20,8603.45,1106.8,288.8102856611496
2015-07-21,8529.45,1103.5,288.8697774149516
2015-07-22,8633.5,1091.5,288.92928142340287
2015-07-23,8589.8,1094.1,288.9884675972186
2015-07-24,8521.55,1085.5,289.0476658951193
2015-07-25,8521.55,1085.5,289.1068763195886
2015-07-26,8521.55,1085.5,289.16609887311057
2015-07-27,8361.0,1096.4,289.22533355816984
2015-07-28,8337.0,1096.2,289.2845803772515
2015-07-29,8375.05,1092.6,289.3438393328411
2015-07-30,8421.8,1088.7,289.40311042742485
2015-07-31,8532.85,1095.1,289.4623936634893
2015-08-01,8532.85,1095.1,289.5216890435217
2015-08-02,8532.85,1095.1,289.5809965700096
2015-08-03,8543.05,1089.4,289.6403162454412
2015-08-04,8516.9,1090.7,289.69964807230514
2015-08-05,8567.95,1085.6,289.75899205309065
2015-08-06,8588.65,1090.1,289.8180179444225
2015-08-07,8564.6,1094.1,289.87705585973265
2015-08-08,8564.6,1094.1,289.93610580147055
2015-08-09,8564.6,1094.1,289.995167772086
2015-08-10,8525.6,1104.1,290.05424177402944
2015-08-11,8462.35,1107.7,290.1133278097517
2015-08-12,8349.45,1123.6,290.1724258817041
2015-08-13,8355.85,1115.6,290.2302131240737
2015-08-14,8518.55,1112.7,290.28801187465393
2015-08-15,8518.55,1112.7,290.34582213573657
2015-08-16,8518.55,1112.7,290.4036439096139
2015-08-17,8477.3,1118.4,290.4614771985787
2015-08-18,8466.55,1116.9,290.5193220049241
2015-08-19,8495.15,1127.9,290.57717833094387
2015-08-20,8372.75,1153.2,290.6363708924245
2015-08-21,8299.95,1159.6,290.6955755118354
2015-08-22,8299.95,1159.6,290.7547921916327
2015-08-23,8299.95,1159.6,290.8140209342733
2015-08-24,7809.0,1153.6,290.8732617422144
2015-08-25,7880.7,1138.3,290.9325146179139
2015-08-26,7791.85,1124.6,290.99177956383005
2015-08-27,7948.95,1122.6,291.05105658242155
2015-08-28,8001.95,1134.0,291.11034567614774
2015-08-29,8001.95,1134.0,291.16964684746847
2015-08-30,8001.95,1134.0,291.2289600988439
2015-08-31,7971.3,1132.5,291.28828543273494
2015-09-01,7785.85,1139.8,291.3476228516028
2015-09-02,7717.0,1133.6,291.4069723579093
2015-09-03,7823.0,1124.5,291.4663339541168
2015-09-04,7655.05,1121.4,291.525707642688
2015-09-05,7655.05,1121.4,291.58509342608625
2015-09-06,7655.05,1121.4,291.6444913067753
2015-09-07,7558.8,1121.0,291.7039012872195
2015-09-08,7688.25,1121.0,291.7633233698836
2015-09-09,7818.6,1102.0,291.822757557233
2015-09-10,7788.1,1109.3,291.8822038517334
2015-09-11,7789.3,1103.3,291.9416622558512
2015-09-12,7789.3,1103.3,292.0011327720531
2015-09-13,7789.3,1103.3,292.0606154028065
2015-09-14,7872.25,1107.7,292.1201101505792
2015-09-15,7829.1,1102.6,292.1796170178395
2015-09-16,7899.15,1119.0,292.2391360070563
2015-09-17,7899.15,1117.0,292.29900019324833
2015-09-18,7981.9,1137.8,292.3588766424139
2015-09-19,7981.9,1137.8,292.41876535706507
2015-09-20,7981.9,1137.8,292.4786663397143
2015-09-21,7977.1,1132.8,292.5385795928747
2015-09-22,7812.0,1124.8,292.59850511905984
2015-09-23,7845.95,1131.5,292.6584429207838
2015-09-24,7868.5,1153.8,292.71772589967213
2015-09-25,7868.5,1145.6,292.7770208873429
2015-09-26,7868.5,1145.6,292.83632788622884
2015-09-27,7868.5,1145.6,292.8956468987629
2015-09-28,7795.7,1131.7,292.95497792737865
2015-09-29,7843.3,1126.8,293.0143209745102
2015-09-30,7948.9,1115.2,293.0736760425921
2015-10-01,7950.9,1113.7,293.13037335331194
2015-10-02,7950.9,1136.6,293.18708163255366
2015-10-03,7950.9,1136.6,293.24380088243925
2015-10-04,7950.9,1136.6,293.30053110509107
2015-10-05,8119.3,1137.6,293.3572723026319
2015-10-06,8152.9,1146.4,293.41402447718485
2015-10-07,8177.4,1148.7,293.4707876308736
2015-10-08,8129.35,1144.3,293.52756176582204
2015-10-09,8189.7,1155.9,293.5843468841547
2015-10-10,8189.7,1155.9,293.6411429879963
2015-10-11,8189.7,1155.9,293.6979500794721
2015-10-12,8143.6,1164.5,293.7547681607078
2015-10-13,8131.7,1165.4,293.81159723382933
2015-10-14,8107.9,1179.8,293.86843730096325
2015-10-15,8179.5,1187.5,293.9252883642364
2015-10-16,8238.15,1183.1,293.98215042577607
2015-10-17,8238.15,1183.1,294.0390234877099
2015-10-18,8238.15,1183.1,294.0959075521661
2015-10-19,8275.05,1172.8,294.1528026212732
2015-10-20,8261.65,1177.5,294.20970869716
2015-10-21,8251.7,1167.1,294.26662578195595
2015-10-22,8251.7,1166.1,294.32388845491323
2015-10-23,8295.45,1162.8,294.3811622708729
2015-10-24,8295.45,1162.8,294.43844723200334
2015-10-25,8295.45,1162.8,294.4957433404733
2015-10-26,8260.55,1166.2,294.55305059845205
2015-10-27,8232.9,1165.8,294.6103690081092
2015-10-28,8171.2,1176.1,294.6676985716147
2015-10-29,8111.75,1147.3,294.72503929113924
2015-10-30,8065.8,1141.4,294.7823911688536
2015-10-31,8065.8,1141.4,294.83975420692906
2015-11-01,8065.8,1141.4,294.8971284075374
2015-11-02,8050.8,1135.9,294.9545137728509
2015-11-03,8060.7,1114.1,295.011910305042
2015-11-04,8040.2,1106.2,295.0693180062837
2015-11-05,7955.45,1104.2,295.1267368787496
2015-11-06,7954.3,1087.7,295.1841669246133
2015-11-07,7954.3,1087.7,295.2416081460494
2015-11-08,7954.3,1087.7,295.29906054523235
2015-11-09,7915.2,1088.1,295.3565241243374
2015-11-10,7783.35,1088.5,295.4139988855401
2015-11-11,7825.0,1084.9,295.4718215220397
2015-11-12,7825.0,1081.0,295.5296554764095
2015-11-13,7762.25,1080.9,295.5875007508648
2015-11-14,7762.25,1080.9,295.64535734762137
2015-11-15,7762.25,1080.9,295.70322526889527
2015-11-16,7806.6,1083.6,295.7611045169032
2015-11-17,7837.55,1068.6,295.81899509386204
2015-11-18,7731.8,1068.7,295.8768970019894
2015-11-19,7842.75,1077.9,295.9348102435031
2015-11-20,7856.55,1076.3,295.9927348206215
2015-11-21,7856.55,1076.3,296.05067073556336
2015-11-22,7856.55,1076.3,296.1086179905479
2015-11-23,7849.25,1066.8,296.1665765877947
2015-11-24,7831.6,1073.8,296.2245465295239
2015-11-25,7831.6,1070.0,296.28252781795595
2015-11-26,7883.8,1056.2,296.34052045531183
2015-11-27,7942.7,1056.2,296.39852444381285
2015-11-28,7942.7,1056.2,296.4565397856809
2015-11-29,7942.7,1056.2,296.51456648313814
2015-11-30,7935.25,1065.3,296.5726045384073
2015-12-01,7954.9,1063.5,296.6306539537115
2015-12-02,7931.35,1053.8,296.6887147312742
2015-12-03,7864.15,1061.2,296.74678687331954
2015-12-04,7781.9,1084.1,296.80487038207184
2015-12-05,7781.9,1084.1,296.8629652597559
2015-12-06,7781.9,1084.1,296.92107150859715
2015-12-07,7765.4,1075.2,296.9791891308212
2015-12-08,7701.7,1075.3,297.0373181286543
2015-12-09,7612.5,1076.5,297.0954585043229
2015-12-10,7683.3,1072.0,297.1539480535208
2015-12-11,7610.45,1075.7,297.21244911762835
2015-12-12,7610.45,1075.7,297.27096169891246
2015-12-13,7610.45,1075.7,297.3294857996406
2015-12-14,7650.05,1063.4,297.3880214220806
2015-12-15,7700.9,1061.6,297.4465685685008
2015-12-16,7750.9,1076.8,297.5051272411698
2015-12-17,7844.35,1049.6,297.56403651669376
2015-12-18,7761.95,1065.0,297.6229574568998
2015-12-19,7761.95,1065.0,297.68189006409773
2015-12-20,7761.95,1065.0,297.7408343405977
2015-12-21,7834.45,1080.6,297.7997902887104
2015-12-22,7786.1,1074.1,297.85875791074693
2015-12-23,7865.95,1068.3,297.9177372090188
2015-12-24,7861.05,1075.9,297.9767281858381
2015-12-25,7861.05,1075.9,298.0357308435173
2015-12-26,7861.05,1075.9,298.0947451843693
2015-12-27,7861.05,1075.9,298.15377121070753
2015-12-28,7925.15,1068.3,298.21280892484583
2015-12-29,7928.95,1068.0,298.27185832909856
2015-12-30,7896.25,1059.8,298.33091942578045
2015-12-31,7946.35,1060.2,298.3899922172067
2016-01-01,7963.2,1060.2,298.4490767056931
2016-01-02,7963.2,1060.2,298.50817289355564
2016-01-03,7963.2,1060.2,298.567280783111
2016-01-04,7791.3,1075.2,298.62640037667626
2016-01-05,7784.65,1078.4,298.6855316765689
2016-01-06,7741.0,1091.9,298.744674685107
2016-01-07,7568.3,1107.8,298.8038294046089
2016-01-08,7601.35,1097.9,298.8629958373936
2016-01-09,7601.35,1097.9,298.92217398578026
2016-01-10,7601.35,1097.9,298.9813638520889
2016-01-11,7563.85,1096.2,299.04056543863976
2016-01-12,7510.3,1085.2,299.0997787477535
2016-01-13,7562.4,1087.1,299.1590037817513
2016-01-14,7536.8,1073.6,299.21824054295496
2016-01-15,7437.8,1090.7,299.2774890336865
2016-01-16,7437.8,1090.7,299.3367492562685
2016-01-17,7437.8,1090.7,299.396021213024
2016-01-18,7351.0,1089.1,299.45530490627647
2016-01-19,7435.1,1089.1,299.5146003383499
2016-01-20,7309.3,1106.2,299.5739075115687
2016-01-21,7276.8,1098.2,299.6339084718663
2016-01-22,7422.45,1096.3,299.6939214496165
2016-01-23,7422.45,1096.3,299.75394644722627
2016-01-24,7422.45,1096.3,299.813983467103
2016-01-25,7436.15,1105.3,299.87403251165466
2016-01-26,7436.15,1120.2,299.9340935832896
2016-01-27,7437.75,1115.8,299.9941666844167
2016-01-28,7424.65,1116.1,300.05425181744533
2016-01-29,7563.55,1116.4,300.1143489847853
2016-01-30,7563.55,1116.4,300.17445818884704
2016-01-31,7563.55,1116.4,300.23457943204124
2016-02-01,7555.95,1128.0,300.29471271677926
2016-02-02,7455.55,1127.2,300.35485804547284
2016-02-03,7361.8,1141.3,300.41501542053425
2016-02-04,7404.0,1157.5,300.47552723518834
2016-02-05,7489.1,1157.7,300.5360512385798
2016-02-06,7489.1,1157.7,300.5965874331637
2016-02-07,7489.1,1157.7,300.6571358213957
2016-02-08,7387.25,1197.9,300.71769640573194
2016-02-09,7298.2,1198.6,300.7782691886291
2016-02-10,7215.7,1194.6,300.83885417254425
2016-02-11,6976.35,1247.8,300.89945135993503
2016-02-12,6980.95,1239.4,300.96006075325954
2016-02-13,6980.95,1239.4,301.0206823549764
2016-02-14,6980.95,1239.4,301.0813161675447
2016-02-15,7162.95,1208.2,301.14196219342404
2016-02-16,7048.25,1208.2,301.2026204350745
2016-02-17,7108.45,1211.4,301.2632908949568
2016-02-18,7191.75,1226.3,301.32397357553185
2016-02-19,7210.75,1230.8,301.38466847926134
2016-02-20,7210.75,1230.8,301.44537560860726
2016-02-21,7210.75,1230.8,301.50609496603226
2016-02-22,7234.55,1210.1,301.5668265539994
2016-02-23,7109.55,1222.6,301.62757037497227
2016-02-24,7018.7,1239.1,301.68832643141485
2016-02-25,6970.6,1238.8,301.7490947257918
2016-02-26,7029.75,1220.4,301.8098752605681
2016-02-27,7029.75,1220.4,301.8706680382093
2016-02-28,7029.75,1220.4,301.9314730611815
2016-02-29,6987.05,1234.4,301.9922903319512
2016-03-01,7222.3,1230.8,302.05311985298545
2016-03-02,7368.85,1241.8,302.1139616267518
2016-03-03,7475.6,1258.2,302.1741270014277
2016-03-04,7485.35,1270.7,302.23430435791425
2016-03-05,7485.35,1270.7,302.29449369859776
2016-03-06,7485.35,1270.7,302.3546950258648
2016-03-07,7485.35,1264.0,302.4149083421024
2016-03-08,7485.3,1262.9,302.47513364969825
2016-03-09,7531.8,1257.4,302.5353709510404
2016-03-10,7486.15,1272.8,302.59562024851726
2016-03-11,7510.2,1259.4,302.6558815445179
2016-03-12,7510.2,1259.4,302.71615484143183
2016-03-13,7510.2,1259.4,302.776440141649
2016-03-14,7538.75,1245.1,302.83673744755987
2016-03-15,7460.6,1231.0,302.89704676155526
2016-03-16,7498.75,1229.8,302.95736808602663
2016-03-17,7512.55,1265.0,303.01770142336585
2016-03-18,7604.35,1254.3,303.0780467759652
2016-03-19,7604.35,1254.3,303.1384041462176
2016-03-20,7604.35,1254.3,303.19877353651617
2016-03-21,7704.25,1244.2,303.2591549492548
2016-03-22,7714.9,1248.6,303.31954838682765
2016-03-23,7716.5,1224.0,303.3799538516295
2016-03-24,7716.5,1221.6,303.440026407204
2016-03-25,7716.5,1221.6,303.5001108578027
2016-03-26,7716.5,1221.6,303.5602072057812
2016-03-27,7716.5,1221.6,303.62031545349515
2016-03-28,7615.1,1220.1,303.6804356033009
2016-03-29,7597.0,1235.8,303.7405676575551
2016-03-30,7735.2,1228.6,303.8007116186151
2016-03-31,7738.4,1235.6,303.8612129060859
2016-04-01,7713.05,1223.5,303.9217262422638
2016-04-02,7713.05,1223.5,303.9822516295482
2016-04-03,7713.05,1223.5,304.04278907033915
2016-04-04,7758.8,1219.3,304.10333856703704
2016-04-05,7603.2,1229.6,304.1639001220428
2016-04-06,7614.35,1223.8,304.22447373775776
2016-04-07,7546.45,1237.5,304.2815979255169
2016-04-08,7555.2,1243.8,304.33873283947696
2016-04-09,7555.2,1243.8,304.395878481652
2016-04-10,7555.2,1243.8,304.45303485405645
2016-04-11,7671.4,1258.0,304.5102019587051
2016-04-12,7708.95,1260.9,304.5673797976132
2016-04-13,7850.45,1248.3,304.62422208385755
2016-04-14,7850.45,1226.5,304.6810749787413
2016-04-15,7850.45,1234.6,304.7379384842444
2016-04-16,7850.45,1234.6,304.7948126023471
2016-04-17,7850.45,1234.6,304.8516973350301
2016-04-18,7914.7,1235.0,304.9085926842744
2016-04-19,7914.7,1254.3,304.9654986520614
2016-04-20,7914.75,1254.4,305.0224152403729
2016-04-21,7912.05,1250.3,305.07934245119094
2016-04-22,7899.3,1230.0,305.1362802864981
2016-04-23,7899.3,1230.0,305.1932287482773
2016-04-24,7899.3,1230.0,305.2501878385117
2016-04-25,7855.05,1240.2,305.30715755918504
2016-04-26,7962.65,1243.4,305.3641379122812
2016-04-27,7979.9,1250.4,305.4211288997845
2016-04-28,7847.25,1266.4,305.47813052367985
2016-04-29,7849.8,1290.5,305.5351427859522
2016-04-30,7849.8,1290.5,305.59216568858704
2016-05-01,7849.8,1290.5,305.6491992335703
2016-05-02,7805.9,1295.8,305.7062434228881
2016-05-03,7747.0,1291.8,305.7632982585271
2016-05-04,7706.55,1274.4,305.8203637424741
2016-05-05,7735.5,1272.3,305.87778759028083
2016-05-06,7733.45,1294.0,305.9352222205556
2016-05-07,7733.45,1294.0,305.992667635323
2016-05-08,7733.45,1294.0,306.0501238366081
2016-05-09,7866.05,1266.6,306.10759082643625
2016-05-10,7887.8,1264.8,306.1650686068332
2016-05-11,7848.85,1275.5,306.22255717982506
2016-05-12,7900.4,1271.2,306.28005654743845
2016-05-13,7814.9,1272.7,306.3375667117002
2016-05-14,7814.9,1272.7,306.39508767463764
2016-05-15,7814.9,1272.7,306.4526194382784
2016-05-16,7860.75,1274.2,306.5101620046505
2016-05-17,7890.75,1276.9,306.5677153757824
2016-05-18,7870.15,1274.4,306.62527955370297
2016-05-19,7783.4,1254.8,306.6828545404413
2016-05-20,7749.7,1252.9,306.74044033802704
2016-05-21,7749.7,1252.9,306.7980369484901
2016-05-22,7749.7,1252.9,306.8556443738608
2016-05-23,7731.05,1251.5,306.91326261616985
2016-05-24,7748.85,1229.2,306.9708916774484
2016-05-25,7934.9,1223.8,307.02853155972787
2016-05-26,8069.65,1220.4,307.0861822650401
2016-05-27,8156.65,1216.7,307.1438437954174
2016-05-28,8156.65,1216.7,307.2015161528924
2016-05-29,8156.65,1216.7,307.259199339498
2016-05-30,8178.5,1217.5,307.3168933572677
2016-05-31,8160.1,1217.5,307.3745982082352
2016-06-01,8179.95,1214.7,307.4323138944346
2016-06-02,8218.95,1212.6,307.49004041790056
2016-06-03,8220.8,1242.9,307.5477777806679
2016-06-04,8220.8,1242.9,307.605525984772
2016-06-05,8220.8,1242.9,307.6632850322484
2016-06-06,8201.05,1247.4,307.7210549251332
2016-06-07,8266.45,1247.0,307.77883566546296
2016-06-08,8273.05,1262.3,307.8366272552744
2016-06-09,8203.6,1272.7,307.89407969057646
2016-06-10,8170.05,1275.9,307.95154284839185
2016-06-11,8170.05,1275.9,308.00901673072167
2016-06-12,8170.05,1275.9,308.0665013395675
2016-06-13,8110.6,1286.9,308.1239966769312
2016-06-14,8108.85,1288.1,308.18150274481513
2016-06-15,8206.6,1288.3,308.23901954522194
2016-06-16,8140.75,1298.4,308.2961966166119
2016-06-17,8170.2,1294.8,308.35338429411365
2016-06-18,8170.2,1294.8,308.41058257969456
2016-06-19,8170.2,1294.8,308.4677914753224
2016-06-20,8238.5,1292.1,308.5250109829652
2016-06-21,8219.9,1272.5,308.5822411045916
2016-06-22,8203.7,1270.0,308.6394818421704
2016-06-23,8270.45,1263.1,308.6967331976707
2016-06-24,8088.6,1322.4,308.7539951730622
2016-06-25,8088.6,1322.4,308.8112677703148
2016-06-26,8088.6,1322.4,308.8685509913989
2016-06-27,8094.7,1324.7,308.925844838285
2016-06-28,8127.85,1317.9,308.98314931294425
2016-06-29,8204.0,1326.9,309.04046441734806
2016-06-30,8287.75,1320.6,309.0974396253797
2016-07-01,8328.35,1339.0,309.1544253374544
2016-07-02,8328.35,1339.0,309.2114215555086
2016-07-03,8328.35,1339.0,309.26842828147926
2016-07-04,8370.7,1358.7,309.32544551730365
2016-07-05,8335.95,1358.7,309.3824732649194
2016-07-06,8335.95,1367.1,309.4384570829857
2016-07-07,8337.9,1362.1,309.4944510315156
2016-07-08,8323.2,1358.4,309.55045511234226
2016-07-09,8323.2,1358.4,309.6064693272991
2016-07-10,8323.2,1358.4,309.66249367822
2016-07-11,8467.9,1356.6,309.71852816693905
2016-07-12,8521.05,1335.3,309.77457279529074
2016-07-13,8519.5,1343.6,309.83062756510986
2016-07-14,8565.0,1332.2,309.8863410539033
2016-07-15,8541.4,1327.4,309.94206456105053
2016-07-16,8541.4,1327.4,309.99779808835297
2016-07-17,8541.4,1327.4,310.0535416376125
2016-07-18,8508.7,1329.3,310.1092952106313
2016-07-19,8528.55,1332.3,310.1650588092117
2016-07-20,8565.85,1319.3,310.2208324351566
2016-07-21,8510.1,1331.0,310.27661609026904
2016-07-22,8541.2,1323.4,310.3324097763525
2016-07-23,8541.2,1323.4,310.3882134952108
2016-07-24,8541.2,1323.4,310.4440272486479
2016-07-25,8635.65,1319.5,310.49985103846825
2016-07-26,8590.65,1320.8,310.5556848664766
2016-07-27,8615.8,1326.7,310.61152873447804
2016-07-28,8666.3,1341.2,310.66738264427795
2016-07-29,8638.5,1357.5,310.723246597682
2016-07-30,8638.5,1357.5,310.77912059649617
2016-07-31,8638.5,1357.5,310.83500464252694
2016-08-01,8636.55,1359.6,310.8908987375809
2016-08-02,8622.9,1372.6,310.9468028834651
2016-08-03,8544.85,1364.7,311.00271708198693
2016-08-04,8551.1,1367.4,311.058641334954
2016-08-05,8683.15,1344.4,311.1145756441742
2016-08-06,8683.15,1344.4,311.1705200114559
2016-08-07,8683.15,1344.4,311.22647443860774
2016-08-08,8711.35,1341.3,311.2824389274387
2016-08-09,8678.25,1346.7,311.33841347975806
2016-08-10,8575.3,1351.9,311.3943980973754
2016-08-11,8592.15,1350.0,311.45039278210066
2016-08-12,8672.15,1343.2,311.5063975357441
2016-08-13,8672.15,1343.2,311.5624123601163
2016-08-14,8672.15,1343.2,311.6184372570282
2016-08-15,8672.15,1347.5,311.674472228291
2016-08-16,8642.55,1356.9,311.7305172757163
2016-08-17,8624.05,1348.8,311.786572401116
2016-08-18,8673.25,1357.2,311.8426376063022
2016-08-19,8666.9,1346.2,311.8987128930876
2016-08-20,8666.9,1346.2,311.9547982632849
2016-08-21,8666.9,1346.2,312.0108937187074
2016-08-22,8629.15,1343.4,312.0669992611686
2016-08-23,8632.6,1346.1,312.1231148924823
2016-08-24,8650.3,1329.7,312.17924061446274
2016-08-25,8592.2,1324.6,312.2353764289244
2016-08-26,8572.55,1325.9,312.291522337682
2016-08-27,8572.55,1325.9,312.3476783425508
2016-08-28,8572.55,1325.9,312.40384444534624
2016-08-29,8607.45,1327.1,312.4600206478841
2016-08-30,8744.35,1316.5,312.51620695198056
2016-08-31,8786.2,1311.4,312.57240335945204
2016-09-01,8774.65,1317.1,312.6286098721153
2016-09-02,8809.65,1326.7,312.6848264917875
2016-09-03,8809.65,1326.7,312.741053220286
2016-09-04,8809.65,1326.7,312.79729005942863
2016-09-05,8809.65,1354.0,312.85353701103344
2016-09-06,8943.0,1354.0,312.90979407691884
2016-09-07,8917.95,1349.2,312.9660612589036
2016-09-08,8952.5,1341.6,313.0223385588068
2016-09-09,8866.7,1334.5,313.0786259784478
2016-09-10,8866.7,1334.5,313.13492351964635
2016-09-11,8866.7,1334.5,313.1912311842225
2016-09-12,8715.6,1325.6,313.2475489739966
2016-09-13,8715.6,1323.7,313.3038768907893
2016-09-14,8726.6,1326.1,313.3602149364218
2016-09-15,8742.55,1318.0,313.4162068264436
2016-09-16,8779.85,1310.2,313.4722087212189
2016-09-17,8779.85,1310.2,313.5282206225356
2016-09-18,8779.85,1310.2,313.58424253218163
2016-09-19,8808.4,1317.8,313.64027445194523
2016-09-20,8775.9,1318.2,313.69631638361506
2016-09-21,8777.15,1331.4,313.7523683289801
2016-09-22,8867.45,1344.7,313.8084302898295
2016-09-23,8831.55,1341.7,313.864502267953
2016-09-24,8831.55,1341.7,313.92058426514046
2016-09-25,8831.55,1341.7,313.9766762831821
2016-09-26,8723.05,1344.1,314.03277832386846
2016-09-27,8706.4,1330.4,314.0888903889904
2016-09-28,8745.15,1323.7,314.1450124803391
2016-09-29,8591.25,1326.0,314.20114459970614
2016-09-30,8611.15,1317.1,314.25728674888325
2016-10-01,8611.15,1317.1,314.31343892966265
2016-10-02,8611.15,1317.1,314.3696011438368
2016-10-03,8738.1,1312.7,314.4257733931985
2016-10-04,8769.15,1269.7,314.4819556795408
2016-10-05,8743.95,1268.6,314.5381480046571
2016-10-06,8709.55,1253.0,314.59292331507254
2016-10-07,8697.6,1251.9,314.64770816434566
2016-10-08,8697.6,1251.9,314.7025025541376
2016-10-09,8697.6,1251.9,314.7573064861098
2016-10-10,8708.8,1260.4,314.81211996192405
2016-10-11,8708.8,1255.9,314.86694298324227
2016-10-12,8708.8,1253.8,314.9217755517268
2016-10-13,8573.35,1257.6,314.97661766904025
2016-10-14,8583.4,1255.5,315.0314693368455
2016-10-15,8583.4,1255.5,315.08633055680565
2016-10-16,8583.4,1255.5,315.14120133058424
2016-10-17,8520.4,1256.6,315.196081659845
2016-10-18,8677.9,1262.9,315.250971546252
2016-10-19,8659.1,1269.9,315.30587099146953
2016-10-20,8699.4,1267.5,315.3611376317666
2016-10-21,8693.05,1267.7,315.4164139591701
2016-10-22,8693.05,1267.7,315.471699975378
2016-10-23,8693.05,1267.7,315.5269956820885
2016-10-24,8708.95,1263.7,315.5823010810002
2016-10-25,8691.3,1273.6,315.63761617381186
2016-10-26,8615.25,1266.6,315.69294096222274
2016-10-27,8615.25,1269.5,315.747917374295
2016-10-28,8638.0,1276.8,315.8029033602459
2016-10-29,8638.0,1276.8,315.8578989217426
2016-10-30,8625.7,1276.8,315.91290406045266
2016-10-31,8625.7,1273.1,315.9679187780439
2016-11-01,8626.25,1288.0,316.02294307618445
2016-11-02,8514.0,1308.2,316.07797695654267
2016-11-03,8484.95,1303.3,316.1333789311502
2016-11-04,8433.75,1304.5,316.18879061658555
2016-11-05,8433.75,1304.5,316.2442120145507
2016-11-06,8433.75,1304.5,316.2996431267481
2016-11-07,8497.05,1279.4,316.35508395488057
2016-11-08,8543.55,1274.5,316.4105345006509
2016-11-09,8432.0,1273.5,316.4659947657626
2016-11-10,8525.75,1266.4,316.5207468509776
2016-11-11,8296.3,1224.3,316.5755084089034
2016-11-12,8296.3,1224.3,316.6302794411788
2016-11-13,8296.3,1224.3,316.68505994944303
2016-11-14,8296.3,1221.7,316.73984993533554
2016-11-15,8108.45,1224.5,316.79464940049604
2016-11-16,8111.6,1223.9,316.8494583465645
2016-11-17,8079.95,1216.9,316.9010466468676
2016-11-18,8074.1,1208.7,316.952643346594
2016-11-19,8074.1,1208.7,317.0042484471113
2016-11-20,8074.1,1208.7,317.05586194978724
2016-11-21,7929.1,1209.8,317.10748385598987
2016-11-22,8002.3,1211.2,317.1591141670874
2016-11-23,8033.3,1189.3,317.2107528844483
2016-11-24,7965.5,1178.4,317.2616821571621
2016-11-25,8114.3,1178.4,317.3126196067451
2016-11-26,8114.3,1178.4,317.36356523451
2016-11-27,8114.3,1178.4,317.41451904176995
2016-11-28,8126.9,1190.8,317.46548102983814
2016-11-29,8142.15,1190.8,317.51645120002803
2016-11-30,8224.5,1173.9,317.5674295536533
2016-12-01,8192.9,1169.4,317.6191347514712
2016-12-02,8086.8,1177.8,317.6708483677452
2016-12-03,8086.8,1177.8,317.722570403846
2016-12-04,8086.8,1177.8,317.7743008611446
2016-12-05,8128.75,1176.5,317.8260397410119
2016-12-06,8143.15,1170.1,317.87778704481946
2016-12-07,8102.05,1177.5,317.92954277393864
2016-12-08,8246.85,1172.4,317.9813069297413
2016-12-09,8261.75,1161.9,318.0330795135995
2016-12-10,8261.75,1161.9,318.08486052688534
2016-12-11,8261.75,1161.9,318.13664997097135
2016-12-12,8170.8,1165.8,318.18844784723024
2016-12-13,8221.8,1159.0,318.2402541570348
2016-12-14,8182.45,1163.7,318.2920689017583
2016-12-15,8153.6,1129.8,318.3460547247763
2016-12-16,8139.45,1137.4,318.4000497043816
2016-12-17,8139.45,1137.4,318.45405384212705
2016-12-18,8139.45,1137.4,318.5080671395661
2016-12-19,8104.35,1142.7,318.56208959825244
2016-12-20,8082.4,1133.6,318.61612121973974
2016-12-21,8061.3,1133.2,318.67016200558214
2016-12-22,7979.1,1130.7,318.724573407874
2016-12-23,7985.75,1133.6,318.7789941006519
2016-12-24,7985.75,1133.6,318.8334240855022
2016-12-25,7985.75,1133.6,318.8878633640114
2016-12-26,7908.25,1133.6,318.9423119377664
2016-12-27,8032.85,1138.8,318.9967698083544
2016-12-28,8034.85,1140.9,319.05123697736263
2016-12-29,8103.6,1158.1,319.1060744550388
2016-12-30,8185.8,1151.7,319.1609213580003
2016-12-31,8185.8,1151.7,319.2157776878672
2017-01-01,8185.8,1151.7,319.27064344625967
2017-01-02,8179.5,1151.7,319.3255186347984
2017-01-03,8192.25,1162.0,319.380403255104
2017-01-04,8190.5,1165.3,319.4352973087978
2017-01-05,8273.8,1181.3,319.48947703588215
2017-01-06,8243.8,1173.4,319.543665952442
2017-01-07,8243.8,1173.4,319.597864060036
2017-01-08,8243.8,1173.4,319.6520713602229
2017-01-09,8236.05,1184.9,319.70628785456205
2017-01-10,8288.6,1185.5,319.7605135446128
2017-01-11,8380.65,1196.6,319.8147484319348
2017-01-12,8407.2,1199.8,319.8697171394496
2017-01-13,8400.35,1196.2,319.9246952948051
2017-01-14,8400.35,1196.2,319.9796828996252
2017-01-15,8400.35,1196.2,320.034679955534
2017-01-16,8412.8,1212.9,320.089686464156
2017-01-17,8398.0,1212.9,320.1447024271158
2017-01-18,8417.0,1212.1,320.1997278460385
2017-01-19,8435.1,1201.5,320.2547627225493
2017-01-20,8349.35,1204.9,320.3098070582737
2017-01-21,8349.35,1204.9,320.3648608548376
2017-01-22,8349.35,1204.9,320.419924113867
2017-01-23,8391.5,1215.6,320.4749968369884
2017-01-24,8475.8,1210.8,320.53007902582834
2017-01-25,8602.75,1197.8,320.5851706820138
2017-01-26,8602.75,1189.8,320.6399090628556
2017-01-27,8641.25,1188.4,320.6946567900135
2017-01-28,8641.25,1188.4,320.7494138650833
2017-01-29,8641.25,1188.4,320.80418028966113
2017-01-30,8632.75,1196.0,320.85895606534336
2017-01-31,8561.3,1211.4,320.9137411937267
2017-02-01,8716.4,1208.3,320.96853567640807
2017-02-02,8734.25,1219.4,321.02297545752225
2017-02-03,8740.95,1220.8,321.0774244722199
2017-02-04,8740.95,1220.8,321.13188272206713
2017-02-05,8740.95,1220.8,321.1863502086304
2017-02-06,8801.05,1232.1,321.24082693347617
2017-02-07,8768.3,1236.1,321.2953128981715
2017-02-08,8769.05,1239.5,321.3498081042836
2017-02-09,8778.4,1236.8,321.4035844539516
2017-02-10,8793.55,1235.9,321.4573698028338
2017-02-11,8793.55,1235.9,321.5111641524363
2017-02-12,8793.55,1235.9,321.5649675042653
2017-02-13,8805.05,1225.8,321.61877985982727
2017-02-14,8792.3,1225.4,321.6726012206289
2017-02-15,8724.7,1233.1,321.72643158817726
2017-02-16,8778.0,1241.6,321.7809999167438
2017-02-17,8821.7,1239.1,321.83557750069684
2017-02-18,8821.7,1239.1,321.89016434160624
2017-02-19,8821.7,1239.1,321.94476044104204
2017-02-20,8879.2,1238.9,321.99936580057465
2017-02-21,8907.85,1238.9,322.0539804217746
2017-02-22,8926.9,1233.3,322.1086043062129
2017-02-23,8939.5,1251.4,322.1628729873686
2017-02-24,8939.5,1258.3,322.2171508116819
2017-02-25,8939.5,1258.3,322.27143778069336
2017-02-26,8939.5,1258.3,322.3257338959436
2017-02-27,8896.7,1258.8,322.38003915897355
2017-02-28,8879.6,1253.9,322.4343535713245
2017-03-01,8945.8,1250.0,322.48867713453785
2017-03-02,8899.75,1232.9,322.54227917033074
2017-03-03,8897.55,1226.5,322.5958901155163
2017-03-04,8897.55,1226.5,322.6495099715753
2017-03-05,8897.55,1226.5,322.7031387399889
2017-03-06,8963.45,1225.5,322.7567764222385
2017-03-07,8946.9,1216.1,322.8104230198056
2017-03-08,8924.3,1209.4,322.86407853417217
2017-03-09,8927.0,1203.2,322.9166461135123
2017-03-10,8934.55,1201.4,322.9692222517184
2017-03-11,8934.55,1201.4,323.0218069501841
2017-03-12,8934.55,1201.4,323.0744002103031
2017-03-13,8934.55,1203.1,323.1270020334694
2017-03-14,9087.0,1202.6,323.17961242107725
2017-03-15,9084.8,1200.7,323.232231374521
2017-03-16,9153.7,1227.1,323.2848588951953
2017-03-17,9160.05,1230.2,323.33749498449515
2017-03-18,9160.05,1230.2,323.3901396438156
2017-03-19,9160.05,1230.2,323.4427928745519
2017-03-20,9126.85,1234.0,323.49545467809975
2017-03-21,9121.5,1246.5,323.5481250558549
2017-03-22,9030.45,1249.7,323.60080400921333
2017-03-23,9086.3,1247.2,323.652759226519
2017-03-24,9108.0,1248.5,323.7047227854127
2017-03-25,9108.0,1248.5,323.75669468723373
2017-03-26,9108.0,1248.5,323.8086749333216
2017-03-27,9045.2,1255.7,323.860663525016
2017-03-28,9100.8,1255.6,323.9126604636568
2017-03-29,9143.8,1253.7,323.9646657505842
2017-03-30,9173.75,1248.0,324.01631281890025
2017-03-31,9173.75,1251.2,324.067968120891
2017-04-01,9173.75,1251.2,324.1196316578691
2017-04-02,9173.75,1251.2,324.1713034311473
2017-04-03,9237.85,1254.0,324.2229834420387
2017-04-04,9237.85,1258.4,324.2746716918565
2017-04-05,9265.15,1248.5,324.3263681819143
2017-04-06,9261.95,1253.3,324.37843989103266
2017-04-07,9198.3,1257.3,324.43051996044227
2017-04-08,9198.3,1257.3,324.48260839148537
2017-04-09,9198.3,1257.3,324.53470518550444
2017-04-10,9181.45,1253.9,324.5868103438422
2017-04-11,9237.0,1278.1,324.6389238678416
2017-04-12,9203.45,1288.5,324.69104575884575
2017-04-13,9150.8,1288.5,324.74427818862455
2017-04-14,9150.8,1288.5,324.79751934575086
2017-04-15,9150.8,1288.5,324.8507692316555
2017-04-16,9150.8,1288.5,324.90402784776944
2017-04-17,9139.3,1294.1,324.9572951955241
2017-04-18,9105.15,1283.4,325.010571276351
2017-04-19,9103.5,1283.8,325.0638560916819
2017-04-20,9136.4,1289.1,325.11825396947347
2017-04-21,9119.4,1289.1,325.1726609504891
2017-04-22,9119.4,1289.1,325.2270770362521
2017-04-23,9119.4,1289.1,325.28150222828623
2017-04-24,9217.95,1267.2,325.33593652811527
2017-04-25,9306.6,1264.2,325.3903799372634
2017-04-26,9351.85,1265.9,325.444832457255
2017-04-27,9342.15,1268.3,325.5000314673585
2017-04-28,9304.05,1268.3,325.555239839819
2017-04-29,9304.05,1268.3,325.6104575762246
2017-04-30,9304.05,1268.3,325.6656846781633
2017-05-01,9304.05,1257.0,325.7209211472237
2017-05-02,9313.8,1248.5,325.7761669849947
2017-05-03,9311.95,1228.6,325.8314221930652
2017-05-04,9359.9,1226.9,325.88705634619924
2017-05-05,9285.3,1226.9,325.9426999985982
2017-05-06,9285.3,1226.9,325.99835315188403
2017-05-07,9285.3,1226.9,326.0540158076789
2017-05-08,9314.05,1216.1,326.10968796760545
2017-05-09,9316.85,1218.9,326.16536963328633
2017-05-10,9407.3,1224.2,326.2214298646944
2017-05-11,9422.4,1227.7,326.2774997315508
2017-05-12,9400.9,1227.7,326.33357923551154
2017-05-13,9400.9,1227.7,326.38966837823307
2017-05-14,9400.9,1227.7,326.44576716137203
2017-05-15,9445.4,1236.4,326.5018755865854
2017-05-16,9512.25,1258.7,326.5579936555304
2017-05-17,9525.75,1252.8,326.6141213698647
2017-05-18,9429.45,1253.6,326.6702587312459
2017-05-19,9427.9,1253.6,326.72640574133226
2017-05-20,9427.9,1253.6,326.7825624017821
2017-05-21,9427.9,1253.6,326.83872871425416
2017-05-22,9438.25,1255.5,326.8949046804073
2017-05-23,9386.15,1253.1,326.9510903019008
2017-05-24,9360.55,1256.4,327.00728558039424
2017-05-25,9509.75,1268.1,327.0634905175474
2017-05-26,9595.1,1268.1,327.11970511502034
2017-05-27,9595.1,1268.1,327.1759293744735
2017-05-28,9595.1,1268.1,327.2321632975676
2017-05-29,9604.9,1268.1,327.2884068859634
2017-05-30,9624.55,1275.4,327.3446601413223
2017-05-31,9621.25,1270.1,327.40092306530585
2017-06-01,9616.1,1280.2,327.4575670129515
2017-06-02,9653.5,1280.2,327.51422076062084
2017-06-03,9653.5,1280.2,327.5708843100094
2017-06-04,9653.5,1280.2,327.62755766281293
2017-06-05,9675.1,1297.5,327.6842408207276
2017-06-06,9637.15,1293.2,327.7409337854498
2017-06-07,9663.9,1279.5,327.7976365586762
2017-06-08,9647.25,1271.4,327.85397733875703
2017-06-09,9668.25,1271.4,327.91032780250595
2017-06-10,9668.25,1271.4,327.96668795158735
2017-06-11,9668.25,1271.4,328.02305778766583
2017-06-12,9616.4,1268.6,328.07943731240647
2017-06-13,9606.9,1275.9,328.1358265274744
2017-06-14,9618.15,1254.6,328.19222543453526
2017-06-15,9578.05,1256.5,328.24863403525484
2017-06-16,9588.05,1256.5,328.30505233129924
2017-06-17,9588.05,1256.5,328.3614803243349
2017-06-18,9588.05,1256.5,328.41791801602847
2017-06-19,9657.55,1243.5,328.47436540804694
2017-06-20,9653.5,1245.8,328.5308225020576
2017-06-21,9633.6,1249.4,328.5872892997279
2017-06-22,9630.0,1256.4,328.6437658027258
2017-06-23,9574.95,1256.4,328.7002520127194
2017-06-24,9574.95,1256.4,328.756747931377
2017-06-25,9574.95,1256.4,328.81325356036734
2017-06-26,9574.95,1246.9,328.86976890135946
2017-06-27,9511.4,1249.1,328.92629395602256
2017-06-28,9491.25,1245.8,328.98282872602624
2017-06-29,9504.1,1242.3,329.03937321304034
2017-06-30,9520.9,1242.3,329.09592741873496
2017-07-01,9520.9,1242.3,329.1524913447805
2017-07-02,9520.9,1242.3,329.20906499284774
2017-07-03,9615.0,1221.7,329.2656483646076
2017-07-04,9613.3,1221.7,329.3222414617313
2017-07-05,9637.6,1223.3,329.3788442858905
2017-07-06,9674.55,1209.7,329.4358304355832
2017-07-07,9665.8,1209.7,329.49282644450426
2017-07-08,9665.8,1209.7,329.5498323143595
2017-07-09,9665.8,1209.7,329.6068480468549
2017-07-10,9771.05,1214.7,329.6638736436969
2017-07-11,9786.05,1219.1,329.72090910659205
2017-07-12,9816.1,1217.3,329.77795443724733
2017-07-13,9891.7,1227.5,329.83426244184034
2017-07-14,9886.35,1227.5,329.8905800607552
2017-07-15,9886.35,1227.5,329.9469072956334
2017-07-16,9886.35,1227.5,330.0032441481169
2017-07-17,9915.95,1241.9,330.05959061984794
2017-07-18,9827.15,1242.0,330.1159467124688
2017-07-19,9899.6,1245.5,330.1723124276224
2017-07-20,9873.3,1254.9,330.2275651810891
2017-07-21,9915.25,1254.9,330.28282718083926
2017-07-22,9915.25,1254.9,330.3380984284201
2017-07-23,9915.25,1254.9,330.3933789253793
2017-07-24,9966.4,1252.1,330.4486686732646
2017-07-25,9964.55,1249.4,330.5039676736241
2017-07-26,10020.65,1260.0,330.5592759280062
2017-07-27,10020.55,1275.3,330.61496837368617
2017-07-28,10014.5,1275.3,330.6706702023989
2017-07-29,10014.5,1275.3,330.72638141572526
2017-07-30,10014.5,1275.3,330.78210201524627
2017-07-31,10077.1,1279.4,330.83783200254334
2017-08-01,10114.65,1278.4,330.89357137919814
2017-08-02,10081.5,1274.4,330.9493201467926
2017-08-03,10013.65,1264.6,331.0050783069089
2017-08-04,10066.4,1264.6,331.06084586112945
2017-08-05,10066.4,1264.6,331.11662281103696
2017-08-06,10066.4,1264.6,331.1724091582144
2017-08-07,10057.4,1262.6,331.2282049042451
2017-08-08,9978.55,1279.3,331.2840100507125
2017-08-09,9908.05,1290.1,331.3398245992004
2017-08-10,9820.25,1294.0,331.3956485512928
2017-08-11,9710.8,1294.0,331.4514819085741
2017-08-12,9710.8,1294.0,331.50732467262884
2017-08-13,9710.8,1294.0,331.5631768450419
2017-08-14,9794.15,1279.7,331.6190384273983
2017-08-15,9794.15,1282.9,331.6749094212836
2017-08-16,9897.3,1292.4,331.7307898282832
2017-08-17,9904.15,1291.6,331.7866796499832
2017-08-18,9837.4,1291.6,331.8425788879697
2017-08-19,9837.4,1291.6,331.8984875438293
2017-08-20,9837.4,1291.6,331.95440561914853
2017-08-21,9754.35,1291.0,332.01033311551447
2017-08-22,9765.55,1294.7,332.06627003451433
2017-08-23,9852.5,1292.0,332.12221637773564
2017-08-24,9857.05,1297.9,332.17779543827965
2017-08-25,9857.05,1297.9,332.2333837997129
2017-08-26,9857.05,1297.9,332.288981463592
2017-08-27,9857.05,1297.9,332.34458843147354
2017-08-28,9912.8,1318.9,332.40020470491453
2017-08-29,9796.05,1314.1,332.45583028547225
2017-08-30,9884.4,1322.2,332.5114651747042
2017-08-31,9917.9,1330.4,332.56710937416807
2017-09-01,9974.4,1330.4,332.62276288542193
2017-09-02,9974.4,1330.4,332.6784257100241
2017-09-03,9974.4,1330.4,332.7340978495331
2017-09-04,9912.85,1330.4,332.7897793055077
2017-09-05,9952.2,1339.0,332.845470079507
2017-09-06,9916.2,1350.3,332.9011701730903
2017-09-07,9929.9,1351.2,332.95650290786307
2017-09-08,9934.8,1351.2,333.0118448396944
2017-09-09,9934.8,1351.2,333.0671959701129
2017-09-10,9934.8,1351.2,333.1225563006475
2017-09-11,10006.05,1332.7,333.1779258328274
2017-09-12,10093.05,1328.0,333.233304568182
2017-09-13,10079.3,1329.3,333.28869250824107
2017-09-14,10086.6,1325.2,333.3444667729728
2017-09-15,10085.4,1325.2,333.4002503712603
2017-09-16,10085.4,1325.2,333.4560433046656
2017-09-17,10085.4,1325.2,333.51184557475074
2017-09-18,10153.1,1310.6,333.5676571830782
2017-09-19,10147.55,1316.4,333.6234781312108
2017-09-20,10141.15,1294.8,333.6793084207114
2017-09-21,10121.9,1297.5,333.73514805314323
2017-09-22,9964.4,1297.5,333.7909970300699
2017-09-23,9964.4,1297.5,333.84685535305505
2017-09-24,9964.4,1297.5,333.9027230236628
2017-09-25,9872.6,1301.7,333.95860004345724
2017-09-26,9871.5,1287.8,334.0144864140031
2017-09-27,9735.75,1288.7,334.07038213686513
2017-09-28,9768.95,1284.8,334.1262872136084
2017-09-29,9788.6,1284.8,334.1822016457982
2017-09-30,9788.6,1284.8,334.23812543500014
2017-10-01,9788.6,1284.8,334.2940585827801
2017-10-02,9788.6,1274.6,334.3500010907041
2017-10-03,9859.5,1276.8,334.4059529603387
2017-10-04,9914.9,1273.2,334.4619141932504
2017-10-05,9888.7,1274.9,334.51750634505936
2017-10-06,9979.7,1274.9,334.5731077370455
2017-10-07,9979.7,1274.9,334.6287183707447
2017-10-08,9979.7,1274.9,334.684338247693
2017-10-09,9988.75,1293.8,334.7399673694268
2017-10-10,10016.95,1288.9,334.7956057374826
2017-10-11,9984.8,1296.5,334.8512533533974
2017-10-12,10096.4,1304.6,334.9069102187082
2017-10-13,10167.45,1304.6,334.9625763349525
2017-10-14,10167.45,1304.6,335.01825170366783
2017-10-15,10167.45,1304.6,335.07393632639213
2017-10-16,10230.85,1286.2,335.1296302046636
2017-10-17,10234.45,1283.0,335.18533334002046
2017-10-18,10210.85,1290.0,335.2414249985019
2017-10-19,10146.55,1280.5,335.2975260436534
2017-10-20,10146.55,1280.5,335.3536364770459
2017-10-21,10146.55,1280.5,335.4097563002504
2017-10-22,10146.55,1280.5,335.4658855148382
2017-10-23,10184.85,1278.3,335.52202412238097
2017-10-24,10207.7,1279.0,335.5781721244506
2017-10-25,10295.35,1269.6,335.6343295226191
2017-10-26,10343.8,1271.8,335.690496318459
2017-10-27,10323.05,1271.8,335.7466725135429
2017-10-28,10323.05,1271.8,335.80285810944366
2017-10-29,10323.05,1271.8,335.8590531077345
2017-10-30,10363.65,1270.5,335.915257509989
2017-10-31,10335.3,1277.3,335.97147131778064
2017-11-01,10440.5,1278.1,336.0276945326835
2017-11-02,10423.8,1269.2,336.0839271562718
2017-11-03,10452.5,1269.2,336.14016919012005
2017-11-04,10452.5,1269.2,336.196420635803
2017-11-05,10452.5,1269.2,336.25268149489574
2017-11-06,10451.8,1275.8,336.3089517689735
2017-11-07,10350.15,1283.7,336.36523145961183
2017-11-08,10303.15,1287.5,336.42152056838654
2017-11-09,10308.95,1274.2,336.4778190968737
2017-11-10,10321.75,1274.2,336.5341270466497
2017-11-11,10321.75,1274.2,336.59044441929115
2017-11-12,10321.75,1274.2,336.6467712163749
2017-11-13,10224.95,1282.9,336.70310743947806
2017-11-14,10186.6,1277.7,336.75945309017806
2017-11-15,10118.05,1278.2,336.8158081700525
2017-11-16,10214.75,1296.5,336.87217268067945
2017-11-17,10283.6,1296.5,336.928546623637
2017-11-18,10283.6,1296.5,336.98493000050354
2017-11-19,10283.6,1296.5,337.0413228128579
2017-11-20,10298.75,1281.7,337.09772506227904
2017-11-21,10326.9,1292.2,337.1541367503462
2017-11-22,10342.3,1287.3,337.2105578786389
2017-11-23,10348.75,1287.3,337.2669884487369
2017-11-24,10389.7,1287.3,337.32342846222025
2017-11-25,10389.7,1287.3,337.37987792066923
2017-11-26,10389.7,1287.3,337.43633682566445
2017-11-27,10399.55,1294.9,337.49280517878674
2017-11-28,10370.25,1286.2,337.5492829816172
2017-11-29,10361.3,1276.7,337.6057702357372
2017-11-30,10226.55,1282.3,337.66264987091705
2017-12-01,10121.8,1282.3,337.7195390891467
2017-12-02,10121.8,1282.3,337.77643789204063
2017-12-03,10121.8,1282.3,337.8333462812137
2017-12-04,10127.75,1264.9,337.89026425828104
2017-12-05,10118.25,1266.1,337.94719182485795
2017-12-06,10044.1,1253.1,338.0041289825601
2017-12-07,10166.7,1248.4,338.0610757330033
2017-12-08,10265.65,1248.4,338.11803207780395
2017-12-09,10265.65,1248.4,338.17499801857826
2017-12-10,10265.65,1248.4,338.2319735569431
2017-12-11,10322.25,1241.7,338.28895869451543
2017-12-12,10240.15,1248.6,338.3459534329125
2017-12-13,10192.95,1257.1,338.40295777375184
2017-12-14,10252.1,1257.5,338.45997171865133
2017-12-15,10333.25,1257.5,338.516995269229
2017-12-16,10333.25,1257.5,338.57402842710326
2017-12-17,10333.25,1257.5,338.6310711938927
2017-12-18,10388.75,1264.2,338.6881235712162
2017-12-19,10463.2,1269.6,338.74518556069296
2017-12-20,10444.2,1270.6,338.80225716394244
2017-12-21,10440.3,1278.8,338.85972173965894
2017-12-22,10493.0,1278.8,338.91719606199723
2017-12-23,10493.0,1278.8,338.97468013261044
2017-12-24,10493.0,1278.8,339.032173953152
2017-12-25,10493.0,1278.8,339.08967752527553
2017-12-26,10531.5,1291.4,339.1471908506351
2017-12-27,10490.75,1297.2,339.20471393088496
2017-12-28,10477.9,1309.3,339.2622467676796
2017-12-29,10530.7,1309.3,339.3197893626739
2017-12-30,10530.7,1309.3,339.3773417175229
2017-12-31,10530.7,1309.3,339.43490383388195
2018-01-01,10435.55,1309.3,339.49247571340675
2018-01-02,10442.2,1318.5,339.55005735775325
2018-01-03,10443.2,1321.6,339.6076487685777
2018-01-04,10504.8,1322.3,339.66601941472976
2018-01-05,10558.85,1322.3,339.7244000934366
2018-01-06,10558.85,1322.3,339.7827908064225
2018-01-07,10558.85,1322.3,339.8411915554123
2018-01-08,10623.6,1313.7,339.8996023421308
2018-01-09,10637.0,1319.3,339.9580231683032
2018-01-10,10632.2,1322.5,340.0164540356552
2018-01-11,10651.2,1334.9,340.0752806084111
2018-01-12,10681.25,1334.9,340.1341173588088
2018-01-13,10681.25,1334.9,340.19296428860906
2018-01-14,10681.25,1334.9,340.2518213995731
2018-01-15,10741.55,1334.9,340.31068869346234
2018-01-16,10700.45,1339.2,340.36956617203856
2018-01-17,10788.55,1327.2,340.4284538370638
2018-01-18,10817.0,1333.1,340.4877378201083
2018-01-19,10894.7,1333.1,340.54703212717425
2018-01-20,10894.7,1333.1,340.6063367600595
2018-01-21,10894.7,1333.1,340.6656517205622
2018-01-22,10966.2,1336.7,340.7249770104809
2018-01-23,11083.7,1356.3,340.78431263161445
2018-01-24,11086.0,1362.9,340.8436585857619
2018-01-25,11069.65,1352.1,340.9034014754752
2018-01-26,11069.65,1352.1,340.96315483688943
2018-01-27,11069.65,1352.1,341.02291867184016
2018-01-28,11069.65,1352.1,341.0826929821631
2018-01-29,11130.4,1340.0,341.14247776969444
2018-01-30,11049.65,1343.1,341.2022730362705
2018-01-31,11027.7,1347.9,341.2620787837282
2018-02-01,11016.9,1337.3,341.3218950139045
2018-02-02,10760.6,1337.3,341.3817217286369
2018-02-03,10760.6,1337.3,341.441558929763
2018-02-04,10760.6,1337.3,341.501406619121
2018-02-05,10666.55,1329.5,341.56126479854913
2018-02-06,10498.25,1314.6,341.62113346988616
2018-02-07,10476.7,1319.0,341.6810126349711
2018-02-08,10576.85,1315.7,341.7409022956433
2018-02-09,10454.95,1315.7,341.80080245374245
2018-02-10,10454.95,1315.7,341.86071311110845
2018-02-11,10454.95,1315.7,341.9206342695816
2018-02-12,10539.75,1330.4,341.9805659310027
2018-02-13,10539.75,1358.0,342.04050809721247
2018-02-14,10500.9,1355.3,342.10046077005234
2018-02-15,10545.5,1356.2,342.1600359250877
2018-02-16,10452.3,1356.2,342.2196214548508
2018-02-17,10452.3,1356.2,342.2792173611482
2018-02-18,10452.3,1356.2,342.33882364578693
2018-02-19,10378.4,1356.2,342.3984403105744
2018-02-20,10360.4,1332.1,342.4580673573181
2018-02-21,10397.45,1332.7,342.5177047878262
2018-02-22,10382.7,1330.3,342.57735260390683
2018-02-23,10491.05,1330.3,342.63701080736865
2018-02-24,10491.05,1330.3,342.69667940002057
2018-02-25,10491.05,1330.3,342.75635838367185
2018-02-26,10582.6,1318.6,342.816047760132
2018-02-27,10554.3,1317.9,342.8757475312109
2018-02-28,10492.85,1305.2,342.93545769871866
2018-03-01,10458.35,1323.4,342.99517826446584
2018-03-02,10458.35,1323.4,343.0549092302632
2018-03-03,10458.35,1323.4,343.11465059792187
2018-03-04,10458.35,1323.4,343.1744023692533
2018-03-05,10358.85,1335.2,343.2341645460692
2018-03-06,10249.25,1327.6,343.2939371301817
2018-03-07,10154.2,1321.7,343.3537201234031
2018-03-08,10242.65,1324.0,343.413124079765
2018-03-09,10226.85,1324.0,343.4725383136623
2018-03-10,10226.85,1324.0,343.5319628268732
2018-03-11,10226.85,1324.0,343.59139762117616
2018-03-12,10421.4,1327.1,343.65084269834983
2018-03-13,10426.85,1325.6,343.71029806017333
2018-03-14,10410.9,1317.8,343.769763708426
2018-03-15,10360.15,1312.3,343.828460747368
2018-03-16,10195.15,1312.3,343.88716780854804
2018-03-17,10195.15,1312.3,343.9458848936773
2018-03-18,10195.15,1312.3,344.00461200446733
2018-03-19,10094.25,1311.9,344.06334914263
2018-03-20,10124.35,1321.5,344.1220963098773
2018-03-21,10155.25,1327.4,344.18085350792177
2018-03-22,10114.75,1349.9,344.23884090952856
2018-03-23,9998.05,1349.9,344.29683808082103
2018-03-24,9998.05,1349.9,344.35484502344514
2018-03-25,9998.05,1349.9,344.4128617390471
2018-03-26,10130.65,1342.0,344.4708882292736
2018-03-27,10184.15,1330.0,344.52892449577126
2018-03-28,10113.7,1327.3,344.5865797594346
2018-03-29,10113.7,1327.3,344.6442446714299
2018-03-30,10113.7,1327.3,344.7019192333717
2018-03-31,10113.7,1327.3,344.75960344687496
2018-04-01,10113.7,1327.3,344.8172973135548
2018-04-02,10211.8,1337.3,344.8750008350265
2018-04-03,10245.0,1340.2,344.93271401290593
2018-04-04,10128.4,1328.5,344.990436848809
2018-04-05,10325.15,1336.1,345.0481693443519
2018-04-06,10331.6,1336.1,345.10591150115107
2018-04-07,10331.6,1336.1,345.1636633208234
2018-04-08,10331.6,1336.1,345.2214248049858
2018-04-09,10379.35,1345.9,345.27919595525566
2018-04-10,10402.25,1360.0,345.3369767732505
2018-04-11,10417.15,1341.9,345.39476726058825
2018-04-12,10458.65,1347.9,345.452567418887
2018-04-13,10480.6,1347.9,345.51037724976504
2018-04-14,10480.6,1347.9,345.56819675484115
2018-04-15,10480.6,1347.9,345.6260259357342
2018-04-16,10528.35,1349.5,345.6838647940634
2018-04-17,10548.7,1353.5,345.7417133314483
2018-04-18,10526.2,1348.8,345.7995715495085
2018-04-19,10565.3,1338.3,345.85743944986416
2018-04-20,10564.05,1338.3,345.91531703413546
2018-04-21,10564.05,1338.3,345.97320430394296
2018-04-22,10564.05,1338.3,346.0311012609076
2018-04-23,10584.7,1333.0,346.08900790665035
2018-04-24,10614.35,1322.8,346.14692424279264
2018-04-25,10570.55,1317.9,346.2048502709561
2018-04-26,10617.8,1323.4,346.26357040758785
2018-04-27,10692.3,1323.4,346.32230050379826
2018-04-28,10692.3,1323.4,346.3810405612766
2018-04-29,10692.3,1323.4,346.4397905817125
2018-04-30,10739.35,1306.8,346.49855056679564
2018-05-01,10739.35,1305.6,346.5573205182162
2018-05-02,10718.05,1312.7,346.6161004376646
2018-05-03,10679.65,1314.7,346.6752834749564
2018-05-04,10618.25,1314.7,346.734476617468
2018-05-05,10618.25,1314.7,346.7936798669249
2018-05-06,10618.25,1314.7,346.85289322505275
2018-05-07,10715.5,1313.7,346.9121166935776
2018-05-08,10717.8,1313.0,346.9713502742258
2018-05-09,10741.7,1322.3,347.0305939687239
2018-05-10,10716.55,1320.7,347.0902404462928
2018-05-11,10806.5,1320.7,347.14989717570216
2018-05-12,10806.5,1320.7,347.20956415871404
2018-05-13,10806.5,1320.7,347.2692413970908
2018-05-14,10806.6,1290.3,347.32892889259506
2018-05-15,10801.85,1291.5,347.38862664698985
2018-05-16,10741.1,1289.4,347.4483346620384
2018-05-17,10682.7,1291.3,347.50844703158793
2018-05-18,10596.4,1291.3,347.5685698012362
2018-05-19,10596.4,1291.3,347.6287029727825
2018-05-20,10596.4,1291.3,347.68884654802645
2018-05-21,10516.7,1292.0,347.749000528768
2018-05-22,10536.7,1289.6,347.8091649168075
2018-05-23,10430.35,1304.4,347.8693397139454
2018-05-24,10513.85,1303.7,347.9303140611972
2018-05-25,10605.15,1303.7,347.9912990959991
2018-05-26,10605.15,1303.7,348.0522948202245
2018-05-27,10605.15,1303.7,348.11330123574703
2018-05-28,10688.65,1303.7,348.1743183444406
2018-05-29,10633.3,1306.5,348.2353461481796
2018-05-30,10614.35,1304.7,348.29638464883857
2018-05-31,10736.15,1299.3,348.3574338482925
2018-06-01,10696.2,1299.3,348.41849374841667
2018-06-02,10696.2,1299.3,348.47956435108665
2018-06-03,10696.2,1299.3,348.54064565817845
2018-06-04,10628.5,1302.2,348.6017376715683
2018-06-05,10593.15,1301.4,348.66284039313274
2018-06-06,10684.65,1303.0,348.7239538247487
2018-06-07,10768.35,1302.7,348.78626458514464
2018-06-08,10767.65,1302.7,348.84858647936375
2018-06-09,10767.65,1302.7,348.9109195093955
2018-06-10,10767.65,1302.7,348.97326367722974
2018-06-11,10786.95,1299.4,349.0356189848565
2018-06-12,10842.85,1301.3,349.0979854342663
2018-06-13,10856.7,1308.3,349.16036302745
2018-06-14,10808.05,1278.5,349.22275176639874
2018-06-15,10817.7,1278.5,349.2851516531041
2018-06-16,10817.7,1278.5,349.347562689558
2018-06-17,10817.7,1278.5,349.40998487775266
2018-06-18,10799.85,1278.6,349.4724182196807
2018-06-19,10710.45,1274.5,349.5348627173352
2018-06-20,10772.05,1270.5,349.5973183727093
2018-06-21,10741.1,1270.7,349.65938865823574
2018-06-22,10821.85,1270.7,349.72146996421384
2018-06-23,10821.85,1270.7,349.78356229260027
2018-06-24,10821.85,1270.7,349.845665645352
2018-06-25,10762.45,1259.9,349.9077800244264
2018-06-26,10769.15,1256.1,349.9699054317811
2018-06-27,10671.4,1251.0,350.0320418693743
2018-06-28,10589.1,1254.5,350.0945863618091
2018-06-29,10714.3,1254.5,350.1571420298308
2018-06-30,10714.3,1254.5,350.2197088754364
2018-07-01,10714.3,1254.5,350.28228690062315
2018-07-02,10657.3,1253.5,350.3448761073886
2018-07-03,10699.9,1258.8,350.40747649773067
2018-07-04,10769.9,1258.8,350.4700880736477
2018-07-05,10749.75,1255.8,350.5323133176411
2018-07-06,10772.65,1255.8,350.5945496095988
2018-07-07,10772.65,1255.8,350.65679695148225
2018-07-08,10772.65,1255.8,350.7190553452533
2018-07-09,10852.9,1255.4,350.7813247928743
2018-07-10,10947.25,1244.4,350.8436052963077
2018-07-11,10948.3,1246.6,350.9058968575165
2018-07-12,11023.2,1241.2,350.9685974922759
2018-07-13,11018.9,1241.2,351.03130933052205
2018-07-14,11018.9,1241.2,351.0940323742569
2018-07-15,11018.9,1241.2,351.1567666254828
2018-07-16,10936.85,1227.3,351.2195120862021
2018-07-17,11008.05,1227.9,351.28226875841784
2018-07-18,10980.45,1224.0,351.34503664413336
2018-07-19,10957.1,1231.1,351.40781574535225
2018-07-20,11010.2,1231.1,351.47060606407854
2018-07-21,11010.2,1231.1,351.53340760231663
2018-07-22,11010.2,1231.1,351.5962203620712
2018-07-23,11084.75,1225.5,351.6590443453473
2018-07-24,11134.3,1231.8,351.7218795541505
2018-07-25,11132.0,1225.7,351.7847259904865
2018-07-26,11167.3,1223.0,351.8491816264319
2018-07-27,11278.35,1223.0,351.9136490722391
2018-07-28,11278.35,1223.0,351.978128330072
2018-07-29,11278.35,1223.0,352.0426194020948
2018-07-30,11319.55,1233.6,352.10712229047215
2018-07-31,11356.5,1227.6,352.17163699736915
2018-08-01,11346.2,1220.1,352.2361635249512
2018-08-02,11244.7,1223.2,352.301102363077
2018-08-03,11360.8,1223.2,352.3660531734337
2018-08-04,11360.8,1223.2,352.4310159582286
2018-08-05,11360.8,1223.2,352.4959907196693
2018-08-06,11387.1,1218.3,352.5609774599638
2018-08-07,11389.45,1221.0,352.62597618132054
2018-08-08,11450.0,1219.9,352.6909868859484
2018-08-09,11470.7,1219.0,352.755608571236
2018-08-10,11429.5,1219.0,352.8202420968097
2018-08-11,11429.5,1219.0,352.884887464839
2018-08-12,11429.5,1219.0,352.9495446774937
2018-08-13,11355.75,1200.7,353.01421373694404
2018-08-14,11435.1,1185.0,353.0788946453607
2018-08-15,11435.1,1184.0,353.1443893293083
2018-08-16,11385.05,1184.2,353.20989616225063
2018-08-17,11470.75,1184.2,353.2754151464412
2018-08-18,11470.75,1184.2,353.34094628413413
2018-08-19,11470.75,1184.2,353.4064895775838
2018-08-20,11551.75,1200.0,353.47204502904503
2018-08-21,11570.9,1203.3,353.5376126407731
2018-08-22,11570.9,1194.0,353.60359438244626
2018-08-23,11582.75,1213.3,353.6695884384817
2018-08-24,11557.1,1213.3,353.73559481117763
2018-08-25,11557.1,1213.3,353.8016135028328
2018-08-26,11557.1,1213.3,353.86764451574635
2018-08-27,11691.95,1214.4,353.93368785221776
2018-08-28,11738.5,1211.5,353.99974351454705
2018-08-29,11691.9,1205.0,354.0658115050346
2018-08-30,11676.8,1206.7,354.1318918259813
2018-08-31,11680.5,1206.7,354.1979844796884
2018-09-01,11680.5,1206.7,354.26408946845754
2018-09-02,11680.5,1206.7,354.33020679459094
2018-09-03,11582.35,1206.7,354.3963364603911
2018-09-04,11520.3,1201.3,354.46247846816107
2018-09-05,11476.95,1204.3,354.52863282020417
2018-09-06,11536.9,1200.4,354.5947995188243
2018-09-07,11589.1,1200.4,354.6613817357553
2018-09-08,11589.1,1200.4,354.72797645482007
2018-09-09,11589.1,1200.4,354.7945836783661
2018-09-10,11438.1,1202.2,354.8612034087414
2018-09-11,11287.5,1210.9,354.9278356482943
2018-09-12,11369.9,1208.2,354.99448039937374
2018-09-13,11369.9,1201.1,355.06234853591275
2018-09-14,11515.2,1201.1,355.1302296475379
2018-09-15,11515.2,1201.1,355.1981237367297
2018-09-16,11515.2,1201.1,355.2660308059693
2018-09-17,11377.75,1202.9,355.3339508577382
2018-09-18,11278.9,1208.3,355.40188389451845
2018-09-19,11234.35,1211.3,355.4698299187925
2018-09-20,11234.35,1201.3,355.5385982355877
2018-09-21,11143.1,1201.3,355.60737985613184
2018-09-22,11143.1,1201.3,355.6761747829987
2018-09-23,11143.1,1201.3,355.74498301876247
2018-09-24,10967.4,1205.1,355.8138045659979
2018-09-25,11067.45,1199.1,355.88263942728014
2018-09-26,11053.8,1187.4,355.9514876051849
2018-09-27,10977.55,1196.2,356.0215642133941
2018-09-28,10930.45,1196.2,356.0916546176715
2018-09-29,10930.45,1196.2,356.1617588207332
2018-09-30,10930.45,1196.2,356.23187682529584
2018-10-01,11008.3,1207.0,356.30200863407646
2018-10-02,11008.3,1202.9,356.37215424979274
2018-10-03,10858.25,1201.6,356.4423136751629
2018-10-04,10599.25,1205.6,356.51208164287766
2018-10-05,10316.45,1205.6,356.581863266573
2018-10-06,10316.45,1205.6,356.6516585489219
2018-10-07,10316.45,1205.6,356.7214674925977
2018-10-08,10348.05,1191.5,356.79129010027464
2018-10-09,10301.05,1193.4,356.861126374627
2018-10-10,10460.1,1227.6,356.93097631832995
2018-10-11,10234.65,1222.0,356.9988088501198
2018-10-12,10472.5,1222.0,357.06665427306416
2018-10-13,10472.5,1222.0,357.13451258961294
2018-10-14,10472.5,1222.0,357.20238380221645
2018-10-15,10512.5,1231.0,357.27026791332554
2018-10-16,10584.75,1227.4,357.3381649253915
2018-10-17,10453.05,1230.1,357.40607484086604
2018-10-18,10453.05,1228.7,357.4739976622014
2018-10-19,10303.55,1228.7,357.54193339185025
2018-10-20,10303.55,1228.7,357.6098820322657
2018-10-21,10303.55,1228.7,357.6778435859014
2018-10-22,10245.25,1236.8,357.7458180552115
2018-10-23,10146.8,1231.1,357.8138054426504
2018-10-24,10224.75,1232.4,357.8818057506732
2018-10-25,10124.9,1235.8,357.9498189817354
2018-10-26,10030.0,1235.8,358.0178451382929
2018-10-27,10030.0,1235.8,358.08588422280206
2018-10-28,10030.0,1235.8,358.15393623771985
2018-10-29,10250.85,1225.3,358.2220011855036
2018-10-30,10198.4,1215.0,358.2900790686111
2018-10-31,10386.6,1238.6,358.3581698895006
2018-11-01,10380.45,1233.3,358.42627365063083
2018-11-02,10553.0,1233.3,358.4943903544611
2018-11-03,10553.0,1233.3,358.56252000345097
2018-11-04,10553.0,1233.3,358.6306626000607
2018-11-05,10524.0,1226.3,358.69881814675085
2018-11-06,10530.0,1228.7,358.7669866459825
2018-11-07,10598.85,1225.1,358.83516810021723
2018-11-08,10598.85,1208.6,358.90336251191707
2018-11-09,10585.2,1208.6,358.9715698835445
2018-11-10,10585.2,1208.6,359.0397902175624
2018-11-11,10585.2,1208.6,359.10802351643423
2018-11-12,10482.2,1201.4,359.17626978262393
2018-11-13,10582.5,1210.1,359.2445290185958
2018-11-14,10576.3,1215.0,359.3128012268147
2018-11-15,10616.7,1223.0,359.380677876013
2018-11-16,10682.2,1223.0,359.44856734757525
2018-11-17,10682.2,1223.0,359.5164696439237
2018-11-18,10682.2,1223.0,359.584384767481
2018-11-19,10763.4,1221.2,359.65231272067035
2018-11-20,10656.2,1228.0,359.7202535059153
2018-11-21,10600.05,1223.2,359.7873891316388
2018-11-22,10526.75,1223.2,359.8545372870773
2018-11-23,10526.75,1223.2,359.9216979745692
2018-11-24,10526.75,1223.2,359.9888711964534
2018-11-25,10526.75,1223.2,360.0560569550692
2018-11-26,10628.6,1213.4,360.12325525275645
2018-11-27,10685.6,1223.6,360.1904660918553
2018-11-28,10728.85,1230.4,360.2576894747064
2018-11-29,10858.7,1226.0,360.32451579559296
2018-11-30,10876.75,1226.0,360.3913545124874
2018-12-01,10876.75,1226.0,360.4582056276892
2018-12-02,10876.75,1226.0,360.52506914349806
2018-12-03,10883.75,1246.6,360.5919450622144
2018-12-04,10869.5,1242.6,360.6588333861387
2018-12-05,10782.9,1243.6,360.7257341175723
2018-12-06,10601.15,1252.6,360.792238106888
2018-12-07,10693.7,1252.6,360.85875435698847
2018-12-08,10693.7,1252.6,360.9252828701341
2018-12-09,10693.7,1252.6,360.99182364858586
2018-12-10,10488.45,1247.2,361.0583766946049
2018-12-11,10549.15,1250.0,361.12494201045286
2018-12-12,10737.6,1247.4,361.1915195983919
2018-12-13,10791.55,1241.4,361.25769879087454
2018-12-14,10805.45,1241.4,361.3238901090171
2018-12-15,10805.45,1241.4,361.3900935550412
2018-12-16,10805.45,1241.4,361.4563091311691
2018-12-17,10888.35,1253.6,361.5225368396232
2018-12-18,10908.7,1256.4,361.5887766826265
2018-12-19,10967.3,1267.9,361.6550286624024
2018-12-20,10951.7,1258.1,361.7204713783835
2018-12-21,10754.0,1258.1,361.7859259364481
2018-12-22,10754.0,1258.1,361.8513923387392
2018-12-23,10754.0,1258.1,361.9168705874
2018-12-24,10663.5,1258.1,361.9823606845741
2018-12-25,10663.5,1258.1,362.0478626324056
2018-12-26,10729.85,1281.1,362.1133764330388
2018-12-27,10779.8,1283.0,362.1793128144757
2018-12-28,10859.9,1283.0,362.2452612021148
2018-12-29,10859.9,1283.0,362.3112215981423
2018-12-30,10859.9,1283.0,362.3771940047446
2018-12-31,10862.55,1283.0,362.4431784241088
2019-01-01,10910.1,1283.0,362.5091748584223
2019-01-02,10792.5,1294.8,362.5751833098728
2019-01-03,10672.25,1285.8,362.6412037806485
2019-01-04,10727.35,1285.8,362.707236272938
2019-01-05,10727.35,1285.8,362.7732807889302
2019-01-06,10727.35,1285.8,362.83933733081454
2019-01-07,10771.8,1285.9,362.9054059007808
2019-01-08,10802.15,1292.0,362.9714865010191
2019-01-09,10855.15,1287.4,363.03757913372
2019-01-10,10821.6,1289.5,363.10368380107445
2019-01-11,10794.95,1289.5,363.1698005052739
2019-01-12,10794.95,1289.5,363.23592924851
2019-01-13,10794.95,1289.5,363.3020700329749
2019-01-14,10737.6,1288.4,363.3682228608613
2019-01-15,10886.8,1293.8,363.434387734362
2019-01-16,10890.3,1292.3,363.5005646556705
2019-01-17,10905.2,1282.6,363.5667536269805
2019-01-18,10906.95,1282.6,363.63295465048617
2019-01-19,10906.95,1282.6,363.699167728382
2019-01-20,10906.95,1282.6,363.765392862863
2019-01-21,10961.85,1282.6,363.8316300561245
2019-01-22,10922.75,1284.0,363.8978793103623
2019-01-23,10831.5,1279.8,363.9641406277725
2019-01-24,10849.8,1298.1,364.0300011854716
2019-01-25,10780.55,1298.1,364.0958736608642
2019-01-26,10780.55,1298.1,364.1617580561068
2019-01-27,10780.55,1298.1,364.2276543733564
2019-01-28,10661.55,1308.9,364.29356261477017
2019-01-29,10652.2,1315.5,364.359482782506
2019-01-30,10651.8,1325.2,364.42541487872194
2019-01-31,10830.95,1322.1,364.49094555729766
2019-02-01,10893.65,1322.1,364.5564880195462
2019-02-02,10893.65,1322.1,364.6220422675864
2019-02-03,10893.65,1322.1,364.6876083035376
2019-02-04,10912.25,1319.2,364.75318612951946
2019-02-05,10934.35,1314.4,364.8187757476521
2019-02-06,11062.45,1314.2,364.884377160056
2019-02-07,11069.4,1318.5,364.949990368852
2019-02-08,10943.6,1318.5,365.0156153761612
2019-02-09,10943.6,1318.5,365.08125218410527
2019-02-10,10943.6,1318.5,365.14690079480624
2019-02-11,10888.8,1314.0,365.2125612103864
2019-02-12,10831.4,1315.1,365.2782334329685
2019-02-13,10793.65,1313.9,365.34391746467577
2019-02-14,10746.05,1322.1,365.4079547463406
2019-02-15,10724.4,1322.1,365.472003252425
2019-02-16,10724.4,1322.1,365.5360629848965
2019-02-17,10724.4,1322.1,365.6001339457228
2019-02-18,10640.95,1322.1,365.664216136872
2019-02-19,10604.35,1347.9,365.7283095603125
2019-02-20,10735.45,1327.8,365.7924142180132
2019-02-21,10789.85,1332.8,365.8565301119432
2019-02-22,10791.65,1332.8,365.9206572440719
2019-02-23,10791.65,1332.8,365.9847956163692
2019-02-24,10791.65,1332.8,366.04894523080526
2019-02-25,10880.1,1328.5,366.1131060893506
2019-02-26,10835.3,1321.2,366.17727819397606
2019-02-27,10806.65,1316.1,366.2414615466528
2019-02-28,10792.5,1299.2,366.3056561493525
2019-03-01,10863.5,1299.2,366.369862004047
2019-03-02,10863.5,1299.2,366.4340791127085
2019-03-03,10863.5,1299.2,366.4983074773096
2019-03-04,10863.5,1284.7,366.5625470998232
2019-03-05,10987.45,1287.6,366.6267979822227
2019-03-06,11053.0,1286.1,366.69106012648166
2019-03-07,11058.2,1299.3,366.7553335345741
2019-03-08,11035.4,1299.3,366.8196182084742
2019-03-09,11035.4,1299.3,366.8839141501567
2019-03-10,11035.4,1299.3,366.9482213615967
2019-03-11,11168.05,1298.1,367.0125398447695
2019-03-12,11301.2,1309.3,367.07686960165074
2019-03-13,11341.7,1295.1,367.1412106342165
2019-03-14,11343.25,1302.9,367.2051465157824
2019-03-15,11426.85,1302.9,367.2690935314756
2019-03-16,11426.85,1302.9,367.3330516832349
2019-03-17,11426.85,1302.9,367.3970209729997
2019-03-18,11462.2,1306.5,367.4610014027096
2019-03-19,11532.4,1301.7,367.5249929743046
2019-03-20,11521.05,1307.3,367.588995689725
2019-03-21,11521.05,1312.3,367.6525926143519
2019-03-22,11456.9,1312.3,367.7162005419437
2019-03-23,11456.9,1312.3,367.77981947440406
2019-03-24,11456.9,1312.3,367.84344941363696
2019-03-25,11354.25,1315.0,367.9070903615466
2019-03-26,11483.25,1310.4,367.97074232003774
2019-03-27,11445.05,1295.3,368.0344052910152
2019-03-28,11570.0,1298.5,368.09807927638434
2019-03-29,11623.9,1298.5,368.1617642780507
2019-03-30,11623.9,1298.5,368.22546029792034
2019-03-31,11623.9,1298.5,368.2891673378994
2019-04-01,11669.15,1295.4,368.3528853998946
2019-04-02,11713.2,1295.3,368.4166144858128
2019-04-03,11643.95,1294.3,368.4803545975612
2019-04-04,11598.0,1295.6,368.5432708514221
2019-04-05,11665.95,1295.6,368.60619784793175
2019-04-06,11665.95,1295.6,368.6691355889244
2019-04-07,11665.95,1295.6,368.73208407623446
2019-04-08,11604.5,1308.3,368.7950433116969
2019-04-09,11671.95,1313.9,368.858013297147
2019-04-10,11584.3,1293.3,368.9209940344202
2019-04-11,11596.7,1295.2,368.984402961984
2019-04-12,11643.45,1295.2,369.0478227880657
2019-04-13,11643.45,1295.2,369.1112535145386
2019-04-14,11643.45,1295.2,369.17469514327627
2019-04-15,11690.35,1277.2,369.2381476761525
2019-04-16,11787.15,1276.8,369.3016111150415
2019-04-17,11787.15,1276.0,369.3655043409053
2019-04-18,11752.8,1276.0,369.4294086209975
2019-04-19,11752.8,1276.0,369.4933239572304
2019-04-20,11752.8,1276.0,369.557250351517
2019-04-21,11752.8,1276.0,369.6211878057703
2019-04-22,11594.45,1273.2,369.6851363219039
2019-04-23,11575.95,1279.4,369.7490959018316
2019-04-24,11726.15,1279.7,369.81306654746754
2019-04-25,11641.8,1288.8,369.8778871791347
2019-04-26,11754.65,1288.8,369.94271917252667
2019-04-27,11754.65,1288.8,370.0075625296349
2019-04-28,11754.65,1288.8,370.07241725245126
2019-04-29,11754.65,1285.7,370.1372833429679
2019-04-30,11748.15,1284.2,370.2021608031773
2019-05-01,11748.15,1272.0,370.2674695356055
2019-05-02,11724.75,1281.3,370.3327897893888
2019-05-03,11712.25,1281.3,370.3981215665596
2019-05-04,11712.25,1281.3,370.4634648691508
2019-05-05,11712.25,1281.3,370.5288196991957
2019-05-06,11598.25,1285.6,370.5941860587279
2019-05-07,11497.9,1281.4,370.6595639497814
2019-05-08,11359.45,1285.2,370.7249533743904
2019-05-09,11301.8,1287.4,370.7907748280985
2019-05-10,11278.9,1287.4,370.8566079682704
2019-05-11,11278.9,1287.4,370.922452796981
2019-05-12,11278.9,1287.4,370.9883093163057
2019-05-13,11148.2,1296.3,371.0541775283201
2019-05-14,11222.05,1297.8,371.1200574351002
2019-05-15,11157.0,1286.2,371.1859490387224
2019-05-16,11257.1,1275.7,371.2510103084803
2019-05-17,11407.15,1275.7,371.316082982142
2019-05-18,11407.15,1275.7,371.3811670617063
2019-05-19,11407.15,1275.7,371.44626254917233
2019-05-20,11828.25,1273.2,371.5113694465398
2019-05-21,11709.1,1274.2,371.57648775580856
2019-05-22,11737.9,1285.4,371.6416174789789
2019-05-23,11657.05,1283.6,371.7063370848195
2019-05-24,11844.1,1283.6,371.7710679612692
2019-05-25,11844.1,1283.6,371.83581011029065
2019-05-26,11844.1,1283.6,371.9005635338469
2019-05-27,11924.75,1283.6,371.9653282339015
2019-05-28,11928.75,1281.0,372.03010421241805
2019-05-29,11861.1,1292.4,372.0948914713607
2019-05-30,11945.9,1311.1,372.15800284270654
2019-05-31,11922.8,1311.1,372.22112491843257
2019-06-01,11922.8,1311.1,372.2842577003544
2019-06-02,11922.8,1311.1,372.3474011902879
2019-06-03,12088.55,1328.7,372.4105553900493
2019-06-04,12021.65,1333.6,372.473720301455
2019-06-05,12021.65,1342.7,372.53563053614886
2019-06-06,11843.75,1346.1,372.5975510611718
2019-06-07,11870.65,1346.1,372.6594818782343
2019-06-08,11870.65,1346.1,372.72142298904686
2019-06-09,11870.65,1346.1,372.7833743953206
2019-06-10,11922.7,1331.2,372.8453360987667
2019-06-11,11965.6,1336.8,372.9073081010968
2019-06-12,11906.2,1343.7,372.9692904040225
2019-06-13,11914.05,1344.5,373.0300159355023
2019-06-14,11823.3,1344.5,373.09075135409694
2019-06-15,11823.3,1344.5,373.1514966614161
2019-06-16,11823.3,1344.5,373.21225185906974
2019-06-17,11672.15,1350.7,373.2730169486683
2019-06-18,11691.5,1348.8,373.3337919318224
2019-06-19,11691.45,1396.9,373.3945768101428
2019-06-20,11831.75,1400.1,373.4557940837617
2019-06-21,11724.1,1400.1,373.5170213938269
2019-06-22,11724.1,1400.1,373.5782587419837
2019-06-23,11724.1,1400.1,373.63950612987793
2019-06-24,11699.65,1418.7,373.7007635591556
2019-06-25,11796.45,1415.4,373.76203103146287
2019-06-26,11847.55,1412.0,373.82330854844633
2019-06-27,11841.55,1413.7,373.8850190953868
2019-06-28,11788.85,1413.7,373.9467398294705
2019-06-29,11788.85,1413.7,374.0084707523792
2019-06-30,11788.85,1413.7,374.0702118657948
2019-07-01,11865.6,1408.0,374.1319631713996
2019-07-02,11910.3,1420.9,374.19372467087607
2019-07-03,11916.75,1400.1,374.2554963659071
2019-07-04,11946.75,1400.1,374.31685478551816
2019-07-05,11811.15,1400.1,374.378223264716
2019-07-06,11811.15,1400.1,374.43960180515
2019-07-07,11811.15,1400.1,374.50099040846953
2019-07-08,11558.6,1400.5,374.5623890763245
2019-07-09,11555.9,1412.5,374.6237978103648
2019-07-10,11498.9,1406.7,374.68521661224094
2019-07-11,11582.9,1412.2,374.7453736069366
2019-07-12,11552.5,1412.2,374.80554026004376
2019-07-13,11552.5,1412.2,374.8657165731132
2019-07-14,11552.5,1412.2,374.92590254769567
2019-07-15,11588.35,1411.2,374.98609818534254
2019-07-16,11662.6,1423.3,375.0463034876052
2019-07-17,11687.5,1428.1,375.1065184560353
2019-07-18,11596.9,1426.7,375.1654708130893
2019-07-19,11419.25,1426.7,375.2244324351927
2019-07-20,11419.25,1426.7,375.2834033238015
2019-07-21,11419.25,1426.7,375.3423834803721
2019-07-22,11346.2,1421.7,375.4013729063611
2019-07-23,11331.05,1423.6,375.4603716032252
2019-07-24,11271.3,1414.7,375.5193795724215
2019-07-25,11252.15,1419.3,375.5783968154072
2019-07-26,11284.3,1419.3,375.63742333363984
2019-07-27,11284.3,1419.3,375.6964591285772
2019-07-28,11284.3,1419.3,375.755504201677
2019-07-29,11189.2,1441.8,375.8145585543977
2019-07-30,11085.4,1437.8,375.87362218819743
2019-07-31,11118.0,1432.4,375.93269510453496
2019-08-01,10980.0,1457.5,375.9909275939829
2019-08-02,10997.35,1457.5,376.0491691037233
2019-08-03,10997.35,1457.5,376.1074196351533
2019-08-04,10997.35,1457.5,376.1656791896704
2019-08-05,10862.6,1484.2,376.2239477686723
2019-08-06,10948.25,1519.6,376.2822253735569
2019-08-07,10855.5,1509.5,376.3405120057224
2019-08-08,11032.45,1508.5,376.3966816004416
2019-08-09,11109.65,1508.5,376.4528595785884
2019-08-10,11109.65,1508.5,376.5090459414137
2019-08-11,11109.65,1508.5,376.5652406901692
2019-08-12,11109.65,1514.1,376.6214438261064
2019-08-13,10925.85,1527.8,376.6776553504772
2019-08-14,11029.4,1531.2,376.7338752645334
2019-08-15,11029.4,1523.6,376.79052881434
2019-08-16,11047.8,1523.6,376.847190883754
2019-08-17,11047.8,1523.6,376.9038614740565
2019-08-18,11047.8,1523.6,376.96054058652896
2019-08-19,11053.9,1515.7,377.01722822245296
2019-08-20,11017.0,1515.7,377.07392438311024
2019-08-21,10918.7,1508.5,377.13062906978274
2019-08-22,10741.35,1537.6,377.1869165910974
2019-08-23,10829.35,1537.6,377.2432125134402
2019-08-24,10829.35,1537.6,377.29951683806513
2019-08-25,10829.35,1537.6,377.3558295662262
2019-08-26,11057.85,1551.8,377.4121506991776
2019-08-27,11105.35,1549.1,377.4684802381739
2019-08-28,11046.1,1536.9,377.52481818446967
2019-08-29,10948.3,1529.4,377.58073840171664
2019-08-30,11023.25,1529.4,377.63666690205
2019-08-31,11023.25,1529.4,377.6926036866968
2019-09-01,11023.25,1529.4,377.748548756884
2019-09-02,11023.25,1529.4,377.8045021138389
2019-09-03,10797.9,1560.4,377.86046375878897
2019-09-04,10844.65,1525.5,377.9164336929619
2019-09-05,10847.9,1515.5,377.97198533793977
2019-09-06,10946.2,1515.5,378.027545148705
2019-09-07,10946.2,1515.5,378.0831131264581
2019-09-08,10946.2,1515.5,378.13868927239935
2019-09-09,11003.05,1499.2,378.1942735877295
2019-09-10,11003.05,1503.2,378.2498660736495
2019-09-11,11035.7,1507.4,378.3054667313603
2019-09-12,10982.8,1499.5,378.3606485432897
2019-09-13,11075.9,1499.5,378.41583840435567
2019-09-14,11075.9,1499.5,378.4710363157323
2019-09-15,11075.9,1499.5,378.5262422785939
2019-09-16,11003.5,1513.4,378.5814562941149
2019-09-17,10817.6,1515.8,378.63667836346974
2019-09-18,10840.65,1506.2,378.6919084878334
2019-09-19,10704.8,1515.1,378.7467202509168
2019-09-20,11274.2,1515.1,378.8015399474397
2019-09-21,11274.2,1515.1,378.8563675785505
2019-09-22,11274.2,1515.1,378.9112031453976
2019-09-23,11600.2,1540.2,378.9660466491296
2019-09-24,11588.2,1512.3,379.0208980908953
2019-09-25,11440.2,1515.2,379.0757574718437
2019-09-26,11571.2,1506.4,379.13190741931686
2019-09-27,11512.4,1506.4,379.1880656839049
2019-09-28,11512.4,1506.4,379.2442322668397
2019-09-29,11512.4,1506.4,379.3004071693534
2019-09-30,11474.45,1489.0,379.3565903926784
2019-10-01,11359.9,1507.9,379.4127819380471
2019-10-02,11359.9,1513.8,379.4681252693434
2019-10-03,11314.0,1512.9,379.5234766733364
2019-10-04,11174.75,1512.9,379.5788361512037
2019-10-05,11174.75,1512.9,379.6342037041229
2019-10-06,11174.75,1512.9,379.6895793332719
2019-10-07,11126.4,1503.9,379.7449630398288
2019-10-08,11126.4,1512.8,379.8003548249718
2019-10-09,11313.3,1500.9,379.8557546898793
2019-10-10,11234.55,1488.7,379.90987737036806
2019-10-11,11305.05,1488.7,379.964007762375
2019-10-12,11305.05,1488.7,380.0181458669988
2019-10-13,11305.05,1488.7,380.0722916853384
2019-10-14,11341.15,1483.5,380.1264452184929
2019-10-15,11428.3,1494.0,380.1806064675615
2019-10-16,11464.0,1498.3,380.2347754336435
2019-10-17,11586.35,1494.1,380.2880947665504
2019-10-18,11661.85,1494.1,380.3414215762887
2019-10-19,11661.85,1494.1,380.3947558639066
2019-10-20,11661.85,1494.1,380.4480976304529
2019-10-21,11661.85,1487.5,380.5014468769763
2019-10-22,11588.35,1495.7,380.55480360452566
2019-10-23,11604.1,1504.7,380.6081678141501
2019-10-24,11582.6,1505.3,380.6611109316741
2019-10-25,11583.9,1505.3,380.7140614136583
2019-10-26,11583.9,1505.3,380.767019261127
2019-10-27,11627.15,1505.3,380.8199844751049
2019-10-28,11627.15,1490.7,380.8729570566166
2019-10-29,11786.85,1496.7,380.925937006687
2019-10-30,11844.1,1514.8,380.978924326341
2019-10-31,11877.45,1511.4,381.0314900238971
2019-11-01,11890.6,1511.4,381.0840629742234
2019-11-02,11890.6,1511.4,381.1366431783205
2019-11-03,11890.6,1511.4,381.18923063718927
2019-11-04,11941.3,1483.7,381.2418253518307
2019-11-05,11917.2,1493.1,381.2944273232459
2019-11-06,11966.05,1466.4,381.34703655243607
2019-11-07,12012.05,1462.9,381.39963109988827
2019-11-08,11908.15,1462.9,381.4522329010652
2019-11-09,11908.15,1462.9,381.50484195696725
2019-11-10,11908.15,1462.9,381.557458268595
2019-11-11,11913.45,1453.7,381.6100818369491
2019-11-12,11913.45,1463.3,381.6627126630305
2019-11-13,11840.45,1473.4,381.7153507478399
2019-11-14,11872.1,1468.5,381.7681686486332
2019-11-15,11895.45,1468.5,381.8209938578321
2019-11-16,11895.45,1468.5,381.873826376448
2019-11-17,11895.45,1468.5,381.9266662054922
2019-11-18,11884.5,1474.3,381.9795133459764
2019-11-19,11940.1,1474.2,382.0323677989121
2019-11-20,11999.1,1463.6,382.0852295653112
2019-11-21,11968.4,1463.6,382.1377751822517
2019-11-22,11914.4,1463.6,382.1903280254381
2019-11-23,11914.4,1463.6,382.2428880958644
2019-11-24,11914.4,1463.6,382.29545539452425
2019-11-25,12073.75,1460.3,382.3480299224119
2019-11-26,12037.7,1460.8,382.4006116805215
2019-11-27,12100.7,1472.7,382.45320066984726
2019-11-28,12151.15,1472.7,382.50548254628734
2019-11-29,12056.05,1472.7,382.5577715697315
2019-11-30,12056.05,1472.7,382.61006774115685
2019-12-01,12056.05,1472.7,382.66237106154045
2019-12-02,12048.2,1484.4,382.7146815318596
2019-12-03,11994.2,1480.2,382.76699915309166
2019-12-04,12043.2,1483.1,382.8193239262142
2019-12-05,12018.4,1465.1,382.8706122762398
2019-12-06,11921.5,1465.1,382.9219074976396
2019-12-07,11921.5,1465.1,382.9732095913343
2019-12-08,11921.5,1465.1,383.02451855824455
2019-12-09,11937.5,1468.1,383.0758343992912
2019-12-10,11856.8,1475.0,383.1271571153952
2019-12-11,11910.15,1472.3,383.1784867074777
2019-12-12,11971.8,1481.2,383.2309580146629
2019-12-13,12086.7,1481.2,383.2834365071108
2019-12-14,12086.7,1481.2,383.3359221858053
2019-12-15,12086.7,1481.2,383.3884150517305
2019-12-16,12053.95,1480.6,383.4409151058705
2019-12-17,12165.0,1478.7,383.4934223492097
2019-12-18,12221.65,1484.4,383.5459367827326
2019-12-19,12259.7,1480.9,383.5985540312053
2019-12-20,12271.8,1480.9,383.6511784980437
2019-12-21,12271.8,1480.9,383.7038101842381
2019-12-22,12271.8,1480.9,383.7564490907788
2019-12-23,12262.75,1504.8,383.8090952186564
2019-12-24,12214.55,1504.8,383.8617485688616
2019-12-25,12214.55,1504.8,383.9146037024495
2019-12-26,12126.55,1518.1,383.9674661138272
2019-12-27,12245.8,1518.1,384.02033580399694
2019-12-28,12245.8,1518.1,384.0732127739609
2019-12-29,12245.8,1518.1,384.1260970247214
2019-12-30,12255.85,1523.1,384.178988557281
2019-12-31,12168.45,1523.1,384.2318873726424
