Month,Instalment,Total invested,Equity value,Bonds value,Gold value,Portfolio value,Monthly return (TWR),Equity target weight,Bonds target weight,Gold target weight,Equity actual weight,Bonds actual weight,Gold actual weight,Bought,Sold,Costs
1983-02,10000.000000,10000.000000,1217.324486,6451.195704,2479.468202,10147.988393,0.014799,0.117814,0.642100,0.240086,0.119957,0.635712,0.244331,10000.000000,0.000000,10.000000
1983-03,10000.000000,20000.000000,2475.878734,13273.263638,4155.224909,19904.367281,-0.012092,0.117814,0.642100,0.240086,0.124389,0.666852,0.208759,10000.000000,0.000000,10.000000
1983-04,10000.000000,30000.000000,3676.141644,19525.682662,7412.132471,30613.956777,0.023729,0.117814,0.642100,0.240086,0.120081,0.637803,0.242116,10000.000000,0.000000,10.000000
1983-05,10000.000000,40000.000000,4998.901767,26348.313958,9868.010583,41215.226308,0.014805,0.117814,0.642100,0.240086,0.121288,0.639286,0.239426,10000.000000,0.000000,10.000000
1983-06,10000.000000,50000.000000,6175.102428,32430.890885,11661.110229,50267.103542,-0.018513,0.117814,0.642100,0.240086,0.122846,0.645171,0.231983,10000.000000,0.000000,10.000000
1983-07,10000.000000,60000.000000,7176.724332,37984.846817,14170.522993,59332.094142,-0.015514,0.117814,0.642100,0.240086,0.120959,0.640207,0.238834,10000.000000,0.000000,10.000000
1983-08,10000.000000,70000.000000,8049.453856,44165.208998,17350.261320,69564.924173,0.003358,0.117814,0.642100,0.240086,0.115711,0.634878,0.249411,10000.000000,0.000000,10.000000
1983-09,10000.000000,80000.000000,9695.734961,52245.416808,18940.668535,80881.820304,0.016551,0.117814,0.642100,0.240086,0.119875,0.645948,0.234177,10000.000000,0.000000,10.000000
1983-10,10000.000000,90000.000000,10805.450193,59454.303740,20922.144766,91181.898700,0.003302,0.117814,0.642100,0.240086,0.118504,0.652041,0.229455,10000.000000,0.000000,10.000000
1983-11,10000.000000,100000.000000,11955.522680,65973.543740,23894.091337,101823.157757,0.006338,0.117814,0.642100,0.240086,0.117415,0.647923,0.234663,10000.000000,0.000000,10.000000
1983-12,10000.000000,110000.000000,13297.119520,72686.680474,27558.267348,113542.067342,0.015372,0.117814,0.642100,0.240086,0.117112,0.640174,0.242714,10000.000000,0.000000,10.000000
1984-01,10000.000000,120000.000000,15101.257359,82575.634661,28969.009170,126645.901189,0.025124,0.117814,0.642100,0.240086,0.119240,0.652020,0.228740,10000.000000,0.000000,10.000000
1984-02,10000.000000,130000.000000,37706.499531,76808.754780,21245.633366,135760.887678,-0.006477,0.290121,0.560795,0.149084,0.277742,0.565765,0.156493,24542.644523,14542.644523,39.085289
1984-03,10000.000000,140000.000000,42357.072719,80113.039381,22119.152841,144589.264941,-0.008038,0.290121,0.560795,0.149084,0.292948,0.554073,0.152979,10000.000000,0.000000,10.000000
1984-04,10000.000000,150000.000000,45518.039318,86928.740916,22504.308302,154951.088536,0.002341,0.290121,0.560795,0.149084,0.293757,0.561008,0.145235,10000.000000,0.000000,10.000000
1984-05,10000.000000,160000.000000,48600.254774,91205.972335,24774.435278,164580.662387,-0.002246,0.290121,0.560795,0.149084,0.295297,0.554172,0.150531,10000.000000,0.000000,10.000000
1984-06,10000.000000,170000.000000,49922.658341,98623.173132,26206.009147,174751.840621,0.000981,0.290121,0.560795,0.149084,0.285677,0.564361,0.149961,10000.000000,0.000000,10.000000
1984-07,10000.000000,180000.000000,54587.261010,108837.862817,26061.094734,189486.218561,0.025626,0.290121,0.560795,0.149084,0.288080,0.574384,0.137536,10000.000000,0.000000,10.000000
1984-08,10000.000000,190000.000000,64226.904121,118983.958686,30221.694208,213432.557015,0.069911,0.290121,0.560795,0.149084,0.300924,0.557478,0.141598,10000.000000,0.000000,10.000000
1984-09,10000.000000,200000.000000,67451.157094,131372.569522,33394.259684,232217.986300,0.039320,0.290121,0.560795,0.149084,0.290465,0.565730,0.143806,10000.000000,0.000000,10.000000
1984-10,10000.000000,210000.000000,70973.707706,142008.522437,36729.772796,249712.002939,0.030939,0.290121,0.560795,0.149084,0.284222,0.568689,0.147089,10000.000000,0.000000,10.000000
1984-11,10000.000000,220000.000000,76641.395220,152760.324065,38997.491443,268399.210728,0.033449,0.290121,0.560795,0.149084,0.285550,0.569153,0.145297,10000.000000,0.000000,10.000000
1984-12,10000.000000,230000.000000,81616.729789,161066.544211,39521.862828,282205.136828,0.013671,0.290121,0.560795,0.149084,0.289211,0.570743,0.140047,10000.000000,0.000000,10.000000
1985-01,10000.000000,240000.000000,91060.422947,170911.577549,42319.084344,304291.084840,0.041361,0.290121,0.560795,0.149084,0.299254,0.561671,0.139074,10000.000000,0.000000,10.000000
1985-02,10000.000000,250000.000000,147930.936950,150184.186245,31767.857356,329882.980551,0.049610,0.434376,0.465624,0.100000,0.448435,0.455265,0.096300,45460.093736,35460.093736,80.920187
1985-03,10000.000000,260000.000000,146532.017021,155632.744089,35459.519418,337624.280528,-0.006646,0.434376,0.465624,0.100000,0.434009,0.460964,0.105027,10000.000000,0.000000,10.000000
1985-04,10000.000000,270000.000000,146792.503282,161115.587159,35603.230676,343511.321118,-0.011832,0.434376,0.465624,0.100000,0.427329,0.469026,0.103645,10000.000000,0.000000,10.000000
1985-05,10000.000000,280000.000000,158853.031749,173175.241698,34682.040287,366710.313734,0.037337,0.434376,0.465624,0.100000,0.433184,0.472240,0.094576,10000.000000,0.000000,10.000000
1985-06,10000.000000,290000.000000,166933.163792,183555.054388,37607.859247,388096.077426,0.030224,0.434376,0.465624,0.100000,0.430134,0.472963,0.096903,10000.000000,0.000000,10.000000
1985-07,10000.000000,300000.000000,170990.779719,179135.073904,38499.520387,388625.374010,-0.023790,0.434376,0.465624,0.100000,0.439989,0.460945,0.099066,10000.000000,0.000000,10.000000
1985-08,10000.000000,310000.000000,168065.204678,184894.778343,41035.106903,393995.089924,-0.011616,0.434376,0.465624,0.100000,0.426567,0.469282,0.104151,10000.000000,0.000000,10.000000
1985-09,10000.000000,320000.000000,175026.735232,192691.829937,40932.667207,408651.232376,0.011525,0.434376,0.465624,0.100000,0.428303,0.471531,0.100165,10000.000000,0.000000,10.000000
1985-10,10000.000000,330000.000000,183162.432229,196660.878182,41931.322272,421754.632684,0.007413,0.434376,0.465624,0.100000,0.434287,0.466292,0.099421,10000.000000,0.000000,10.000000
1985-11,10000.000000,340000.000000,200706.705455,209710.013258,42885.347634,453302.066347,0.049907,0.434376,0.465624,0.100000,0.442766,0.462628,0.094607,10000.000000,0.000000,10.000000
1985-12,10000.000000,350000.000000,212796.106594,225607.571760,46525.609114,484929.287467,0.046681,0.434376,0.465624,0.100000,0.438819,0.465238,0.095943,10000.000000,0.000000,10.000000
1986-01,10000.000000,360000.000000,218217.301948,235004.554546,53733.411786,506955.268281,0.024298,0.434376,0.465624,0.100000,0.430447,0.463561,0.105992,10000.000000,0.000000,10.000000
1986-02,10000.000000,370000.000000,185352.035237,287632.774724,68594.847818,541579.657780,0.047634,0.335809,0.529734,0.134456,0.342243,0.531100,0.126657,54618.846936,44618.846936,99.237694
1986-03,10000.000000,380000.000000,195519.638901,310538.668479,75127.152901,581185.460280,0.053675,0.335809,0.529734,0.134456,0.336415,0.534319,0.129265,10000.000000,0.000000,10.000000
1986-04,10000.000000,390000.000000,205694.080216,328436.052561,78771.045080,612901.177857,0.036732,0.335809,0.529734,0.134456,0.335607,0.535871,0.128522,10000.000000,0.000000,10.000000
1986-05,10000.000000,400000.000000,211431.183180,324602.076622,84736.995231,620770.255034,-0.003421,0.335809,0.529734,0.134456,0.340595,0.522902,0.136503,10000.000000,0.000000,10.000000
1986-06,10000.000000,410000.000000,220780.895033,337795.413972,85964.358331,644540.667337,0.021831,0.335809,0.529734,0.134456,0.342540,0.524087,0.133373,10000.000000,0.000000,10.000000
1986-07,10000.000000,420000.000000,215230.692050,357635.974016,88460.666368,661327.332434,0.010369,0.335809,0.529734,0.134456,0.325453,0.540785,0.133762,10000.000000,0.000000,10.000000
1986-08,10000.000000,430000.000000,229908.151727,364778.524624,97917.250458,692603.926809,0.031693,0.335809,0.529734,0.134456,0.331948,0.526677,0.141376,10000.000000,0.000000,10.000000
1986-09,10000.000000,440000.000000,230616.842752,368489.267144,109506.189109,708612.299005,0.008552,0.335809,0.529734,0.134456,0.325449,0.520015,0.154536,10000.000000,0.000000,10.000000
1986-10,10000.000000,450000.000000,238284.285714,381784.837606,112591.616002,732660.739321,0.019549,0.335809,0.529734,0.134456,0.325231,0.521094,0.153675,10000.000000,0.000000,10.000000
1986-11,10000.000000,460000.000000,256215.294132,401133.746880,107557.288700,764906.329711,0.029954,0.335809,0.529734,0.134456,0.334963,0.524422,0.140615,10000.000000,0.000000,10.000000
1986-12,10000.000000,470000.000000,265100.137402,416913.262416,106250.065582,788263.465400,0.017237,0.335809,0.529734,0.134456,0.336309,0.528901,0.134790,10000.000000,0.000000,10.000000
1987-01,10000.000000,480000.000000,283359.618919,422399.805370,110982.098754,816741.523044,0.023148,0.335809,0.529734,0.134456,0.346939,0.517177,0.135884,10000.000000,0.000000,10.000000
1987-02,10000.000000,490000.000000,302421.095946,424354.163621,115807.689258,842582.948825,0.019161,0.329187,0.519759,0.151054,0.358921,0.503635,0.137444,10000.000000,0.000000,10.000000
1987-03,10000.000000,500000.000000,312305.653085,428272.844885,120987.597812,861566.095782,0.010536,0.329187,0.519759,0.151054,0.362486,0.497086,0.140428,10000.000000,0.000000,10.000000
1987-04,10000.000000,510000.000000,307013.630886,411750.414257,131670.395944,850434.441087,-0.024246,0.329187,0.519759,0.151054,0.361008,0.484165,0.154827,10000.000000,0.000000,10.000000
1987-05,10000.000000,520000.000000,303976.757291,403460.799219,136679.894339,844117.450849,-0.018964,0.329187,0.519759,0.151054,0.360112,0.477968,0.161920,10000.000000,0.000000,10.000000
1987-06,10000.000000,530000.000000,321930.709879,427881.271430,135510.055508,885322.036817,0.036534,0.329187,0.519759,0.151054,0.363631,0.483306,0.153063,10000.000000,0.000000,10.000000
1987-07,10000.000000,540000.000000,336524.429161,445509.665047,137669.586128,919703.680336,0.027232,0.329187,0.519759,0.151054,0.365905,0.484406,0.149689,10000.000000,0.000000,10.000000
1987-08,10000.000000,550000.000000,360238.594204,451310.850931,142207.982660,953757.427795,0.025872,0.329187,0.519759,0.151054,0.377705,0.473192,0.149103,10000.000000,0.000000,10.000000
1987-09,10000.000000,560000.000000,346864.872942,441588.562489,141531.880030,929985.315461,-0.035042,0.329187,0.519759,0.151054,0.372979,0.474834,0.152187,10000.000000,0.000000,10.000000
1987-10,10000.000000,570000.000000,306911.789493,453900.994020,143712.513192,904525.296705,-0.037724,0.329187,0.519759,0.151054,0.339307,0.501811,0.158882,10000.000000,0.000000,10.000000
1987-11,10000.000000,580000.000000,267687.217578,484859.192563,143852.978458,896399.388599,-0.019820,0.329187,0.519759,0.151054,0.298625,0.540896,0.160479,10000.000000,0.000000,10.000000
1987-12,10000.000000,590000.000000,273183.787956,482949.875566,148951.143293,905084.806815,-0.001450,0.329187,0.519759,0.151054,0.301832,0.533596,0.164571,10000.000000,0.000000,10.000000
1988-01,10000.000000,600000.000000,297602.511193,500737.324891,147377.946245,945717.782329,0.033476,0.329187,0.519759,0.151054,0.314684,0.529479,0.155837,10000.000000,0.000000,10.000000
1988-02,10000.000000,610000.000000,316026.098499,523233.716377,136829.682987,976089.497862,0.021316,0.321972,0.527189,0.150839,0.323768,0.536051,0.140181,10000.000000,0.000000,10.000000
1988-03,10000.000000,620000.000000,325216.593681,517814.686210,145428.516590,988459.796481,0.002404,0.321972,0.527189,0.150839,0.329013,0.523860,0.147126,10000.000000,0.000000,10.000000
1988-04,10000.000000,630000.000000,326764.857779,522777.199956,153972.327624,1003514.385360,0.005062,0.321972,0.527189,0.150839,0.325621,0.520946,0.153433,10000.000000,0.000000,10.000000
1988-05,10000.000000,640000.000000,323451.623311,530234.142679,155476.165629,1009161.931619,-0.004294,0.321972,0.527189,0.150839,0.320515,0.525420,0.154065,10000.000000,0.000000,10.000000
1988-06,10000.000000,650000.000000,359337.359321,565504.823690,160964.713948,1085806.896960,0.065392,0.321972,0.527189,0.150839,0.330940,0.520815,0.148244,10000.000000,0.000000,10.000000
1988-07,10000.000000,660000.000000,365860.503315,584144.868910,162249.907049,1112255.279274,0.015010,0.321972,0.527189,0.150839,0.328936,0.525190,0.145875,10000.000000,0.000000,10.000000
1988-08,10000.000000,670000.000000,363081.590462,591933.391594,166023.122794,1121038.104850,-0.001085,0.321972,0.527189,0.150839,0.323880,0.528023,0.148098,10000.000000,0.000000,10.000000
1988-09,10000.000000,680000.000000,378291.673172,623402.746285,166611.230170,1168305.649627,0.032950,0.321972,0.527189,0.150839,0.323795,0.533596,0.142609,10000.000000,0.000000,10.000000
1988-10,10000.000000,690000.000000,399857.043718,645493.342050,175919.415138,1221269.800906,0.036463,0.321972,0.527189,0.150839,0.327411,0.528543,0.144046,10000.000000,0.000000,10.000000
1988-11,10000.000000,700000.000000,398323.099889,657015.573812,192233.782867,1247572.456568,0.013241,0.321972,0.527189,0.150839,0.319279,0.526635,0.154086,10000.000000,0.000000,10.000000
1988-12,10000.000000,710000.000000,414414.830889,662651.945259,192453.701969,1269520.478118,0.009501,0.321972,0.527189,0.150839,0.326434,0.521970,0.151596,10000.000000,0.000000,10.000000
1989-01,10000.000000,720000.000000,431067.742948,681495.317262,186896.818709,1299459.878918,0.015583,0.321972,0.527189,0.150839,0.331728,0.524445,0.143827,10000.000000,0.000000,10.000000
1989-02,10000.000000,730000.000000,455504.081763,694296.830343,181253.742845,1331054.654951,0.016491,0.343825,0.531904,0.124271,0.342213,0.521614,0.136173,10000.000000,0.000000,10.000000
1989-03,10000.000000,740000.000000,463835.089975,709293.210660,184899.069754,1358027.370389,0.012656,0.343825,0.531904,0.124271,0.341551,0.522297,0.136153,10000.000000,0.000000,10.000000
1989-04,10000.000000,750000.000000,490908.842375,742373.851428,185002.728990,1418285.422793,0.036738,0.343825,0.531904,0.124271,0.346128,0.523431,0.130441,10000.000000,0.000000,10.000000
1989-05,10000.000000,760000.000000,523692.565696,792586.592929,183102.773248,1499381.931873,0.049778,0.343825,0.531904,0.124271,0.349272,0.528609,0.122119,10000.000000,0.000000,10.000000
1989-06,10000.000000,770000.000000,552139.202766,852908.737274,188273.882405,1593321.822445,0.055612,0.343825,0.531904,0.124271,0.346533,0.535302,0.118164,10000.000000,0.000000,10.000000
1989-07,10000.000000,780000.000000,567475.537027,873574.666326,202001.067694,1643051.271047,0.024779,0.343825,0.531904,0.124271,0.345379,0.531678,0.122943,10000.000000,0.000000,10.000000
1989-08,10000.000000,790000.000000,602016.974224,890162.374217,202298.969640,1694478.318082,0.025061,0.343825,0.531904,0.124271,0.355282,0.525331,0.119387,10000.000000,0.000000,10.000000
1989-09,10000.000000,800000.000000,609704.109796,905090.628611,205940.801820,1720735.540227,0.009538,0.343825,0.531904,0.124271,0.354328,0.525991,0.119682,10000.000000,0.000000,10.000000
1989-10,10000.000000,810000.000000,614148.011342,932780.411106,213484.757590,1760413.180038,0.017147,0.343825,0.531904,0.124271,0.348866,0.529864,0.121270,10000.000000,0.000000,10.000000
1989-11,10000.000000,820000.000000,606799.938675,959741.696591,235198.904808,1801740.540074,0.017695,0.343825,0.531904,0.124271,0.336785,0.532675,0.130540,10000.000000,0.000000,10.000000
1989-12,10000.000000,830000.000000,631931.804034,970379.347444,244488.603557,1846799.755035,0.019351,0.343825,0.531904,0.124271,0.342177,0.525438,0.132385,10000.000000,0.000000,10.000000
1990-01,10000.000000,840000.000000,621772.530924,961584.537487,245304.204432,1828661.272844,-0.015154,0.343825,0.531904,0.124271,0.340015,0.525841,0.134144,10000.000000,0.000000,10.000000
1990-02,10000.000000,850000.000000,607299.655515,962675.809946,249876.309265,1819851.774727,-0.010230,0.339391,0.560609,0.100000,0.333708,0.528986,0.137306,10000.000000,0.000000,10.000000
1990-03,10000.000000,860000.000000,630244.052158,977310.005467,237252.628370,1844806.685995,0.008173,0.339391,0.560609,0.100000,0.341631,0.529763,0.128606,10000.000000,0.000000,10.000000
1990-04,10000.000000,870000.000000,638039.107163,991681.117825,228127.848612,1857848.073600,0.001640,0.339391,0.560609,0.100000,0.343429,0.533779,0.122791,10000.000000,0.000000,10.000000
1990-05,10000.000000,880000.000000,663763.038547,1012742.949952,225469.844039,1901975.832538,0.018271,0.339391,0.560609,0.100000,0.348986,0.532469,0.118545,10000.000000,0.000000,10.000000
1990-06,10000.000000,890000.000000,688614.900173,1054997.301584,216279.254200,1959891.455957,0.025061,0.339391,0.560609,0.100000,0.351354,0.538294,0.110353,10000.000000,0.000000,10.000000
1990-07,10000.000000,900000.000000,689419.827376,1072662.275685,222920.343942,1985002.447004,0.007671,0.339391,0.560609,0.100000,0.347314,0.540383,0.112302,10000.000000,0.000000,10.000000
1990-08,10000.000000,910000.000000,632833.867302,1066451.543661,241659.401687,1940944.812650,-0.027097,0.339391,0.560609,0.100000,0.326044,0.549450,0.124506,10000.000000,0.000000,10.000000
1990-09,10000.000000,920000.000000,628363.001202,1100952.055343,245025.572847,1974340.629392,0.011992,0.339391,0.560609,0.100000,0.318265,0.557630,0.124105,10000.000000,0.000000,10.000000
1990-10,10000.000000,930000.000000,629045.530625,1136894.647167,242862.223690,2008802.401482,0.012327,0.339391,0.560609,0.100000,0.313145,0.565956,0.120899,10000.000000,0.000000,10.000000
1990-11,10000.000000,940000.000000,658980.467778,1171621.623092,243820.445579,2074422.536449,0.027551,0.339391,0.560609,0.100000,0.317669,0.564794,0.117537,10000.000000,0.000000,10.000000
1990-12,10000.000000,950000.000000,700808.828606,1206241.976726,241022.819927,2148073.625258,0.030537,0.339391,0.560609,0.100000,0.326250,0.561546,0.112204,10000.000000,0.000000,10.000000
1991-01,10000.000000,960000.000000,713157.928585,1228764.567802,248365.316229,2190287.812615,0.014927,0.339391,0.560609,0.100000,0.325600,0.561006,0.113394,10000.000000,0.000000,10.000000
1991-02,10000.000000,970000.000000,422027.270105,1619979.993671,284834.872805,2326842.136581,0.057517,0.167164,0.700000,0.132836,0.181373,0.696214,0.122413,355349.021087,345349.021087,700.698042
1991-03,10000.000000,980000.000000,443703.460457,1638627.933828,296106.627561,2378438.021846,0.017800,0.167164,0.700000,0.132836,0.186552,0.688951,0.124496,10000.000000,0.000000,10.000000
1991-04,10000.000000,990000.000000,469368.577964,1720977.842551,306061.971317,2496408.391831,0.045205,0.167164,0.700000,0.132836,0.188018,0.689382,0.122601,10000.000000,0.000000,10.000000
1991-05,10000.000000,1000000.000000,482936.157757,1787943.717085,319167.315996,2590047.190839,0.033370,0.167164,0.700000,0.132836,0.186458,0.690313,0.123228,10000.000000,0.000000,10.000000
1991-06,10000.000000,1010000.000000,497444.206278,1827510.844306,341539.979255,2666495.029839,0.025556,0.167164,0.700000,0.132836,0.186554,0.685361,0.128086,10000.000000,0.000000,10.000000
1991-07,10000.000000,1020000.000000,609642.110799,2248572.939211,419306.685057,3277521.735067,0.224557,0.167164,0.700000,0.132836,0.186007,0.686059,0.127934,10000.000000,0.000000,10.000000
1991-08,10000.000000,1030000.000000,631666.613718,2349472.252656,411745.226896,3392884.093269,0.032049,0.167164,0.700000,0.132836,0.186174,0.692471,0.121356,10000.000000,0.000000,10.000000
1991-09,10000.000000,1040000.000000,629452.913818,2408681.024337,408877.025464,3447010.963619,0.012967,0.167164,0.700000,0.132836,0.182608,0.698774,0.118618,10000.000000,0.000000,10.000000
1991-10,10000.000000,1050000.000000,629710.823421,2442394.983124,428401.047187,3500506.853732,0.012582,0.167164,0.700000,0.132836,0.179891,0.697726,0.122383,10000.000000,0.000000,10.000000
1991-11,10000.000000,1060000.000000,629925.681024,2479671.163780,436865.379392,3546462.224196,0.010242,0.167164,0.700000,0.132836,0.177621,0.699196,0.123183,10000.000000,0.000000,10.000000
1991-12,10000.000000,1070000.000000,636206.386633,2556382.805129,447440.713627,3640029.905389,0.023497,0.167164,0.700000,0.132836,0.174781,0.702297,0.122922,10000.000000,0.000000,10.000000
1992-01,10000.000000,1080000.000000,684204.578948,2586792.353160,448108.253459,3719105.185567,0.018925,0.167164,0.700000,0.132836,0.183970,0.695542,0.120488,10000.000000,0.000000,10.000000
1992-02,10000.000000,1090000.000000,690713.798263,2561598.984943,450345.601953,3702658.385159,-0.007092,0.200000,0.700000,0.100000,0.186545,0.691827,0.121628,10000.000000,0.000000,10.000000
1992-03,10000.000000,1100000.000000,752758.874170,2779762.668925,477788.574167,4010310.117262,0.080172,0.200000,0.700000,0.100000,0.187706,0.693154,0.119140,10000.000000,0.000000,10.000000
1992-04,10000.000000,1110000.000000,774644.574067,2864208.609196,479445.752301,4118298.935564,0.024373,0.200000,0.700000,0.100000,0.188098,0.695483,0.116418,10000.000000,0.000000,10.000000
1992-05,10000.000000,1120000.000000,787672.482896,2867696.763811,470765.560296,4126134.807002,-0.000524,0.200000,0.700000,0.100000,0.190898,0.695008,0.114094,10000.000000,0.000000,10.000000
1992-06,10000.000000,1130000.000000,782385.209703,2913216.026965,475969.932670,4171571.169337,0.008568,0.200000,0.700000,0.100000,0.187552,0.698350,0.114098,10000.000000,0.000000,10.000000
1992-07,10000.000000,1140000.000000,806727.628029,3024819.428722,493501.081157,4325048.137907,0.034312,0.200000,0.700000,0.100000,0.186525,0.699372,0.114103,10000.000000,0.000000,10.000000
1992-08,10000.000000,1150000.000000,820123.277535,3087008.530959,477834.295381,4384966.103875,0.011515,0.200000,0.700000,0.100000,0.187031,0.703998,0.108971,10000.000000,0.000000,10.000000
1992-09,10000.000000,1160000.000000,833617.951333,3143362.097438,480825.409256,4457805.458027,0.014298,0.200000,0.700000,0.100000,0.187002,0.705137,0.107861,10000.000000,0.000000,10.000000
1992-10,10000.000000,1170000.000000,833673.330740,3121823.771218,479447.478153,4434944.580112,-0.007355,0.200000,0.700000,0.100000,0.187978,0.703915,0.108107,10000.000000,0.000000,10.000000
1992-11,10000.000000,1180000.000000,866839.308294,3076519.249329,466853.557645,4410212.115268,-0.007814,0.200000,0.700000,0.100000,0.196553,0.697590,0.105857,10000.000000,0.000000,10.000000
1992-12,10000.000000,1190000.000000,916257.859577,3176559.063204,475130.800050,4567947.722831,0.033423,0.200000,0.700000,0.100000,0.200584,0.695402,0.104014,10000.000000,0.000000,10.000000
1993-01,10000.000000,1200000.000000,919610.591503,3250728.752029,467660.180672,4637999.524204,0.013118,0.200000,0.700000,0.100000,0.198277,0.700890,0.100832,10000.000000,0.000000,10.000000
1993-02,10000.000000,1210000.000000,978161.211565,3464542.662891,483743.652426,4926447.526883,0.059907,0.245570,0.654430,0.100000,0.198553,0.703254,0.098193,10000.000000,0.000000,10.000000
1993-03,10000.000000,1220000.000000,1072704.107882,3778834.923033,516284.395500,5367823.426415,0.087386,0.245570,0.654430,0.100000,0.199840,0.703979,0.096181,10000.000000,0.000000,10.000000
1993-04,10000.000000,1230000.000000,1056372.729727,3761237.301323,530354.170338,5347964.201388,-0.005552,0.245570,0.654430,0.100000,0.197528,0.703303,0.099169,10000.000000,0.000000,10.000000
1993-05,10000.000000,1240000.000000,1073993.918642,3760869.805113,569396.246111,5404259.969865,0.008641,0.245570,0.654430,0.100000,0.198731,0.695908,0.105361,10000.000000,0.000000,10.000000
1993-06,10000.000000,1250000.000000,1095296.900750,3808776.289313,578169.540233,5482242.730296,0.012556,0.245570,0.654430,0.100000,0.199790,0.694748,0.105462,10000.000000,0.000000,10.000000
1993-07,10000.000000,1260000.000000,1103587.362420,3861960.265852,607940.741882,5573488.370153,0.014793,0.245570,0.654430,0.100000,0.198007,0.692916,0.109077,10000.000000,0.000000,10.000000
1993-08,10000.000000,1270000.000000,1133653.022646,3919845.613204,588007.178214,5641505.814064,0.010391,0.245570,0.654430,0.100000,0.200949,0.694823,0.104229,10000.000000,0.000000,10.000000
1993-09,10000.000000,1280000.000000,1157874.780916,4029484.639944,550166.355188,5737525.776048,0.015221,0.245570,0.654430,0.100000,0.201807,0.702304,0.095889,10000.000000,0.000000,10.000000
1993-10,10000.000000,1290000.000000,1178765.353579,4047367.542726,563720.598670,5789853.494975,0.007365,0.245570,0.654430,0.100000,0.203592,0.699045,0.097364,10000.000000,0.000000,10.000000
1993-11,10000.000000,1300000.000000,1185534.951083,3938166.661771,578528.885180,5702230.498034,-0.016832,0.245570,0.654430,0.100000,0.207907,0.690636,0.101457,10000.000000,0.000000,10.000000
1993-12,10000.000000,1310000.000000,1206388.798620,3943034.224752,592572.174523,5741995.197895,0.005211,0.245570,0.654430,0.100000,0.210099,0.686701,0.103200,10000.000000,0.000000,10.000000
1994-01,10000.000000,1320000.000000,1237501.697063,3967884.529660,598759.874392,5804146.101115,0.009067,0.245570,0.654430,0.100000,0.213210,0.683629,0.103161,10000.000000,0.000000,10.000000
1994-02,10000.000000,1330000.000000,1114816.363586,3637067.714426,1006756.640771,5758640.718783,-0.009547,0.191860,0.632741,0.175398,0.193590,0.631584,0.174825,421031.516729,411031.516729,832.063033
1994-03,10000.000000,1340000.000000,1097746.421434,3524126.130073,1013737.661579,5635610.213086,-0.023061,0.191860,0.632741,0.175398,0.194787,0.625332,0.179881,10000.000000,0.000000,10.000000
1994-04,10000.000000,1350000.000000,1060222.857251,3428149.992637,994518.130477,5482890.980365,-0.028822,0.191860,0.632741,0.175398,0.193369,0.625245,0.181386,10000.000000,0.000000,10.000000
1994-05,10000.000000,1360000.000000,1070894.521024,3405777.460836,1004555.942281,5481227.924141,-0.002123,0.191860,0.632741,0.175398,0.195375,0.621353,0.183272,10000.000000,0.000000,10.000000
1994-06,10000.000000,1370000.000000,1083073.095694,3456430.395163,1018032.416341,5557535.907198,0.012075,0.191860,0.632741,0.175398,0.194884,0.621936,0.183181,10000.000000,0.000000,10.000000
1994-07,10000.000000,1380000.000000,1077173.286408,3437720.062376,1015131.145089,5530024.493874,-0.006738,0.191860,0.632741,0.175398,0.194786,0.621646,0.183567,10000.000000,0.000000,10.000000
1994-08,10000.000000,1390000.000000,1110239.662069,3482735.026717,1001827.667294,5594802.356080,0.009888,0.191860,0.632741,0.175398,0.198441,0.622495,0.179064,10000.000000,0.000000,10.000000
1994-09,10000.000000,1400000.000000,1119299.219103,3460575.676784,1033449.305189,5613324.201076,0.001520,0.191860,0.632741,0.175398,0.199400,0.616493,0.184106,10000.000000,0.000000,10.000000
1994-10,10000.000000,1410000.000000,1114338.126308,3425751.299265,1028184.605167,5568274.030740,-0.009790,0.191860,0.632741,0.175398,0.200123,0.615227,0.184651,10000.000000,0.000000,10.000000
1994-11,10000.000000,1420000.000000,1110971.680455,3409060.154243,1013055.119277,5533086.953975,-0.008101,0.191860,0.632741,0.175398,0.200787,0.616123,0.183090,10000.000000,0.000000,10.000000
1994-12,10000.000000,1430000.000000,1099413.280759,3476173.351603,999715.989217,5575302.621579,0.005812,0.191860,0.632741,0.175398,0.197193,0.623495,0.179312,10000.000000,0.000000,10.000000
1995-01,10000.000000,1440000.000000,1125792.841176,3514222.911271,999210.993170,5639226.745617,0.009655,0.191860,0.632741,0.175398,0.199636,0.623175,0.177189,10000.000000,0.000000,10.000000
1995-02,10000.000000,1450000.000000,1620074.415273,2949268.320343,1212940.340052,5782283.075669,0.023553,0.276240,0.507903,0.215857,0.280179,0.510053,0.209768,654966.504783,644966.504783,1299.933010
1995-03,10000.000000,1460000.000000,1672476.269366,3043322.429186,1247331.871839,5963130.570392,0.029496,0.276240,0.507903,0.215857,0.280470,0.510356,0.209174,10000.000000,0.000000,10.000000
1995-04,10000.000000,1470000.000000,1716459.170392,3074057.760825,1279651.443970,6070168.375187,0.016246,0.276240,0.507903,0.215857,0.282770,0.506421,0.210810,10000.000000,0.000000,10.000000
1995-05,10000.000000,1480000.000000,1774517.886334,3191287.226460,1267330.099503,6233135.212297,0.025158,0.276240,0.507903,0.215857,0.284691,0.511987,0.203321,10000.000000,0.000000,10.000000
1995-06,10000.000000,1490000.000000,1830089.093189,3315103.765101,1286699.439031,6431892.297322,0.030234,0.276240,0.507903,0.215857,0.284534,0.515417,0.200050,10000.000000,0.000000,10.000000
1995-07,10000.000000,1500000.000000,1893897.882724,3303590.254081,1289257.572764,6486745.709569,0.006963,0.276240,0.507903,0.215857,0.291964,0.509283,0.198753,10000.000000,0.000000,10.000000
1995-08,10000.000000,1510000.000000,1916168.176158,3292290.343539,1301048.441655,6509506.961352,0.001964,0.276240,0.507903,0.215857,0.294365,0.505766,0.199869,10000.000000,0.000000,10.000000
1995-09,10000.000000,1520000.000000,2095445.967976,3565429.570236,1377126.736929,7038002.275140,0.079530,0.276240,0.507903,0.215857,0.297733,0.506597,0.195670,10000.000000,0.000000,10.000000
1995-10,10000.000000,1530000.000000,2200049.897978,3773481.023184,1442264.838870,7415795.760032,0.052184,0.276240,0.507903,0.215857,0.296671,0.508844,0.194486,10000.000000,0.000000,10.000000
1995-11,10000.000000,1540000.000000,2255415.384483,3829168.748491,1462104.316866,7546688.449840,0.016280,0.276240,0.507903,0.215857,0.298862,0.507397,0.193741,10000.000000,0.000000,10.000000
1995-12,10000.000000,1550000.000000,2349069.910851,3940599.186391,1490170.180999,7779839.278241,0.029530,0.276240,0.507903,0.215857,0.301943,0.506514,0.191543,10000.000000,0.000000,10.000000
1996-01,10000.000000,1560000.000000,2409773.055877,4074058.040044,1583270.930211,8067102.026132,0.035593,0.276240,0.507903,0.215857,0.298716,0.505021,0.196263,10000.000000,0.000000,10.000000
1996-02,10000.000000,1570000.000000,2618153.272961,4133030.209471,1642691.038204,8393874.520637,0.039219,0.323914,0.478813,0.197273,0.311912,0.492386,0.195701,10000.000000,0.000000,10.000000
1996-03,10000.000000,1580000.000000,2470496.195043,3782826.123111,1514777.715695,7768100.033850,-0.075653,0.323914,0.478813,0.197273,0.318031,0.486969,0.195000,10000.000000,0.000000,10.000000
1996-04,10000.000000,1590000.000000,2470583.421080,3719054.166048,1498904.728260,7688542.315388,-0.011514,0.323914,0.478813,0.197273,0.321333,0.483714,0.194953,10000.000000,0.000000,10.000000
1996-05,10000.000000,1600000.000000,2586362.284779,3753690.754941,1530524.963047,7870578.002767,0.022347,0.323914,0.478813,0.197273,0.328611,0.476927,0.194462,10000.000000,0.000000,10.000000
1996-06,10000.000000,1610000.000000,2624999.671881,3741905.799181,1511813.545940,7878719.017002,-0.000236,0.323914,0.478813,0.197273,0.333176,0.474938,0.191886,10000.000000,0.000000,10.000000
1996-07,10000.000000,1620000.000000,2574724.566855,3839677.111681,1533918.901424,7948320.579961,0.007555,0.323914,0.478813,0.197273,0.323933,0.483080,0.192987,10000.000000,0.000000,10.000000
1996-08,10000.000000,1630000.000000,2664602.797976,3939670.984137,1565046.078629,8169319.860742,0.026513,0.323914,0.478813,0.197273,0.326172,0.482252,0.191576,10000.000000,0.000000,10.000000
1996-09,10000.000000,1640000.000000,2723839.316913,3915817.634748,1561812.490563,8201469.442225,0.002708,0.323914,0.478813,0.197273,0.332116,0.477453,0.190431,10000.000000,0.000000,10.000000
1996-10,10000.000000,1650000.000000,2830794.475065,4017636.626358,1558570.111675,8407001.213098,0.023812,0.323914,0.478813,0.197273,0.336719,0.477892,0.185390,10000.000000,0.000000,10.000000
1996-11,10000.000000,1660000.000000,2976761.902955,4141862.744377,1556676.715320,8675301.362652,0.030688,0.323914,0.478813,0.197273,0.343131,0.477432,0.179438,10000.000000,0.000000,10.000000
1996-12,10000.000000,1670000.000000,3015982.299237,4138897.708672,1530233.193645,8685113.201555,-0.000022,0.323914,0.478813,0.197273,0.347259,0.476551,0.176190,10000.000000,0.000000,10.000000
1997-01,10000.000000,1680000.000000,3116152.335678,4080852.920380,1481588.467265,8678593.723323,-0.001900,0.323914,0.478813,0.197273,0.359062,0.470221,0.170718,10000.000000,0.000000,10.000000
1997-02,10000.000000,1690000.000000,4361883.504198,3697465.264924,848759.858119,8908108.627241,0.025265,0.481339,0.418661,0.100000,0.489653,0.415067,0.095279,1066010.412216,1056010.412216,2122.020824
1997-03,10000.000000,1700000.000000,4333985.795227,3649643.660118,866362.087853,8849991.543199,-0.007638,0.481339,0.418661,0.100000,0.489716,0.412390,0.097894,10000.000000,0.000000,10.000000
1997-04,10000.000000,1710000.000000,4179783.410537,3619892.460193,847748.804598,8647424.675327,-0.023992,0.481339,0.418661,0.100000,0.483356,0.418609,0.098035,10000.000000,0.000000,10.000000
1997-05,10000.000000,1720000.000000,4564643.022750,3689056.463333,855622.505908,9109321.991992,0.052198,0.481339,0.418661,0.100000,0.501096,0.404976,0.093928,10000.000000,0.000000,10.000000
1997-06,10000.000000,1730000.000000,4807627.392862,3774978.630434,851065.174782,9433671.198078,0.034471,0.481339,0.418661,0.100000,0.509624,0.400160,0.090216,10000.000000,0.000000,10.000000
1997-07,10000.000000,1740000.000000,5073052.571597,3868846.294631,810244.794715,9752143.660943,0.032664,0.481339,0.418661,0.100000,0.520199,0.396718,0.083084,10000.000000,0.000000,10.000000
1997-08,10000.000000,1750000.000000,5127873.421294,3900282.437873,820514.023368,9848669.882535,0.008863,0.481339,0.418661,0.100000,0.520667,0.396021,0.083312,10000.000000,0.000000,10.000000
1997-09,10000.000000,1760000.000000,5256304.089181,4003583.361549,832845.749966,10092733.200697,0.023742,0.481339,0.418661,0.100000,0.520801,0.396680,0.082519,10000.000000,0.000000,10.000000
1997-10,10000.000000,1770000.000000,5317356.579821,4063775.415601,838417.328241,10219549.323663,0.011563,0.481339,0.418661,0.100000,0.520312,0.397647,0.082041,10000.000000,0.000000,10.000000
1997-11,10000.000000,1780000.000000,5398984.423669,4247435.342238,815285.353947,10461705.119853,0.022695,0.481339,0.418661,0.100000,0.516071,0.405998,0.077930,10000.000000,0.000000,10.000000
1997-12,10000.000000,1790000.000000,5854936.294557,4537276.329190,819862.667100,11212075.290847,0.070702,0.481339,0.418661,0.100000,0.522199,0.404678,0.073123,10000.000000,0.000000,10.000000
1998-01,10000.000000,1800000.000000,5867471.871192,4654252.005771,826198.930728,11347922.807691,0.011214,0.481339,0.418661,0.100000,0.517053,0.410141,0.072806,10000.000000,0.000000,10.000000
1998-02,10000.000000,1810000.000000,8282736.894887,2339739.008374,1155412.525600,11777888.428861,0.036976,0.692381,0.207619,0.100000,0.703245,0.198655,0.098100,2306128.177002,2296128.177002,4602.256354
1998-03,10000.000000,1820000.000000,8848162.101522,2378441.898143,1169876.838156,12396480.837821,0.051629,0.692381,0.207619,0.100000,0.713764,0.191864,0.094372,10000.000000,0.000000,10.000000
1998-04,10000.000000,1830000.000000,9180548.740894,2406969.149242,1224190.460816,12811708.350952,0.032663,0.692381,0.207619,0.100000,0.716575,0.187873,0.095552,10000.000000,0.000000,10.000000
1998-05,10000.000000,1840000.000000,9336857.744175,2471418.921018,1213172.952968,13021449.618161,0.015578,0.692381,0.207619,0.100000,0.717037,0.189796,0.093167,10000.000000,0.000000,10.000000
1998-06,10000.000000,1850000.000000,9786159.529941,2636562.843080,1243177.093766,13665899.466787,0.048686,0.692381,0.207619,0.100000,0.716101,0.192930,0.090969,10000.000000,0.000000,10.000000
1998-07,10000.000000,1860000.000000,10282484.982361,2678283.198722,1258484.405634,14219252.586717,0.039731,0.692381,0.207619,0.100000,0.723138,0.188356,0.088506,10000.000000,0.000000,10.000000
1998-08,10000.000000,1870000.000000,9617563.799760,2736075.638206,1230081.243260,13583720.681226,-0.045367,0.692381,0.207619,0.100000,0.708021,0.201423,0.090556,10000.000000,0.000000,10.000000
1998-09,10000.000000,1880000.000000,9090106.062429,2848089.703488,1250092.976271,13188288.742187,-0.029825,0.692381,0.207619,0.100000,0.689256,0.215956,0.094788,10000.000000,0.000000,10.000000
1998-10,10000.000000,1890000.000000,9171617.546293,2909966.462661,1280850.392724,13362434.401678,0.012437,0.692381,0.207619,0.100000,0.686373,0.217772,0.095855,10000.000000,0.000000,10.000000
1998-11,10000.000000,1900000.000000,10193069.837882,2855095.571361,1277122.271370,14325287.680613,0.071255,0.692381,0.207619,0.100000,0.711544,0.199305,0.089152,10000.000000,0.000000,10.000000
1998-12,10000.000000,1910000.000000,10652038.198371,2922641.350226,1278909.040757,14853588.589354,0.036156,0.692381,0.207619,0.100000,0.717136,0.196763,0.086101,10000.000000,0.000000,10.000000
1999-01,10000.000000,1920000.000000,11177731.984688,2919180.128960,1261156.563043,15358068.676691,0.033268,0.692381,0.207619,0.100000,0.727808,0.190075,0.082117,10000.000000,0.000000,10.000000
1999-02,10000.000000,1930000.000000,8468465.864258,5252898.487485,1535771.594454,15257135.946197,-0.007218,0.551783,0.348217,0.100000,0.555050,0.344291,0.100659,2707900.538365,2697900.538365,5405.801077
1999-03,10000.000000,1940000.000000,8712860.166843,5190193.250304,1529861.726540,15432915.143687,0.010859,0.551783,0.348217,0.100000,0.564563,0.336307,0.099130,10000.000000,0.000000,10.000000
1999-04,10000.000000,1950000.000000,9143121.594123,5276709.135746,1524520.222408,15944350.952276,0.032470,0.551783,0.348217,0.100000,0.573440,0.330945,0.095615,10000.000000,0.000000,10.000000
1999-05,10000.000000,1960000.000000,9147354.886129,5171325.495913,1490951.294934,15809631.676976,-0.009071,0.551783,0.348217,0.100000,0.578594,0.327100,0.094307,10000.000000,0.000000,10.000000
1999-06,10000.000000,1970000.000000,9166416.570109,5106423.513591,1423581.779641,15696421.863340,-0.007788,0.551783,0.348217,0.100000,0.583981,0.325324,0.090695,10000.000000,0.000000,10.000000
1999-07,10000.000000,1980000.000000,9612878.459987,5197930.907996,1403800.553899,16214609.921882,0.032355,0.551783,0.348217,0.100000,0.592853,0.320571,0.086576,10000.000000,0.000000,10.000000
1999-08,10000.000000,1990000.000000,9281301.105967,5189376.576718,1417330.513985,15888008.196670,-0.020746,0.551783,0.348217,0.100000,0.584170,0.326622,0.089208,10000.000000,0.000000,10.000000
1999-09,10000.000000,2000000.000000,9245917.197889,5240890.184366,1468070.568383,15954877.950637,0.003577,0.551783,0.348217,0.100000,0.579504,0.328482,0.092014,10000.000000,0.000000,10.000000
1999-10,10000.000000,2010000.000000,9118775.224305,5195151.199485,1724483.954855,16038410.378645,0.004606,0.551783,0.348217,0.100000,0.568559,0.323919,0.107522,10000.000000,0.000000,10.000000
1999-11,10000.000000,2020000.000000,9745485.703179,5250939.984965,1621137.208012,16617562.896155,0.035465,0.551783,0.348217,0.100000,0.586457,0.315987,0.097556,10000.000000,0.000000,10.000000
1999-12,10000.000000,2030000.000000,10034397.358635,5198537.602303,1568875.061967,16801810.022905,0.010479,0.551783,0.348217,0.100000,0.597221,0.309403,0.093375,10000.000000,0.000000,10.000000
2000-01,10000.000000,2040000.000000,10037563.261094,5100045.227626,1578260.660252,16715869.148971,-0.005707,0.551783,0.348217,0.100000,0.600481,0.305102,0.094417,10000.000000,0.000000,10.000000
2000-02,10000.000000,2050000.000000,11266139.397053,3575393.732192,1769095.288581,16610628.417826,-0.006890,0.689802,0.210198,0.100000,0.678249,0.215247,0.106504,1594303.843762,1584303.843762,3178.607688
2000-03,10000.000000,2060000.000000,11716304.567978,3661414.465589,1685929.936179,17063648.969746,0.026655,0.689802,0.210198,0.100000,0.686624,0.214574,0.098802,10000.000000,0.000000,10.000000
2000-04,10000.000000,2070000.000000,11903368.527653,3757624.863690,1654859.028232,17315852.419575,0.014186,0.689802,0.210198,0.100000,0.687426,0.217005,0.095569,10000.000000,0.000000,10.000000
2000-05,10000.000000,2080000.000000,11672763.907821,3686574.729841,1645985.903074,17005324.540735,-0.018500,0.689802,0.210198,0.100000,0.686418,0.216789,0.096792,10000.000000,0.000000,10.000000
2000-06,10000.000000,2090000.000000,12234689.383379,3857602.728772,1743302.092566,17835594.204716,0.048208,0.689802,0.210198,0.100000,0.685970,0.216287,0.097743,10000.000000,0.000000,10.000000
2000-07,10000.000000,2100000.000000,12367297.146408,3898392.417129,1725489.674441,17991179.237978,0.008158,0.689802,0.210198,0.100000,0.687409,0.216684,0.095908,10000.000000,0.000000,10.000000
2000-08,10000.000000,2110000.000000,12746047.399278,4064375.911626,1720129.376093,18530552.686997,0.029408,0.689802,0.210198,0.100000,0.687840,0.219334,0.092827,10000.000000,0.000000,10.000000
2000-09,10000.000000,2120000.000000,12665757.130374,4111041.630749,1732238.547613,18509037.308736,-0.001700,0.689802,0.210198,0.100000,0.684301,0.222110,0.093589,10000.000000,0.000000,10.000000
2000-10,10000.000000,2130000.000000,12129291.468462,4190634.930408,1729141.467348,18049067.866218,-0.025378,0.689802,0.210198,0.100000,0.672018,0.232180,0.095802,10000.000000,0.000000,10.000000
2000-11,10000.000000,2140000.000000,12146400.808659,4252942.749012,1719946.637025,18119290.194696,0.003335,0.689802,0.210198,0.100000,0.670357,0.234719,0.094924,10000.000000,0.000000,10.000000
2000-12,10000.000000,2150000.000000,11741544.138644,4426049.112227,1752987.725254,17920580.976124,-0.011512,0.689802,0.210198,0.100000,0.655199,0.246981,0.097820,10000.000000,0.000000,10.000000
2001-01,10000.000000,2160000.000000,11761334.483331,4456271.319633,1708506.064552,17926111.867515,-0.000249,0.689802,0.210198,0.100000,0.656101,0.248591,0.095308,10000.000000,0.000000,10.000000
2001-02,10000.000000,2170000.000000,11497186.142756,4499577.251479,1688747.867697,17685511.261931,-0.013972,0.624543,0.275457,0.100000,0.650091,0.254422,0.095488,10000.000000,0.000000,10.000000
2001-03,10000.000000,2180000.000000,10473811.431318,4609699.530162,1700311.370333,16783822.331813,-0.051521,0.624543,0.275457,0.100000,0.624042,0.274651,0.101307,10000.000000,0.000000,10.000000
2001-04,10000.000000,2190000.000000,10556108.387157,4558190.120838,1685793.652134,16800092.160130,0.000373,0.624543,0.275457,0.100000,0.628336,0.271319,0.100344,10000.000000,0.000000,10.000000
2001-05,10000.000000,2200000.000000,11320559.399128,4516174.067218,1769580.336991,17606313.803337,0.047366,0.624543,0.275457,0.100000,0.642983,0.256509,0.100508,10000.000000,0.000000,10.000000
2001-06,10000.000000,2210000.000000,11072528.374137,4593843.917396,1760125.956552,17426498.248085,-0.010775,0.624543,0.275457,0.100000,0.635385,0.263613,0.101003,10000.000000,0.000000,10.000000
2001-07,10000.000000,2220000.000000,10809058.227339,4651579.796325,1752126.692926,17212764.716590,-0.012831,0.624543,0.275457,0.100000,0.627968,0.270240,0.101792,10000.000000,0.000000,10.000000
2001-08,10000.000000,2230000.000000,10585312.790797,4778365.818071,1777839.574147,17141518.183016,-0.004717,0.624543,0.275457,0.100000,0.617525,0.278760,0.103715,10000.000000,0.000000,10.000000
2001-09,10000.000000,2240000.000000,9520170.230829,4948684.819793,1872662.773889,16341517.824511,-0.047226,0.624543,0.275457,0.100000,0.582576,0.302829,0.114595,10000.000000,0.000000,10.000000
2001-10,10000.000000,2250000.000000,9895449.981272,5062398.393561,1884438.535445,16842286.910278,0.030014,0.624543,0.275457,0.100000,0.587536,0.300577,0.111887,10000.000000,0.000000,10.000000
2001-11,10000.000000,2260000.000000,10404161.620205,5048907.447045,1837504.617674,17290573.684925,0.026008,0.624543,0.275457,0.100000,0.601724,0.292003,0.106272,10000.000000,0.000000,10.000000
2001-12,10000.000000,2270000.000000,10542968.187141,4886093.312186,1833353.755913,17262415.255241,-0.002206,0.624543,0.275457,0.100000,0.610747,0.283048,0.106205,10000.000000,0.000000,10.000000
2002-01,10000.000000,2280000.000000,10613472.973029,4968735.234746,1889574.269874,17471782.477649,0.011543,0.624543,0.275457,0.100000,0.607464,0.284386,0.108150,10000.000000,0.000000,10.000000
2002-02,10000.000000,2290000.000000,6297591.159519,9461530.201846,1847854.555382,17606975.916747,0.007161,0.370135,0.529865,0.100000,0.357676,0.537374,0.104950,4294253.685013,4284253.685013,8578.507370
2002-03,10000.000000,2300000.000000,6626295.156656,9242113.016475,1837247.954540,17705656.127671,0.005034,0.370135,0.529865,0.100000,0.374247,0.521986,0.103766,10000.000000,0.000000,10.000000
2002-04,10000.000000,2310000.000000,6415951.325032,9375413.872719,1900163.621877,17691528.819628,-0.001362,0.370135,0.529865,0.100000,0.362657,0.529938,0.107405,10000.000000,0.000000,10.000000
2002-05,10000.000000,2320000.000000,6254411.819785,9467538.425081,1972291.882698,17694242.127564,-0.000412,0.370135,0.529865,0.100000,0.353472,0.535063,0.111465,10000.000000,0.000000,10.000000
2002-06,10000.000000,2330000.000000,5889551.602536,9670956.090836,2014909.842113,17575417.535485,-0.007276,0.370135,0.529865,0.100000,0.335102,0.550255,0.114644,10000.000000,0.000000,10.000000
2002-07,10000.000000,2340000.000000,5243746.913098,9884099.696386,1956819.523384,17084666.132868,-0.028475,0.370135,0.529865,0.100000,0.306927,0.578536,0.114537,10000.000000,0.000000,10.000000
2002-08,10000.000000,2350000.000000,6375927.757701,9341907.062910,1686875.845233,17404710.665844,0.018137,0.370135,0.529865,0.100000,0.366333,0.536746,0.096921,1083583.182802,1073583.182802,2157.166366
2002-09,10000.000000,2360000.000000,6058855.304794,9642416.289647,1734903.361865,17436174.956306,0.001233,0.370135,0.529865,0.100000,0.347488,0.553012,0.099500,10000.000000,0.000000,10.000000
2002-10,10000.000000,2370000.000000,5976476.508384,9603794.932497,1721618.130569,17301889.571450,-0.008270,0.370135,0.529865,0.100000,0.345423,0.555072,0.099505,10000.000000,0.000000,10.000000
2002-11,10000.000000,2380000.000000,6369306.400119,9529436.847564,1729012.883910,17627756.131594,0.018246,0.370135,0.529865,0.100000,0.361323,0.540593,0.098085,10000.000000,0.000000,10.000000
2002-12,10000.000000,2390000.000000,6293747.183508,9550112.121529,1796273.842591,17640133.147627,0.000135,0.370135,0.529865,0.100000,0.356786,0.541385,0.101829,10000.000000,0.000000,10.000000
2003-01,10000.000000,2400000.000000,6264583.685052,9528479.157080,1923816.134972,17716878.977104,0.003782,0.370135,0.529865,0.100000,0.353594,0.537819,0.108587,10000.000000,0.000000,10.000000
2003-02,10000.000000,2410000.000000,4132976.438425,11617814.674886,1800013.896372,17550805.009683,-0.009933,0.250278,0.648280,0.101442,0.235486,0.661953,0.102560,1963506.018211,1953506.018211,3917.012036
2003-03,10000.000000,2420000.000000,4190945.203203,11723862.265592,1707229.875890,17622037.344685,0.003487,0.250278,0.648280,0.101442,0.237824,0.665296,0.096880,10000.000000,0.000000,10.000000
2003-04,10000.000000,2430000.000000,4393676.904088,11548362.042358,1634865.342015,17576904.288462,-0.003127,0.250278,0.648280,0.101442,0.249969,0.657019,0.093012,10000.000000,0.000000,10.000000
2003-05,10000.000000,2440000.000000,4600178.654903,11888938.536246,1774152.572113,18263269.763262,0.038458,0.250278,0.648280,0.101442,0.251881,0.650975,0.097143,10000.000000,0.000000,10.000000
2003-06,10000.000000,2450000.000000,4820207.898327,12057616.953270,1768605.123188,18646429.974785,0.020421,0.250278,0.648280,0.101442,0.258506,0.646645,0.094850,10000.000000,0.000000,10.000000
2003-07,10000.000000,2460000.000000,4799141.258441,11338604.883119,1733375.494304,17871121.635864,-0.042093,0.250278,0.648280,0.101442,0.268542,0.634465,0.096993,10000.000000,0.000000,10.000000
2003-08,10000.000000,2470000.000000,4763759.180980,10897314.786403,1770113.058451,17431187.025834,-0.025163,0.250278,0.648280,0.101442,0.273289,0.625162,0.101549,10000.000000,0.000000,10.000000
2003-09,10000.000000,2480000.000000,4902691.311232,11078797.273089,1859114.604681,17840603.189001,0.022901,0.250278,0.648280,0.101442,0.274805,0.620988,0.104207,10000.000000,0.000000,10.000000
2003-10,10000.000000,2490000.000000,4953762.273815,11003107.085455,1841145.565247,17798014.924517,-0.002946,0.250278,0.648280,0.101442,0.278332,0.618221,0.103447,10000.000000,0.000000,10.000000
2003-11,10000.000000,2500000.000000,5030381.222085,11080336.763150,1900873.966441,18011591.951676,0.011432,0.250278,0.648280,0.101442,0.279286,0.615178,0.105536,10000.000000,0.000000,10.000000
2003-12,10000.000000,2510000.000000,5186741.707843,11161565.909900,1984589.331603,18332896.949346,0.017274,0.250278,0.648280,0.101442,0.282920,0.608827,0.108253,10000.000000,0.000000,10.000000
2004-01,10000.000000,2520000.000000,5428598.329528,11290058.006804,2013489.927419,18732146.263751,0.021221,0.250278,0.648280,0.101442,0.289801,0.602710,0.107488,10000.000000,0.000000,10.000000
2004-02,10000.000000,2530000.000000,5475513.211736,11347057.826289,1961770.197213,18784341.235238,0.002251,0.302724,0.597276,0.100000,0.291493,0.604070,0.104436,10000.000000,0.000000,10.000000
2004-03,10000.000000,2540000.000000,5363476.778587,11540033.367985,1958249.288336,18861759.434908,0.003587,0.302724,0.597276,0.100000,0.284357,0.611822,0.103821,10000.000000,0.000000,10.000000
2004-04,10000.000000,2550000.000000,5295497.355352,10831749.194536,1892542.540063,18019789.089951,-0.045145,0.302724,0.597276,0.100000,0.293871,0.601103,0.105026,10000.000000,0.000000,10.000000
2004-05,10000.000000,2560000.000000,5320638.522085,10865270.248256,1856056.375295,18041965.145637,0.000675,0.302724,0.597276,0.100000,0.294903,0.602222,0.102874,10000.000000,0.000000,10.000000
2004-06,10000.000000,2570000.000000,5522680.297846,10978422.588088,1908446.388449,18409549.274384,0.019809,0.302724,0.597276,0.100000,0.299990,0.596344,0.103666,10000.000000,0.000000,10.000000
2004-07,10000.000000,2580000.000000,5471554.896039,11361408.167014,1961204.820313,18794167.883366,0.020338,0.302724,0.597276,0.100000,0.291130,0.604518,0.104352,10000.000000,0.000000,10.000000
2004-08,10000.000000,2590000.000000,5436746.871383,11671371.509967,1987412.127908,19095530.509257,0.015495,0.302724,0.597276,0.100000,0.284713,0.611210,0.104077,10000.000000,0.000000,10.000000
2004-09,10000.000000,2600000.000000,5566013.661958,11785891.841204,1995657.273638,19347562.776800,0.012668,0.302724,0.597276,0.100000,0.287686,0.609167,0.103148,10000.000000,0.000000,10.000000
2004-10,10000.000000,2610000.000000,5543033.138459,11772831.116330,2055221.013657,19371085.268447,0.000699,0.302724,0.597276,0.100000,0.286150,0.607753,0.106097,10000.000000,0.000000,10.000000
2004-11,10000.000000,2620000.000000,5728695.776957,11547522.131785,2115174.315902,19391392.224644,0.000532,0.302724,0.597276,0.100000,0.295425,0.595497,0.109078,10000.000000,0.000000,10.000000
2004-12,10000.000000,2630000.000000,5737831.495462,11248790.893945,2073564.341754,19060186.731162,-0.017587,0.302724,0.597276,0.100000,0.301038,0.590172,0.108790,10000.000000,0.000000,10.000000
2005-01,10000.000000,2640000.000000,5632417.654218,11245698.899255,1978594.824587,18856711.378060,-0.011194,0.302724,0.597276,0.100000,0.298696,0.596376,0.104928,10000.000000,0.000000,10.000000
2005-02,10000.000000,2650000.000000,5722026.806120,11330345.215373,1972153.176121,19024525.197613,0.008365,0.298573,0.601427,0.100000,0.300771,0.595565,0.103664,10000.000000,0.000000,10.000000
2005-03,10000.000000,2660000.000000,5708748.018130,11085640.681233,2023915.690564,18818304.389928,-0.011359,0.298573,0.601427,0.100000,0.303361,0.589088,0.107550,10000.000000,0.000000,10.000000
2005-04,10000.000000,2670000.000000,5578358.392393,11293519.110104,2003158.845031,18875036.347528,0.002482,0.298573,0.601427,0.100000,0.295542,0.598331,0.106127,10000.000000,0.000000,10.000000
2005-05,10000.000000,2680000.000000,5627640.585663,11460460.057798,1959979.157393,19048079.800854,0.008633,0.298573,0.601427,0.100000,0.295444,0.601660,0.102896,10000.000000,0.000000,10.000000
2005-06,10000.000000,2690000.000000,5775585.364310,11661338.643419,2007081.695349,19444005.703078,0.020250,0.298573,0.601427,0.100000,0.297037,0.599740,0.103224,10000.000000,0.000000,10.000000
2005-07,10000.000000,2700000.000000,5872423.237929,11512588.277917,1970377.540821,19355389.056667,-0.005069,0.298573,0.601427,0.100000,0.303400,0.594800,0.101800,10000.000000,0.000000,10.000000
2005-08,10000.000000,2710000.000000,5906357.978900,11519474.917821,2040872.201413,19466705.098134,0.005232,0.298573,0.601427,0.100000,0.303408,0.591753,0.104839,10000.000000,0.000000,10.000000
2005-09,10000.000000,2720000.000000,5963158.192865,11705109.505390,2139193.754134,19807461.452388,0.016982,0.298573,0.601427,0.100000,0.301056,0.590944,0.107999,10000.000000,0.000000,10.000000
2005-10,10000.000000,2730000.000000,5927354.785361,11753448.065152,2250695.675565,19931498.526078,0.005754,0.298573,0.601427,0.100000,0.297386,0.589692,0.112922,10000.000000,0.000000,10.000000
2005-11,10000.000000,2740000.000000,6283557.042692,11960780.063430,2328820.430959,20573157.537081,0.031676,0.298573,0.601427,0.100000,0.305425,0.581378,0.113197,10000.000000,0.000000,10.000000
2005-12,10000.000000,2750000.000000,6408688.956898,12064540.723760,2486211.177894,20959440.858552,0.018281,0.298573,0.601427,0.100000,0.305766,0.575614,0.118620,10000.000000,0.000000,10.000000
2006-01,10000.000000,2760000.000000,6308262.369412,11803764.967940,2601041.269310,20713068.606662,-0.012226,0.298573,0.601427,0.100000,0.304555,0.569870,0.125575,10000.000000,0.000000,10.000000
2006-02,10000.000000,2770000.000000,6311347.786017,11714995.002260,2636505.404222,20662848.192500,-0.002906,0.290836,0.566031,0.143133,0.305444,0.566959,0.127596,10000.000000,0.000000,10.000000
2006-03,10000.000000,2780000.000000,6420751.010412,11650039.560136,2662514.547712,20733305.118259,0.002924,0.290836,0.566031,0.143133,0.309683,0.561900,0.128417,10000.000000,0.000000,10.000000
2006-04,10000.000000,2790000.000000,6543050.578192,11580139.362821,2961243.058127,21084432.999139,0.016445,0.290836,0.566031,0.143133,0.310326,0.549227,0.140447,10000.000000,0.000000,10.000000
2006-05,10000.000000,2800000.000000,6545364.434943,11625324.726764,3300073.758866,21470762.920574,0.017840,0.290836,0.566031,0.143133,0.304850,0.541449,0.153701,10000.000000,0.000000,10.000000
2006-06,10000.000000,2810000.000000,6465861.297537,11863955.778000,2958500.854233,21288317.929770,-0.008959,0.290836,0.566031,0.143133,0.303728,0.557299,0.138973,10000.000000,0.000000,10.000000
2006-07,10000.000000,2820000.000000,6580379.538797,12064215.855785,3183407.944452,21828003.339034,0.024870,0.290836,0.566031,0.143133,0.301465,0.552694,0.145841,10000.000000,0.000000,10.000000
2006-08,10000.000000,2830000.000000,6742593.269680,12343785.666622,3183773.183308,22270152.119610,0.019789,0.290836,0.566031,0.143133,0.302764,0.554275,0.142961,10000.000000,0.000000,10.000000
2006-09,10000.000000,2840000.000000,6848420.119363,12441140.301992,2979705.396955,22269265.818310,-0.000489,0.290836,0.566031,0.143133,0.307528,0.558669,0.133803,10000.000000,0.000000,10.000000
2006-10,10000.000000,2850000.000000,6994985.086483,12306990.176000,2883658.559201,22185633.821684,-0.004203,0.290836,0.566031,0.143133,0.315293,0.554728,0.129979,10000.000000,0.000000,10.000000
2006-11,10000.000000,2860000.000000,7035967.492721,12313178.553666,3053082.053558,22402228.099944,0.009308,0.290836,0.566031,0.143133,0.314074,0.549641,0.136285,10000.000000,0.000000,10.000000
2006-12,10000.000000,2870000.000000,7148195.654015,12339246.352894,3049145.869515,22536587.876424,0.005549,0.290836,0.566031,0.143133,0.317182,0.547521,0.135298,10000.000000,0.000000,10.000000
2007-01,10000.000000,2880000.000000,7152848.101369,12123748.367592,3037895.473007,22314491.941967,-0.010294,0.290836,0.566031,0.143133,0.320547,0.543313,0.136140,10000.000000,0.000000,10.000000
2007-02,10000.000000,2890000.000000,5558113.442819,12946526.338809,4111105.092032,22615744.873660,0.013046,0.246134,0.578362,0.175504,0.245763,0.572456,0.181781,1668029.226592,1658029.226592,3326.058453
2007-03,10000.000000,2900000.000000,5393492.994469,13103062.991230,4028502.001362,22525057.987062,-0.004450,0.246134,0.578362,0.175504,0.239444,0.581711,0.178845,10000.000000,0.000000,10.000000
2007-04,10000.000000,2910000.000000,5401077.775997,12491024.906673,4006751.992734,21898854.675404,-0.028232,0.246134,0.578362,0.175504,0.246637,0.570396,0.182966,10000.000000,0.000000,10.000000
2007-05,10000.000000,2920000.000000,5391689.970202,12060341.397547,3800205.678829,21252237.046579,-0.029970,0.246134,0.578362,0.175504,0.253700,0.567486,0.178814,10000.000000,0.000000,10.000000
2007-06,10000.000000,2930000.000000,5413204.041441,11798844.056569,3739549.483249,20951597.581258,-0.014610,0.246134,0.578362,0.175504,0.258367,0.563148,0.178485,10000.000000,0.000000,10.000000
2007-07,10000.000000,2940000.000000,5401828.539265,11857235.175959,3761275.032313,21020338.747537,0.002802,0.246134,0.578362,0.175504,0.256981,0.564084,0.178935,10000.000000,0.000000,10.000000
2007-08,10000.000000,2950000.000000,5226967.513549,12347726.299157,3799125.230843,21373819.043549,0.016333,0.246134,0.578362,0.175504,0.244550,0.577703,0.177747,10000.000000,0.000000,10.000000
2007-09,10000.000000,2960000.000000,5327298.806991,12390146.617714,4022718.319692,21740163.744397,0.016664,0.246134,0.578362,0.175504,0.245044,0.569920,0.185036,10000.000000,0.000000,10.000000
2007-10,10000.000000,2970000.000000,5377624.561741,12185879.634853,4174068.441924,21737572.638517,-0.000579,0.246134,0.578362,0.175504,0.247388,0.560591,0.192021,10000.000000,0.000000,10.000000
2007-11,10000.000000,2980000.000000,5114033.317547,12602917.786388,4451563.473900,22168514.577834,0.019356,0.246134,0.578362,0.175504,0.230689,0.568505,0.200806,10000.000000,0.000000,10.000000
2007-12,10000.000000,2990000.000000,5189854.486116,12716991.258677,4440439.329455,22347285.074248,0.007610,0.246134,0.578362,0.175504,0.232236,0.569062,0.198702,10000.000000,0.000000,10.000000
2008-01,10000.000000,3000000.000000,4837813.026173,13105200.107995,4908106.735377,22851119.869545,0.022088,0.246134,0.578362,0.175504,0.211710,0.573504,0.214786,10000.000000,0.000000,10.000000
2008-02,10000.000000,3010000.000000,5348953.874028,11803028.215652,6106104.556347,23258086.646027,0.017364,0.235292,0.509488,0.255220,0.229983,0.507481,0.262537,1467734.939089,1457734.939089,2925.469878
2008-03,10000.000000,3020000.000000,5277360.853234,12211976.374521,6486965.643728,23976302.871484,0.030437,0.235292,0.509488,0.255220,0.220107,0.509335,0.270557,10000.000000,0.000000,10.000000
2008-04,10000.000000,3030000.000000,5487008.048698,12023066.071919,6071181.309168,23581255.429784,-0.016887,0.235292,0.509488,0.255220,0.232685,0.509857,0.257458,10000.000000,0.000000,10.000000
2008-05,10000.000000,3040000.000000,5924951.351750,12467636.979819,6233083.533832,24625671.865401,0.043847,0.235292,0.509488,0.255220,0.240601,0.506286,0.253113,10000.000000,0.000000,10.000000
2008-06,10000.000000,3050000.000000,5776186.039560,12515091.299713,6350078.136506,24641355.475779,0.000231,0.235292,0.509488,0.255220,0.234410,0.507890,0.257700,10000.000000,0.000000,10.000000
2008-07,10000.000000,3060000.000000,5420685.801383,12637886.800214,6704850.662576,24763423.264172,0.004546,0.235292,0.509488,0.255220,0.218899,0.510345,0.270756,10000.000000,0.000000,10.000000
2008-08,10000.000000,3070000.000000,5571661.331781,12864776.792556,6012882.235663,24449320.360000,-0.013083,0.235292,0.509488,0.255220,0.227886,0.526181,0.245932,10000.000000,0.000000,10.000000
2008-09,10000.000000,3080000.000000,5630321.782437,13920923.863101,6318044.388390,25869290.033928,0.057645,0.235292,0.509488,0.255220,0.217645,0.538125,0.244230,10000.000000,0.000000,10.000000
2008-10,10000.000000,3090000.000000,4803107.606404,14763859.610474,6563256.897265,26130224.114144,0.009696,0.235292,0.509488,0.255220,0.183814,0.565011,0.251175,10000.000000,0.000000,10.000000
2008-11,10000.000000,3100000.000000,5647984.166799,13735039.686763,6321096.039065,25704119.892627,-0.016683,0.235292,0.509488,0.255220,0.219731,0.534352,0.245918,1455730.331843,1445730.331843,2901.460664
2008-12,10000.000000,3110000.000000,5595329.425131,15007731.143484,6734970.715608,27338031.284223,0.063153,0.235292,0.509488,0.255220,0.204672,0.548969,0.246359,10000.000000,0.000000,10.000000
2009-01,10000.000000,3120000.000000,5562965.857696,14964274.237942,7119487.058404,27646727.154041,0.010922,0.235292,0.509488,0.255220,0.201216,0.541267,0.257516,10000.000000,0.000000,10.000000
2009-02,10000.000000,3130000.000000,3318359.584177,16240598.248083,8453501.135269,28012458.967530,0.012862,0.127189,0.597443,0.275368,0.118460,0.579763,0.301776,2055335.162361,2045335.162361,4100.670325
2009-03,10000.000000,3140000.000000,3252364.981128,16980614.354338,8599491.299114,28832470.634580,0.028906,0.127189,0.597443,0.275368,0.112802,0.588941,0.298257,10000.000000,0.000000,10.000000
2009-04,10000.000000,3150000.000000,3576819.523947,16480704.662931,8094550.442135,28152074.629013,-0.023937,0.127189,0.597443,0.275368,0.127053,0.585417,0.287529,10000.000000,0.000000,10.000000
2009-05,10000.000000,3160000.000000,3704046.451264,15564944.677671,8203124.914900,27472116.043835,-0.024500,0.127189,0.597443,0.275368,0.134829,0.566572,0.298598,10000.000000,0.000000,10.000000
2009-06,10000.000000,3170000.000000,3744612.398082,14806682.092773,8209208.072258,26760502.563113,-0.026258,0.127189,0.597443,0.275368,0.139931,0.553304,0.306766,10000.000000,0.000000,10.000000
2009-07,10000.000000,3180000.000000,3847248.053223,15276807.559579,8222175.385470,27346230.998273,0.021506,0.127189,0.597443,0.275368,0.140687,0.558644,0.300669,10000.000000,0.000000,10.000000
2009-08,10000.000000,3190000.000000,4149367.694363,15256286.304562,8333525.589303,27739179.588228,0.013999,0.127189,0.597443,0.275368,0.149585,0.549991,0.300424,10000.000000,0.000000,10.000000
2009-09,10000.000000,3200000.000000,4305271.994995,15570451.219627,8760462.031860,28636185.246482,0.031965,0.127189,0.597443,0.275368,0.150344,0.543733,0.305923,10000.000000,0.000000,10.000000
2009-10,10000.000000,3210000.000000,3603943.119808,16592136.288232,7974384.870152,28170464.278192,-0.016607,0.127189,0.597443,0.275368,0.127933,0.588991,0.283076,1544001.406279,1534001.406279,3078.002813
2009-11,10000.000000,3220000.000000,3669806.004396,16591687.988892,8594099.418323,28855593.411611,0.023957,0.127189,0.597443,0.275368,0.127178,0.574990,0.297831,10000.000000,0.000000,10.000000
2009-12,10000.000000,3230000.000000,3751255.979295,16386333.807917,8654506.321568,28792096.108780,-0.002546,0.127189,0.597443,0.275368,0.130288,0.569126,0.300586,10000.000000,0.000000,10.000000
2010-01,10000.000000,3240000.000000,3750438.141264,16035417.551478,8408914.476130,28194770.168872,-0.021086,0.127189,0.597443,0.275368,0.133019,0.568737,0.298244,10000.000000,0.000000,10.000000
2010-02,10000.000000,3250000.000000,4173482.737381,13420501.386059,10576588.550368,28170572.673808,-0.001212,0.151170,0.469019,0.379811,0.148150,0.476401,0.375448,2816854.650351,2806854.650351,5623.709301
2010-03,10000.000000,3260000.000000,4347164.446846,13179167.240372,10565335.916377,28091667.603595,-0.003155,0.151170,0.469019,0.379811,0.154749,0.469149,0.376102,10000.000000,0.000000,10.000000
2010-04,10000.000000,3270000.000000,4424629.777497,12800865.905509,10675435.986991,27900931.669996,-0.007143,0.151170,0.469019,0.379811,0.158584,0.458797,0.382619,10000.000000,0.000000,10.000000
2010-05,10000.000000,3280000.000000,4288505.036850,13708817.885921,11529507.835555,29526830.758327,0.057895,0.151170,0.469019,0.379811,0.145241,0.464283,0.390476,10000.000000,0.000000,10.000000
2010-06,10000.000000,3290000.000000,4207840.048990,14230219.183908,11985393.661232,30423452.894130,0.030018,0.151170,0.469019,0.379811,0.138309,0.467738,0.393952,10000.000000,0.000000,10.000000
2010-07,10000.000000,3300000.000000,4233980.166576,14581638.669350,11662260.619722,30477879.455648,0.001460,0.151170,0.469019,0.379811,0.138920,0.478434,0.382647,10000.000000,0.000000,10.000000
2010-08,10000.000000,3310000.000000,4253058.003226,14912504.720390,11810528.161699,30976090.885315,0.016013,0.151170,0.469019,0.379811,0.137301,0.481420,0.381279,10000.000000,0.000000,10.000000
2010-09,10000.000000,3320000.000000,4351037.078539,14820857.972938,12188590.100271,31360485.151748,0.012083,0.151170,0.469019,0.379811,0.138743,0.472597,0.388661,10000.000000,0.000000,10.000000
2010-10,10000.000000,3330000.000000,4409651.118690,14499183.820910,12443337.905207,31352172.844806,-0.000584,0.151170,0.469019,0.379811,0.140649,0.462462,0.396889,10000.000000,0.000000,10.000000
2010-11,10000.000000,3340000.000000,4584687.308121,14444254.378133,12868352.060119,31897293.746373,0.017063,0.151170,0.469019,0.379811,0.143733,0.452836,0.403431,10000.000000,0.000000,10.000000
2010-12,10000.000000,3350000.000000,4776052.830054,13892645.640540,13114598.021756,31783296.492351,-0.003886,0.151170,0.469019,0.379811,0.150269,0.437105,0.412625,10000.000000,0.000000,10.000000
2011-01,10000.000000,3360000.000000,4971837.135860,13908506.078208,12900505.233314,31780848.447383,-0.000392,0.151170,0.469019,0.379811,0.156441,0.437638,0.405921,10000.000000,0.000000,10.000000
2011-02,10000.000000,3370000.000000,6668109.128077,9762630.956721,15601333.646786,32032073.731584,0.007588,0.203374,0.311156,0.485470,0.208170,0.304777,0.487054,4026588.056359,4016588.056359,8043.176113
2011-03,10000.000000,3380000.000000,6526330.488487,9838672.987525,15980439.506938,32345442.982950,0.009468,0.203374,0.311156,0.485470,0.201770,0.304175,0.494055,10000.000000,0.000000,10.000000
2011-04,10000.000000,3390000.000000,6582103.371606,9699434.763117,16404675.314408,32686213.449131,0.010223,0.203374,0.311156,0.485470,0.201372,0.296744,0.501884,10000.000000,0.000000,10.000000
2011-05,10000.000000,3400000.000000,6716706.427115,10109546.557811,16986636.802979,33812889.787905,0.034153,0.203374,0.311156,0.485470,0.198643,0.298985,0.502372,10000.000000,0.000000,10.000000
2011-06,10000.000000,3410000.000000,6460213.339124,10269070.525119,17131285.010869,33860568.875113,0.001114,0.203374,0.311156,0.485470,0.190789,0.303275,0.505936,10000.000000,0.000000,10.000000
2011-07,10000.000000,3420000.000000,6605185.019982,10203262.807294,17461085.016083,34269532.843359,0.011779,0.203374,0.311156,0.485470,0.192742,0.297736,0.509522,10000.000000,0.000000,10.000000
2011-08,10000.000000,3430000.000000,6044548.159529,11089334.378946,19929297.160761,37063179.699236,0.081204,0.203374,0.311156,0.485470,0.163088,0.299201,0.537711,10000.000000,0.000000,10.000000
2011-09,10000.000000,3440000.000000,7871763.197805,12510869.615339,19080038.677543,39462671.490688,0.064453,0.203374,0.311156,0.485470,0.199474,0.317030,0.483496,1941370.600889,1931370.600889,3872.741202
2011-10,10000.000000,3450000.000000,8373364.234060,12733656.577571,18510588.249208,39617609.060840,0.003672,0.203374,0.311156,0.485470,0.211355,0.321414,0.467231,10000.000000,0.000000,10.000000
2011-11,10000.000000,3460000.000000,8777045.760650,13303622.003084,19912245.969028,41992913.732763,0.059688,0.203374,0.311156,0.485470,0.209013,0.316806,0.474181,10000.000000,0.000000,10.000000
2011-12,10000.000000,3470000.000000,9213192.525122,13810920.411392,19419770.825105,42443883.761620,0.010499,0.203374,0.311156,0.485470,0.217068,0.325392,0.457540,10000.000000,0.000000,10.000000
2012-01,10000.000000,3480000.000000,9399323.518380,13481081.658150,19079051.972929,41959457.149458,-0.011646,0.203374,0.311156,0.485470,0.224010,0.321288,0.454702,10000.000000,0.000000,10.000000
2012-02,10000.000000,3490000.000000,12012713.093349,11166751.135565,18764011.434878,41943475.663791,-0.000619,0.284992,0.275498,0.439510,0.286402,0.266233,0.447364,2561635.405334,2551635.405334,5113.270811
2012-03,10000.000000,3500000.000000,12656246.853679,11260971.530194,18455293.263595,42372511.647468,0.009988,0.284992,0.275498,0.439510,0.298690,0.265761,0.435549,10000.000000,0.000000,10.000000
2012-04,10000.000000,3510000.000000,12984627.200555,11709695.944433,18639192.995744,43333516.140731,0.022439,0.284992,0.275498,0.439510,0.299644,0.270223,0.430133,10000.000000,0.000000,10.000000
2012-05,10000.000000,3520000.000000,13226291.044042,12611285.685265,18885289.044110,44722865.773417,0.031824,0.284992,0.275498,0.439510,0.295739,0.281987,0.422274,10000.000000,0.000000,10.000000
2012-06,10000.000000,3530000.000000,13461524.895406,13218033.249999,19577994.701831,46257552.847236,0.034084,0.284992,0.275498,0.439510,0.291012,0.285749,0.423239,10000.000000,0.000000,10.000000
2012-07,10000.000000,3540000.000000,13726555.392303,13221473.822228,19346070.950717,46294100.165249,0.000574,0.284992,0.275498,0.439510,0.296508,0.285597,0.417895,10000.000000,0.000000,10.000000
2012-08,10000.000000,3550000.000000,14209157.695933,13074049.450155,19817751.546334,47100958.692422,0.017209,0.284992,0.275498,0.439510,0.301674,0.277575,0.420750,10000.000000,0.000000,10.000000
2012-09,10000.000000,3560000.000000,14336796.937233,12776056.073933,20789241.004651,47902094.015817,0.016793,0.284992,0.275498,0.439510,0.299294,0.266712,0.433994,10000.000000,0.000000,10.000000
2012-10,10000.000000,3570000.000000,13976515.044227,12472005.540299,20337986.619198,46786507.203723,-0.023493,0.284992,0.275498,0.439510,0.298730,0.266573,0.434698,10000.000000,0.000000,10.000000
2012-11,10000.000000,3580000.000000,14010859.615481,13010552.215588,20686680.264218,47708092.095286,0.019480,0.284992,0.275498,0.439510,0.293679,0.272712,0.433609,10000.000000,0.000000,10.000000
2012-12,10000.000000,3590000.000000,14279737.908971,12916434.576982,20198003.728490,47394176.214443,-0.006788,0.284992,0.275498,0.439510,0.301297,0.272532,0.426171,10000.000000,0.000000,10.000000
2013-01,10000.000000,3600000.000000,14775413.054366,12618736.043631,19896902.524255,47291051.622252,-0.002386,0.284992,0.275498,0.439510,0.312436,0.266831,0.420733,10000.000000,0.000000,10.000000
2013-02,10000.000000,3610000.000000,19630213.487542,9869126.698097,17357351.565704,46856691.751343,-0.009394,0.408797,0.211308,0.379895,0.418942,0.210624,0.370435,4561112.769366,4551112.769366,9112.225539
2013-03,10000.000000,3620000.000000,20395105.311909,10017028.000870,17187501.911704,47599635.224483,0.015639,0.408797,0.211308,0.379895,0.428472,0.210443,0.361085,10000.000000,0.000000,10.000000
2013-04,10000.000000,3630000.000000,20653849.391862,10196785.716955,16034214.826735,46884849.935553,-0.015224,0.408797,0.211308,0.379895,0.440523,0.217486,0.341991,10000.000000,0.000000,10.000000
2013-05,10000.000000,3640000.000000,21861375.959002,10178308.704236,15431800.165905,47471484.829142,0.012296,0.408797,0.211308,0.379895,0.460516,0.214409,0.325075,10000.000000,0.000000,10.000000
2013-06,10000.000000,3650000.000000,20377571.805242,10321700.712002,18189338.952215,48888611.469458,0.029635,0.408797,0.211308,0.379895,0.416816,0.211127,0.372057,2606186.151965,2596186.151965,5202.372304
2013-07,10000.000000,3660000.000000,21537150.271508,10328351.984402,17837784.435195,49703286.691105,0.016456,0.408797,0.211308,0.379895,0.433314,0.207800,0.358885,10000.000000,0.000000,10.000000
2013-08,10000.000000,3670000.000000,22693494.257401,10730380.141955,19719811.966920,53143686.366277,0.069004,0.408797,0.211308,0.379895,0.427021,0.201913,0.371066,10000.000000,0.000000,10.000000
2013-09,10000.000000,3680000.000000,23270151.992726,10837930.100549,19943188.138345,54051270.231620,0.016887,0.408797,0.211308,0.379895,0.430520,0.200512,0.368968,10000.000000,0.000000,10.000000
2013-10,10000.000000,3690000.000000,23000489.028284,10692731.583443,18850182.378424,52543402.990151,-0.028077,0.408797,0.211308,0.379895,0.437743,0.203503,0.358755,10000.000000,0.000000,10.000000
2013-11,10000.000000,3700000.000000,24241939.030833,10783675.133021,18540891.293448,53566505.457302,0.019278,0.408797,0.211308,0.379895,0.452558,0.201314,0.346128,10000.000000,0.000000,10.000000
2013-12,10000.000000,3710000.000000,24332536.312123,10523772.785179,17562772.512886,52419081.610189,-0.021603,0.408797,0.211308,0.379895,0.464192,0.200762,0.335045,10000.000000,0.000000,10.000000
2014-01,10000.000000,3720000.000000,21741044.008725,11195369.254394,20370549.946982,53306963.210100,0.016744,0.408797,0.211308,0.379895,0.407846,0.210017,0.382137,2909687.449350,2899687.449350,5809.374899
2014-02,10000.000000,3730000.000000,23171914.461544,15387709.919443,15674454.002603,54234078.383591,0.017201,0.434851,0.284035,0.281114,0.427257,0.283728,0.289015,5392389.349831,5382389.349831,10774.778700
2014-03,10000.000000,3740000.000000,23346495.624205,15108031.843580,15793257.182644,54247784.650429,0.000068,0.434851,0.284035,0.281114,0.430368,0.278500,0.291132,10000.000000,0.000000,10.000000
2014-04,10000.000000,3750000.000000,23167288.139312,15011306.177976,15192687.982047,53371282.299334,-0.016339,0.434851,0.284035,0.281114,0.434078,0.281262,0.284660,10000.000000,0.000000,10.000000
2014-05,10000.000000,3760000.000000,23110538.499766,14980717.670605,14821804.800755,52913060.971126,-0.008771,0.434851,0.284035,0.281114,0.436764,0.283119,0.280116,10000.000000,0.000000,10.000000
2014-06,10000.000000,3770000.000000,24031214.365001,15079579.851621,14824246.083895,53935040.300516,0.019122,0.434851,0.284035,0.281114,0.445558,0.279588,0.274854,10000.000000,0.000000,10.000000
2014-07,10000.000000,3780000.000000,24537213.949857,15286611.685633,15292452.628817,55116278.264307,0.021712,0.434851,0.284035,0.281114,0.445190,0.277352,0.277458,10000.000000,0.000000,10.000000
2014-08,10000.000000,3790000.000000,24748832.379692,15686904.776934,15304977.625320,55740714.781945,0.011146,0.434851,0.284035,0.281114,0.443999,0.281426,0.274574,10000.000000,0.000000,10.000000
2014-09,10000.000000,3800000.000000,25198718.569494,15576974.113244,14632025.463501,55407718.146239,-0.006152,0.434851,0.284035,0.281114,0.454787,0.281134,0.264079,10000.000000,0.000000,10.000000
2014-10,10000.000000,3810000.000000,24720820.159020,16050100.429545,14574450.335330,55345370.923896,-0.001305,0.434851,0.284035,0.281114,0.446665,0.289999,0.263336,10000.000000,0.000000,10.000000
2014-11,10000.000000,3820000.000000,26265859.010552,16121033.183128,14095719.503764,56482611.697443,0.020364,0.434851,0.284035,0.281114,0.465026,0.285416,0.249559,10000.000000,0.000000,10.000000
2014-12,10000.000000,3830000.000000,26871284.142753,16594831.279905,14657265.211764,58123380.634421,0.028867,0.434851,0.284035,0.281114,0.462315,0.285510,0.252175,10000.000000,0.000000,10.000000
2015-01,10000.000000,3840000.000000,26328442.054299,16961186.644247,15137285.828689,58426914.527235,0.005049,0.434851,0.284035,0.281114,0.450622,0.290297,0.259081,10000.000000,0.000000,10.000000
2015-02,10000.000000,3850000.000000,27012060.958780,16807823.707595,14813544.129554,58633428.795929,0.003363,0.428429,0.320505,0.251067,0.460694,0.286659,0.252647,10000.000000,0.000000,10.000000
2015-03,10000.000000,3860000.000000,27240644.528908,16887832.755228,14346550.778019,58475028.062155,-0.002872,0.428429,0.320505,0.251067,0.465851,0.288804,0.245345,10000.000000,0.000000,10.000000
2015-04,10000.000000,3870000.000000,27550690.654958,17120749.990755,14629055.036070,59300495.681783,0.013943,0.428429,0.320505,0.251067,0.464595,0.288712,0.246694,10000.000000,0.000000,10.000000
2015-05,10000.000000,3880000.000000,28297189.479670,17049649.804465,14881015.961455,60227855.245590,0.015467,0.428429,0.320505,0.251067,0.469836,0.283086,0.247079,10000.000000,0.000000,10.000000
2015-06,10000.000000,3890000.000000,28203090.700285,16867307.794925,14686154.716344,59756553.211553,-0.007990,0.428429,0.320505,0.251067,0.471966,0.282267,0.245766,10000.000000,0.000000,10.000000
2015-07,10000.000000,3900000.000000,28102688.071871,16921832.472839,13977614.466123,59002135.010833,-0.012790,0.428429,0.320505,0.251067,0.476300,0.286800,0.236900,10000.000000,0.000000,10.000000
2015-08,10000.000000,3910000.000000,28064856.816922,17590395.002407,14181805.289980,59837057.109308,0.013979,0.428429,0.320505,0.251067,0.469021,0.293972,0.237007,10000.000000,0.000000,10.000000
2015-09,10000.000000,3920000.000000,27240287.968535,17918402.560807,14508620.513220,59667311.042562,-0.003003,0.428429,0.320505,0.251067,0.456536,0.300305,0.243159,10000.000000,0.000000,10.000000
2015-10,10000.000000,3930000.000000,27926474.042566,17805660.459046,14692315.113961,60424449.615573,0.012520,0.428429,0.320505,0.251067,0.462172,0.294676,0.243152,10000.000000,0.000000,10.000000
2015-11,10000.000000,3940000.000000,29220087.436837,17834582.499731,13996489.882644,61051159.819212,0.010205,0.428429,0.320505,0.251067,0.478616,0.292125,0.229258,10000.000000,0.000000,10.000000
2015-12,10000.000000,3950000.000000,26026655.639796,19759428.747773,15280182.756604,61066267.144173,0.000084,0.428429,0.320505,0.251067,0.426203,0.323574,0.250223,3069740.135831,3059740.135831,6129.480272
2016-01,10000.000000,3960000.000000,24666986.292034,20311174.076577,15790294.210202,60768454.578812,-0.005040,0.428429,0.320505,0.251067,0.405918,0.334239,0.259844,10000.000000,0.000000,10.000000
2016-02,10000.000000,3970000.000000,25815934.054150,24439405.378975,13002893.066357,63258232.499483,0.040800,0.421487,0.385333,0.193180,0.408104,0.386343,0.205553,4059095.334669,4049095.334669,8108.190669
2016-03,10000.000000,3980000.000000,26926297.436574,23754668.873414,13223890.097216,63904856.407204,0.010062,0.421487,0.385333,0.193180,0.421350,0.371719,0.206931,10000.000000,0.000000,10.000000
2016-04,10000.000000,3990000.000000,27494659.532913,23805728.670335,13099528.469391,64399916.672639,0.007589,0.421487,0.385333,0.193180,0.426936,0.369655,0.203409,10000.000000,0.000000,10.000000
2016-05,10000.000000,4000000.000000,27603940.195118,24019558.999707,13393551.201250,65017050.396075,0.009426,0.421487,0.385333,0.193180,0.424565,0.369435,0.206001,10000.000000,0.000000,10.000000
2016-06,10000.000000,4010000.000000,28055151.543402,24575640.645528,13629053.273536,66259845.462466,0.018958,0.421487,0.385333,0.193180,0.423411,0.370898,0.205691,10000.000000,0.000000,10.000000
2016-07,10000.000000,4020000.000000,28933934.119450,24895446.693034,14257774.341530,68087155.154015,0.027423,0.421487,0.385333,0.193180,0.424954,0.365641,0.209405,10000.000000,0.000000,10.000000
2016-08,10000.000000,4030000.000000,29169959.850146,24705793.034578,14235612.247852,68111365.132576,0.000209,0.421487,0.385333,0.193180,0.428269,0.362726,0.209005,10000.000000,0.000000,10.000000
2016-09,10000.000000,4040000.000000,28959648.939429,24520368.085647,14057531.074041,67537548.099117,-0.008570,0.421487,0.385333,0.193180,0.428793,0.363063,0.208144,10000.000000,0.000000,10.000000
2016-10,10000.000000,4050000.000000,28825077.871326,24284748.047389,13427493.878946,66537319.797661,-0.014956,0.421487,0.385333,0.193180,0.433217,0.364979,0.201804,10000.000000,0.000000,10.000000
2016-11,10000.000000,4060000.000000,29563805.983497,23825743.102172,13296684.189546,66686233.275215,0.002087,0.421487,0.385333,0.193180,0.443327,0.357281,0.199392,10000.000000,0.000000,10.000000
2016-12,10000.000000,4070000.000000,30805660.372666,23205878.442856,12457147.765565,66468686.581087,-0.003412,0.421487,0.385333,0.193180,0.463461,0.349125,0.187414,10000.000000,0.000000,10.000000
2017-01,10000.000000,4080000.000000,31360148.300352,23468286.530596,12881250.215879,67709685.046827,0.018517,0.421487,0.385333,0.193180,0.463156,0.346602,0.190242,10000.000000,0.000000,10.000000
2017-02,10000.000000,4090000.000000,31660029.120134,23165863.871528,13133409.699656,67959302.691318,0.003538,0.441115,0.349309,0.209576,0.465867,0.340878,0.193254,10000.000000,0.000000,10.000000
2017-03,10000.000000,4100000.000000,31650251.645793,22690407.799603,12878719.527003,67219378.972400,-0.011033,0.441115,0.349309,0.209576,0.470850,0.337558,0.191592,10000.000000,0.000000,10.000000
2017-04,10000.000000,4110000.000000,30994024.011084,22657554.596561,13006638.738310,66658217.345955,-0.008496,0.441115,0.349309,0.209576,0.464969,0.339906,0.195124,10000.000000,0.000000,10.000000
2017-05,10000.000000,4120000.000000,31461656.816284,22663948.542524,12773906.123359,66899511.482166,0.003469,0.441115,0.349309,0.209576,0.470282,0.338776,0.190942,10000.000000,0.000000,10.000000
2017-06,10000.000000,4130000.000000,32034811.368500,22942402.396725,12929642.067169,67906855.832395,0.014906,0.441115,0.349309,0.209576,0.471746,0.337851,0.190403,10000.000000,0.000000,10.000000
2017-07,10000.000000,4140000.000000,32339125.782392,22716591.643723,12694992.824190,67750710.250305,-0.002446,0.441115,0.349309,0.209576,0.477325,0.335297,0.187378,10000.000000,0.000000,10.000000
2017-08,10000.000000,4150000.000000,32189942.908364,22823271.615491,13080247.388943,68093461.912798,0.004911,0.441115,0.349309,0.209576,0.472732,0.335176,0.192093,10000.000000,0.000000,10.000000
2017-09,10000.000000,4160000.000000,32982597.061201,23072232.015900,13508632.824394,69563461.901495,0.021438,0.441115,0.349309,0.209576,0.474137,0.331672,0.194191,10000.000000,0.000000,10.000000
2017-10,10000.000000,4170000.000000,34177948.420872,22992449.406823,13277589.945176,70447987.772872,0.012570,0.441115,0.349309,0.209576,0.485152,0.326375,0.188474,10000.000000,0.000000,10.000000
2017-11,10000.000000,4180000.000000,34618613.809451,22994964.547810,13263817.178340,70877395.535601,0.005953,0.441115,0.349309,0.209576,0.488430,0.324433,0.187137,10000.000000,0.000000,10.000000
2017-12,10000.000000,4190000.000000,35287816.754571,22732359.930659,12961409.072717,70981585.757947,0.001329,0.441115,0.349309,0.209576,0.497140,0.320257,0.182602,10000.000000,0.000000,10.000000
2018-01,10000.000000,4200000.000000,32528020.045756,24228333.746082,15518890.512684,72275244.304522,0.018082,0.441115,0.349309,0.209576,0.450058,0.335223,0.214719,3982350.867366,3972350.867366,7954.701735
2018-02,10000.000000,4210000.000000,31986440.713216,23992436.900412,15710249.605582,71689127.219210,-0.008247,0.483389,0.343407,0.173204,0.446183,0.334673,0.219144,10000.000000,0.000000,10.000000
2018-03,10000.000000,4220000.000000,32321031.996392,24322906.881423,15788830.857526,72432769.735341,0.010232,0.483389,0.343407,0.173204,0.446221,0.335800,0.217979,10000.000000,0.000000,10.000000
2018-04,10000.000000,4230000.000000,32098016.911906,24554161.386706,16061431.015353,72713609.313965,0.003739,0.483389,0.343407,0.173204,0.441431,0.337683,0.220886,10000.000000,0.000000,10.000000
2018-05,10000.000000,4240000.000000,33652376.161704,25065754.940781,16114960.264094,74833091.366579,0.029007,0.483389,0.343407,0.173204,0.449699,0.334955,0.215345,10000.000000,0.000000,10.000000
2018-06,10000.000000,4250000.000000,34514151.112240,25385079.325632,15920999.119703,75820229.557574,0.013056,0.483389,0.343407,0.173204,0.455210,0.334806,0.209984,10000.000000,0.000000,10.000000
2018-07,10000.000000,4260000.000000,35531362.687737,25829697.475910,15577935.356604,76938995.520250,0.014622,0.483389,0.343407,0.173204,0.461812,0.335717,0.202471,10000.000000,0.000000,10.000000
2018-08,10000.000000,4270000.000000,36910638.895079,26250800.590854,15333030.928667,78494470.414600,0.020084,0.483389,0.343407,0.173204,0.470232,0.334429,0.195339,10000.000000,0.000000,10.000000
2018-09,10000.000000,4280000.000000,38963181.864008,27062749.252593,15862762.893738,81888694.010339,0.043109,0.483389,0.343407,0.173204,0.475807,0.330482,0.193711,10000.000000,0.000000,10.000000
2018-10,10000.000000,4290000.000000,38132130.028296,27268783.593125,16373433.041133,81774346.662553,-0.001518,0.483389,0.343407,0.173204,0.466309,0.333464,0.200227,10000.000000,0.000000,10.000000
2018-11,10000.000000,4300000.000000,36421167.811813,26734049.576789,16046536.634552,79201754.023153,-0.031578,0.483389,0.343407,0.173204,0.459853,0.337544,0.202603,10000.000000,0.000000,10.000000
2018-12,10000.000000,4310000.000000,33968829.148162,27125374.676615,16220438.446201,77314642.270978,-0.023950,0.483389,0.343407,0.173204,0.439358,0.350844,0.209798,10000.000000,0.000000,10.000000
2019-01,10000.000000,4320000.000000,34508497.207553,27422998.607449,16736306.564400,78667802.379402,0.017370,0.483389,0.343407,0.173204,0.438661,0.348592,0.212747,10000.000000,0.000000,10.000000
2019-02,10000.000000,4330000.000000,49114969.898369,15585135.275896,17624018.913432,82324124.087698,0.046345,0.586206,0.195906,0.217888,0.596605,0.189314,0.214081,12019556.926197,12009556.926197,24029.113852
2019-03,10000.000000,4340000.000000,48886737.500941,15402233.933128,16962782.450290,81251753.884358,-0.013146,0.586206,0.195906,0.217888,0.601670,0.189562,0.208768,10000.000000,0.000000,10.000000
2019-04,10000.000000,4350000.000000,50646545.289897,15474643.259449,16753072.249225,82874260.798571,0.019843,0.586206,0.195906,0.217888,0.611125,0.186724,0.202150,10000.000000,0.000000,10.000000
2019-05,10000.000000,4360000.000000,50140836.018004,15772559.841092,16823945.151677,82737341.010773,-0.001773,0.586206,0.195906,0.217888,0.606024,0.190634,0.203342,10000.000000,0.000000,10.000000
2019-06,10000.000000,4370000.000000,50557596.024434,16179283.894883,17713652.580554,84450532.499872,0.020583,0.586206,0.195906,0.217888,0.598665,0.191583,0.209752,10000.000000,0.000000,10.000000
2019-07,10000.000000,4380000.000000,52001704.400953,16073386.308590,18251989.454955,86327080.164498,0.022100,0.586206,0.195906,0.217888,0.602380,0.186192,0.211428,10000.000000,0.000000,10.000000
2019-08,10000.000000,4390000.000000,52167100.699898,17334296.905759,20070769.908591,89572167.514248,0.037470,0.586206,0.195906,0.217888,0.582403,0.193523,0.224074,10000.000000,0.000000,10.000000
2019-09,10000.000000,4400000.000000,53875019.864705,17280891.930290,20252573.297918,91408485.092913,0.020387,0.586206,0.195906,0.217888,0.589388,0.189051,0.221561,10000.000000,0.000000,10.000000
2019-10,10000.000000,4410000.000000,53651811.404841,17226314.616407,19953143.097390,90831269.118638,-0.006423,0.586206,0.195906,0.217888,0.590676,0.189652,0.219673,10000.000000,0.000000,10.000000
2019-11,10000.000000,4420000.000000,56413732.308017,17222027.090652,19767084.047478,93402843.446148,0.028198,0.586206,0.195906,0.217888,0.603983,0.184384,0.211633,10000.000000,0.000000,10.000000
2019-12,10000.000000,4430000.000000,57533875.525216,17095721.506050,19784289.289162,94413886.320428,0.010716,0.586206,0.195906,0.217888,0.609379,0.181072,0.209549,10000.000000,0.000000,10.000000
2020-01,10000.000000,4440000.000000,59561376.223643,17313329.353790,20920882.394269,97795587.971703,0.035708,0.586206,0.195906,0.217888,0.609040,0.177036,0.213925,10000.000000,0.000000,10.000000
2020-02,10000.000000,4450000.000000,56191058.570034,33000773.662960,10038253.057171,99230085.290166,0.014565,0.571981,0.328019,0.100000,0.566270,0.332568,0.101161,14768808.839875,14758808.839875,29527.617680
2020-03,10000.000000,4460000.000000,47492216.429915,36490841.386409,10429133.248568,94412191.064892,-0.048649,0.571981,0.328019,0.100000,0.503031,0.386506,0.110464,10000.000000,0.000000,10.000000
2020-04,10000.000000,4470000.000000,57556417.832717,32300757.827585,10197454.236084,100054629.896386,0.059652,0.571981,0.328019,0.100000,0.575250,0.322831,0.101919,6515437.431806,6505437.431806,13020.874864
2020-05,10000.000000,4480000.000000,60536338.335427,32081023.517862,10327689.786809,102945051.640099,0.028786,0.571981,0.328019,0.100000,0.588045,0.311632,0.100322,10000.000000,0.000000,10.000000
2020-06,10000.000000,4490000.000000,64518982.656725,31946250.105996,10430900.710358,106896133.473078,0.038280,0.571981,0.328019,0.100000,0.603567,0.298853,0.097580,10000.000000,0.000000,10.000000
2020-07,10000.000000,4500000.000000,66074896.906133,31979968.309150,11009822.797120,109064688.012403,0.020191,0.571981,0.328019,0.100000,0.605832,0.293220,0.100948,10000.000000,0.000000,10.000000
2020-08,10000.000000,4510000.000000,69630138.230068,31759899.943307,11680208.405115,113070246.578490,0.036631,0.571981,0.328019,0.100000,0.615813,0.280886,0.103300,10000.000000,0.000000,10.000000
2020-09,10000.000000,4520000.000000,68226250.045937,31252760.727017,11242013.763645,110721024.536599,-0.020863,0.571981,0.328019,0.100000,0.616200,0.282266,0.101535,10000.000000,0.000000,10.000000
2020-10,10000.000000,4530000.000000,69443004.363183,30970557.410688,11119604.991941,111533166.765812,0.007244,0.571981,0.328019,0.100000,0.622622,0.277680,0.099698,10000.000000,0.000000,10.000000
2020-11,10000.000000,4540000.000000,66917199.379295,36660282.232057,11052814.182906,114630295.794258,0.027677,0.571981,0.328019,0.100000,0.583765,0.319813,0.096421,5652485.932213,5642485.932212,11294.971864
2020-12,10000.000000,4550000.000000,69193092.798210,36185265.447171,10917748.351785,116296106.597167,0.014444,0.571981,0.328019,0.100000,0.594973,0.311148,0.093879,10000.000000,0.000000,10.000000
2021-01,10000.000000,4560000.000000,70635568.969146,35464556.114349,10897452.840670,116997577.924165,0.005945,0.571981,0.328019,0.100000,0.603735,0.303122,0.093143,10000.000000,0.000000,10.000000
2021-02,10000.000000,4570000.000000,59314437.033442,46228528.618634,11281266.220503,116824231.872579,-0.001567,0.496785,0.403215,0.100000,0.507724,0.395710,0.096566,12517928.851888,12507928.851888,25025.857704
2021-03,10000.000000,4580000.000000,59813361.232486,44815014.721674,10724782.655231,115353158.609391,-0.012677,0.496785,0.403215,0.100000,0.518524,0.388503,0.092973,10000.000000,0.000000,10.000000
2021-04,10000.000000,4590000.000000,64894584.382647,45803620.529697,11246700.688095,121944905.600439,0.057052,0.496785,0.403215,0.100000,0.532163,0.375609,0.092228,10000.000000,0.000000,10.000000
2021-05,10000.000000,4600000.000000,64236597.998595,45148445.918583,11615928.708742,121000972.625920,-0.007822,0.496785,0.403215,0.100000,0.530877,0.373125,0.095999,10000.000000,0.000000,10.000000
2021-06,10000.000000,4610000.000000,65731607.526805,45864161.604767,11581416.341565,123177185.473137,0.017901,0.496785,0.403215,0.100000,0.533635,0.372343,0.094022,10000.000000,0.000000,10.000000
2021-07,10000.000000,4620000.000000,68633052.955408,47391664.865851,11561634.605614,127586352.426873,0.035711,0.496785,0.403215,0.100000,0.537934,0.371448,0.090618,10000.000000,0.000000,10.000000
2021-08,10000.000000,4630000.000000,69734325.221935,47356966.582285,11351940.512730,128443232.316950,0.006637,0.496785,0.403215,0.100000,0.542919,0.368700,0.088381,10000.000000,0.000000,10.000000
2021-09,10000.000000,4640000.000000,69224338.765652,46716556.999664,11217754.006914,127158649.772231,-0.010078,0.496785,0.403215,0.100000,0.544393,0.367388,0.088219,10000.000000,0.000000,10.000000
2021-10,10000.000000,4650000.000000,70750168.462556,46680268.233713,11428785.379770,128859222.076038,0.013294,0.496785,0.403215,0.100000,0.549050,0.362258,0.088692,10000.000000,0.000000,10.000000
2021-11,10000.000000,4660000.000000,66654451.448264,51811892.630900,13133762.629503,131600106.708667,0.021191,0.496785,0.403215,0.100000,0.506492,0.393707,0.099801,6739838.361526,6729838.361526,13469.676723
2021-12,10000.000000,4670000.000000,67654930.290489,52962687.453323,13062311.453365,133679929.197178,0.015727,0.496785,0.403215,0.100000,0.506096,0.396190,0.097713,10000.000000,0.000000,10.000000
2022-01,10000.000000,4680000.000000,65398911.535229,50966642.257967,13080962.909357,129446516.702553,-0.031741,0.496785,0.403215,0.100000,0.505220,0.393727,0.101053,10000.000000,0.000000,10.000000
2022-02,10000.000000,4690000.000000,71353186.745234,43284896.978213,13329177.603886,127967261.327332,-0.011504,0.563462,0.336538,0.100000,0.557589,0.338250,0.104161,7544879.369526,7534879.369526,15079.758739
2022-03,10000.000000,4700000.000000,71877247.271809,43277352.934666,14217570.178993,129372170.385467,0.010900,0.563462,0.336538,0.100000,0.555585,0.334518,0.109897,10000.000000,0.000000,10.000000
2022-04,10000.000000,4710000.000000,71953510.581993,41031523.195033,14134000.768221,127119034.545246,-0.017492,0.563462,0.336538,0.100000,0.566033,0.322780,0.111187,10000.000000,0.000000,10.000000
2022-05,10000.000000,4720000.000000,67264700.824106,41206146.942833,13690503.721917,122161351.488856,-0.039076,0.563462,0.336538,0.100000,0.550622,0.337309,0.112069,10000.000000,0.000000,10.000000
2022-06,10000.000000,4730000.000000,65678020.572251,40885736.135337,13741850.200375,120305606.907963,-0.015272,0.563462,0.336538,0.100000,0.545927,0.339849,0.114225,10000.000000,0.000000,10.000000
2022-07,10000.000000,4740000.000000,67262164.020527,42637491.359970,13213134.301498,123112789.681996,0.023249,0.563462,0.336538,0.100000,0.546346,0.346329,0.107325,10000.000000,0.000000,10.000000
2022-08,10000.000000,4750000.000000,71532984.008587,42694883.498548,13442743.393955,127670610.901090,0.036937,0.563462,0.336538,0.100000,0.560293,0.334414,0.105292,10000.000000,0.000000,10.000000
2022-09,10000.000000,4760000.000000,66956266.162895,40983797.900408,12923312.491787,120863376.555091,-0.053393,0.563462,0.336538,0.100000,0.553983,0.339092,0.106925,10000.000000,0.000000,10.000000
2022-10,10000.000000,4770000.000000,66543976.740510,40576454.117109,13117431.061941,120237861.919560,-0.005258,0.563462,0.336538,0.100000,0.553436,0.337468,0.109096,10000.000000,0.000000,10.000000
2022-11,10000.000000,4780000.000000,69551143.444406,40704648.386949,13497332.255622,123753124.086978,0.029150,0.563462,0.336538,0.100000,0.562015,0.328918,0.109067,10000.000000,0.000000,10.000000
2022-12,10000.000000,4790000.000000,70235893.984116,42159579.729455,14205159.285788,126600632.999359,0.022927,0.563462,0.336538,0.100000,0.554783,0.333012,0.112204,10000.000000,0.000000,10.000000
2023-01,10000.000000,4800000.000000,70577141.828922,42226283.235152,14861975.272650,127665400.336724,0.008331,0.563462,0.336538,0.100000,0.552829,0.330757,0.116413,10000.000000,0.000000,10.000000
2023-02,10000.000000,4810000.000000,73562755.251838,42033773.014589,14677824.143258,130274352.409685,0.020356,0.547195,0.352805,0.100000,0.564676,0.322656,0.112669,10000.000000,0.000000,10.000000
2023-03,10000.000000,4820000.000000,71371937.635628,42316190.712099,15075728.377387,128763856.725114,-0.011671,0.547195,0.352805,0.100000,0.554285,0.328634,0.117080,10000.000000,0.000000,10.000000
2023-04,10000.000000,4830000.000000,73955244.885071,43004438.336490,15704252.214035,132663935.435596,0.030209,0.547195,0.352805,0.100000,0.557463,0.324161,0.118376,10000.000000,0.000000,10.000000
2023-05,10000.000000,4840000.000000,74800012.260251,42917895.216825,15704252.757830,133422160.234906,0.005640,0.547195,0.352805,0.100000,0.560627,0.321670,0.117703,10000.000000,0.000000,10.000000
2023-06,10000.000000,4850000.000000,78427611.001127,42383212.173953,15304457.926540,136115281.101620,0.020109,0.547195,0.352805,0.100000,0.576185,0.311377,0.112437,10000.000000,0.000000,10.000000
2023-07,10000.000000,4860000.000000,81399424.839795,41971753.580351,15354630.780384,138725809.200530,0.019104,0.547195,0.352805,0.100000,0.586765,0.302552,0.110683,10000.000000,0.000000,10.000000
2023-08,10000.000000,4870000.000000,75753709.903563,48419945.195512,13753556.973167,137927212.072243,-0.005828,0.547195,0.352805,0.100000,0.549230,0.351054,0.099716,6974991.590765,6964991.590765,13939.983182
2023-09,10000.000000,4880000.000000,77085463.625667,47934605.050323,13776214.092545,138796282.768534,0.006228,0.547195,0.352805,0.100000,0.555386,0.345359,0.099255,10000.000000,0.000000,10.000000
2023-10,10000.000000,4890000.000000,73109871.928959,46626464.708665,13801375.070213,133537711.707837,-0.037956,0.547195,0.352805,0.100000,0.547485,0.349163,0.103352,10000.000000,0.000000,10.000000
2023-11,10000.000000,4900000.000000,76516857.147872,47961026.257100,14299745.655638,138777629.060610,0.039161,0.547195,0.352805,0.100000,0.551363,0.345596,0.103041,10000.000000,0.000000,10.000000
2023-12,10000.000000,4910000.000000,80466010.304802,50011656.862771,14600356.573770,145078023.741343,0.045324,0.547195,0.352805,0.100000,0.554640,0.344722,0.100638,10000.000000,0.000000,10.000000
2024-01,10000.000000,4920000.000000,82482399.153399,49941831.861874,14632988.822188,147057219.837462,0.013572,0.547195,0.352805,0.100000,0.560886,0.339608,0.099505,10000.000000,0.000000,10.000000
2024-02,10000.000000,4930000.000000,80910798.762023,40372765.144932,28405991.153700,149689555.060654,0.017831,0.527861,0.277520,0.194620,0.540524,0.269710,0.189766,13989163.218681,13979163.218681,27968.326437
2024-03,10000.000000,4940000.000000,83651389.185794,40556203.799653,30332317.683700,154539910.669147,0.032334,0.527861,0.277520,0.194620,0.541293,0.262432,0.196275,10000.000000,0.000000,10.000000
2024-04,10000.000000,4950000.000000,83196468.308436,39828376.617296,32912110.718763,155936955.644495,0.008975,0.527861,0.277520,0.194620,0.533526,0.255413,0.211060,10000.000000,0.000000,10.000000
2024-05,10000.000000,4960000.000000,85293742.641464,40174224.702697,33190713.557117,158658680.901278,0.017389,0.527861,0.277520,0.194620,0.537593,0.253212,0.209196,10000.000000,0.000000,10.000000
2024-06,10000.000000,4970000.000000,88414283.702237,40916445.403859,32866398.053515,162197127.159610,0.022238,0.527861,0.277520,0.194620,0.545104,0.252264,0.202632,10000.000000,0.000000,10.000000
2024-07,10000.000000,4980000.000000,90677225.788812,41334502.844354,33936331.970228,165948060.603395,0.023063,0.527861,0.277520,0.194620,0.546419,0.249081,0.204500,10000.000000,0.000000,10.000000
2024-08,10000.000000,4990000.000000,90135779.388210,42926119.330080,35079049.637312,168140948.355602,0.013153,0.527861,0.277520,0.194620,0.536073,0.255298,0.208629,10000.000000,0.000000,10.000000
2024-09,10000.000000,5000000.000000,92503892.290321,43555513.626634,36472320.318899,172531726.235854,0.026053,0.527861,0.277520,0.194620,0.536156,0.252449,0.211395,10000.000000,0.000000,10.000000
2024-10,10000.000000,5010000.000000,95684507.275844,42470900.189005,38257918.288615,176413325.753464,0.022439,0.527861,0.277520,0.194620,0.542388,0.240747,0.216865,10000.000000,0.000000,10.000000
2024-11,10000.000000,5020000.000000,98466129.739251,41907240.835181,37850281.467038,178223652.041470,0.010205,0.527861,0.277520,0.194620,0.552486,0.235138,0.212375,10000.000000,0.000000,10.000000
2024-12,10000.000000,5030000.000000,100694417.528983,42285822.629764,38092573.364589,181072813.523336,0.015929,0.527861,0.277520,0.194620,0.556099,0.233529,0.210372,10000.000000,0.000000,10.000000
2025-01,10000.000000,5040000.000000,101831824.830626,42286200.109721,39579360.124323,183697385.064670,0.014439,0.527861,0.277520,0.194620,0.554346,0.230195,0.215460,10000.000000,0.000000,10.000000
2025-02,10000.000000,5050000.000000,101269958.536542,23346006.789923,66538675.356335,191154640.682800,0.040539,0.540275,0.123700,0.336025,0.529780,0.122132,0.348088,22150900.336976,22140900.336976,44291.800674
2025-03,10000.000000,5060000.000000,94868423.388606,23603951.664973,68134211.338569,186606586.392147,-0.023844,0.540275,0.123700,0.336025,0.508387,0.126490,0.365122,10000.000000,0.000000,10.000000
2025-04,10000.000000,5070000.000000,88774166.681395,23429521.927470,72699345.409812,184903034.018676,-0.009182,0.540275,0.123700,0.336025,0.480112,0.126712,0.393176,10000.000000,0.000000,10.000000
2025-05,10000.000000,5080000.000000,107817268.193461,22610118.491279,63637992.656581,194065379.341320,0.049495,0.540275,0.123700,0.336025,0.555572,0.116508,0.327920,11129649.272743,11119649.272743,22249.298545
2025-06,10000.000000,5090000.000000,112851555.753451,22938608.790702,64966387.432421,200756551.976573,0.034426,0.540275,0.123700,0.336025,0.562131,0.114261,0.323608,10000.000000,0.000000,10.000000
2025-07,10000.000000,5100000.000000,118393956.089079,23087390.673332,64942411.182354,206423757.944765,0.028178,0.540275,0.123700,0.336025,0.573548,0.111845,0.314607,10000.000000,0.000000,10.000000
2025-08,10000.000000,5110000.000000,122622104.961344,23796088.140923,66555932.562806,212974125.665073,0.031683,0.540275,0.123700,0.336025,0.575761,0.111732,0.312507,10000.000000,0.000000,10.000000
2025-09,10000.000000,5120000.000000,127216302.916742,24360339.210985,73113961.585735,224690603.713461,0.054964,0.540275,0.123700,0.336025,0.566184,0.108417,0.325398,10000.000000,0.000000,10.000000
2025-10,10000.000000,5130000.000000,130384872.298721,24581533.545169,80942607.399609,235909013.243499,0.049882,0.540275,0.123700,0.336025,0.552691,0.104199,0.343109,10000.000000,0.000000,10.000000
2025-11,10000.000000,5140000.000000,131360081.686912,24747479.706164,81952853.465349,238060414.858425,0.009077,0.540275,0.123700,0.336025,0.551793,0.103955,0.344252,10000.000000,0.000000,10.000000
2025-12,10000.000000,5150000.000000,135510400.402981,25073581.163552,87562313.627275,248146295.193809,0.042323,0.540275,0.123700,0.336025,0.546091,0.101044,0.352866,10000.000000,0.000000,10.000000
2026-01,10000.000000,5160000.000000,138515421.966584,25270122.975814,97515351.519297,261300896.461695,0.052969,0.540275,0.123700,0.336025,0.530099,0.096709,0.373192,10000.000000,0.000000,10.000000
2026-02,10000.000000,5170000.000000,124283803.598721,26343239.613120,116173890.573453,266800933.785294,0.021010,0.478294,0.100000,0.421706,0.465830,0.098737,0.435433,13541892.053618,13531892.053618,27073.784107
2026-03,10000.000000,5180000.000000,122884243.109310,26779084.871346,114945000.012599,264608327.993254,-0.008255,0.478294,0.100000,0.421706,0.464401,0.101203,0.434397,10000.000000,0.000000,10.000000
2026-04,10000.000000,5190000.000000,129562361.865749,26914707.600726,112546831.556060,269023901.022535,0.016649,0.478294,0.100000,0.421706,0.481602,0.100046,0.418353,10000.000000,0.000000,10.000000
2026-05,10000.000000,5200000.000000,141252217.886508,27255544.486250,111763821.751886,280271584.124644,0.041771,0.478294,0.100000,0.421706,0.503983,0.097247,0.398770,10000.000000,0.000000,10.000000
2026-06,10000.000000,5210000.000000,141299190.507803,27215650.496141,102406417.398508,270921258.402451,-0.033396,0.478294,0.100000,0.421706,0.521551,0.100456,0.377993,10000.000000,0.000000,10.000000
2026-07,10000.000000,5220000.000000,143421747.742147,27293310.708225,99594070.227566,270309128.677937,-0.002296,0.478294,0.100000,0.421706,0.530584,0.100971,0.368445,10000.000000,0.000000,10.000000
