start,Strategy,XIRR,Worst wealth drop
1983-02,Equity SIP,0.2967652413347238,-0.2411678575606938
1983-02,Equal-weight SIP,0.24137802409767248,-0.07477117758597918
1983-02,60/20/20 annual rebal,0.2560031774334095,-0.14012947287248756
1983-02,Risk-parity SIP,0.23957120646883256,-0.05624918914951604
1983-02,Max-Sharpe SIP,0.2550785906804816,-0.0601390179926522
1983-02,Optimized SIP,0.2471622500993896,-0.058195843375312806
1983-03,Equity SIP,0.30241532952882927,-0.24029699301349983
1983-03,Equal-weight SIP,0.24814462813807114,-0.07343940753894129
1983-03,60/20/20 annual rebal,0.26208597785744303,-0.1372529030581885
1983-03,Risk-parity SIP,0.2458243772420493,-0.05526795413976271
1983-03,Max-Sharpe SIP,0.26303264979135454,-0.05908800067618947
1983-03,Optimized SIP,0.2540008753514165,-0.05706238904688843
1983-04,Equity SIP,0.31397817576222103,-0.2394014427024419
1983-04,Equal-weight SIP,0.26011517935698586,-0.07210264047806192
1983-04,60/20/20 annual rebal,0.27324648255560435,-0.13228947145380765
1983-04,Risk-parity SIP,0.25730943652093874,-0.05425784187809268
1983-04,Max-Sharpe SIP,0.2757086153069645,-0.057998853997366595
1983-04,Optimized SIP,0.2660731068693586,-0.05595933579944612
1983-05,Equity SIP,0.3058706708964692,-0.23848909901280346
1983-05,Equal-weight SIP,0.2555264747317352,-0.07083932834257367
1983-05,60/20/20 annual rebal,0.26806167188437086,-0.12981751425283816
1983-05,Risk-parity SIP,0.25445607935100295,-0.05319571457430616
1983-05,Max-Sharpe SIP,0.2717455324252547,-0.05683732509727302
1983-05,Optimized SIP,0.2625907205924675,-0.05486872963521594
1983-06,Equity SIP,0.30365898665627583,-0.2375605347675135
1983-06,Equal-weight SIP,0.2553761027173016,-0.06958461749406641
1983-06,60/20/20 annual rebal,0.2687194188426948,-0.130413160651203
1983-06,Risk-parity SIP,0.2566782072785133,-0.052109694043607435
1983-06,Max-Sharpe SIP,0.2704425680353812,-0.05564002496156539
1983-06,Optimized SIP,0.2630908640095343,-0.05378548079696277
1983-07,Equity SIP,0.3021143925784329,-0.23661731484130433
1983-07,Equal-weight SIP,0.2546750603223906,-0.06835401565793098
1983-07,60/20/20 annual rebal,0.2683834292522116,-0.13005047044375584
1983-07,Risk-parity SIP,0.2561855631292267,-0.05099146138874944
1983-07,Max-Sharpe SIP,0.26985189935503756,-0.05439458212398751
1983-07,Optimized SIP,0.2625406970263794,-0.05266736462822352
1983-08,Equity SIP,0.29838029972036373,-0.23563942680214844
1983-08,Equal-weight SIP,0.25427271831335724,-0.06714328543562731
1983-08,60/20/20 annual rebal,0.26742000077208006,-0.12649970465670868
1983-08,Risk-parity SIP,0.25753974347365793,-0.04980258226747203
1983-08,Max-Sharpe SIP,0.26954939328550587,-0.053095918150826926
1983-08,Optimized SIP,0.2630251522715964,-0.05147377759831784
1983-09,Equity SIP,0.29822112007867907,-0.23461209479527434
1983-09,Equal-weight SIP,0.25252915114531777,-0.06591198777276819
1983-09,60/20/20 annual rebal,0.2654392564190323,-0.12389115054240529
1983-09,Risk-parity SIP,0.2540293617120311,-0.04853513257476294
1983-09,Max-Sharpe SIP,0.2684059850250966,-0.05184644265113847
1983-09,Optimized SIP,0.2606424816099335,-0.050195955742458276
1983-10,Equity SIP,0.2969135825536507,-0.23350286163302736
1983-10,Equal-weight SIP,0.2501702289609475,-0.064557830128813
1983-10,60/20/20 annual rebal,0.2641520220444023,-0.11939701019990823
1983-10,Risk-parity SIP,0.2489908927252913,-0.04719376518017049
1983-10,Max-Sharpe SIP,0.2679651487835865,-0.05048199135896547
1983-10,Optimized SIP,0.25786028067771,-0.04884941242656704
1983-11,Equity SIP,0.2952354572616025,-0.23236023975684927
1983-11,Equal-weight SIP,0.24888855369647764,-0.06319681965073465
1983-11,60/20/20 annual rebal,0.2633402750535946,-0.11952984135538458
1983-11,Risk-parity SIP,0.24757914480331636,-0.04580103592321361
1983-11,Max-Sharpe SIP,0.2661002423994194,-0.04905708539858222
1983-11,Optimized SIP,0.25657843343918924,-0.04744939361016076
1983-12,Equity SIP,0.2912548841467756,-0.23115306063572227
1983-12,Equal-weight SIP,0.244405978494497,-0.06178236843251528
1983-12,60/20/20 annual rebal,0.2584092356011372,-0.13032787306385474
1983-12,Risk-parity SIP,0.24414997724892767,-0.044330094433260525
1983-12,Max-Sharpe SIP,0.25971997060165414,-0.047552820405361795
1983-12,Optimized SIP,0.25179069942548526,-0.04596987973352473
1984-01,Equity SIP,0.2892991179262514,-0.22986749829268893
1984-01,Equal-weight SIP,0.24285401904762455,-0.06028325397934009
1984-01,60/20/20 annual rebal,0.2564375291751573,-0.13134256967214608
1984-01,Risk-parity SIP,0.24315203665060678,-0.04277506931515518
1984-01,Max-Sharpe SIP,0.2574197499556878,-0.04597104120802309
1984-01,Optimized SIP,0.25018227421332534,-0.04440506820193235
1984-02,Equity SIP,0.28881916774420086,-0.22850464944676063
1984-02,Equal-weight SIP,0.24183215892162546,-0.058691250353904434
1984-02,60/20/20 annual rebal,0.25612743563373647,-0.12913264045582185
1984-02,Risk-parity SIP,0.2419849327284582,-0.041140667091020044
1984-02,Max-Sharpe SIP,0.2558295095299731,-0.04431324031548112
1984-02,Optimized SIP,0.24884313493293272,-0.04276295729769475
1984-03,Equity SIP,0.2851341425315094,-0.22709810295194077
1984-03,Equal-weight SIP,0.23741430758026702,-0.057083064103131465
1984-03,60/20/20 annual rebal,0.2520000579409381,-0.12579832802776236
1984-03,Risk-parity SIP,0.23723239729509363,-0.039444731434203795
1984-03,Max-Sharpe SIP,0.2508152227241617,-0.04258833424854647
1984-03,Optimized SIP,0.2440458299774039,-0.04105746517011932
1984-04,Equity SIP,0.27840451321252124,-0.22578389326896642
1984-04,Equal-weight SIP,0.2307507083265959,-0.055194143206010016
1984-04,60/20/20 annual rebal,0.24523456036226338,-0.12031222782087847
1984-04,Risk-parity SIP,0.23136039634824543,-0.037623972506137915
1984-04,Max-Sharpe SIP,0.24318184164478135,-0.04073376838855014
1984-04,Optimized SIP,0.23717575580472267,-0.03922501560899483
1984-05,Equity SIP,0.2680290516154583,-0.22455878881906566
1984-05,Equal-weight SIP,0.2218735198404319,-0.05318324256050366
1984-05,60/20/20 annual rebal,0.23605528089747344,-0.11721831809588878
1984-05,Risk-parity SIP,0.22301653966398496,-0.042283096492048644
1984-05,Max-Sharpe SIP,0.23437218205273128,-0.05374969038923916
1984-05,Optimized SIP,0.22876303091713,-0.04864170314237648
1984-06,Equity SIP,0.2659339369568835,-0.2232535756192564
1984-06,Equal-weight SIP,0.21905498958545025,-0.05108462404467662
1984-06,60/20/20 annual rebal,0.233936567540368,-0.11705942992854856
1984-06,Risk-parity SIP,0.22033486257145535,-0.04213441690677355
1984-06,Max-Sharpe SIP,0.2305299228752061,-0.05360947767270474
1984-06,Optimized SIP,0.22550481569600797,-0.048495885964692675
1984-07,Equity SIP,0.2640567998555026,-0.2218612160932384
1984-07,Equal-weight SIP,0.21786377381614752,-0.048887271783352726
1984-07,60/20/20 annual rebal,0.2330028781531474,-0.11583934351020142
1984-07,Risk-parity SIP,0.21924611952650266,-0.041979807500741484
1984-07,Max-Sharpe SIP,0.22922658774220622,-0.05346276157404173
1984-07,Optimized SIP,0.22429141200021907,-0.04834371419143357
1984-08,Equity SIP,0.25892266137352904,-0.22032572010503937
1984-08,Equal-weight SIP,0.21328597819513428,-0.046457032041791746
1984-08,60/20/20 annual rebal,0.2282220622100177,-0.11134224965720707
1984-08,Risk-parity SIP,0.21481946557058085,-0.04181871156988848
1984-08,Max-Sharpe SIP,0.22432413998290152,-0.05330731194900307
1984-08,Optimized SIP,0.21965917176897745,-0.0481857335253254
1984-09,Equity SIP,0.26038119156290224,-0.21868120655154644
1984-09,Equal-weight SIP,0.21239741809629029,-0.04596066826256573
1984-09,60/20/20 annual rebal,0.22789700610905092,-0.10777756272739714
1984-09,Risk-parity SIP,0.2127372598799048,-0.041654038541394045
1984-09,Max-Sharpe SIP,0.22263694006692866,-0.053153138583377
1984-09,Optimized SIP,0.2179534162467759,-0.04802431083805192
1984-10,Equity SIP,0.2581085162122707,-0.21706736344209487
1984-10,Equal-weight SIP,0.21040168184516103,-0.0457558251992749
1984-10,60/20/20 annual rebal,0.2280821924664504,-0.10239560150679439
1984-10,Risk-parity SIP,0.21148695641000073,-0.041492277438680114
1984-10,Max-Sharpe SIP,0.219597442201154,-0.05300276631256584
1984-10,Optimized SIP,0.21592142074259213,-0.04782496135277603
1984-11,Equity SIP,0.2535982511507628,-0.2153826034419668
1984-11,Equal-weight SIP,0.20584100293467525,-0.04555427418064084
1984-11,60/20/20 annual rebal,0.22415190115667885,-0.10153074879430712
1984-11,Risk-parity SIP,0.20689087888123128,-0.04132845497074078
1984-11,Max-Sharpe SIP,0.21453812913642448,-0.05285151289617729
1984-11,Optimized SIP,0.21111206874118035,-0.047667740652819535
1984-12,Equity SIP,0.24931876065328037,-0.21356798785984776
1984-12,Equal-weight SIP,0.20138333295205035,-0.04535363054374564
1984-12,60/20/20 annual rebal,0.218547170000853,-0.11100145290493202
1984-12,Risk-parity SIP,0.20242125479151732,-0.04117840109231752
1984-12,Max-Sharpe SIP,0.20984705143920304,-0.05269818333419252
1984-12,Optimized SIP,0.20636830998320857,-0.047506819748220575
1985-01,Equity SIP,0.24366267551603052,-0.21162247155052394
1985-01,Equal-weight SIP,0.19804668392798666,-0.04515530981449667
1985-01,60/20/20 annual rebal,0.21352450962255218,-0.11058573992124421
1985-01,Risk-parity SIP,0.19894906127693954,-0.041010750884978964
1985-01,Max-Sharpe SIP,0.20775226529356547,-0.05254072195299453
1985-01,Optimized SIP,0.20296924603236718,-0.04676730647630012
1985-02,Equity SIP,0.24429407472041667,-0.20951721273111523
1985-02,Equal-weight SIP,0.19734593757890104,-0.044958465156372474
1985-02,60/20/20 annual rebal,0.21333490251092846,-0.10714151454628484
1985-02,Risk-parity SIP,0.19757653775084946,-0.040837990566882754
1985-02,Max-Sharpe SIP,0.20634112994289716,-0.05237916462602943
1985-02,Optimized SIP,0.20158243569875525,-0.046600030272362036
1985-03,Equity SIP,0.24771399149130996,-0.20737338348390266
1985-03,Equal-weight SIP,0.1990006998638099,-0.04476710638107928
1985-03,60/20/20 annual rebal,0.21531461112411168,-0.10257544468281776
1985-03,Risk-parity SIP,0.19801422091523713,-0.040664912509844164
1985-03,Max-Sharpe SIP,0.20755157694803084,-0.05221753710047361
1985-03,Optimized SIP,0.20240393183996214,-0.04643259515917886
1985-04,Equity SIP,0.25028642205936,-0.20521584099477386
1985-04,Equal-weight SIP,0.20151602580235997,-0.04457638652070339
1985-04,60/20/20 annual rebal,0.21709468371507898,-0.09601132073727692
1985-04,Risk-parity SIP,0.2010457558020159,-0.0405372158169256
1985-04,Max-Sharpe SIP,0.20994330502066932,-0.05205730817362775
1985-04,Optimized SIP,0.20467682583495755,-0.046266335281933246
1985-05,Equity SIP,0.2516626858030655,-0.20283829352885152
1985-05,Equal-weight SIP,0.20199069353714158,-0.04437200104499006
1985-05,60/20/20 annual rebal,0.2178705344973356,-0.09158589337326706
1985-05,Risk-parity SIP,0.20125440684939724,-0.04035763944009629
1985-05,Max-Sharpe SIP,0.20985791858224936,-0.05188967788737919
1985-05,Optimized SIP,0.20476242087507607,-0.04609288225889163
1985-06,Equity SIP,0.2542090765805536,-0.20015851433772602
1985-06,Equal-weight SIP,0.20345111134660346,-0.044157367989826835
1985-06,60/20/20 annual rebal,0.2193038024612316,-0.08970151980079755
1985-06,Risk-parity SIP,0.20133613827852373,-0.040169341321401375
1985-06,Max-Sharpe SIP,0.2112660390643071,-0.05171291925362276
1985-06,Optimized SIP,0.2055136823024886,-0.04591055219553852
1985-07,Equity SIP,0.2563633168323066,-0.19730613946925557
1985-07,Equal-weight SIP,0.20574401401585232,-0.043948458539525115
1985-07,60/20/20 annual rebal,0.22165089600229324,-0.08674475285012229
1985-07,Risk-parity SIP,0.2029616454068743,-0.03997946710219524
1985-07,Max-Sharpe SIP,0.2137036180850119,-0.05153762293117059
1985-07,Optimized SIP,0.20753692618047123,-0.04572710735615171
1985-08,Equity SIP,0.25915148959509754,-0.1942174312736351
1985-08,Equal-weight SIP,0.20510552491758902,-0.043741991039513595
1985-08,60/20/20 annual rebal,0.2219409150493593,-0.08040217283341389
1985-08,Risk-parity SIP,0.20125246983289102,-0.03978706965180612
1985-08,Max-Sharpe SIP,0.21189801306646489,-0.05135752988281772
1985-08,Optimized SIP,0.20581736648822507,-0.04554192677643232
1985-09,Equity SIP,0.25763587686151856,-0.19075023204059138
1985-09,Equal-weight SIP,0.20275335546529083,-0.04352066490410811
1985-09,60/20/20 annual rebal,0.22004850902045756,-0.0746541632066432
1985-09,Risk-parity SIP,0.19862391351367828,-0.03958161994544063
1985-09,Max-Sharpe SIP,0.2090395196370662,-0.05116527721213737
1985-09,Optimized SIP,0.20311174415836786,-0.04534411778760172
1985-10,Equity SIP,0.2702901180184617,-0.18675271782197944
1985-10,Equal-weight SIP,0.213964904478974,-0.04328540929003655
1985-10,60/20/20 annual rebal,0.23272661841134817,-0.0665767344500251
1985-10,Risk-parity SIP,0.208775042825375,-0.03936457281542027
1985-10,Max-Sharpe SIP,0.21983677780159466,-0.05096207719686574
1985-10,Optimized SIP,0.213624249702283,-0.0451355673189745
1985-11,Equity SIP,0.2752972826128627,-0.18224061311754391
1985-11,Equal-weight SIP,0.21983604528726178,-0.04304583519089655
1985-11,60/20/20 annual rebal,0.239024758929198,-0.06251973598314742
1985-11,Risk-parity SIP,0.2144116575550587,-0.03914021409753288
1985-11,Max-Sharpe SIP,0.2258508687352562,-0.05075213762889241
1985-11,Optimized SIP,0.21948937227526596,-0.044920072800679334
1985-12,Equity SIP,0.2758163279134488,-0.1771474263566175
1985-12,Equal-weight SIP,0.21973082214218978,-0.04279801538055805
1985-12,60/20/20 annual rebal,0.2382201343461281,-0.06961271263797553
1985-12,Risk-parity SIP,0.21385314160646868,-0.03890802842909369
1985-12,Max-Sharpe SIP,0.22539702886488167,-0.050534901922203446
1985-12,Optimized SIP,0.21901379757400616,-0.04469633595678457
1986-01,Equity SIP,0.279464884328726,-0.17171753363806164
1986-01,Equal-weight SIP,0.22218773920234555,-0.0425543793933606
1986-01,60/20/20 annual rebal,0.2402116878620561,-0.06692345117627374
1986-01,Risk-parity SIP,0.21558274027448676,-0.0386762411146675
1986-01,Max-Sharpe SIP,0.22746277496332734,-0.050320072558658
1986-01,Optimized SIP,0.22074501683865255,-0.046020781353584894
1986-02,Equity SIP,0.2804456361346807,-0.16585530335007848
1986-02,Equal-weight SIP,0.22525541136503976,-0.04231432406241642
1986-02,60/20/20 annual rebal,0.24316805609920528,-0.0615528310798551
1986-02,Risk-parity SIP,0.21945369927985786,-0.03844417496292063
1986-02,Max-Sharpe SIP,0.23077975883929996,-0.05010584108981053
1986-02,Optimized SIP,0.22437887244150503,-0.045770033624990436
1986-03,Equity SIP,0.29130451041608324,-0.1611452745126356
1986-03,Equal-weight SIP,0.2309955330785416,-0.04206491077210872
1986-03,60/20/20 annual rebal,0.25032239833259495,-0.05480421946600589
1986-03,Risk-parity SIP,0.22413550776201668,-0.03820958093923832
1986-03,Max-Sharpe SIP,0.23470866015850392,-0.04988771273501591
1986-03,Optimized SIP,0.22872966266514852,-0.045515658717751206
1986-04,Equity SIP,0.2763397736188423,-0.15644692429972118
1986-04,Equal-weight SIP,0.21413538156922451,-0.06960558266980421
1986-04,60/20/20 annual rebal,0.23350668391274845,-0.06635958207085935
1986-04,Risk-parity SIP,0.20675928400333804,-0.07222822875420143
1986-04,Max-Sharpe SIP,0.21709261999186702,-0.07342135880693246
1986-04,Optimized SIP,0.21126624273870753,-0.07281666243104024
1986-05,Equity SIP,0.27237380238637976,-0.15134233167893985
1986-05,Equal-weight SIP,0.20947168364006813,-0.07585867622793885
1986-05,60/20/20 annual rebal,0.22908401159596514,-0.07017795008613226
1986-05,Risk-parity SIP,0.2018608981021225,-0.07959860121783346
1986-05,Max-Sharpe SIP,0.21205291568817,-0.08157877181708517
1986-05,Optimized SIP,0.2063319750106303,-0.08058438796484646
1986-06,Equity SIP,0.27707766246651333,-0.1456767434365731
1986-06,Equal-weight SIP,0.21164628761112433,-0.07579969118256924
1986-06,60/20/20 annual rebal,0.23192387284615648,-0.06959304421125245
1986-06,Risk-parity SIP,0.2033658970668927,-0.07951203312357191
1986-06,Max-Sharpe SIP,0.2133247151576991,-0.08149432999981387
1986-06,Optimized SIP,0.20775019677359924,-0.08049928091885417
1986-07,Equity SIP,0.2764166943355558,-0.13918569038027517
1986-07,Equal-weight SIP,0.20922634756003053,-0.07573519156701758
1986-07,60/20/20 annual rebal,0.23007602090284318,-0.06962219912453982
1986-07,Risk-parity SIP,0.20011508531934222,-0.0794220866226728
1986-07,Max-Sharpe SIP,0.2103802560849421,-0.081406534940213
1986-07,Optimized SIP,0.2046749919782432,-0.08041080551976498
1986-08,Equity SIP,0.26952305706655844,-0.1319207925417888
1986-08,Equal-weight SIP,0.20658648946846242,-0.0756652446465117
1986-08,60/20/20 annual rebal,0.22642594074419656,-0.0695637383067158
1986-08,Risk-parity SIP,0.19827975547382995,-0.07933074868478562
1986-08,Max-Sharpe SIP,0.20892546326224945,-0.08131745451574068
1986-08,Optimized SIP,0.2030853806574533,-0.08032095820518881
1986-09,Equity SIP,0.27234679087922276,-0.12312483323550372
1986-09,Equal-weight SIP,0.2087484468985978,-0.07560128205769201
1986-09,60/20/20 annual rebal,0.228078628460769,-0.06976015859923679
1986-09,Risk-parity SIP,0.19993592825842127,-0.0792369284442146
1986-09,Max-Sharpe SIP,0.21089200903937433,-0.08122602103868437
1986-09,Optimized SIP,0.20491936480234385,-0.0802287155098581
1986-10,Equity SIP,0.2729745846803307,-0.11287287425348813
1986-10,Equal-weight SIP,0.20714716709410502,-0.07553804102152939
1986-10,60/20/20 annual rebal,0.22800763416766776,-0.06979470478487027
1986-10,Risk-parity SIP,0.19756385534380902,-0.07914298398988251
1986-10,Max-Sharpe SIP,0.2085679028705134,-0.08113411886701394
1986-10,Optimized SIP,0.20258395301256985,-0.0801362772666242
1986-11,Equity SIP,0.27652279822997955,-0.10017878551699233
1986-11,Equal-weight SIP,0.20896971321932148,-0.07547830445898562
1986-11,60/20/20 annual rebal,0.23066869388234976,-0.06987763944081882
1986-11,Risk-parity SIP,0.1982426154318892,-0.07904714155889225
1986-11,Max-Sharpe SIP,0.21005741031575031,-0.0810395506232765
1986-11,Optimized SIP,0.20367043243135846,-0.0800416040257923
1986-12,Equity SIP,0.2822154252409373,-0.08456936665892101
1986-12,Equal-weight SIP,0.2121956393900182,-0.07541894820784834
1986-12,60/20/20 annual rebal,0.23389846385633697,-0.0697593746694084
1986-12,Risk-parity SIP,0.20004644733171617,-0.0789494403177965
1986-12,Max-Sharpe SIP,0.21278168539477038,-0.08094331595511317
1986-12,Optimized SIP,0.20593223632447755,-0.07994528520566513
1987-01,Equity SIP,0.2811435184308402,-0.06859271568549508
1987-01,Equal-weight SIP,0.20971198911032524,-0.0753542608037282
1987-01,60/20/20 annual rebal,0.23129826276701826,-0.06975197590974602
1987-01,Risk-parity SIP,0.19659007775938317,-0.07885824807134867
1987-01,Max-Sharpe SIP,0.20996602182041854,-0.0808466237483424
1987-01,Optimized SIP,0.20286287923046373,-0.07984816607566103
1987-02,Equity SIP,0.28371265968450043,-0.06815268243939043
1987-02,Equal-weight SIP,0.20776124878936533,-0.07528700416190581
1987-02,60/20/20 annual rebal,0.23021474253192892,-0.06979589989964774
1987-02,Risk-parity SIP,0.1923808016534801,-0.0787628869418372
1987-02,Max-Sharpe SIP,0.20679105047027194,-0.08074818560387775
1987-02,Optimized SIP,0.19939149696318073,-0.07974910262413604
1987-03,Equity SIP,0.2882027982141437,-0.06770912095751924
1987-03,Equal-weight SIP,0.20921958555973835,-0.07521158878682765
1987-03,60/20/20 annual rebal,0.2324890314995566,-0.06957055822502245
1987-03,Risk-parity SIP,0.1908160870428778,-0.0786309795258876
1987-03,Max-Sharpe SIP,0.20867169264938984,-0.08064844701220675
1987-03,Optimized SIP,0.19970592827109732,-0.07964884642072778
1987-04,Equity SIP,0.2838319546384183,-0.06726708198945652
1987-04,Equal-weight SIP,0.2054622661889466,-0.07512450026697359
1987-04,60/20/20 annual rebal,0.2285928098696817,-0.06998338191415088
1987-04,Risk-parity SIP,0.18781343249255564,-0.07852743778153803
1987-04,Max-Sharpe SIP,0.20452578921975703,-0.08054687998557286
1987-04,Optimized SIP,0.19617690192498044,-0.079546705036316
1987-05,Equity SIP,0.2740071322364105,-0.06681231395201359
1987-05,Equal-weight SIP,0.1979684266305422,-0.07503019869062
1987-05,60/20/20 annual rebal,0.22014240508697716,-0.0690490536683499
1987-05,Risk-parity SIP,0.1808292216444992,-0.0784211688309433
1987-05,Max-Sharpe SIP,0.19730051653813271,-0.08044254874740508
1987-05,Optimized SIP,0.1892096919470752,-0.07944182092879981
1987-06,Equity SIP,0.28708723056405105,-0.06632012537873833
1987-06,Equal-weight SIP,0.20458270099602965,-0.07492746335483125
1987-06,60/20/20 annual rebal,0.22752681643099584,-0.06844136589379635
1987-06,Risk-parity SIP,0.18434622486338126,-0.07830910824884862
1987-06,Max-Sharpe SIP,0.20384605274389306,-0.0803314974770113
1987-06,Optimized SIP,0.1938317951417041,-0.07933081717135837
1987-07,Equity SIP,0.29334337576079156,-0.06578971547067802
1987-07,Equal-weight SIP,0.20763317943371096,-0.07481535379968351
1987-07,60/20/20 annual rebal,0.2314480588743133,-0.06844191945818456
1987-07,Risk-parity SIP,0.1853678123844009,-0.07819094074611421
1987-07,Max-Sharpe SIP,0.20710665888224894,-0.08021368723212063
1987-07,Optimized SIP,0.19576850331583487,-0.07921330161943307
1987-08,Equity SIP,0.3000830026051252,-0.06525503024824142
1987-08,Equal-weight SIP,0.2098955203484798,-0.07469833200603826
1987-08,60/20/20 annual rebal,0.23401239499810608,-0.06836125174342778
1987-08,Risk-parity SIP,0.18411160996880294,-0.07807218046400333
1987-08,Max-Sharpe SIP,0.21008319902137665,-0.08009546949796109
1987-08,Optimized SIP,0.1963392604718483,-0.07909519075376226
1987-09,Equity SIP,0.29893810529913417,-0.06470960959560523
1987-09,Equal-weight SIP,0.20871463999356785,-0.0745758435862105
1987-09,60/20/20 annual rebal,0.23400437166219223,-0.0685363431398599
1987-09,Risk-parity SIP,0.18288127391406445,-0.07795185704930696
1987-09,Max-Sharpe SIP,0.20881174297256994,-0.07997574600138635
1987-09,Optimized SIP,0.1950791103763904,-0.07897572147387211
1987-10,Equity SIP,0.30056219980171356,-0.06416714076983254
1987-10,Equal-weight SIP,0.21011515026179814,-0.07444123943624126
1987-10,60/20/20 annual rebal,0.2357109430471761,-0.06854661035918241
1987-10,Risk-parity SIP,0.18384270969701846,-0.07782993343963895
1987-10,Max-Sharpe SIP,0.2102731052942957,-0.07985417218395907
1987-10,Optimized SIP,0.19627443908236172,-0.07885453028155365
1987-11,Equity SIP,0.2995555704748905,-0.06356667854330245
1987-11,Equal-weight SIP,0.20914408474673785,-0.0742964428476578
1987-11,60/20/20 annual rebal,0.23510739015220877,-0.06861088348102584
1987-11,Risk-parity SIP,0.18260967102108336,-0.07769890349730779
1987-11,Max-Sharpe SIP,0.20933967790313016,-0.07972309996828575
1987-11,Optimized SIP,0.19518748775795886,-0.07872407540804471
1987-12,Equity SIP,0.2987112876709517,-0.06283767070306057
1987-12,Equal-weight SIP,0.2090146714725689,-0.07416154349511717
1987-12,60/20/20 annual rebal,0.2335994641164532,-0.06846260007182114
1987-12,Risk-parity SIP,0.1812508077737231,-0.07755804082297457
1987-12,Max-Sharpe SIP,0.21023614371164345,-0.07958179386560726
1987-12,Optimized SIP,0.19495275165622217,-0.07858349235343032
1988-01,Equity SIP,0.30939580763614954,-0.0619278326973588
1988-01,Equal-weight SIP,0.21735108600601688,-0.0740481342842697
1988-01,60/20/20 annual rebal,0.24097086908166784,-0.06839778091432591
1988-01,Risk-parity SIP,0.18645731308985794,-0.07740876810790442
1988-01,Max-Sharpe SIP,0.21940664443776947,-0.07943131621509436
1988-01,Optimized SIP,0.2023827879756809,-0.07843333152822152
1988-02,Equity SIP,0.3052283412072077,-0.06091034128584749
1988-02,Equal-weight SIP,0.21527611498298718,-0.07393259162793298
1988-02,60/20/20 annual rebal,0.2389404750098774,-0.06838063255127136
1988-02,Risk-parity SIP,0.18489387169384316,-0.07725424774358647
1988-02,Max-Sharpe SIP,0.21799301073157312,-0.07927346382734879
1988-02,Optimized SIP,0.20095496078481204,-0.07827616660381054
1988-03,Equity SIP,0.3104934350578086,-0.05984190745789253
1988-03,Equal-weight SIP,0.21691345485975516,-0.07381168902721624
1988-03,60/20/20 annual rebal,0.24153770865387703,-0.06809907615490285
1988-03,Risk-parity SIP,0.18601818161664835,-0.07709812978949471
1988-03,Max-Sharpe SIP,0.22127606529699187,-0.07911351539729672
1988-03,Optimized SIP,0.2028523992395293,-0.07811692215092736
1988-04,Equity SIP,0.31835952650172056,-0.058702231389546555
1988-04,Equal-weight SIP,0.2210877567316413,-0.07368468221756397
1988-04,60/20/20 annual rebal,0.2457550198586057,-0.06845152024255852
1988-04,Risk-parity SIP,0.18810672299199632,-0.0769376861377381
1988-04,Max-Sharpe SIP,0.22714451452447224,-0.07894968113982481
1988-04,Optimized SIP,0.20690737889759991,-0.0779533349427386
1988-05,Equity SIP,0.3208072966341055,-0.05747248672945093
1988-05,Equal-weight SIP,0.22281587123355706,-0.07354579252667004
1988-05,60/20/20 annual rebal,0.24869714646886987,-0.06745546710268313
1988-05,Risk-parity SIP,0.1904147981232395,-0.07677073858487282
1988-05,Max-Sharpe SIP,0.22957145248729297,-0.07877854055784916
1988-05,Optimized SIP,0.20926677572612198,-0.07778261768982653
1988-06,Equity SIP,0.31944514013069253,-0.056519138124380364
1988-06,Equal-weight SIP,0.2218223607303488,-0.0734008183546987
1988-06,60/20/20 annual rebal,0.24716130863291894,-0.06677484480693974
1988-06,Risk-parity SIP,0.1887751913188187,-0.0765976368337844
1988-06,Max-Sharpe SIP,0.2288590032827885,-0.07859993987326974
1988-06,Optimized SIP,0.2080807272135407,-0.07760662676529373
1988-07,Equity SIP,0.32351266252384675,-0.05643183202543467
1988-07,Equal-weight SIP,0.22682974917263407,-0.07324953997579275
1988-07,60/20/20 annual rebal,0.2514198769504975,-0.06669282739637206
1988-07,Risk-parity SIP,0.1933784276174005,-0.07641609892260048
1988-07,Max-Sharpe SIP,0.23398318948240118,-0.0784116603428685
1988-07,Optimized SIP,0.21290304779496644,-0.07742404359935728
1988-08,Equity SIP,0.3283653042748886,-0.05634774866111347
1988-08,Equal-weight SIP,0.2293014774046203,-0.07309276327564429
1988-08,60/20/20 annual rebal,0.25430729611740543,-0.06654393067140063
1988-08,Risk-parity SIP,0.19450010513725832,-0.0762373220375202
1988-08,Max-Sharpe SIP,0.23763437776285995,-0.0782262003812294
1988-08,Optimized SIP,0.2153316066834849,-0.07724449977222925
1988-09,Equity SIP,0.311566025116159,-0.06327376947457475
1988-09,Equal-weight SIP,0.21914641062136228,-0.07293014749174087
1988-09,60/20/20 annual rebal,0.24380269933917065,-0.0666415373486079
1988-09,Risk-parity SIP,0.18684635846288775,-0.07605261499415117
1988-09,Max-Sharpe SIP,0.22562791870647517,-0.07803446836766414
1988-09,Optimized SIP,0.20532466755693257,-0.0770593930554645
1988-10,Equity SIP,0.29661315484197637,-0.11316924189718103
1988-10,Equal-weight SIP,0.21240588503288352,-0.07276119402459225
1988-10,60/20/20 annual rebal,0.23552140468453198,-0.06655755213200398
1988-10,Risk-parity SIP,0.18363348720450512,-0.07585819877195998
1988-10,Max-Sharpe SIP,0.21659623774968553,-0.07783293492317045
1988-10,Optimized SIP,0.19903851358082617,-0.07685639617693185
1988-11,Equity SIP,0.2937888633542568,-0.11309695352015259
1988-11,Equal-weight SIP,0.21141961662340972,-0.07258798997926341
1988-11,60/20/20 annual rebal,0.23425097624595564,-0.06654376704293519
1988-11,Risk-parity SIP,0.18353330933174322,-0.07565904842924709
1988-11,Max-Sharpe SIP,0.2153884598961544,-0.07762765231155222
1988-11,Optimized SIP,0.19837342802092586,-0.07664345663388406
1988-12,Equity SIP,0.3089908430741869,-0.11302485766454995
1988-12,Equal-weight SIP,0.2169153001964909,-0.07240801461577984
1988-12,60/20/20 annual rebal,0.24132341501632346,-0.0663260996414975
1988-12,Risk-parity SIP,0.1846538060027451,-0.0754580190743801
1988-12,Max-Sharpe SIP,0.22448171601192748,-0.07741980931203918
1988-12,Optimized SIP,0.203664672957488,-0.07642814906278639
1989-01,Equity SIP,0.31275448480964735,-0.11294873928441118
1989-01,Equal-weight SIP,0.21892570767647238,-0.07222623587536925
1989-01,60/20/20 annual rebal,0.24290963200941196,-0.06619931063402429
1989-01,Risk-parity SIP,0.18569541880406565,-0.07525110130717316
1989-01,Max-Sharpe SIP,0.22749285227220659,-0.07720456997150937
1989-01,Optimized SIP,0.205532607726212,-0.07620714203008816
1989-02,Equity SIP,0.3172938037315981,-0.11287072217026328
1989-02,Equal-weight SIP,0.21960511113065148,-0.07203264417397792
1989-02,60/20/20 annual rebal,0.24431420982826466,-0.06612176009579906
1989-02,Risk-parity SIP,0.1840995364444185,-0.07503651260284727
1989-02,Max-Sharpe SIP,0.22988114284946076,-0.07698073614513001
1989-02,Optimized SIP,0.20605526012021,-0.07597895092204421
1989-03,Equity SIP,0.3127702208224061,-0.11279181205893785
1989-03,Equal-weight SIP,0.21479816238338006,-0.07182581333564175
1989-03,60/20/20 annual rebal,0.2402960302005892,-0.06577245598435699
1989-03,Risk-parity SIP,0.179649524089523,-0.07481395146641034
1989-03,Max-Sharpe SIP,0.22498197067408252,-0.07674718079036846
1989-03,Optimized SIP,0.20135526870650483,-0.07574379446592383
1989-04,Equity SIP,0.31380837618400986,-0.11271228593486615
1989-04,Equal-weight SIP,0.2132990962843857,-0.07160446590560687
1989-04,60/20/20 annual rebal,0.2385876143883963,-0.06605510774071988
1989-04,Risk-parity SIP,0.17710173427200296,-0.07458336470442939
1989-04,Max-Sharpe SIP,0.22341663233921336,-0.07650142529373272
1989-04,Optimized SIP,0.1991755603176065,-0.07550127453013822
1989-05,Equity SIP,0.31846878439786047,-0.11262978674138102
1989-05,Equal-weight SIP,0.21546901699157955,-0.07137475013274963
1989-05,60/20/20 annual rebal,0.24119364730051296,-0.06499371125997044
1989-05,Risk-parity SIP,0.17757716358250628,-0.074344722001776
1989-05,Max-Sharpe SIP,0.22573414336515402,-0.0762461675773688
1989-05,Optimized SIP,0.20040435249282187,-0.07525007507223269
1989-06,Equity SIP,0.3143831662333538,-0.11254741899819976
1989-06,Equal-weight SIP,0.21020938417751675,-0.07113718615306475
1989-06,60/20/20 annual rebal,0.23619577442507195,-0.06424481004892779
1989-06,Risk-parity SIP,0.17167720827272195,-0.07410238027376603
1989-06,Max-Sharpe SIP,0.2205211921110577,-0.07598705716798648
1989-06,Optimized SIP,0.19474950249335504,-0.07499558266267392
1989-07,Equity SIP,0.31079170396989286,-0.11246640487904336
1989-07,Equal-weight SIP,0.20511556551367213,-0.07089387148507897
1989-07,60/20/20 annual rebal,0.2305180055161863,-0.06409978565491936
1989-07,Risk-parity SIP,0.16462538534946936,-0.07385880413887846
1989-07,Max-Sharpe SIP,0.21567512831356567,-0.07572693462920876
1989-07,Optimized SIP,0.18886260888479528,-0.07474019659208442
1989-08,Equity SIP,0.31578270888879656,-0.1123859299154667
1989-08,Equal-weight SIP,0.20751963035935042,-0.07065101203101742
1989-08,60/20/20 annual rebal,0.2328808174124281,-0.06388641786131355
1989-08,Risk-parity SIP,0.16492323025328887,-0.07361616249066638
1989-08,Max-Sharpe SIP,0.21828904168721786,-0.07546760361115756
1989-08,Optimized SIP,0.1901742802806441,-0.07448574799833085
1989-09,Equity SIP,0.3054499805026229,-0.11230399115096534
1989-09,Equal-weight SIP,0.2004015078830351,-0.07040170310657834
1989-09,60/20/20 annual rebal,0.22671228543937566,-0.06392016417013424
1989-09,Risk-parity SIP,0.16010913862518897,-0.07336815678779063
1989-09,Max-Sharpe SIP,0.2112374160722392,-0.07520168328604893
1989-09,Optimized SIP,0.18422041992685154,-0.07422572100324099
1989-10,Equity SIP,0.30109447121636834,-0.11222311044115407
1989-10,Equal-weight SIP,0.19805431377524607,-0.07013712735231548
1989-10,60/20/20 annual rebal,0.2243470902086289,-0.06377134825452213
1989-10,Risk-parity SIP,0.1596192077847315,-0.07310998089434528
1989-10,Max-Sharpe SIP,0.2087541348337568,-0.07492940311996199
1989-10,Optimized SIP,0.18272249153462466,-0.07395956395456782
1989-11,Equity SIP,0.29486219430730626,-0.11213966122865804
1989-11,Equal-weight SIP,0.1971037745631566,-0.06986119963313231
1989-11,60/20/20 annual rebal,0.22610782819120842,-0.06369841268720133
1989-11,Risk-parity SIP,0.16632244870349197,-0.07284135187185992
1989-11,Max-Sharpe SIP,0.2065111341343877,-0.0746464056956766
1989-11,Optimized SIP,0.18488636266115582,-0.07368195977734238
1989-12,Equity SIP,0.3034781266893285,-0.11205304697650442
1989-12,Equal-weight SIP,0.19972764739332402,-0.06957918985702327
1989-12,60/20/20 annual rebal,0.2269072904560516,-0.06341411202275893
1989-12,Risk-parity SIP,0.1632332964133332,-0.07256460372225793
1989-12,Max-Sharpe SIP,0.20961076175055715,-0.07435415113323696
1989-12,Optimized SIP,0.18498428079594278,-0.07339315470703622
1990-01,Equity SIP,0.3050413144222921,-0.11196129238194019
1990-01,Equal-weight SIP,0.19819679912575636,-0.06929816385697074
1990-01,60/20/20 annual rebal,0.2247646937960239,-0.06322282284631464
1990-01,Risk-parity SIP,0.1591007145914967,-0.07227245399239768
1990-01,Max-Sharpe SIP,0.20823629603756028,-0.07405225559771045
1990-01,Optimized SIP,0.18230584683985643,-0.07309340849633705
1990-02,Equity SIP,0.3012700571961936,-0.11186778776013573
1990-02,Equal-weight SIP,0.194100613809133,-0.06900749855029065
1990-02,60/20/20 annual rebal,0.22153859657276087,-0.06307783782179865
1990-02,Risk-parity SIP,0.15550233983698766,-0.07196487767564375
1990-02,Max-Sharpe SIP,0.2039518380724146,-0.07374114415920352
1990-02,Optimized SIP,0.1783166776339617,-0.07278485604826679
1990-03,Equity SIP,0.2928965417893124,-0.11176772611103825
1990-03,Equal-weight SIP,0.19054836749004087,-0.06869947503885254
1990-03,60/20/20 annual rebal,0.21830244309370025,-0.06263740977491195
1990-03,Risk-parity SIP,0.15612860625129352,-0.071637846708822
1990-03,Max-Sharpe SIP,0.1993758515462978,-0.07340828673905853
1990-03,Optimized SIP,0.17663210882322497,-0.07245592244046006
1990-04,Equity SIP,0.29580740133581734,-0.11166002575002343
1990-04,Equal-weight SIP,0.19107508407262105,-0.06837652065111677
1990-04,60/20/20 annual rebal,0.21718892809795215,-0.0628198437736247
1990-04,Risk-parity SIP,0.15342925049851755,-0.07129202590739536
1990-04,Max-Sharpe SIP,0.20085686955394183,-0.07305340117723558
1990-04,Optimized SIP,0.1763203182063146,-0.07210668971678946
1990-05,Equity SIP,0.2944881566718286,-0.11155055077190057
1990-05,Equal-weight SIP,0.19000851111312403,-0.06802983674699525
1990-05,60/20/20 annual rebal,0.2160576581795685,-0.061671890434312315
1990-05,Risk-parity SIP,0.15153357378923946,-0.07092764418704389
1990-05,Max-Sharpe SIP,0.20003203478318918,-0.07268304262638314
1990-05,Optimized SIP,0.17510505175049187,-0.07174030682421728
1990-06,Equity SIP,0.2866261843597123,-0.1114368012739031
1990-06,Equal-weight SIP,0.18309609565668242,-0.06765975234448751
1990-06,60/20/20 annual rebal,0.20933107920555558,-0.06108130158087166
1990-06,Risk-parity SIP,0.14543049379971326,-0.0705416235132369
1990-06,Max-Sharpe SIP,0.19308490007320317,-0.07229483056682517
1990-06,Optimized SIP,0.16857785893779223,-0.07135360538736557
1990-07,Equity SIP,0.291161373033471,-0.11132178922699454
1990-07,Equal-weight SIP,0.1883868616411854,-0.0672683270486496
1990-07,60/20/20 annual rebal,0.21438391545401186,-0.060969776830869016
1990-07,Risk-parity SIP,0.15142329447163072,-0.07013945790255138
1990-07,Max-Sharpe SIP,0.1983304780292287,-0.07189156507428385
1990-07,Optimized SIP,0.1742014403672116,-0.07095134644239987
1990-08,Equity SIP,0.2890296115466705,-0.11120525452387897
1990-08,Equal-weight SIP,0.1862152762215542,-0.06685687998946577
1990-08,60/20/20 annual rebal,0.212185828777786,-0.0608040070165099
1990-08,Risk-parity SIP,0.14872624243855018,-0.06972022002486677
1990-08,Max-Sharpe SIP,0.1963645530512872,-0.07147579658107517
1990-08,Optimized SIP,0.17192988585249858,-0.07053420721192427
1990-09,Equity SIP,0.2904381850003328,-0.11108286158853686
1990-09,Equal-weight SIP,0.18785468212803758,-0.06642866404107484
1990-09,60/20/20 annual rebal,0.21405818023414344,-0.06079554111802932
1990-09,Risk-parity SIP,0.14957131739837132,-0.06928234055427007
1990-09,Max-Sharpe SIP,0.19820418510049137,-0.07103900103149541
1990-09,Optimized SIP,0.17349071628563498,-0.07011409365118992
1990-10,Equity SIP,0.28459846952642653,-0.11094214845870765
1990-10,Equal-weight SIP,0.18397720993470842,-0.06598617150105701
1990-10,60/20/20 annual rebal,0.2096232304957772,-0.060637654223666404
1990-10,Risk-parity SIP,0.14714737038015377,-0.06881850798846179
1990-10,Max-Sharpe SIP,0.19417238944085488,-0.07056200556086933
1990-10,Optimized SIP,0.17005735721150378,-0.06963507408857028
1990-11,Equity SIP,0.27169330743934583,-0.11079071829382614
1990-11,Equal-weight SIP,0.1763649921303684,-0.065529064593844
1990-11,60/20/20 annual rebal,0.20192326578419395,-0.06052787874903365
1990-11,Risk-parity SIP,0.14234374382766107,-0.06833598963760845
1990-11,Max-Sharpe SIP,0.1856462949255456,-0.07006057931780818
1990-11,Optimized SIP,0.16335553427910615,-0.06913260248371245
1990-12,Equity SIP,0.2668309061615055,-0.11062794429869816
1990-12,Equal-weight SIP,0.1730827273326229,-0.06505322131731206
1990-12,60/20/20 annual rebal,0.19773295426485535,-0.0602730247181692
1990-12,Risk-parity SIP,0.13963899154957193,-0.06782763211496579
1990-12,Max-Sharpe SIP,0.1824940043902879,-0.06953328341595744
1990-12,Optimized SIP,0.16044954879858517,-0.06860595780176582
1991-01,Equity SIP,0.2554745733861277,-0.11045999801115147
1991-01,Equal-weight SIP,0.1684233630104967,-0.06455717519819837
1991-01,60/20/20 annual rebal,0.19155636600509593,-0.06007851670008957
1991-01,Risk-parity SIP,0.13831960806209814,-0.06729999986334234
1991-01,Max-Sharpe SIP,0.17659045969007314,-0.06898723501624948
1991-01,Optimized SIP,0.15688852659345365,-0.06806319611957123
1991-02,Equity SIP,0.2508009424185196,-0.11028950592678621
1991-02,Equal-weight SIP,0.16431553472544086,-0.06414890253384697
1991-02,60/20/20 annual rebal,0.18786304110136795,-0.05991300757031204
1991-02,Risk-parity SIP,0.13392724263500946,-0.06675216567618392
1991-02,Max-Sharpe SIP,0.17288137048129423,-0.06840771775908105
1991-02,Optimized SIP,0.15288941724787916,-0.06750155084881049
1991-03,Equity SIP,0.24166176426689218,-0.11010899275742214
1991-03,Equal-weight SIP,0.15831073820712407,-0.06389563297693401
1991-03,60/20/20 annual rebal,0.18123111932778113,-0.059531466850497816
1991-03,Risk-parity SIP,0.1292010456626139,-0.06617930645219405
1991-03,Max-Sharpe SIP,0.1665940843676954,-0.06779779041660494
1991-03,Optimized SIP,0.14744077373008166,-0.06690946459833713
1991-04,Equity SIP,0.22008032234925587,-0.16733908897035366
1991-04,Equal-weight SIP,0.147548425395001,-0.06362599411136827
1991-04,60/20/20 annual rebal,0.16793707202232852,-0.07194250802018964
1991-04,Risk-parity SIP,0.1235007839811028,-0.06559909562433663
1991-04,Max-Sharpe SIP,0.15325483359362052,-0.0779528710901336
1991-04,Optimized SIP,0.13790957225045652,-0.0663081830219332
1991-05,Equity SIP,0.21727296211440666,-0.16699804847005417
1991-05,Equal-weight SIP,0.14377939562743083,-0.06334035613320932
1991-05,60/20/20 annual rebal,0.1654649703208357,-0.06759149500530548
1991-05,Risk-parity SIP,0.11938537365353288,-0.06519391848154976
1991-05,Max-Sharpe SIP,0.14988450143418589,-0.07754452490454278
1991-05,Optimized SIP,0.1342019447866025,-0.06568091498076212
1991-06,Equity SIP,0.2261914915123983,-0.16665896334752128
1991-06,Equal-weight SIP,0.14786910563812586,-0.06304661575594295
1991-06,60/20/20 annual rebal,0.1711823410696202,-0.06722977238976047
1991-06,Risk-parity SIP,0.1232429346981183,-0.06488926513339988
1991-06,Max-Sharpe SIP,0.155174909685178,-0.07713600246458963
1991-06,Optimized SIP,0.13844648765586756,-0.06527447588766733
1991-07,Equity SIP,0.21809659912854615,-0.16631264335384255
1991-07,Equal-weight SIP,0.14329441129729115,-0.06274445389501215
1991-07,60/20/20 annual rebal,0.16473308844152126,-0.06694114944434193
1991-07,Risk-parity SIP,0.11984942320392596,-0.0645752392066774
1991-07,Max-Sharpe SIP,0.14990493596589904,-0.0767236585747455
1991-07,Optimized SIP,0.1341462542752206,-0.06495201627509939
1991-08,Equity SIP,0.20969922447215542,-0.1659593990833541
1991-08,Equal-weight SIP,0.13840692223809947,-0.0624328628503944
1991-08,60/20/20 annual rebal,0.15947528167803562,-0.06658463149346328
1991-08,Risk-parity SIP,0.11620427235575741,-0.06425214358860243
1991-08,Max-Sharpe SIP,0.14430976580259325,-0.07630406340565499
1991-08,Optimized SIP,0.13057761544183705,-0.0646186999909516
1991-09,Equity SIP,0.20265179280983212,-0.16565783854756655
1991-09,Equal-weight SIP,0.13610528350765322,-0.06216332608506747
1991-09,60/20/20 annual rebal,0.15709645318591506,-0.06605585861419583
1991-09,Risk-parity SIP,0.1156343115690869,-0.06397276100653249
1991-09,Max-Sharpe SIP,0.1409384927889784,-0.07594738654407773
1991-09,Optimized SIP,0.1285926533247728,-0.0643302712071645
1991-10,Equity SIP,0.1797355301119367,-0.22921670161454522
1991-10,Equal-weight SIP,0.12871627024283921,-0.06188429040380983
1991-10,60/20/20 annual rebal,0.14640292966039234,-0.06588299705189071
1991-10,Risk-parity SIP,0.11408626935032694,-0.06368418551175237
1991-10,Max-Sharpe SIP,0.12955551594687903,-0.07968949585449925
1991-10,Optimized SIP,0.12220090780674542,-0.06403376422271112
1991-11,Equity SIP,0.18361004912929438,-0.22865248696593832
1991-11,Equal-weight SIP,0.13122915067512037,-0.06159282455006676
1991-11,60/20/20 annual rebal,0.1510757453082662,-0.06625088265292034
1991-11,Risk-parity SIP,0.11600381169199557,-0.06338092677203189
1991-11,Max-Sharpe SIP,0.1327176288195213,-0.07893430105844668
1991-11,Optimized SIP,0.12479655766562854,-0.06372292319552542
1991-12,Equity SIP,0.18954128879119433,-0.2280643556057088
1991-12,Equal-weight SIP,0.13186098031963833,-0.061291286134638634
1991-12,60/20/20 annual rebal,0.15133296535470553,-0.06944707347123447
1991-12,Risk-parity SIP,0.11541009130275262,-0.06306552747420668
1991-12,Max-Sharpe SIP,0.13506164332099793,-0.07814571326873943
1991-12,Optimized SIP,0.12574939416358002,-0.06339940892698381
1992-01,Equity SIP,0.188563919241229,-0.227450710945875
1992-01,Equal-weight SIP,0.12821413446598148,-0.060976282413142235
1992-01,60/20/20 annual rebal,0.14726114675497695,-0.06814616367143111
1992-01,Risk-parity SIP,0.11168765279006022,-0.06273421097908449
1992-01,Max-Sharpe SIP,0.13218651167972126,-0.07733591926683148
1992-01,Optimized SIP,0.1226324536115258,-0.0630608522232452
1992-02,Equity SIP,0.18634121265444784,-0.22681610134014207
1992-02,Equal-weight SIP,0.1284696174274748,-0.060650503138187206
1992-02,60/20/20 annual rebal,0.14685757767619373,-0.06814971978442619
1992-02,Risk-parity SIP,0.11280804508950573,-0.06238970351963824
1992-02,Max-Sharpe SIP,0.13191165474083327,-0.07651518143404579
1992-02,Optimized SIP,0.12304079917650118,-0.0627104685874964
1992-03,Equity SIP,0.1783375170933325,-0.22620028282862115
1992-03,Equal-weight SIP,0.1274618713471733,-0.06030510383431564
1992-03,60/20/20 annual rebal,0.14462724843246674,-0.06679122777394886
1992-03,Risk-parity SIP,0.11402636216171212,-0.06203254182287021
1992-03,Max-Sharpe SIP,0.1308480439228064,-0.07568044747966507
1992-03,Optimized SIP,0.12331321103772584,-0.06234703543491582
1992-04,Equity SIP,0.1843704809530043,-0.22555734882746792
1992-04,Equal-weight SIP,0.12744684458120265,-0.0599378080883477
1992-04,60/20/20 annual rebal,0.14641318655054722,-0.06709231383683611
1992-04,Risk-parity SIP,0.11310952669960112,-0.061653544331182086
1992-04,Max-Sharpe SIP,0.12935834579725886,-0.07480867466969188
1992-04,Optimized SIP,0.12185212026983544,-0.06196046746718231
1992-05,Equity SIP,0.17547963429682092,-0.22493733629993973
1992-05,Equal-weight SIP,0.12476736541680816,-0.05957639668426762
1992-05,60/20/20 annual rebal,0.14213827858403918,-0.06273826489979406
1992-05,Risk-parity SIP,0.11220130682392208,-0.061280860209586785
1992-05,Max-Sharpe SIP,0.1268403803702853,-0.07397289637232562
1992-05,Optimized SIP,0.12031398294350859,-0.061581526752318205
1992-06,Equity SIP,0.16759986565559515,-0.22430518021238588
1992-06,Equal-weight SIP,0.1226394324660947,-0.05920171191418189
1992-06,60/20/20 annual rebal,0.13880559535640385,-0.0623759007756266
1992-06,Risk-parity SIP,0.11177998066116439,-0.060894282825584733
1992-06,Max-Sharpe SIP,0.12453888667447298,-0.07312950740511104
1992-06,Optimized SIP,0.11909621137052737,-0.0611896277415358
1992-07,Equity SIP,0.15325373745637114,-0.2236523040754438
1992-07,Equal-weight SIP,0.11808579939330179,-0.05880267648760895
1992-07,60/20/20 annual rebal,0.13121892479802855,-0.06206947748415337
1992-07,Risk-parity SIP,0.10926862413305669,-0.060484394256552165
1992-07,Max-Sharpe SIP,0.12087397546812093,-0.07225942596480461
1992-07,Optimized SIP,0.11628322293528225,-0.0607850135786403
1992-08,Equity SIP,0.1283133039163586,-0.27921104046744405
1992-08,Equal-weight SIP,0.10764700677114081,-0.05838516745827771
1992-08,60/20/20 annual rebal,0.11667382619892913,-0.08520776636731087
1992-08,Risk-parity SIP,0.10075018245056856,-0.06005250676000995
1992-08,Max-Sharpe SIP,0.1130590406676067,-0.07162755664516929
1992-08,Optimized SIP,0.10834401950520851,-0.06034755908393241
1992-09,Equity SIP,0.12694746912667218,-0.27803465035212915
1992-09,Equal-weight SIP,0.10789871006572457,-0.05795821675789803
1992-09,60/20/20 annual rebal,0.11794144372240474,-0.07932742729416609
1992-09,Risk-parity SIP,0.10052197635755887,-0.05960914842901288
1992-09,Max-Sharpe SIP,0.11432646780339056,-0.07120170955784921
1992-09,Optimized SIP,0.1089033299949906,-0.05989857176236435
1992-10,Equity SIP,0.11435260207331868,-0.30190624470308813
1992-10,Equal-weight SIP,0.1059299594008107,-0.05750486033551905
1992-10,60/20/20 annual rebal,0.1114623331565842,-0.08335527064923998
1992-10,Risk-parity SIP,0.10007575194362328,-0.059138618842404234
1992-10,Max-Sharpe SIP,0.11241985184959073,-0.07076598041527737
1992-10,Optimized SIP,0.10754142763118212,-0.05942478233489068
1992-11,Equity SIP,0.10862589871046491,-0.30794878025943384
1992-11,Equal-weight SIP,0.10226599226234477,-0.05702916682452874
1992-11,60/20/20 annual rebal,0.10812437158197073,-0.09530709394247094
1992-11,Risk-parity SIP,0.09672367216909027,-0.05864389213782417
1992-11,Max-Sharpe SIP,0.10874010669947728,-0.07032076617004335
1992-11,Optimized SIP,0.10341699045312053,-0.05892774012882962
1992-12,Equity SIP,0.1173708028099564,-0.30647099675383593
1992-12,Equal-weight SIP,0.10392993301841685,-0.056519807875044736
1992-12,60/20/20 annual rebal,0.11158648705661957,-0.09198127845596704
1992-12,Risk-parity SIP,0.09836312955001628,-0.05811608796708467
1992-12,Max-Sharpe SIP,0.11008274351412634,-0.06985589147847227
1992-12,Optimized SIP,0.10553379513967479,-0.058396097066346075
1993-01,Equity SIP,0.11196799599270085,-0.3049666976865023
1993-01,Equal-weight SIP,0.10285722769029317,-0.05596741555793494
1993-01,60/20/20 annual rebal,0.10775851470504844,-0.08604741299725471
1993-01,Risk-parity SIP,0.09832637757413944,-0.05755037859778078
1993-01,Max-Sharpe SIP,0.10788517472686333,-0.06935778604301901
1993-01,Optimized SIP,0.10428713332292788,-0.05782534292025843
1993-02,Equity SIP,0.10802689642126397,-0.30347080892431466
1993-02,Equal-weight SIP,0.10364729988111658,-0.055393048673324174
1993-02,60/20/20 annual rebal,0.10809052591632841,-0.08281568789031946
1993-02,Risk-parity SIP,0.10038427351427108,-0.05696498182355003
1993-02,Max-Sharpe SIP,0.1064750264757789,-0.06883537925343186
1993-02,Optimized SIP,0.10463091027049708,-0.05723646284656225
1993-03,Equity SIP,0.09187778007786035,-0.30784878044086894
1993-03,Equal-weight SIP,0.09813665781909822,-0.05478166788209682
1993-03,60/20/20 annual rebal,0.09903174391801355,-0.08375828897299142
1993-03,Risk-parity SIP,0.09549978084321899,-0.05634142352615579
1993-03,Max-Sharpe SIP,0.10247212042801479,-0.06830068312495507
1993-03,Optimized SIP,0.10028942236590532,-0.056612933160893664
1993-04,Equity SIP,0.091465495551946,-0.30605332081933134
1993-04,Equal-weight SIP,0.09503073736096491,-0.05415991508157658
1993-04,60/20/20 annual rebal,0.0965607891155743,-0.08860896924218364
1993-04,Risk-parity SIP,0.0913650829854007,-0.055706437034357514
1993-04,Max-Sharpe SIP,0.10117522447876894,-0.06777737601355827
1993-04,Optimized SIP,0.09693021626067261,-0.05598140317235156
1993-05,Equity SIP,0.09772561337770366,-0.30432948535631477
1993-05,Equal-weight SIP,0.09291455234627304,-0.053545555706457915
1993-05,60/20/20 annual rebal,0.09801133990798683,-0.08311043187535483
1993-05,Risk-parity SIP,0.08822607295650495,-0.05507899455686738
1993-05,Max-Sharpe SIP,0.09889347834069255,-0.06727975558272059
1993-05,Optimized SIP,0.09423466370961942,-0.055360190163452505
1993-06,Equity SIP,0.1038763497663435,-0.3024893014443176
1993-06,Equal-weight SIP,0.10009000184724419,-0.052892868325556175
1993-06,60/20/20 annual rebal,0.10318478068274735,-0.08468938203498111
1993-06,Risk-parity SIP,0.09601168885908053,-0.05440979164821458
1993-06,Max-Sharpe SIP,0.1042954228057034,-0.06676199614966083
1993-06,Optimized SIP,0.10073966674194201,-0.05469631423490939
1993-07,Equity SIP,0.11013456594899673,-0.30058292502611983
1993-07,Equal-weight SIP,0.10204946567408672,-0.05221400520919217
1993-07,60/20/20 annual rebal,0.10615130144158567,-0.08421127517467997
1993-07,Risk-parity SIP,0.09780813308312983,-0.05371420118205106
1993-07,Max-Sharpe SIP,0.10631109335092172,-0.06623099774668051
1993-07,Optimized SIP,0.10244910395418395,-0.05400071429022424
1993-08,Equity SIP,0.10672322867093746,-0.29861294143305195
1993-08,Equal-weight SIP,0.09429977133745243,-0.05149715065112637
1993-08,60/20/20 annual rebal,0.10038744856340494,-0.0839684918520246
1993-08,Risk-parity SIP,0.09008494678202236,-0.05297974738533684
1993-08,Max-Sharpe SIP,0.09643864041968284,-0.0656881763174385
1993-08,Optimized SIP,0.09360543884035928,-0.053266947221069394
1993-09,Equity SIP,0.10270085618284537,-0.2965512503548763
1993-09,Equal-weight SIP,0.09021035848290883,-0.05074755927597996
1993-09,60/20/20 annual rebal,0.0983711975783227,-0.0807259055531987
1993-09,Risk-parity SIP,0.08630553101185598,-0.052210938613454494
1993-09,Max-Sharpe SIP,0.0899124473604788,-0.06513401162380361
1993-09,Optimized SIP,0.08856843446023373,-0.052495536048411284
1993-10,Equity SIP,0.10552931945401571,-0.29443374833197256
1993-10,Equal-weight SIP,0.09413222273942348,-0.04994162301815719
1993-10,60/20/20 annual rebal,0.10170180793597283,-0.08301390430459088
1993-10,Risk-parity SIP,0.09067613331915494,-0.05138534361692282
1993-10,Max-Sharpe SIP,0.09250934644429241,-0.06456641375581273
1993-10,Optimized SIP,0.09202417381601226,-0.05167225158677158
1993-11,Equity SIP,0.10487161785228531,-0.2922462194624271
1993-11,Equal-weight SIP,0.09209475568082064,-0.04906588293887071
1993-11,60/20/20 annual rebal,0.1015504479417552,-0.08871829480628568
1993-11,Risk-parity SIP,0.08843464905046153,-0.05048881919028991
1993-11,Max-Sharpe SIP,0.09023380646077574,-0.0639875499558874
1993-11,Optimized SIP,0.08978836389471055,-0.0507897741412221
1993-12,Equity SIP,0.1051435870783166,-0.2899799353222432
1993-12,Equal-weight SIP,0.0935653593696882,-0.048132413075859026
1993-12,60/20/20 annual rebal,0.1018069302733523,-0.08572743691028728
1993-12,Risk-parity SIP,0.09023335918023447,-0.049533937724664745
1993-12,Max-Sharpe SIP,0.09156939216763978,-0.063392760720968
1993-12,Optimized SIP,0.09090352416985607,-0.049848689221484555
1994-01,Equity SIP,0.10823243041098032,-0.2876010741918329
1994-01,Equal-weight SIP,0.09666793488132372,-0.04711871696219816
1994-01,60/20/20 annual rebal,0.10365939918191315,-0.08109866693233736
1994-01,Risk-parity SIP,0.09359797823831949,-0.04850000431076318
1994-01,Max-Sharpe SIP,0.09302311984877344,-0.0627663772806556
1994-01,Optimized SIP,0.09331834481076075,-0.048823284426692815
1994-02,Equity SIP,0.11409973356686275,-0.28512964574071853
1994-02,Equal-weight SIP,0.09950675421271836,-0.046030697258073405
1994-02,60/20/20 annual rebal,0.10849290910517341,-0.07876589325276684
1994-02,Risk-parity SIP,0.09611519625031974,-0.0473918647203726
1994-02,Max-Sharpe SIP,0.09515974650446057,-0.06212000102273729
1994-02,Optimized SIP,0.09569790481296266,-0.04772183477419234
1994-03,Equity SIP,0.11264618968697246,-0.2825816608361793
1994-03,Equal-weight SIP,0.09715213118382138,-0.04485899016538264
1994-03,60/20/20 annual rebal,0.10727369538415195,-0.0796036509318453
1994-03,Risk-parity SIP,0.0934893306659998,-0.046200379648584367
1994-03,Max-Sharpe SIP,0.09376858133482376,-0.06145530796509813
1994-03,Optimized SIP,0.09372943302823299,-0.046537449794820884
1994-04,Equity SIP,0.10563215246073418,-0.27990585411980706
1994-04,Equal-weight SIP,0.09489817793838258,-0.043567866234982766
1994-04,60/20/20 annual rebal,0.10408513387102467,-0.08355648779553326
1994-04,Risk-parity SIP,0.09169127467009006,-0.044889212337835604
1994-04,Max-Sharpe SIP,0.09258248108292033,-0.06075827779959919
1994-04,Optimized SIP,0.09226737062383372,-0.045233963771100116
1994-05,Equity SIP,0.10001155719682724,-0.27704887292510594
1994-05,Equal-weight SIP,0.08591672635334918,-0.04212742311316264
1994-05,60/20/20 annual rebal,0.09638893437780417,-0.07889506035220328
1994-05,Risk-parity SIP,0.08248742037655055,-0.04343094711340856
1994-05,Max-Sharpe SIP,0.08189838668955146,-0.06001600898976034
1994-05,Optimized SIP,0.08233003424394957,-0.04377727253508845
1994-06,Equity SIP,0.0975166170297866,-0.27393067899340084
1994-06,Equal-weight SIP,0.08332678089912542,-0.040491851435527804
1994-06,60/20/20 annual rebal,0.09187877006972524,-0.08018468082338548
1994-06,Risk-parity SIP,0.07986603649321253,-0.04177694870276161
1994-06,Max-Sharpe SIP,0.08000992256662683,-0.05921931697049343
1994-06,Optimized SIP,0.08010183707738244,-0.043004901667815454
1994-07,Equity SIP,0.1011582229881522,-0.2706696796771805
1994-07,Equal-weight SIP,0.08601497853622948,-0.03867620739389488
1994-07,60/20/20 annual rebal,0.09446523277070722,-0.07992398540316192
1994-07,Risk-parity SIP,0.08256245369154776,-0.03994605529448625
1994-07,Max-Sharpe SIP,0.08172610017288766,-0.058388350921510956
1994-07,Optimized SIP,0.08229628475108665,-0.04281647839489455
1994-08,Equity SIP,0.09607921062193642,-0.2672605468414775
1994-08,Equal-weight SIP,0.08714658022877128,-0.0366721711413841
1994-08,60/20/20 annual rebal,0.09317092794787385,-0.07776038008931208
1994-08,Risk-parity SIP,0.08417467685854785,-0.03791346550564223
1994-08,Max-Sharpe SIP,0.08345453182937922,-0.05752709792023314
1994-08,Optimized SIP,0.08388531870695538,-0.042607981747231904
1994-09,Equity SIP,0.09137373938151098,-0.26383350894554625
1994-09,Equal-weight SIP,0.08720055016122942,-0.034455338841899885
1994-09,60/20/20 annual rebal,0.09231315958484067,-0.0724364707673768
1994-09,Risk-parity SIP,0.0847982279425371,-0.035618602657898846
1994-09,Max-Sharpe SIP,0.08420404247961041,-0.05662064914050535
1994-09,Optimized SIP,0.08461620280507465,-0.042409526913066986
1994-10,Equity SIP,0.09240295550261675,-0.2606195030860352
1994-10,Equal-weight SIP,0.08753336430272925,-0.03380753314377982
1994-10,60/20/20 annual rebal,0.09248080874774041,-0.07405331742300736
1994-10,Risk-parity SIP,0.08512511779598113,-0.033405348701495585
1994-10,Max-Sharpe SIP,0.08449643376173341,-0.05568203266924843
1994-10,Optimized SIP,0.08495834532612846,-0.04220620311402856
1994-11,Equity SIP,0.0881648249457489,-0.25723879602299704
1994-11,Equal-weight SIP,0.0867711374229382,-0.033147150940532555
1994-11,60/20/20 annual rebal,0.09172522431458233,-0.08250881114208553
1994-11,Risk-parity SIP,0.08479584902070202,-0.03334205103505705
1994-11,Max-Sharpe SIP,0.0824368756336185,-0.0547010026707081
1994-11,Optimized SIP,0.08379949225775693,-0.04199725507689833
1994-12,Equity SIP,0.09088905524996195,-0.25363175368038116
1994-12,Equal-weight SIP,0.087132109010299,-0.03246194409438008
1994-12,60/20/20 annual rebal,0.09243020019018393,-0.08026826585156022
1994-12,Risk-parity SIP,0.08500252001699017,-0.033276617266458475
1994-12,Max-Sharpe SIP,0.08043124317630242,-0.05367842221774066
1994-12,Optimized SIP,0.08293265369449916,-0.0417790693844986
1995-01,Equity SIP,0.08765396267369673,-0.2497805347336276
1995-01,Equal-weight SIP,0.08214288840029425,-0.03174989001642958
1995-01,60/20/20 annual rebal,0.08694182012058164,-0.07540132042421799
1995-01,Risk-parity SIP,0.0799261482263745,-0.03320845303410602
1995-01,Max-Sharpe SIP,0.0748354248256952,-0.053439886645421875
1995-01,Optimized SIP,0.07762344921761187,-0.04155118497346044
1995-02,Equity SIP,0.08067661482003734,-0.24562771435131459
1995-02,Equal-weight SIP,0.07595306853356895,-0.03154279842222052
1995-02,60/20/20 annual rebal,0.08111026384416656,-0.07294350233059099
1995-02,Risk-parity SIP,0.07400132752974453,-0.03313756388170741
1995-02,Max-Sharpe SIP,0.07041834512307624,-0.05319350233140907
1995-02,Optimized SIP,0.07245050060460488,-0.04131421279926595
1995-03,Equity SIP,0.08034702605276914,-0.24137572614227498
1995-03,Equal-weight SIP,0.0751436227524035,-0.031483888264444926
1995-03,60/20/20 annual rebal,0.08129129914597566,-0.07339311883364019
1995-03,Risk-parity SIP,0.0732774048463589,-0.03306498561362048
1995-03,Max-Sharpe SIP,0.06978329430522423,-0.05293987096371544
1995-03,Optimized SIP,0.07177593323171315,-0.04107077018656069
1995-04,Equity SIP,0.07666252276455685,-0.23708355654002178
1995-04,Equal-weight SIP,0.07300510718927056,-0.0314229741877744
1995-04,60/20/20 annual rebal,0.07960791190140519,-0.07709453117602771
1995-04,Risk-parity SIP,0.07122413896514578,-0.03298937638616972
1995-04,Max-Sharpe SIP,0.06537111459736655,-0.05268213932098942
1995-04,Optimized SIP,0.06854997437596216,-0.040823448905457305
1995-05,Equity SIP,0.06908903328053599,-0.23264093291840127
1995-05,Equal-weight SIP,0.07010998802661238,-0.03136171681820099
1995-05,60/20/20 annual rebal,0.07473008919999484,-0.07248597035862214
1995-05,Risk-parity SIP,0.0689248279214742,-0.03290795203989061
1995-05,Max-Sharpe SIP,0.06369290965951654,-0.052421754075326565
1995-05,Optimized SIP,0.06643485265162333,-0.040562697113177504
1995-06,Equity SIP,0.06751809742806028,-0.2280141573067418
1995-06,Equal-weight SIP,0.06833507331409636,-0.03129689022336002
1995-06,60/20/20 annual rebal,0.07118829127891704,-0.07449812813842605
1995-06,Risk-parity SIP,0.06737753782446154,-0.03282082195753899
1995-06,Max-Sharpe SIP,0.06327034437687483,-0.05215532084696095
1995-06,Optimized SIP,0.06544494440597062,-0.040308001227419954
1995-07,Equity SIP,0.06914219546661171,-0.22322948716939806
1995-07,Equal-weight SIP,0.07060248333267696,-0.031232233208664528
1995-07,60/20/20 annual rebal,0.0727349444770725,-0.07634119897790392
1995-07,Risk-parity SIP,0.06976254370495656,-0.03273426885531372
1995-07,Max-Sharpe SIP,0.06505204923720856,-0.05188501092881248
1995-07,Optimized SIP,0.06752877773690448,-0.04004977949168598
1995-08,Equity SIP,0.06921656760340823,-0.21826904012651427
1995-08,Equal-weight SIP,0.06777476928497002,-0.031168509226511598
1995-08,60/20/20 annual rebal,0.07097175226185914,-0.0741184196775827
1995-08,Risk-parity SIP,0.06681823191692851,-0.03264577425174631
1995-08,Max-Sharpe SIP,0.06208309412951246,-0.05161241968406338
1995-08,Optimized SIP,0.06457636329043151,-0.039789706242766676
1995-09,Equity SIP,0.06744161629079624,-0.213143686438666
1995-09,Equal-weight SIP,0.06846024454315994,-0.03109757540377256
1995-09,60/20/20 annual rebal,0.07155205983560557,-0.06762787638017198
1995-09,Risk-parity SIP,0.06763042018129761,-0.03255545743242594
1995-09,Max-Sharpe SIP,0.061063013257759195,-0.05133093513393494
1995-09,Optimized SIP,0.06448138908895304,-0.03952196137488784
1995-10,Equity SIP,0.06639115461026195,-0.20772307314364014
1995-10,Equal-weight SIP,0.07119010376336572,-0.031022077980984886
1995-10,60/20/20 annual rebal,0.07248315264104309,-0.0689643747091574
1995-10,Risk-parity SIP,0.07056385990878758,-0.032446745871127725
1995-10,Max-Sharpe SIP,0.06224980501969089,-0.05103869017695062
1995-10,Optimized SIP,0.0665505445028285,-0.0392449970620139
1995-11,Equity SIP,0.06265014909694375,-0.2061199759761787
1995-11,Equal-weight SIP,0.0727095099412038,-0.030948549386115465
1995-11,60/20/20 annual rebal,0.07290246594761474,-0.07481635091647332
1995-11,Risk-parity SIP,0.07224855319353578,-0.03233778232600304
1995-11,Max-Sharpe SIP,0.06149267662317634,-0.0507573297330286
1995-11,Optimized SIP,0.06702474594394628,-0.03897814084432416
1995-12,Equity SIP,0.07134780075857623,-0.2047105429917322
1995-12,Equal-weight SIP,0.07806108615028506,-0.03087752010226852
1995-12,60/20/20 annual rebal,0.07901785996653686,-0.0734569762902999
1995-12,Risk-parity SIP,0.07732792022422293,-0.03223205918254357
1995-12,Max-Sharpe SIP,0.06573635683452264,-0.050479911064968075
1995-12,Optimized SIP,0.07168796326824843,-0.038715421044393294
1996-01,Equity SIP,0.07267556580632409,-0.20325971481480398
1996-01,Equal-weight SIP,0.08263790397309259,-0.030804113591169302
1996-01,60/20/20 annual rebal,0.08108414887040931,-0.07046402533872442
1996-01,Risk-parity SIP,0.08178813331676023,-0.03212589343407857
1996-01,Max-Sharpe SIP,0.067432658408834,-0.0501967751703839
1996-01,Optimized SIP,0.07478727069418971,-0.03844996255405442
1996-02,Equity SIP,0.06731089474767737,-0.20179019953139532
1996-02,Equal-weight SIP,0.08203182152148501,-0.030729090842349205
1996-02,60/20/20 annual rebal,0.07896840619802713,-0.06868818451548142
1996-02,Risk-parity SIP,0.08101511978625395,-0.03202141298439376
1996-02,Max-Sharpe SIP,0.06333137208112383,-0.04991146386909906
1996-02,Optimized SIP,0.07238939296633849,-0.03818280202153468
1996-03,Equity SIP,0.06513046285233264,-0.20027952226155954
1996-03,Equal-weight SIP,0.0809357681315725,-0.030655241686830204
1996-03,60/20/20 annual rebal,0.0783605083002569,-0.06902166493288553
1996-03,Risk-parity SIP,0.0796536809958458,-0.03192348152505209
1996-03,Max-Sharpe SIP,0.061196648002974745,-0.049626228334261335
1996-03,Optimized SIP,0.07073948186093636,-0.03791654259996524
1996-04,Equity SIP,0.06638050887759178,-0.19880937645357322
1996-04,Equal-weight SIP,0.0807796382914751,-0.03057396436353088
1996-04,60/20/20 annual rebal,0.07977814773992992,-0.07129283152695054
1996-04,Risk-parity SIP,0.07923261124205978,-0.031826909640458756
1996-04,Max-Sharpe SIP,0.06006191576070561,-0.04932048852370441
1996-04,Optimized SIP,0.07009607757441237,-0.03765258573062058
1996-05,Equity SIP,0.06770498523469796,-0.19716153069231512
1996-05,Equal-weight SIP,0.08782339259379454,-0.030479592871127337
1996-05,60/20/20 annual rebal,0.08354282698531597,-0.06802217385865916
1996-05,Risk-parity SIP,0.08446519643218829,-0.03172007882278782
1996-05,Max-Sharpe SIP,0.061612644567438236,-0.0490019662223401
1996-05,Optimized SIP,0.07397727847948944,-0.03735750650432823
1996-06,Equity SIP,0.0654283560311227,-0.19541397171588148
1996-06,Equal-weight SIP,0.09511637890655594,-0.030378977311703137
1996-06,60/20/20 annual rebal,0.08510575443227128,-0.06992665985402857
1996-06,Risk-parity SIP,0.09004264892814709,-0.0316092541537617
1996-06,Max-Sharpe SIP,0.06340523644221893,-0.04866697324483582
1996-06,Optimized SIP,0.07818300870018265,-0.03704777992937158
1996-07,Equity SIP,0.06086077371730233,-0.19364406872346485
1996-07,Equal-weight SIP,0.08528702092313192,-0.03817685477104582
1996-07,60/20/20 annual rebal,0.07948244289691792,-0.07167161571476066
1996-07,Risk-parity SIP,0.08252485171823196,-0.03149808978121815
1996-07,Max-Sharpe SIP,0.05986777061320719,-0.04832647825078762
1996-07,Optimized SIP,0.07329884395264001,-0.03673485493706785
1996-08,Equity SIP,0.062038111924177734,-0.19179928432604032
1996-08,Equal-weight SIP,0.09137424538586078,-0.03829538331507332
1996-08,60/20/20 annual rebal,0.08143163889349359,-0.0694088083527955
1996-08,Risk-parity SIP,0.08759197234104923,-0.031383893546092057
1996-08,Max-Sharpe SIP,0.0629047454918465,-0.047972414286337806
1996-08,Optimized SIP,0.07709669931221425,-0.03641009811067364
1996-09,Equity SIP,0.06440375738000388,-0.18980607894612955
1996-09,Equal-weight SIP,0.09241807356098608,-0.038416436720611014
1996-09,60/20/20 annual rebal,0.08441564006959731,-0.06283300552095561
1996-09,Risk-parity SIP,0.08900657786831266,-0.031266273782691534
1996-09,Max-Sharpe SIP,0.06487909027177942,-0.047606924998744304
1996-09,Optimized SIP,0.07886004851500782,-0.036074963366565904
1996-10,Equity SIP,0.06514840107883885,-0.1877617789781716
1996-10,Equal-weight SIP,0.0870333425956085,-0.0385334791633527
1996-10,60/20/20 annual rebal,0.08132855668651459,-0.06400535554813169
1996-10,Risk-parity SIP,0.08494771949507962,-0.03114817316589813
1996-10,Max-Sharpe SIP,0.06298835430900353,-0.04723631829804609
1996-10,Optimized SIP,0.07608275380264007,-0.03573576512366827
1996-11,Equity SIP,0.06699503495288209,-0.18563950926374662
1996-11,Equal-weight SIP,0.08349936283055986,-0.038649933473499876
1996-11,60/20/20 annual rebal,0.08009019393762397,-0.06958720218233605
1996-11,Risk-parity SIP,0.08171216659315934,-0.031024475269221696
1996-11,Max-Sharpe SIP,0.06030546379928521,-0.046848274328955664
1996-11,Optimized SIP,0.07319188735398624,-0.03538437247255788
1996-12,Equity SIP,0.06598636158966593,-0.1834724812360662
1996-12,Equal-weight SIP,0.0866031029026319,-0.03875633228358755
1996-12,60/20/20 annual rebal,0.08038240922694868,-0.06806751895996388
1996-12,Risk-parity SIP,0.08375117857845267,-0.030898578427827394
1996-12,Max-Sharpe SIP,0.06051143965652396,-0.04645853494242069
1996-12,Optimized SIP,0.07420421581082004,-0.03502681189353629
1997-01,Equity SIP,0.06701957650429255,-0.18143758743267846
1997-01,Equal-weight SIP,0.08601689634488936,-0.03884987449928079
1997-01,60/20/20 annual rebal,0.07967903637410514,-0.06493939187483977
1997-01,Risk-parity SIP,0.08314203683307433,-0.03077452528001723
1997-01,Max-Sharpe SIP,0.0599189078006927,-0.046064962140817345
1997-01,Optimized SIP,0.07359227833793623,-0.03466429572510543
1997-02,Equity SIP,0.06515158313899656,-0.17949750311035706
1997-02,Equal-weight SIP,0.08326613147851586,-0.03893808816990241
1997-02,60/20/20 annual rebal,0.07742629776056659,-0.06298056047056155
1997-02,Risk-parity SIP,0.08000445056600897,-0.030646980633160736
1997-02,Max-Sharpe SIP,0.056245895695506795,-0.04565222953974235
1997-02,Optimized SIP,0.07016572906507548,-0.03428556684233486
1997-03,Equity SIP,0.06545958548255786,-0.17750619134620294
1997-03,Equal-weight SIP,0.08643846850277342,-0.0390170912760891
1997-03,60/20/20 annual rebal,0.07990425436623276,-0.06311380244690479
1997-03,Risk-parity SIP,0.08217499343936112,-0.03051627498630416
1997-03,Max-Sharpe SIP,0.05710031536842651,-0.04522051503378666
1997-03,Optimized SIP,0.07153888274338836,-0.0338893596344263
1997-04,Equity SIP,0.05785034843822054,-0.17548289238878845
1997-04,Equal-weight SIP,0.0823155371870182,-0.03908187256729301
1997-04,60/20/20 annual rebal,0.07545250000754025,-0.06514203069971125
1997-04,Risk-parity SIP,0.0788129985883759,-0.03038400330046276
1997-04,Max-Sharpe SIP,0.054648874204066625,-0.044781530708356776
1997-04,Optimized SIP,0.06850301701525341,-0.033485111217666286
1997-05,Equity SIP,0.0559394821456562,-0.17332296908192402
1997-05,Equal-weight SIP,0.07783006612028448,-0.03915713728936299
1997-05,60/20/20 annual rebal,0.07115007393419535,-0.06165990411735811
1997-05,Risk-parity SIP,0.0731609072825682,-0.030247569869084168
1997-05,Max-Sharpe SIP,0.04751078513107418,-0.04431951722950711
1997-05,Optimized SIP,0.06215358366578351,-0.03306275795365532
1997-06,Equity SIP,0.05364799394257022,-0.17093994209223218
1997-06,Equal-weight SIP,0.0700960245919031,-0.045166867394109245
1997-06,60/20/20 annual rebal,0.06507734774913519,-0.06330456353520508
1997-06,Risk-parity SIP,0.06559830644479184,-0.04503533391498615
1997-06,Max-Sharpe SIP,0.03995399666810751,-0.04470645210251056
1997-06,Optimized SIP,0.054790295184860574,-0.04319460218255211
1997-07,Equity SIP,0.05270915821090932,-0.168617372993498
1997-07,Equal-weight SIP,0.06646453386107501,-0.050600329588889825
1997-07,60/20/20 annual rebal,0.06393555707018744,-0.06483490760476274
1997-07,Risk-parity SIP,0.0616529127549505,-0.05163145014352144
1997-07,Max-Sharpe SIP,0.03556816909569029,-0.051981857373866625
1997-07,Optimized SIP,0.050693855641597195,-0.049689649697433724
1997-08,Equity SIP,0.05072725220726397,-0.16627593801397733
1997-08,Equal-weight SIP,0.065687956661689,-0.05034868690159233
1997-08,60/20/20 annual rebal,0.061099238157069136,-0.062454362138168684
1997-08,Risk-parity SIP,0.060827389443834735,-0.051340006832124696
1997-08,Max-Sharpe SIP,0.034679270767986874,-0.05169756732212483
1997-08,Optimized SIP,0.049763739729437054,-0.04936868028379715
1997-09,Equity SIP,0.04293164599427049,-0.16392313750964782
1997-09,Equal-weight SIP,0.06539450120128065,-0.050078941383277065
1997-09,60/20/20 annual rebal,0.059073875465758575,-0.05575420603525716
1997-09,Risk-parity SIP,0.06156024486989352,-0.051042448332813906
1997-09,Max-Sharpe SIP,0.03651826081471704,-0.05141339071937756
1997-09,Optimized SIP,0.050785139733439066,-0.04904425847661953
1997-10,Equity SIP,0.04498530821308455,-0.16145549761623645
1997-10,Equal-weight SIP,0.06987983893171562,-0.049803479142276785
1997-10,60/20/20 annual rebal,0.06086612553700866,-0.05663089944334043
1997-10,Risk-parity SIP,0.06464543453724819,-0.05073865713263981
1997-10,Max-Sharpe SIP,0.038325386173310966,-0.05112351426746509
1997-10,Optimized SIP,0.05303297817222223,-0.04871013783076783
1997-11,Equity SIP,0.04540849937524696,-0.15890162714727196
1997-11,Equal-weight SIP,0.07124463201352504,-0.04952453211128871
1997-11,60/20/20 annual rebal,0.06109843065693248,-0.06178650527015028
1997-11,Risk-parity SIP,0.06451609030647903,-0.050432279080774634
1997-11,Max-Sharpe SIP,0.036832874685542666,-0.050832121653659135
1997-11,Optimized SIP,0.05210766839583431,-0.04837910962293468
1997-12,Equity SIP,0.0343257911036702,-0.1562215733933744
1997-12,Equal-weight SIP,0.07445193313791186,-0.04923964194807906
1997-12,60/20/20 annual rebal,0.05756765620309691,-0.0600202719310462
1997-12,Risk-parity SIP,0.06725268073112975,-0.05011996664291163
1997-12,Max-Sharpe SIP,0.03964232888924899,-0.046962598734108796
1997-12,Optimized SIP,0.05426303939015439,-0.04804133627719709
1998-01,Equity SIP,0.035705025428909784,-0.1534166227999031
1998-01,Equal-weight SIP,0.0740694449083031,-0.04894603392176955
1998-01,60/20/20 annual rebal,0.057340906226721236,-0.056645491297745654
1998-01,Risk-parity SIP,0.06722642134754302,-0.049801098147584044
1998-01,Max-Sharpe SIP,0.03982968915977229,-0.04669208716649864
1998-01,Optimized SIP,0.0543152605032242,-0.047697898375314574
1998-02,Equity SIP,0.020709782682119694,-0.15067094723897567
1998-02,Equal-weight SIP,0.0797878841208249,-0.04864803779245086
1998-02,60/20/20 annual rebal,0.053535925419704394,-0.05444128619363653
1998-02,Risk-parity SIP,0.07020799047433288,-0.04948824317602418
1998-02,Max-Sharpe SIP,0.04271066842368253,-0.04643194967591313
1998-02,Optimized SIP,0.057340070676612946,-0.04736436363792895
1998-03,Equity SIP,0.018656700486617776,-0.1479596705260381
1998-03,Equal-weight SIP,0.08319555136996419,-0.04834593635969153
1998-03,60/20/20 annual rebal,0.05569235131068748,-0.054282689783649696
1998-03,Risk-parity SIP,0.07233266699372425,-0.04916962296614458
1998-03,Max-Sharpe SIP,0.04488579859324364,-0.04616746470672861
1998-03,Optimized SIP,0.059541882797843636,-0.04704393462662759
1998-04,Equity SIP,0.014900276966988582,-0.1460471890669831
1998-04,Equal-weight SIP,0.08874335500560476,-0.04803439292389533
1998-04,60/20/20 annual rebal,0.05765406360868616,-0.05601153515039048
1998-04,Risk-parity SIP,0.07598065034433729,-0.048848790061980285
1998-04,Max-Sharpe SIP,0.04955749091391494,-0.04590567685452285
1998-04,Optimized SIP,0.06398517309296885,-0.046702553270727476
1998-05,Equity SIP,0.021495707919060768,-0.1441511797001418
1998-05,Equal-weight SIP,0.08214984090604274,-0.047714389454966644
1998-05,60/20/20 annual rebal,0.05809307076462549,-0.05230038456362107
1998-05,Risk-parity SIP,0.07252970748242782,-0.048528612226414136
1998-05,Max-Sharpe SIP,0.045336421830290616,-0.04564912856877845
1998-05,Optimized SIP,0.05974594570449115,-0.04636444971679243
1998-06,Equity SIP,0.03545585682125685,-0.14221843524283162
1998-06,Equal-weight SIP,0.08880883106032764,-0.047394745850012354
1998-06,60/20/20 annual rebal,0.06634911310320721,-0.05371792369371886
1998-06,Risk-parity SIP,0.08015585203827143,-0.04820993580732991
1998-06,Max-Sharpe SIP,0.05271938168489836,-0.04539455349313126
1998-06,Optimized SIP,0.0670377410471225,-0.04602864164771925
1998-07,Equity SIP,0.02978267778442514,-0.14020832205779843
1998-07,Equal-weight SIP,0.0882334989230951,-0.04706730454351049
1998-07,60/20/20 annual rebal,0.0645950585251217,-0.05500896751774664
1998-07,Risk-parity SIP,0.07854972753771948,-0.047885697939912375
1998-07,Max-Sharpe SIP,0.05179923898761034,-0.04513763608041854
1998-07,Optimized SIP,0.0651595421295554,-0.04590631853784477
1998-08,Equity SIP,0.016640872467046937,-0.13818020853490742
1998-08,Equal-weight SIP,0.08979677454327031,-0.04674383401951787
1998-08,60/20/20 annual rebal,0.05836033362616656,-0.05252631291371734
1998-08,Risk-parity SIP,0.07714245625703388,-0.047565571050752764
1998-08,Max-Sharpe SIP,0.051789240937551335,-0.044886451060911936
1998-08,Optimized SIP,0.06465250251473063,-0.04556613487803618
1998-09,Equity SIP,0.021250402846193468,-0.13614130854120432
1998-09,Equal-weight SIP,0.0807595555966737,-0.04641354716240664
1998-09,60/20/20 annual rebal,0.05964013919199386,-0.04569723101321743
1998-09,Risk-parity SIP,0.07424956777314981,-0.04724357571564708
1998-09,Max-Sharpe SIP,0.04714020401714087,-0.04463989489770426
1998-09,Optimized SIP,0.06137908518641538,-0.045227612642869564
1998-10,Equity SIP,0.022558843890237185,-0.13383386143631792
1998-10,Equal-weight SIP,0.08878280307628406,-0.0460761845568709
1998-10,60/20/20 annual rebal,0.061217733307508126,-0.046163168993259895
1998-10,Risk-parity SIP,0.08298353088511938,-0.04690544245946093
1998-10,Max-Sharpe SIP,0.057035956643755735,-0.044373807475675764
1998-10,Optimized SIP,0.07074733482857255,-0.04486875813190494
1998-11,Equity SIP,-0.009777534705007546,-0.16184605906052507
1998-11,Equal-weight SIP,0.08777740132115627,-0.04574290717219953
1998-11,60/20/20 annual rebal,0.046414791770746866,-0.06337670401775009
1998-11,Risk-parity SIP,0.08088790705176338,-0.04655856144074222
1998-11,Max-Sharpe SIP,0.057655975628287406,-0.04409289720135978
1998-11,Optimized SIP,0.07027470025008432,-0.044500349115840665
1998-12,Equity SIP,-0.027343724748792757,-0.22311090814875956
1998-12,Equal-weight SIP,0.08047218765693968,-0.04540865271136252
1998-12,60/20/20 annual rebal,0.037702609843962544,-0.09350176020604095
1998-12,Risk-parity SIP,0.07652278030792198,-0.046208177844404674
1998-12,Max-Sharpe SIP,0.0544508238271897,-0.043808319293617615
1998-12,Optimized SIP,0.06538679291012185,-0.04423568122852484
1999-01,Equity SIP,-0.029548850255386127,-0.223417280860303
1999-01,Equal-weight SIP,0.09039681669893468,-0.04505450730365845
1999-01,60/20/20 annual rebal,0.0411445530807885,-0.08975332527925373
1999-01,Risk-parity SIP,0.08561169975437005,-0.045857804431345794
1999-01,Max-Sharpe SIP,0.06504557008005696,-0.043535981186356376
1999-01,Optimized SIP,0.0755171081164768,-0.043975934878709766
1999-02,Equity SIP,-0.030983276102773703,-0.22297807562397876
1999-02,Equal-weight SIP,0.09389740514515452,-0.04469162220350109
1999-02,60/20/20 annual rebal,0.044104883724727775,-0.08915828740680332
1999-02,Risk-parity SIP,0.08641655377248576,-0.045505785515269515
1999-02,Max-Sharpe SIP,0.06640003754561809,-0.04326314257096053
1999-02,Optimized SIP,0.07648071451028403,-0.043715785707766575
1999-03,Equity SIP,-0.04270257262676463,-0.25736337553140165
1999-03,Equal-weight SIP,0.0998190174861966,-0.044311511287772776
1999-03,60/20/20 annual rebal,0.0399220838706587,-0.09642706942207402
1999-03,Risk-parity SIP,0.08590196659612227,-0.04514708814303148
1999-03,Max-Sharpe SIP,0.06807673159492429,-0.04299079877675105
1999-03,Optimized SIP,0.07656751696125536,-0.04345492344503843
1999-04,Equity SIP,-0.04677748676552788,-0.2647558667336172
1999-04,Equal-weight SIP,0.10233491469747193,-0.04391830902302696
1999-04,60/20/20 annual rebal,0.04123706112030707,-0.0980576515524646
1999-04,Risk-parity SIP,0.08799638288329512,-0.0447757010062666
1999-04,Max-Sharpe SIP,0.07272513044373212,-0.04271003224144332
1999-04,Optimized SIP,0.07989830384752288,-0.04318492909679761
1999-05,Equity SIP,-0.027458504277381713,-0.26414746023647195
1999-05,Equal-weight SIP,0.09635413832855262,-0.043509663294258316
1999-05,60/20/20 annual rebal,0.048510270405470596,-0.10133837841208448
1999-05,Risk-parity SIP,0.08864979851962844,-0.04439142678085295
1999-05,Max-Sharpe SIP,0.06739488151345982,-0.042425499483943474
1999-05,Optimized SIP,0.07693624116193744,-0.04290342407251446
1999-06,Equity SIP,-0.020187489490237378,-0.26355654693659525
1999-06,Equal-weight SIP,0.09417425708887685,-0.043089406757949145
1999-06,60/20/20 annual rebal,0.04689454350330624,-0.09703622756800745
1999-06,Risk-parity SIP,0.08575845361736578,-0.04401357481493051
1999-06,Max-Sharpe SIP,0.061904198989580383,-0.04214229712085782
1999-06,Optimized SIP,0.07280084984136385,-0.04262212280572075
1999-07,Equity SIP,-0.017833571634124388,-0.26295473217349086
1999-07,Equal-weight SIP,0.09050168596557188,-0.04264675192816192
1999-07,60/20/20 annual rebal,0.04632202007201749,-0.09444735820045025
1999-07,Risk-parity SIP,0.08002027545939208,-0.04361929616853799
1999-07,Max-Sharpe SIP,0.05602787244862751,-0.05577584381286749
1999-07,Optimized SIP,0.06774911317249627,-0.042330429578843365
1999-08,Equity SIP,-0.01226713440333197,-0.2623427125321032
1999-08,Equal-weight SIP,0.09206230399451146,-0.04217396513974292
1999-08,60/20/20 annual rebal,0.04807588328601006,-0.09631663908325838
1999-08,Risk-parity SIP,0.08309871545170693,-0.04320474401549723
1999-08,Max-Sharpe SIP,0.05944011794010123,-0.05560131640366117
1999-08,Optimized SIP,0.07099618770965482,-0.042026812489157406
1999-09,Equity SIP,0.0029499814158016834,-0.26174815519765027
1999-09,Equal-weight SIP,0.09478605030146081,-0.041683606580661725
1999-09,60/20/20 annual rebal,0.05742525644475669,-0.1016871374783227
1999-09,Risk-parity SIP,0.08752917039806343,-0.042784411567285074
1999-09,Max-Sharpe SIP,0.06139947753262745,-0.05542864131104519
1999-09,Optimized SIP,0.07430203807388973,-0.04172242261342407
1999-10,Equity SIP,0.010226159324343726,-0.26112075286620595
1999-10,Equal-weight SIP,0.10070130206230626,-0.04118249297482757
1999-10,60/20/20 annual rebal,0.06058496874535328,-0.09850522327671529
1999-10,Risk-parity SIP,0.0925666344285788,-0.042348032011047976
1999-10,Max-Sharpe SIP,0.06661450949525174,-0.05524941498781377
1999-10,Optimized SIP,0.07942643956265506,-0.04140553070494679
1999-11,Equity SIP,0.008022067646876548,-0.26047873234572416
1999-11,Equal-weight SIP,0.09830924748009234,-0.04067999515003817
1999-11,60/20/20 annual rebal,0.05729004454154434,-0.1021836108478883
1999-11,Risk-parity SIP,0.08874236908884936,-0.04190483466578976
1999-11,Max-Sharpe SIP,0.06289068967064872,-0.05506881639942185
1999-11,Optimized SIP,0.07564260872726501,-0.04108331051119929
1999-12,Equity SIP,0.011512389524121631,-0.259814893338313
1999-12,Equal-weight SIP,0.10511801642943425,-0.0402122475821588
1999-12,60/20/20 annual rebal,0.0639887018651673,-0.09199317945674779
1999-12,Risk-parity SIP,0.09228250293090169,-0.041472015503020376
1999-12,Max-Sharpe SIP,0.06696164042522627,-0.05488356738582334
1999-12,Optimized SIP,0.07909251350726056,-0.04076241087783017
2000-01,Equity SIP,0.015826536086441904,-0.25918166699248124
2000-01,Equal-weight SIP,0.10474611256224714,-0.039711515354862836
2000-01,60/20/20 annual rebal,0.06601064271772414,-0.08820141408724658
2000-01,Risk-parity SIP,0.09170639785308014,-0.04102761052368231
2000-01,Max-Sharpe SIP,0.06565221155599157,-0.054701426152412025
2000-01,Optimized SIP,0.07847021240788228,-0.040439001051654544
2000-02,Equity SIP,0.015793333910231758,-0.258555173620138
2000-02,Equal-weight SIP,0.09947174382530248,-0.03918162350762122
2000-02,60/20/20 annual rebal,0.06622532166129522,-0.08759289203626774
2000-02,Risk-parity SIP,0.08914022237609782,-0.04056704424828461
2000-02,Max-Sharpe SIP,0.06090226052852779,-0.05451766010900161
2000-02,Optimized SIP,0.07394687696079184,-0.04010710919427207
2000-03,Equity SIP,0.011636218789592381,-0.2579172332049806
2000-03,Equal-weight SIP,0.09680889694543118,-0.03863305014225382
2000-03,60/20/20 annual rebal,0.06261265224657347,-0.09478202641744704
2000-03,Risk-parity SIP,0.08723755687377673,-0.04009056610575845
2000-03,Max-Sharpe SIP,0.05997902285403934,-0.054329167539138856
2000-03,Optimized SIP,0.07253431370129483,-0.03976437977417768
2000-04,Equity SIP,0.019461027106621266,-0.2572516427452701
2000-04,Equal-weight SIP,0.09614160223293473,-0.03809269014480143
2000-04,60/20/20 annual rebal,0.06793848694866378,-0.09637752139762312
2000-04,Risk-parity SIP,0.08706725544926111,-0.0396088005046199
2000-04,Max-Sharpe SIP,0.058699215995614853,-0.05413585064409343
2000-04,Optimized SIP,0.07177919727814874,-0.039413851092346075
2000-05,Equity SIP,0.022923312777676855,-0.2565988659179631
2000-05,Equal-weight SIP,0.09509106674006866,-0.03752396624639964
2000-05,60/20/20 annual rebal,0.07016941658266997,-0.09962031804903415
2000-05,Risk-parity SIP,0.08518481571960605,-0.03911473100304974
2000-05,Max-Sharpe SIP,0.05669570699735625,-0.053943622265872015
2000-05,Optimized SIP,0.06981229288897887,-0.039059524686696045
2000-06,Equity SIP,0.01680182678086165,-0.2559439196987259
2000-06,Equal-weight SIP,0.10335975746063887,-0.036936517561006355
2000-06,60/20/20 annual rebal,0.06796821765336392,-0.09531364101895146
2000-06,Risk-parity SIP,0.09110190668211963,-0.03860926491018879
2000-06,Max-Sharpe SIP,0.06688142167810347,-0.05374982573149967
2000-06,Optimized SIP,0.07787848715699787,-0.03869998029873256
2000-07,Equity SIP,0.012836278356524893,-0.2552631783954322
2000-07,Equal-weight SIP,0.10685619292059237,-0.036323326777998766
2000-07,60/20/20 annual rebal,0.06695270008359282,-0.09271952945698336
2000-07,Risk-parity SIP,0.09355027102260516,-0.03807945309580418
2000-07,Max-Sharpe SIP,0.07179884943517237,-0.05354795272526347
2000-07,Optimized SIP,0.08188126415558059,-0.03832456256130523
2000-08,Equity SIP,0.013750293678291855,-0.2546011574246456
2000-08,Equal-weight SIP,0.10423244216700983,-0.03572290214369245
2000-08,60/20/20 annual rebal,0.06457102866503493,-0.09456069377271936
2000-08,Risk-parity SIP,0.09336582317335518,-0.03755745364494323
2000-08,Max-Sharpe SIP,0.07144050003498036,-0.053351383957515375
2000-08,Optimized SIP,0.08183022329916297,-0.03795668764247162
2000-09,Equity SIP,0.014294654304759099,-0.2539337777719054
2000-09,Equal-weight SIP,0.105380347627328,-0.035444765719798266
2000-09,60/20/20 annual rebal,0.06596460223757937,-0.09990909444005247
2000-09,Risk-parity SIP,0.09480363472334985,-0.037020905825872585
2000-09,Max-Sharpe SIP,0.07379633048802134,-0.053152363837949634
2000-09,Optimized SIP,0.08378139952375555,-0.03757907136641592
2000-10,Equity SIP,0.01846700050871517,-0.253274177589748
2000-10,Equal-weight SIP,0.10760691347375294,-0.03519864156784103
2000-10,60/20/20 annual rebal,0.0661825494571241,-0.0966870618360427
2000-10,Risk-parity SIP,0.09586843643660724,-0.036581474133352554
2000-10,Max-Sharpe SIP,0.07548110649727569,-0.052955011196668456
2000-10,Optimized SIP,0.08498048015802968,-0.03719803292300017
2000-11,Equity SIP,0.02076121434615315,-0.2525981641704125
2000-11,Equal-weight SIP,0.10762656844610295,-0.034943187227262085
2000-11,60/20/20 annual rebal,0.06623568237290452,-0.10033781825121313
2000-11,Risk-parity SIP,0.09462654573304785,-0.03617644348089177
2000-11,Max-Sharpe SIP,0.07474513364584205,-0.05275326675903025
2000-11,Optimized SIP,0.08380785587591184,-0.036802241945060765
2000-12,Equity SIP,0.02814128666244967,-0.251878653137831
2000-12,Equal-weight SIP,0.11089084586403283,-0.0346743768051897
2000-12,60/20/20 annual rebal,0.07326819089701868,-0.09024107432426154
2000-12,Risk-parity SIP,0.09709184305754913,-0.03575518190453553
2000-12,Max-Sharpe SIP,0.07729857342808791,-0.05254184713036225
2000-12,Optimized SIP,0.08617116085187969,-0.0363881838016854
2001-01,Equity SIP,0.03595647481883687,-0.2511456749391586
2001-01,Equal-weight SIP,0.11117841624902691,-0.034388071389769403
2001-01,60/20/20 annual rebal,0.0768280899539034,-0.086385134033929
2001-01,Risk-parity SIP,0.09635700887715536,-0.03532175977924734
2001-01,Max-Sharpe SIP,0.07587520734356835,-0.05232650436805264
2001-01,Optimized SIP,0.08492988408451956,-0.0359633515704153
2001-02,Equity SIP,0.04361701085563926,-0.2503717449985332
2001-02,Equal-weight SIP,0.10992825705472745,-0.03409548093117576
2001-02,60/20/20 annual rebal,0.08273116237598199,-0.08575022169358604
2001-02,Risk-parity SIP,0.09707257221361247,-0.0348786730565277
2001-02,Max-Sharpe SIP,0.07518620463625796,-0.05210355301752867
2001-02,Optimized SIP,0.08496605248664617,-0.03552514334226564
2001-03,Equity SIP,0.0494629931694863,-0.2495826045149112
2001-03,Equal-weight SIP,0.11039302292856332,-0.033773353304665577
2001-03,60/20/20 annual rebal,0.0848178450522007,-0.09283751950644836
2001-03,Risk-parity SIP,0.09751383501062291,-0.03441787572448518
2001-03,Max-Sharpe SIP,0.0758942232102084,-0.051875705689573226
2001-03,Optimized SIP,0.0854582057441741,-0.03507213074663762
2001-04,Equity SIP,0.04507749752623445,-0.24875837841409
2001-04,Equal-weight SIP,0.11060803744883471,-0.033430604748419857
2001-04,60/20/20 annual rebal,0.08482129685615056,-0.09437644487445407
2001-04,Risk-parity SIP,0.09648845442330775,-0.03393728790954609
2001-04,Max-Sharpe SIP,0.07692215558750519,-0.051639654028901694
2001-04,Optimized SIP,0.08547386337534794,-0.03459939028393044
2001-05,Equity SIP,0.04630942914390098,-0.24783322371859573
2001-05,Equal-weight SIP,0.11137257442966585,-0.03308162630049105
2001-05,60/20/20 annual rebal,0.08671005032374479,-0.09754956385903713
2001-05,Risk-parity SIP,0.0958724963841876,-0.033431063700500196
2001-05,Max-Sharpe SIP,0.07794874136063772,-0.05138568386292852
2001-05,Optimized SIP,0.0856125518583772,-0.03409459171299367
2001-06,Equity SIP,0.049824888470159596,-0.24689302428192494
2001-06,Equal-weight SIP,0.11596563116450699,-0.03271507651135741
2001-06,60/20/20 annual rebal,0.08776643936825301,-0.09321573474911815
2001-06,Risk-parity SIP,0.10061581946262049,-0.032904169883778756
2001-06,Max-Sharpe SIP,0.0834550320747574,-0.0511256420550783
2001-06,Optimized SIP,0.09076462712975561,-0.033571833005211604
2001-07,Equity SIP,0.04195217541204508,-0.24599601686859718
2001-07,Equal-weight SIP,0.11425888995165562,-0.032365501067788016
2001-07,60/20/20 annual rebal,0.08262718422304942,-0.09059946337249447
2001-07,Risk-parity SIP,0.09921813190802484,-0.03237715206323899
2001-07,Max-Sharpe SIP,0.08282426670265677,-0.0508713139541116
2001-07,Optimized SIP,0.08927954607094077,-0.033022282733390695
2001-08,Equity SIP,0.045804873235475344,-0.24505795642769856
2001-08,Equal-weight SIP,0.11523132857344238,-0.0319960998620068
2001-08,60/20/20 annual rebal,0.08280602046585463,-0.092376911498396
2001-08,Risk-parity SIP,0.10043548080832283,-0.03202049666655171
2001-08,Max-Sharpe SIP,0.08415002713605105,-0.05060784931193418
2001-08,Optimized SIP,0.09014920191432614,-0.0324827929334115
2001-09,Equity SIP,0.0281395156385144,-0.24407428665455377
2001-09,Equal-weight SIP,0.12728331997487594,-0.03160764107903924
2001-09,60/20/20 annual rebal,0.08138172827478461,-0.09766368769304179
2001-09,Risk-parity SIP,0.10708101162412677,-0.03144962548826136
2001-09,Max-Sharpe SIP,0.09768769891524144,-0.050334333838283785
2001-09,Optimized SIP,0.10031366920592649,-0.0319200743336685
2001-10,Equity SIP,0.03630784062577115,-0.2430452084598801
2001-10,Equal-weight SIP,0.13705520471528398,-0.031209521773404858
2001-10,60/20/20 annual rebal,0.08825200936762953,-0.09434946425463953
2001-10,Risk-parity SIP,0.1177095471047449,-0.03086045514036262
2001-10,Max-Sharpe SIP,0.1085685216610049,-0.05005265931257441
2001-10,Optimized SIP,0.11111588822990942,-0.03133257784056176
2001-11,Equity SIP,0.047623713025531984,-0.2418695319162688
2001-11,Equal-weight SIP,0.13545066343835427,-0.030835856874888434
2001-11,60/20/20 annual rebal,0.0931661198167798,-0.09791615907369522
2001-11,Risk-parity SIP,0.11957280466478584,-0.03024747289044183
2001-11,Max-Sharpe SIP,0.10780282083896449,-0.04974899073878725
2001-11,Optimized SIP,0.11163267475944914,-0.03072131818837809
2001-12,Equity SIP,0.05620097093094056,-0.24070577318802455
2001-12,Equal-weight SIP,0.14502557586266673,-0.030441056046345505
2001-12,60/20/20 annual rebal,0.10308000575292704,-0.08789161680310931
2001-12,Risk-parity SIP,0.12799721569223874,-0.029624380330095512
2001-12,Max-Sharpe SIP,0.1177376711735539,-0.04944456048267876
2001-12,Optimized SIP,0.12086416763510179,-0.030102907264795253
2002-01,Equity SIP,0.06503904848841507,-0.23956790812151119
2002-01,Equal-weight SIP,0.14452477148270132,-0.03000503218082029
2002-01,60/20/20 annual rebal,0.1085799562706736,-0.08391422087113198
2002-01,Risk-parity SIP,0.1311418894460293,-0.028978611466872306
2002-01,Max-Sharpe SIP,0.11825700900355372,-0.049144587561507636
2002-01,Optimized SIP,0.12277366579274826,-0.029471404383886957
2002-02,Equity SIP,0.06836442858302759,-0.23841416174632657
2002-02,Equal-weight SIP,0.14071749557437574,-0.02955540325223771
2002-02,60/20/20 annual rebal,0.11028621192062628,-0.08320351922089186
2002-02,Risk-parity SIP,0.12809496979229362,-0.028300364255408494
2002-02,Max-Sharpe SIP,0.1148218876935212,-0.04883442931556781
2002-02,Optimized SIP,0.12032778353583087,-0.02881346488178005
2002-03,Equity SIP,0.06869787555572407,-0.2372364680482233
2002-03,Equal-weight SIP,0.1392670520671947,-0.029105524325351184
2002-03,60/20/20 annual rebal,0.1084963491286012,-0.09012268748668284
2002-03,Risk-parity SIP,0.1250627418814066,-0.027613548889961925
2002-03,Max-Sharpe SIP,0.11361277178715296,-0.04851992042017228
2002-03,Optimized SIP,0.11832225235832111,-0.028168422087998524
2002-04,Equity SIP,0.07808817305575246,-0.23599403878673053
2002-04,Equal-weight SIP,0.13873229046509816,-0.028677959454136204
2002-04,60/20/20 annual rebal,0.11496134057340149,-0.09156235326687867
2002-04,Risk-parity SIP,0.12684633530685144,-0.027047416105142275
2002-04,Max-Sharpe SIP,0.11440149102828724,-0.04819954321301678
2002-04,Optimized SIP,0.11976591167608922,-0.02771178632707616
2002-05,Equity SIP,0.08242038020340749,-0.23477905660850162
2002-05,Equal-weight SIP,0.14103514561824704,-0.02822801958625898
2002-05,60/20/20 annual rebal,0.11938484953550453,-0.09464344132273905
2002-05,Risk-parity SIP,0.1304842258023154,-0.026559301099823407
2002-05,Max-Sharpe SIP,0.11750553736489414,-0.047872515521914516
2002-05,Optimized SIP,0.12322424550964195,-0.0272405712271222
2002-06,Equity SIP,0.08530247533307184,-0.2334897835685915
2002-06,Equal-weight SIP,0.1450906071873198,-0.027784850743147183
2002-06,60/20/20 annual rebal,0.12104251823032341,-0.09029226203016649
2002-06,Risk-parity SIP,0.1365163510159035,-0.026055333635697786
2002-06,Max-Sharpe SIP,0.12239487605230695,-0.04753630910127016
2002-06,Optimized SIP,0.128582604984344,-0.02675095206745881
2002-07,Equity SIP,0.0879610030433168,-0.23212719728318365
2002-07,Equal-weight SIP,0.14992340726809378,-0.02735184346259345
2002-07,60/20/20 annual rebal,0.12431774331803247,-0.08762953244369742
2002-07,Risk-parity SIP,0.14144241374405175,-0.025535550781616734
2002-07,Max-Sharpe SIP,0.12755967262273032,-0.047190585792576734
2002-07,Optimized SIP,0.1336036822371721,-0.026243473599869893
2002-08,Equity SIP,0.09084140671138452,-0.2306337069895641
2002-08,Equal-weight SIP,0.1481152173831506,-0.026916343478839533
2002-08,60/20/20 annual rebal,0.12330945519050895,-0.08931779217021907
2002-08,Risk-parity SIP,0.1407060460975476,-0.024993449717962357
2002-08,Max-Sharpe SIP,0.12643977374482807,-0.0468320824330668
2002-08,Optimized SIP,0.13273021584018108,-0.025713392993827355
2002-09,Equity SIP,0.09631587167815342,-0.22889632616024935
2002-09,Equal-weight SIP,0.14958496471985136,-0.0264411207915497
2002-09,60/20/20 annual rebal,0.12683201563188606,-0.09449776116256092
2002-09,Risk-parity SIP,0.14158633505216311,-0.02440820601976257
2002-09,Max-Sharpe SIP,0.12835079567725055,-0.04645104080053908
2002-09,Optimized SIP,0.13423024104635392,-0.025144147627016
2002-10,Equity SIP,0.09691787616491658,-0.22710948086216465
2002-10,Equal-weight SIP,0.15146283368320923,-0.025919803315405998
2002-10,60/20/20 annual rebal,0.12683362096996453,-0.09103256791238479
2002-10,Risk-parity SIP,0.14101552907459758,-0.023802780848637295
2002-10,Max-Sharpe SIP,0.1302609731179589,-0.04605960307761625
2002-10,Optimized SIP,0.13501590238716,-0.024558595314907228
2002-11,Equity SIP,0.09088573451796585,-0.2251558506909206
2002-11,Equal-weight SIP,0.14533624644202975,-0.025391886835334665
2002-11,60/20/20 annual rebal,0.12015978012324327,-0.09446359458307974
2002-11,Risk-parity SIP,0.13489165007946394,-0.023173873732201367
2002-11,Max-Sharpe SIP,0.1245610728822434,-0.04566710620668368
2002-11,Optimized SIP,0.12930333170307587,-0.023946612852708826
2002-12,Equity SIP,0.0901174752716681,-0.2230924755110789
2002-12,Equal-weight SIP,0.14727788357137672,-0.024830459113023062
2002-12,60/20/20 annual rebal,0.12176937389750321,-0.08451715965544948
2002-12,Risk-parity SIP,0.13575033631491665,-0.02251039030841029
2002-12,Max-Sharpe SIP,0.12697072070817347,-0.04525882133817083
2002-12,Optimized SIP,0.13169083435561793,-0.023302246992762288
2003-01,Equity SIP,0.09260989506919516,-0.22107563923720375
2003-01,Equal-weight SIP,0.14386381387091451,-0.02423662720448816
2003-01,60/20/20 annual rebal,0.12185855605000727,-0.08034688575133986
2003-01,Risk-parity SIP,0.13382787853632946,-0.021827627135761918
2003-01,Max-Sharpe SIP,0.1243677839106943,-0.04484314945001555
2003-01,Optimized SIP,0.12943981684441716,-0.022641496088262825
2003-02,Equity SIP,0.0979045920213113,-0.21914450824470588
2003-02,Equal-weight SIP,0.14128785615406655,-0.023898165822456297
2003-02,60/20/20 annual rebal,0.12467614667638048,-0.07950831182734375
2003-02,Risk-parity SIP,0.1322540902566901,-0.021119555291962522
2003-02,Max-Sharpe SIP,0.12254867304003905,-0.04441501172279849
2003-02,Optimized SIP,0.1270292263899259,-0.021954288038325442
2003-03,Equity SIP,0.09957627893135426,-0.21777239604497456
2003-03,Equal-weight SIP,0.13681512483028135,-0.02362875193044056
2003-03,60/20/20 annual rebal,0.12270077318188573,-0.08614668751659704
2003-03,Risk-parity SIP,0.1289559388099695,-0.02024473865055021
2003-03,Max-Sharpe SIP,0.11951129724911277,-0.04397521962274131
2003-03,Optimized SIP,0.12410469421932259,-0.021244502492503314
2003-04,Equity SIP,0.10539631969125918,-0.21623913236182968
2003-04,Equal-weight SIP,0.136998729910142,-0.023367311172965533
2003-04,60/20/20 annual rebal,0.12741854123790602,-0.087365112819767
2003-04,Risk-parity SIP,0.13081762362368435,-0.019757559478171705
2003-04,Max-Sharpe SIP,0.12112176130213399,-0.04351711885054432
2003-04,Optimized SIP,0.12583649061564414,-0.020492504628889074
2003-05,Equity SIP,0.1063616766862232,-0.21465776327182606
2003-05,Equal-weight SIP,0.13110404318101979,-0.02304990439104926
2003-05,60/20/20 annual rebal,0.1261401101662796,-0.09023528006812254
2003-05,Risk-parity SIP,0.12849161421247973,-0.01970177688237429
2003-05,Max-Sharpe SIP,0.1168733118997365,-0.04304579619174864
2003-05,Optimized SIP,0.1224642423934814,-0.01970178658771038
2003-06,Equity SIP,0.11572890585801411,-0.21308176276456514
2003-06,Equal-weight SIP,0.12941795736212533,-0.02267225710297438
2003-06,60/20/20 annual rebal,0.12754667917183674,-0.08573537542454102
2003-06,Risk-parity SIP,0.12951209052275847,-0.019644083118324995
2003-06,Max-Sharpe SIP,0.11775036928946866,-0.042556383414835475
2003-06,Optimized SIP,0.12345027949213555,-0.01928276415677055
2003-07,Equity SIP,0.12359694940764872,-0.211513233918727
2003-07,Equal-weight SIP,0.1328170276760658,-0.02232416272220339
2003-07,60/20/20 annual rebal,0.1330478298449354,-0.08293531229676487
2003-07,Risk-parity SIP,0.13411557642925434,-0.01958787011387475
2003-07,Max-Sharpe SIP,0.12234279525440926,-0.04207002581083574
2003-07,Optimized SIP,0.1280555981985509,-0.01922879482489026
2003-08,Equity SIP,0.13273258553489484,-0.20995520066586204
2003-08,Equal-weight SIP,0.13313784507106297,-0.02193968273990865
2003-08,60/20/20 annual rebal,0.13657381355316167,-0.08444768558132809
2003-08,Risk-parity SIP,0.13627235810601288,-0.01953109216752902
2003-08,Max-Sharpe SIP,0.12453711520311944,-0.04169842870204388
2003-08,Optimized SIP,0.13038814720792052,-0.01917443990565537
2003-09,Equity SIP,0.14121753623245878,-0.2083265291055202
2003-09,Equal-weight SIP,0.14397828618705394,-0.021531036304537232
2003-09,60/20/20 annual rebal,0.1470503286190752,-0.08947872826746361
2003-09,Risk-parity SIP,0.14531153001743474,-0.019470582153010674
2003-09,Max-Sharpe SIP,0.13654179970531471,-0.04116829360349572
2003-09,Optimized SIP,0.14076510379022436,-0.019116528907613728
2003-10,Equity SIP,0.14454829119694146,-0.2066170581449135
2003-10,Equal-weight SIP,0.14506642764749786,-0.02113217357999153
2003-10,60/20/20 annual rebal,0.1480184901327391,-0.08578621406450637
2003-10,Risk-parity SIP,0.1466717398078794,-0.019407619360281236
2003-10,Max-Sharpe SIP,0.1381258003902442,-0.04060521962330943
2003-10,Optimized SIP,0.14239557604094216,-0.019061162105718732
2003-11,Equity SIP,0.14105091533424272,-0.20488577640798256
2003-11,Equal-weight SIP,0.137813365714901,-0.025481611736521192
2003-11,60/20/20 annual rebal,0.14251893909135302,-0.08905523518651548
2003-11,Risk-parity SIP,0.14088260009815487,-0.01934547942041498
2003-11,Max-Sharpe SIP,0.13118863443433262,-0.040034428383276754
2003-11,Optimized SIP,0.13586250729275068,-0.022365634017049163
2003-12,Equity SIP,0.1495581307101699,-0.2030997862472832
2003-12,Equal-weight SIP,0.1387652018572374,-0.02537088783311059
2003-12,60/20/20 annual rebal,0.14750065864139253,-0.07927833703995324
2003-12,Risk-parity SIP,0.14340069983051135,-0.01928132121601922
2003-12,Max-Sharpe SIP,0.13299397178393013,-0.0394387261005531
2003-12,Optimized SIP,0.1375963917778533,-0.022311018749465283
2004-01,Equity SIP,0.1489380675184119,-0.20126591396857518
2004-01,Equal-weight SIP,0.13237650101313414,-0.02808794090034783
2004-01,60/20/20 annual rebal,0.1452698202967732,-0.07481426624088217
2004-01,Risk-parity SIP,0.13784268033267522,-0.019216719088005263
2004-01,Max-Sharpe SIP,0.1271785993046893,-0.03882786786954806
2004-01,Optimized SIP,0.13198922416719447,-0.022260012807250207
2004-02,Equity SIP,0.15035433631198997,-0.19947947470180394
2004-02,Equal-weight SIP,0.1338568659525279,-0.027765625596432475
2004-02,60/20/20 annual rebal,0.14836090429144233,-0.07382323375277988
2004-02,Risk-parity SIP,0.13932816671260034,-0.019159181559294414
2004-02,Max-Sharpe SIP,0.12885779912058976,-0.038204596092640486
2004-02,Optimized SIP,0.13344628485090226,-0.022208806081184695
2004-03,Equity SIP,0.1490918332210832,-0.1979444119177023
2004-03,Equal-weight SIP,0.1361774308325933,-0.02743152198593435
2004-03,60/20/20 annual rebal,0.14780979554738924,-0.08009177810920953
2004-03,Risk-parity SIP,0.14090878182297603,-0.019094024539431542
2004-03,Max-Sharpe SIP,0.13066015103390033,-0.03757093047814519
2004-03,Optimized SIP,0.13599696891006546,-0.02217257768195524
2004-04,Equity SIP,0.1492241749092119,-0.19635626056745392
2004-04,Equal-weight SIP,0.13463105564638286,-0.027071311959625755
2004-04,60/20/20 annual rebal,0.14712967507952127,-0.08111460612844634
2004-04,Risk-parity SIP,0.13897104269190869,-0.019026983591894475
2004-04,Max-Sharpe SIP,0.12925751355352433,-0.036915342016751285
2004-04,Optimized SIP,0.13449129146957164,-0.022119518472475952
2004-05,Equity SIP,0.14650458292974447,-0.19466237971752143
2004-05,Equal-weight SIP,0.1294937554752749,-0.026706404373609716
2004-05,60/20/20 annual rebal,0.1433302840478117,-0.08376012606311645
2004-05,Risk-parity SIP,0.13451034899411518,-0.018957977750714172
2004-05,Max-Sharpe SIP,0.12476466219481581,-0.03623713493446512
2004-05,Optimized SIP,0.12998254445192403,-0.022069792910866193
2004-06,Equity SIP,0.14474906434088614,-0.19286684798362574
2004-06,Equal-weight SIP,0.125841077120909,-0.026312730101392012
2004-06,60/20/20 annual rebal,0.13836281560021985,-0.07909380228698437
2004-06,Risk-parity SIP,0.13164160430563243,-0.018894088338449855
2004-06,Max-Sharpe SIP,0.12160543276584367,-0.03549937458399732
2004-06,Optimized SIP,0.12646219855985702,-0.022007419118864502
2004-07,Equity SIP,0.15075354583457717,-0.19099421103442615
2004-07,Equal-weight SIP,0.127170181615438,-0.02589394555171065
2004-07,60/20/20 annual rebal,0.140820359079715,-0.07608566064592392
2004-07,Risk-parity SIP,0.13322901662095343,-0.018817633619125473
2004-07,Max-Sharpe SIP,0.12359756567164558,-0.03472189338813236
2004-07,Optimized SIP,0.12822606857937824,-0.021947715735511686
2004-08,Equity SIP,0.15339037694770108,-0.18910340819254812
2004-08,Equal-weight SIP,0.12964437138540352,-0.025472691475246778
2004-08,60/20/20 annual rebal,0.14291384484775257,-0.0773325644948718
2004-08,Risk-parity SIP,0.13536406562172387,-0.018740623825222902
2004-08,Max-Sharpe SIP,0.1261208209193021,-0.03393820382571633
2004-08,Optimized SIP,0.13063250545117575,-0.021887647559611922
2004-09,Equity SIP,0.1537007908225977,-0.18710354460518652
2004-09,Equal-weight SIP,0.12994676322743892,-0.02506121719800114
2004-09,60/20/20 annual rebal,0.14362359662007568,-0.08210319190013105
2004-09,Risk-parity SIP,0.13662326543650308,-0.018681113805772864
2004-09,Max-Sharpe SIP,0.12671621353769416,-0.033137748954272794
2004-09,Optimized SIP,0.1311382133471774,-0.02182714010137421
2004-10,Equity SIP,0.15573512817043356,-0.1849901294459647
2004-10,Equal-weight SIP,0.12636093633289489,-0.024649643372049557
2004-10,60/20/20 annual rebal,0.14165347742460901,-0.07808120564039789
2004-10,Risk-parity SIP,0.13310719226326836,-0.01858062185807563
2004-10,Max-Sharpe SIP,0.12401966809900157,-0.032314703266597355
2004-10,Optimized SIP,0.12820838626840242,-0.021765916980063915
2004-11,Equity SIP,0.15086966061987356,-0.18282070432656394
2004-11,Equal-weight SIP,0.12467154201469946,-0.02422333773093388
2004-11,60/20/20 annual rebal,0.13928849955334927,-0.08107663253106212
2004-11,Risk-parity SIP,0.13185298420937414,-0.018500223699322804
2004-11,Max-Sharpe SIP,0.12235994813149811,-0.0314485115297205
2004-11,Optimized SIP,0.1266221914503118,-0.02170390928921817
2004-12,Equity SIP,0.160850566541334,-0.18092088689353525
2004-12,Equal-weight SIP,0.1257482772528297,-0.02388224100322134
2004-12,60/20/20 annual rebal,0.14382419037280753,-0.07149592379200898
2004-12,Risk-parity SIP,0.1335697022223446,-0.018417969059394412
2004-12,Max-Sharpe SIP,0.1244896988263598,-0.030543425735965912
2004-12,Optimized SIP,0.12821528370123528,-0.0216336608867701
2005-01,Equity SIP,0.16379502795394169,-0.18001578987411193
2005-01,Equal-weight SIP,0.12967276712508133,-0.02374843421838968
2005-01,60/20/20 annual rebal,0.1491420178227209,-0.06655357142688001
2005-01,Risk-parity SIP,0.13725469481514938,-0.018334253663198408
2005-01,Max-Sharpe SIP,0.12836590503568246,-0.02959826408110977
2005-01,Optimized SIP,0.13202882663249463,-0.02156919708042293
2005-02,Equity SIP,0.1586816421208077,-0.17906486021075263
2005-02,Equal-weight SIP,0.12954536929770497,-0.023607224717439923
2005-02,60/20/20 annual rebal,0.14841975476083552,-0.0652394340103386
2005-02,Risk-parity SIP,0.13687811627889826,-0.01824658878943175
2005-02,Max-Sharpe SIP,0.1278867846502952,-0.028592602881234774
2005-02,Optimized SIP,0.13162650443125845,-0.021501920401033825
2005-03,Equity SIP,0.16209879346526035,-0.17804470160551
2005-03,Equal-weight SIP,0.1278997131566892,-0.02345174714186038
2005-03,60/20/20 annual rebal,0.14703118970363083,-0.07076842488468482
2005-03,Risk-parity SIP,0.13579146947818627,-0.018155385022258663
2005-03,Max-Sharpe SIP,0.12676121882157662,-0.02752982724071007
2005-03,Optimized SIP,0.13030843977622913,-0.021431703402477242
2005-04,Equity SIP,0.1623198045979504,-0.176986051218064
2005-04,Equal-weight SIP,0.12521095591120723,-0.023289658569462413
2005-04,60/20/20 annual rebal,0.14590568624957595,-0.07127657092311801
2005-04,Risk-parity SIP,0.1334831526070834,-0.01806094630425137
2005-04,Max-Sharpe SIP,0.12450295307528594,-0.026425793068657444
2005-04,Optimized SIP,0.12802093461264852,-0.021359949811254997
2005-05,Equity SIP,0.16305817567091527,-0.17586619925248714
2005-05,Equal-weight SIP,0.12614823991268234,-0.023129785783283507
2005-05,60/20/20 annual rebal,0.1471381322035808,-0.07336009413547506
2005-05,Risk-parity SIP,0.1342491903765232,-0.017963280583528363
2005-05,Max-Sharpe SIP,0.12547445239407476,-0.025253223465353303
2005-05,Optimized SIP,0.12891042004268435,-0.021285553642596988
2005-06,Equity SIP,0.16659659340966204,-0.17465404065799017
2005-06,Equal-weight SIP,0.1270983791083228,-0.022962754908923633
2005-06,60/20/20 annual rebal,0.1468227983061437,-0.06823900753818113
2005-06,Risk-parity SIP,0.1348281760312399,-0.017862083375168147
2005-06,Max-Sharpe SIP,0.12660240499849698,-0.024025239073156013
2005-06,Optimized SIP,0.12977900407690857,-0.021208719751393268
2005-07,Equity SIP,0.16453434620302848,-0.17337945305343616
2005-07,Equal-weight SIP,0.12366761394402849,-0.022783751348340875
2005-07,60/20/20 annual rebal,0.14301850915284908,-0.06469836018179353
2005-07,Risk-parity SIP,0.13133163884171004,-0.017757301705410344
2005-07,Max-Sharpe SIP,0.12338920281809448,-0.023665597172778274
2005-07,Optimized SIP,0.1264327245292923,-0.021129824128029107
2005-08,Equity SIP,0.16246917032653113,-0.17205985875338736
2005-08,Equal-weight SIP,0.11909712311364319,-0.0226034056894846
2005-08,60/20/20 annual rebal,0.13898224944435908,-0.06536389433226675
2005-08,Risk-parity SIP,0.1272207811504442,-0.017651170610857636
2005-08,Max-Sharpe SIP,0.1192777205968262,-0.023587585591298144
2005-08,Optimized SIP,0.122342055580051,-0.021050182854499222
2005-09,Equity SIP,0.1608405232015093,-0.17068138435209645
2005-09,Equal-weight SIP,0.12013688808650444,-0.022411802925924373
2005-09,60/20/20 annual rebal,0.13952113296622765,-0.06944789531637063
2005-09,Risk-parity SIP,0.12849620321236774,-0.017540564162107697
2005-09,Max-Sharpe SIP,0.12041674252570016,-0.023506768525781263
2005-09,Optimized SIP,0.12357168235384138,-0.02096774926074141
2005-10,Equity SIP,0.1539133818411486,-0.16922513935105266
2005-10,Equal-weight SIP,0.11832026648429135,-0.022223165194416583
2005-10,60/20/20 annual rebal,0.135764150621332,-0.06468515705706179
2005-10,Risk-parity SIP,0.1267118182197709,-0.01742752571682693
2005-10,Max-Sharpe SIP,0.11849625890726334,-0.02342401914549197
2005-10,Optimized SIP,0.12174541661199471,-0.020883837856842224
2005-11,Equity SIP,0.15719818290074886,-0.16769042145825896
2005-11,Equal-weight SIP,0.11876238025117108,-0.022039974350611224
2005-11,60/20/20 annual rebal,0.13723316071689387,-0.06700599264457774
2005-11,Risk-parity SIP,0.12733682411470673,-0.01733767876312997
2005-11,Max-Sharpe SIP,0.1190886649227274,-0.023340833804967653
2005-11,Optimized SIP,0.12208671006693834,-0.02079903134560579
2005-12,Equity SIP,0.1642357930760763,-0.16604449251792108
2005-12,Equal-weight SIP,0.11817635001128772,-0.02186423269756166
2005-12,60/20/20 annual rebal,0.13902519900915158,-0.057551619118820674
2005-12,Risk-parity SIP,0.12598146896116585,-0.01718453576091683
2005-12,Max-Sharpe SIP,0.11903440684071874,-0.023255617858320865
2005-12,Optimized SIP,0.12181488394474192,-0.020712492990263676
2006-01,Equity SIP,0.1619940698610038,-0.16438845338585462
2006-01,Equal-weight SIP,0.11657241792164784,-0.02168837117868949
2006-01,60/20/20 annual rebal,0.13878795148094206,-0.051549210634674436
2006-01,Risk-parity SIP,0.12442710943206349,-0.017070481723067132
2006-01,Max-Sharpe SIP,0.11748929313916535,-0.023170518010992014
2006-01,Optimized SIP,0.12025415683955039,-0.020626019827662656
2006-02,Equity SIP,0.15067745824842665,-0.1626576658202481
2006-02,Equal-weight SIP,0.11410747870085114,-0.02152210896807283
2006-02,60/20/20 annual rebal,0.13446703825473696,-0.04951678213947397
2006-02,Risk-parity SIP,0.12217005916418466,-0.016953789492326954
2006-02,Max-Sharpe SIP,0.11479806581651457,-0.023084380925378234
2006-02,Optimized SIP,0.11780581926575769,-0.020539290500729446
2006-03,Equity SIP,0.15086093000694628,-0.1607796206508436
2006-03,Equal-weight SIP,0.12111735160867214,-0.02136287129009129
2006-03,60/20/20 annual rebal,0.1378803906361241,-0.05361944946294028
2006-03,Risk-parity SIP,0.12879233350798916,-0.016833058002886703
2006-03,Max-Sharpe SIP,0.1207416759960736,-0.022994286961566135
2006-03,Optimized SIP,0.12447412681685702,-0.020449312875501446
2006-04,Equity SIP,0.15733842194290013,-0.15876915318806872
2006-04,Equal-weight SIP,0.12185279180679381,-0.02120111979485917
2006-04,60/20/20 annual rebal,0.14093366925550171,-0.053077671108368585
2006-04,Risk-parity SIP,0.12885682810385132,-0.01670858343964432
2006-04,Max-Sharpe SIP,0.12101943709160799,-0.02290113736613464
2006-04,Optimized SIP,0.12482563082905257,-0.020356348499896093
2006-05,Equity SIP,0.15992853575109917,-0.15664876090244007
2006-05,Equal-weight SIP,0.12141625701732699,-0.021035081203099604
2006-05,60/20/20 annual rebal,0.1415431305600138,-0.053978995589545
2006-05,Risk-parity SIP,0.12827563620230528,-0.016580056692344747
2006-05,Max-Sharpe SIP,0.1207422783777858,-0.022802917223913588
2006-05,Optimized SIP,0.12435244040461678,-0.02026065855664705
2006-06,Equity SIP,0.15938495182319765,-0.154413418033854
2006-06,Equal-weight SIP,0.12186397457146479,-0.02088733583713931
2006-06,60/20/20 annual rebal,0.13984116813591788,-0.04796011533400846
2006-06,Risk-parity SIP,0.12849289175305825,-0.01645160838108284
2006-06,Max-Sharpe SIP,0.12088514825783242,-0.022705963357919745
2006-06,Optimized SIP,0.1246203386749568,-0.020164411742836896
2006-07,Equity SIP,0.1611088661337443,-0.1520081724477026
2006-07,Equal-weight SIP,0.12386313709235836,-0.020758022081957206
2006-07,60/20/20 annual rebal,0.14094511976120613,-0.04337789281015658
2006-07,Risk-parity SIP,0.13038250716645755,-0.016372940600565378
2006-07,Max-Sharpe SIP,0.1228275373886232,-0.022607754084652876
2006-07,Optimized SIP,0.12652015006371067,-0.020067716724126106
2006-08,Equity SIP,0.16550753267546792,-0.14937872741388047
2006-08,Equal-weight SIP,0.12778768898045206,-0.02060069808317988
2006-08,60/20/20 annual rebal,0.14499691210855697,-0.0427778064359986
2006-08,Risk-parity SIP,0.13388235298091014,-0.016293613842536137
2006-08,Max-Sharpe SIP,0.12622033950632525,-0.022505508521668438
2006-08,Optimized SIP,0.13012034901878775,-0.0199660496727444
2006-09,Equity SIP,0.16568704933381737,-0.14658059112831168
2006-09,Equal-weight SIP,0.12634313017650348,-0.020453538565301854
2006-09,60/20/20 annual rebal,0.144435071863741,-0.045440503880409544
2006-09,Risk-parity SIP,0.13220892854473407,-0.0162138231910256
2006-09,Max-Sharpe SIP,0.1246224088167343,-0.02240250549310907
2006-09,Optimized SIP,0.12848657192485083,-0.01986400174778491
2006-10,Equity SIP,0.1630443768667439,-0.14361851669867387
2006-10,Equal-weight SIP,0.123150796583784,-0.020300116719947914
2006-10,60/20/20 annual rebal,0.1413200848443954,-0.039192608628928594
2006-10,Risk-parity SIP,0.12896083215570606,-0.016133871493380747
2006-10,Max-Sharpe SIP,0.12142806201371496,-0.022298208711456602
2006-10,Optimized SIP,0.1252103160763748,-0.019760567355430747
2006-11,Equity SIP,0.16090625810050957,-0.14044974625467943
2006-11,Equal-weight SIP,0.11823606018972875,-0.020125317175687996
2006-11,60/20/20 annual rebal,0.13733563442461422,-0.03991532474748172
2006-11,Risk-parity SIP,0.12414407275759384,-0.016915869528966065
2006-11,Max-Sharpe SIP,0.11704537875573795,-0.022190504273169265
2006-11,Optimized SIP,0.12040026123825455,-0.019653117490688432
2006-12,Equity SIP,0.1643753769785659,-0.13707210224968858
2006-12,Equal-weight SIP,0.11708385186015333,-0.01993545901708227
2006-12,60/20/20 annual rebal,0.1372354463795443,-0.030349332097512005
2006-12,Risk-parity SIP,0.12309678827080271,-0.01649621277044111
2006-12,Max-Sharpe SIP,0.11573018020139775,-0.022078774574886384
2006-12,Optimized SIP,0.1198755107587392,-0.01812138382755535
2007-01,Equity SIP,0.1707715013665038,-0.13340678602119227
2007-01,Equal-weight SIP,0.1142375631287301,-0.019753184532425028
2007-01,60/20/20 annual rebal,0.1387869379671767,-0.021850949154326837
2007-01,Risk-parity SIP,0.1199812970264816,-0.016414686087169894
2007-01,Max-Sharpe SIP,0.11338772054059822,-0.021964495094133674
2007-01,Optimized SIP,0.11685604675747076,-0.01802833223257283
2007-02,Equity SIP,0.17283052847950706,-0.12945699418753642
2007-02,Equal-weight SIP,0.11647349969009452,-0.019563593282200697
2007-02,60/20/20 annual rebal,0.141341932978616,-0.017661451811334827
2007-02,Risk-parity SIP,0.12182942989049805,-0.01633024840311903
2007-02,Max-Sharpe SIP,0.1151961415465026,-0.02184703342986294
2007-02,Optimized SIP,0.11877407470870328,-0.01793210743488094
2007-03,Equity SIP,0.17332548919682145,-0.1251203496114528
2007-03,Equal-weight SIP,0.11596055276402355,-0.019366803818738343
2007-03,60/20/20 annual rebal,0.14037933397365152,-0.01880402692456007
2007-03,Risk-parity SIP,0.1207875925606707,-0.01624354615794299
2007-03,Max-Sharpe SIP,0.11411846971321865,-0.02172408362648981
2007-03,Optimized SIP,0.11780884136617717,-0.017831444078420744
2007-04,Equity SIP,0.17200348321705905,-0.12039185805641628
2007-04,Equal-weight SIP,0.11232967796955871,-0.01917537721149476
2007-04,60/20/20 annual rebal,0.13806926373378337,-0.017375937992169077
2007-04,Risk-parity SIP,0.11679024455961388,-0.016135018587010497
2007-04,Max-Sharpe SIP,0.11031720217638073,-0.021598501153013427
2007-04,Optimized SIP,0.1138788023197883,-0.017728544486686704
2007-05,Equity SIP,0.16677928062821273,-0.11498303480812522
2007-05,Equal-weight SIP,0.1093635578515217,-0.01897274422891171
2007-05,60/20/20 annual rebal,0.1342060288173213,-0.01656401259139062
2007-05,Risk-parity SIP,0.11367909716657815,-0.016006785825803838
2007-05,Max-Sharpe SIP,0.10713705849417796,-0.02146791771382528
2007-05,Optimized SIP,0.11079136135374903,-0.01762142817459167
2007-06,Equity SIP,0.1682320888149336,-0.10893257233695064
2007-06,Equal-weight SIP,0.10815176218103216,-0.018762633590818534
2007-06,60/20/20 annual rebal,0.13192479788965766,-0.015399760260172313
2007-06,Risk-parity SIP,0.11217009312077159,-0.01587345843478527
2007-06,Max-Sharpe SIP,0.10595306040090674,-0.021328729903689503
2007-06,Optimized SIP,0.10939989485757882,-0.017507498163620405
2007-07,Equity SIP,0.17023358731236865,-0.10210973047864802
2007-07,Equal-weight SIP,0.10924210710099501,-0.018530364853180492
2007-07,60/20/20 annual rebal,0.13285375204936137,-0.014920232159710722
2007-07,Risk-parity SIP,0.11294510044026682,-0.015733841903532775
2007-07,Max-Sharpe SIP,0.10687729079068957,-0.021180267479752324
2007-07,Optimized SIP,0.11024607716197704,-0.01738567873727037
2007-08,Equity SIP,0.17062415420687374,-0.09440373300063354
2007-08,Equal-weight SIP,0.10690695048834269,-0.018284526534394274
2007-08,60/20/20 annual rebal,0.13129222760063597,-0.014676299003062443
2007-08,Risk-parity SIP,0.11018122915637875,-0.015590565804186829
2007-08,Max-Sharpe SIP,0.10437189828507695,-0.02102338079090149
2007-08,Optimized SIP,0.10757744161300561,-0.017256606288700516
2007-09,Equity SIP,0.1683792530539855,-0.08557391800632441
2007-09,Equal-weight SIP,0.10640742327469675,-0.01803062106765274
2007-09,60/20/20 annual rebal,0.13087929896817613,-0.014220065900735657
2007-09,Risk-parity SIP,0.1094290197552802,-0.015445740396211383
2007-09,Max-Sharpe SIP,0.10351637820361524,-0.02086081957975061
2007-09,Optimized SIP,0.10680999599434543,-0.01712282040062796
2007-10,Equity SIP,0.17143586907893246,-0.07651943909163217
2007-10,Equal-weight SIP,0.10887853945861524,-0.0177697924770579
2007-10,60/20/20 annual rebal,0.13338712951027934,-0.014680148838631779
2007-10,Risk-parity SIP,0.11147983207096121,-0.0153005236845275
2007-10,Max-Sharpe SIP,0.105614482563446,-0.020694465006345975
2007-10,Optimized SIP,0.10887777526742594,-0.01698530157818179
2007-11,Equity SIP,0.17659390267265587,-0.07042387673777684
2007-11,Equal-weight SIP,0.10929019586904516,-0.017515989427665524
2007-11,60/20/20 annual rebal,0.13501915594550837,-0.015582039203176135
2007-11,Risk-parity SIP,0.11124577661969996,-0.015157749403443388
2007-11,Max-Sharpe SIP,0.10579559396236889,-0.020524157815886457
2007-11,Optimized SIP,0.10889485501333407,-0.01684454190244833
2007-12,Equity SIP,0.1775065404210709,-0.0682267110700372
2007-12,Equal-weight SIP,0.1086677095776261,-0.0172635486051671
2007-12,60/20/20 annual rebal,0.13416000228744304,-0.015057891185876415
2007-12,Risk-parity SIP,0.11019674927622458,-0.015005759546502961
2007-12,Max-Sharpe SIP,0.10490967243225198,-0.020346566754900097
2007-12,Optimized SIP,0.10789838149745823,-0.016697872590917817
2008-01,Equity SIP,0.17946641242133593,-0.06785689729172029
2008-01,Equal-weight SIP,0.10704796958287441,-0.01702156662745069
2008-01,60/20/20 annual rebal,0.13454657069351808,-0.013641542623873848
2008-01,Risk-parity SIP,0.10793991258476361,-0.014849215346415257
2008-01,Max-Sharpe SIP,0.10329054436995148,-0.01880432030163759
2008-01,Optimized SIP,0.10578444806655152,-0.01654796357203714
2008-02,Equity SIP,0.18494485180388423,-0.067476192897859
2008-02,Equal-weight SIP,0.10970713542487903,-0.016768238801322832
2008-02,60/20/20 annual rebal,0.13764638630889148,-0.013756309463176297
2008-02,Risk-parity SIP,0.1095349434810722,-0.014691471388970645
2008-02,Max-Sharpe SIP,0.10489162139654139,-0.01865130492978484
2008-02,Optimized SIP,0.1073547896883849,-0.016392437170086427
2008-03,Equity SIP,0.17999809117782137,-0.06704857380044216
2008-03,Equal-weight SIP,0.10649810635012533,-0.016536277080905437
2008-03,60/20/20 annual rebal,0.13374698983740713,-0.01577155800887553
2008-03,Risk-parity SIP,0.10616747923859081,-0.014534754741939881
2008-03,Max-Sharpe SIP,0.10139858455946685,-0.01849472012812936
2008-03,Optimized SIP,0.10394500118458352,-0.016232555529531068
2008-04,Equity SIP,0.1800726397252152,-0.06659763450313039
2008-04,Equal-weight SIP,0.10664442348907462,-0.016307709539070903
2008-04,60/20/20 annual rebal,0.13401667131512415,-0.014917258377187825
2008-04,Risk-parity SIP,0.10612480740349549,-0.01436690621489356
2008-04,Max-Sharpe SIP,0.10148657717103089,-0.018333855596590398
2008-04,Optimized SIP,0.10398820792512892,-0.016069226224869393
2008-05,Equity SIP,0.1768709783770351,-0.06611684942726603
2008-05,Equal-weight SIP,0.10558056823682953,-0.016086500224597566
2008-05,60/20/20 annual rebal,0.13183417920232013,-0.014402081122248056
2008-05,Risk-parity SIP,0.10507304107635346,-0.014183098821675788
2008-05,Max-Sharpe SIP,0.10068143689321515,-0.018170675346741882
2008-05,Optimized SIP,0.10293091796235376,-0.015903225044609393
2008-06,Equity SIP,0.18379896487965974,-0.06562984638722347
2008-06,Equal-weight SIP,0.10939842743325735,-0.0158360394576863
2008-06,60/20/20 annual rebal,0.13507290361982274,-0.014372204516394094
2008-06,Risk-parity SIP,0.10830413401297745,-0.013990923777793651
2008-06,Max-Sharpe SIP,0.10434466856908482,-0.017997390148886572
2008-06,Optimized SIP,0.10636449321234721,-0.015727446157419278
2008-07,Equity SIP,0.1867809333406725,-0.06515559938125359
2008-07,Equal-weight SIP,0.11020265603659406,-0.015580262036068437
2008-07,60/20/20 annual rebal,0.13618028267542112,-0.01387826568542494
2008-07,Risk-parity SIP,0.1086937854158745,-0.013801045860119654
2008-07,Max-Sharpe SIP,0.1051058753875227,-0.01782382247287473
2008-07,Optimized SIP,0.10709986831887162,-0.015551837775996225
2008-08,Equity SIP,0.1903730042091708,-0.06464501513465115
2008-08,Equal-weight SIP,0.11117421360757004,-0.015319804281681226
2008-08,60/20/20 annual rebal,0.137907303130418,-0.013619209556257061
2008-08,Risk-parity SIP,0.1092520251079528,-0.013604309350998212
2008-08,Max-Sharpe SIP,0.10616654581295122,-0.017642595298432484
2008-08,Optimized SIP,0.10789155758185237,-0.01536752005037123
2008-09,Equity SIP,0.19545027908507157,-0.06407159315536548
2008-09,Equal-weight SIP,0.11322930117480559,-0.015066063959187304
2008-09,60/20/20 annual rebal,0.1409573916292476,-0.013141498339279911
2008-09,Risk-parity SIP,0.11074583801145285,-0.013400682639125083
2008-09,Max-Sharpe SIP,0.10823586566142379,-0.017453734255172826
2008-09,Optimized SIP,0.10963592828436003,-0.0151746613499808
2008-10,Equity SIP,0.203523561976656,-0.0634814820878511
2008-10,Equal-weight SIP,0.11963296278934223,-0.014765698386395743
2008-10,60/20/20 annual rebal,0.1478866149367275,-0.01357454338966424
2008-10,Risk-parity SIP,0.11656453708345813,-0.013188755106260053
2008-10,Max-Sharpe SIP,0.11434402614609611,-0.017253732591134163
2008-10,Optimized SIP,0.1155576523571345,-0.014970506105231651
2008-11,Equity SIP,0.1975754333755191,-0.06286410562747424
2008-11,Equal-weight SIP,0.1175153603356042,-0.014467444241294758
2008-11,60/20/20 annual rebal,0.14540114877148821,-0.01444808963247557
2008-11,Risk-parity SIP,0.11478056820461453,-0.01298087911970125
2008-11,Max-Sharpe SIP,0.11207843670523335,-0.017052473436248605
2008-11,Optimized SIP,0.11361563098775027,-0.014767589088368283
2008-12,Equity SIP,0.18665486348778998,-0.06209393376517702
2008-12,Equal-weight SIP,0.10936082600497257,-0.02827558427113852
2008-12,60/20/20 annual rebal,0.13545371576460918,-0.033987480417692284
2008-12,Risk-parity SIP,0.10702998920533925,-0.025974846763435644
2008-12,Max-Sharpe SIP,0.10420638284644425,-0.02730620005150164
2008-12,Optimized SIP,0.10584339487453222,-0.026430342228159542
2009-01,Equity SIP,0.1710212729950295,-0.12056147694152342
2009-01,Equal-weight SIP,0.10204389215527226,-0.0504474658319739
2009-01,60/20/20 annual rebal,0.12710168291273294,-0.06489249065981517
2009-01,Risk-parity SIP,0.10118930063861974,-0.04101989306975562
2009-01,Max-Sharpe SIP,0.09761476150011895,-0.04687820155899258
2009-01,Optimized SIP,0.09970595417401812,-0.04332445306014676
2009-02,Equity SIP,0.17119937850278613,-0.12041446265410072
2009-02,Equal-weight SIP,0.10351111492983779,-0.050173290359813216
2009-02,60/20/20 annual rebal,0.12747693150736705,-0.06541258168500219
2009-02,Risk-parity SIP,0.10275410823834424,-0.04078939947133342
2009-02,Max-Sharpe SIP,0.09914562690559212,-0.046748238792265195
2009-02,Optimized SIP,0.10124135060108133,-0.04317450443989057
2009-03,Equity SIP,0.18016047935751034,-0.12026085065444003
2009-03,Equal-weight SIP,0.10917378648536391,-0.04987884368726847
2009-03,60/20/20 annual rebal,0.1338042619106463,-0.06439827589165437
2009-03,Risk-parity SIP,0.10777466606528895,-0.04055495741339099
2009-03,Max-Sharpe SIP,0.10602926937074618,-0.04661629845324822
2009-03,Optimized SIP,0.10723138431390179,-0.04301879714693513
2009-04,Equity SIP,0.17624050299915742,-0.12009161654013512
2009-04,Equal-weight SIP,0.10428969963827113,-0.04952880225694112
2009-04,60/20/20 annual rebal,0.12902545915124258,-0.06480755225376822
2009-04,Risk-parity SIP,0.10292828882184843,-0.04031596876396848
2009-04,Max-Sharpe SIP,0.10183675244296561,-0.04648255713056726
2009-04,Optimized SIP,0.10270785384002215,-0.04285944374262318
2009-05,Equity SIP,0.1796176819572062,-0.11991153712631963
2009-05,Equal-weight SIP,0.10512414444825711,-0.04914598065764342
2009-05,60/20/20 annual rebal,0.12964958088846482,-0.06451049705178324
2009-05,Risk-parity SIP,0.10350839418385023,-0.04007410338939088
2009-05,Max-Sharpe SIP,0.10387910801700069,-0.046348894408551056
2009-05,Optimized SIP,0.10404420596668164,-0.042699797703747766
2009-06,Equity SIP,0.17484039495250617,-0.11974071254406782
2009-06,Equal-weight SIP,0.10330393258194695,-0.048820135082642935
2009-06,60/20/20 annual rebal,0.12680068558622634,-0.06493502165097409
2009-06,Risk-parity SIP,0.10229602171022317,-0.03982621262049402
2009-06,Max-Sharpe SIP,0.10186589715758876,-0.04620866579875349
2009-06,Optimized SIP,0.10240458307147932,-0.04253542016389267
2009-07,Equity SIP,0.173543902080882,-0.11956924977330174
2009-07,Equal-weight SIP,0.10568304270269978,-0.04851056308228807
2009-07,60/20/20 annual rebal,0.1285172367364815,-0.06358712819212453
2009-07,Risk-parity SIP,0.10517162381976992,-0.03956790772325669
2009-07,Max-Sharpe SIP,0.10399360273747318,-0.046060810023506926
2009-07,Optimized SIP,0.1048736422813565,-0.042363265776431236
2009-08,Equity SIP,0.17592772758582326,-0.11939298738691329
2009-08,Equal-weight SIP,0.10718718305238172,-0.048204517377189116
2009-08,60/20/20 annual rebal,0.13058571184309822,-0.06255166033914172
2009-08,Risk-parity SIP,0.10636554161749448,-0.0392965387556945
2009-08,Max-Sharpe SIP,0.10620707371392996,-0.0459056994178052
2009-08,Optimized SIP,0.10656743426965642,-0.04218196070196212
2009-09,Equity SIP,0.17370621138260123,-0.11921469148991126
2009-09,Equal-weight SIP,0.1138773995987618,-0.047899546951363225
2009-09,60/20/20 annual rebal,0.13574141393905642,-0.06127858162301514
2009-09,Risk-parity SIP,0.11428091300217394,-0.03902295713870929
2009-09,Max-Sharpe SIP,0.11147673943062505,-0.04574753299142631
2009-09,Optimized SIP,0.11250587147916785,-0.041957215707718376
2009-10,Equity SIP,0.1770625676261436,-0.11904309498925814
2009-10,Equal-weight SIP,0.11497761474533928,-0.04762670581428441
2009-10,60/20/20 annual rebal,0.13802799701604992,-0.05975641485426619
2009-10,Risk-parity SIP,0.11495426346233706,-0.038748429925411276
2009-10,Max-Sharpe SIP,0.11329151682429063,-0.045586708404306786
2009-10,Optimized SIP,0.11381212519751471,-0.041779278062899716
2009-11,Equity SIP,0.17375352623402737,-0.11887166774112512
2009-11,Equal-weight SIP,0.11180522784574484,-0.047356112030013886
2009-11,60/20/20 annual rebal,0.1349613625707529,-0.05893111585766919
2009-11,Risk-parity SIP,0.11179450975700124,-0.038474554604288946
2009-11,Max-Sharpe SIP,0.1102160200632869,-0.04542651579181478
2009-11,Optimized SIP,0.11074339078931678,-0.04160355915962055
2009-12,Equity SIP,0.18046238991660785,-0.11869201241156879
2009-12,Equal-weight SIP,0.11381309572246184,-0.047073987986395394
2009-12,60/20/20 annual rebal,0.13683759615298546,-0.0613808315333334
2009-12,Risk-parity SIP,0.11315141759521663,-0.03818816620896648
2009-12,Max-Sharpe SIP,0.11344013931857731,-0.04525898559378294
2009-12,Optimized SIP,0.11309505875056147,-0.0414197541866701
2010-01,Equity SIP,0.18149551008724843,-0.11850900410087495
2010-01,Equal-weight SIP,0.11330524114314587,-0.04678379219927242
2010-01,60/20/20 annual rebal,0.13691933693224198,-0.062312944235541234
2010-01,Risk-parity SIP,0.11233689951195298,-0.03789993949472903
2010-01,Max-Sharpe SIP,0.11336117659567313,-0.04508165343908088
2010-01,Optimized SIP,0.11272615187952316,-0.041231486734277345
2010-02,Equity SIP,0.1853262289414818,-0.11832330564084936
2010-02,Equal-weight SIP,0.11778317608360776,-0.04649793861243501
2010-02,60/20/20 annual rebal,0.14084842837811573,-0.06277453407020406
2010-02,Risk-parity SIP,0.11661636101172626,-0.03760362523142191
2010-02,Max-Sharpe SIP,0.11802644494834608,-0.044908034656481965
2010-02,Optimized SIP,0.11725046096366314,-0.041041386873911345
2010-03,Equity SIP,0.18355426207163375,-0.1181306015477176
2010-03,Equal-weight SIP,0.11892292170206836,-0.04620967545276211
2010-03,60/20/20 annual rebal,0.14124138576196227,-0.06171385189319667
2010-03,Risk-parity SIP,0.11806255351439296,-0.03729201536968585
2010-03,Max-Sharpe SIP,0.11872833354983468,-0.044725197585650855
2010-03,Optimized SIP,0.11837433743218176,-0.040853034058465854
2010-04,Equity SIP,0.14949354754478877,-0.15223015625263414
2010-04,Equal-weight SIP,0.11034617855906369,-0.04589820182000548
2010-04,60/20/20 annual rebal,0.1263583579671949,-0.062065429760991386
2010-04,Risk-parity SIP,0.11281160776297264,-0.036978540387879066
2010-04,Max-Sharpe SIP,0.10719444040501509,-0.04478531384780349
2010-04,Optimized SIP,0.11009534166452131,-0.04066733507220588
2010-05,Equity SIP,0.15880203454154362,-0.15218137071072269
2010-05,Equal-weight SIP,0.11984778793865357,-0.045603248081300674
2010-05,60/20/20 annual rebal,0.13499377507890473,-0.06171551306760714
2010-05,Risk-parity SIP,0.12197243767967354,-0.036709193389890316
2010-05,Max-Sharpe SIP,0.11605014408150444,-0.04472400132969634
2010-05,Optimized SIP,0.11914349719213695,-0.04047549514498161
2010-06,Equity SIP,0.1656015787000732,-0.15213170987660307
2010-06,Equal-weight SIP,0.12204422262761627,-0.04531239118371733
2010-06,60/20/20 annual rebal,0.13881625568258688,-0.06206936786576689
2010-06,Risk-parity SIP,0.12395090712887721,-0.03642953469607502
2010-06,Max-Sharpe SIP,0.11920745464241038,-0.044660177705812654
2010-06,Optimized SIP,0.12174997899733848,-0.040275967570301274
2010-07,Equity SIP,0.17467494805509834,-0.15207857628559018
2010-07,Equal-weight SIP,0.12541878239106707,-0.04497090969347872
2010-07,60/20/20 annual rebal,0.14344197890122143,-0.060662806735188424
2010-07,Risk-parity SIP,0.12720854912962512,-0.03615279161459661
2010-07,Max-Sharpe SIP,0.12418643469598913,-0.04459839674306587
2010-07,Optimized SIP,0.12589691764785213,-0.040079115865534476
2010-08,Equity SIP,0.17618435103271074,-0.15202225528097768
2010-08,Equal-weight SIP,0.1282245528891069,-0.04459365708630336
2010-08,60/20/20 annual rebal,0.1454296236453619,-0.061953648382830795
2010-08,Risk-parity SIP,0.12964052777929738,-0.03587670462787196
2010-08,Max-Sharpe SIP,0.1259495082750654,-0.04453708805232626
2010-08,Optimized SIP,0.12800359728473912,-0.03988040820217864
2010-09,Equity SIP,0.18294746172625478,-0.15196392936777625
2010-09,Equal-weight SIP,0.1332604033135024,-0.04420505557521648
2010-09,60/20/20 annual rebal,0.15149253101218563,-0.060822784946807595
2010-09,Risk-parity SIP,0.13420018320194513,-0.03559271532163244
2010-09,Max-Sharpe SIP,0.13058581986411394,-0.04447400194303397
2010-09,Optimized SIP,0.13261244245734402,-0.03967567115312409
2010-10,Equity SIP,0.17613841996555094,-0.15190337157084066
2010-10,Equal-weight SIP,0.12654736523100704,-0.04379886175241099
2010-10,60/20/20 annual rebal,0.14517772104559346,-0.06493177048323662
2010-10,Risk-parity SIP,0.1277505694676496,-0.035356551302989425
2010-10,Max-Sharpe SIP,0.12466714734656043,-0.04440997314290129
2010-10,Optimized SIP,0.12643758471072866,-0.03946662630918707
2010-11,Equity SIP,0.17642403402290577,-0.1518416148788564
2010-11,Equal-weight SIP,0.12484316621278274,-0.04338928731711311
2010-11,60/20/20 annual rebal,0.14416982814073168,-0.06326221778490104
2010-11,Risk-parity SIP,0.12613793474974536,-0.03511543444839327
2010-11,Max-Sharpe SIP,0.12397692513906786,-0.04434453076629108
2010-11,Optimized SIP,0.12529997860787886,-0.039250977474993065
2010-12,Equity SIP,0.18227720626443486,-0.15177803346042285
2010-12,Equal-weight SIP,0.12634507987016194,-0.042973604006482646
2010-12,60/20/20 annual rebal,0.1458989901161,-0.06295495363610237
2010-12,Risk-parity SIP,0.12782450040641782,-0.03486935641452649
2010-12,Max-Sharpe SIP,0.12742302532467617,-0.04427758695913919
2010-12,Optimized SIP,0.12787284183387157,-0.0390272584280954
2011-01,Equity SIP,0.1855242771054588,-0.15171429319254004
2011-01,Equal-weight SIP,0.12580245666895387,-0.04256572625322419
2011-01,60/20/20 annual rebal,0.14648144674567357,-0.059986676125605265
2011-01,Risk-parity SIP,0.12735204824955604,-0.03462825166700556
2011-01,Max-Sharpe SIP,0.12837678930048446,-0.044209268643735644
2011-01,Optimized SIP,0.12812769423218978,-0.03879927609981171
2011-02,Equity SIP,0.18647114673345294,-0.15165061196858998
2011-02,Equal-weight SIP,0.12442986119008927,-0.04217510062876961
2011-02,60/20/20 annual rebal,0.14530765802826953,-0.059224731650006524
2011-02,Risk-parity SIP,0.12548541173161465,-0.03437877130868405
2011-02,Max-Sharpe SIP,0.1276410274148926,-0.04413839736534886
2011-02,Optimized SIP,0.12665009079371006,-0.03856248963362874
2011-03,Equity SIP,0.18746120690538,-0.15158703508855065
2011-03,Equal-weight SIP,0.12134570426805,-0.041799090929754756
2011-03,60/20/20 annual rebal,0.14331633860732002,-0.05821912855790645
2011-03,Risk-parity SIP,0.12214907431434144,-0.034122407582467096
2011-03,Max-Sharpe SIP,0.1252712973219557,-0.04406523664043027
2011-03,Optimized SIP,0.12365825342955931,-0.038318020303206524
2011-04,Equity SIP,0.18626921812308475,-0.1515230294560509
2011-04,Equal-weight SIP,0.11603336427457071,-0.0414310933993316
2011-04,60/20/20 annual rebal,0.1389546077769072,-0.059401400754856115
2011-04,Risk-parity SIP,0.11660383372090978,-0.03385882148717423
2011-04,Max-Sharpe SIP,0.12079119481692774,-0.04399026110890014
2011-04,Optimized SIP,0.11850771509798344,-0.038066474875987355
2011-05,Equity SIP,0.19850916397321566,-0.1514550738144269
2011-05,Equal-weight SIP,0.12480536797491629,-0.04103096737017908
2011-05,60/20/20 annual rebal,0.1520793954898589,-0.06060948564091784
2011-05,Risk-parity SIP,0.12396837952520329,-0.03358638666433289
2011-05,Max-Sharpe SIP,0.12910223249607594,-0.04391361506855407
2011-05,Optimized SIP,0.12649707609431254,-0.03780663386188754
2011-06,Equity SIP,0.1936974867680522,-0.15138496578227534
2011-06,Equal-weight SIP,0.1227035391334101,-0.04062130966099087
2011-06,60/20/20 annual rebal,0.15010357437553054,-0.05858582738680185
2011-06,Risk-parity SIP,0.12152605839601734,-0.03330412651726955
2011-06,Max-Sharpe SIP,0.12556124528334942,-0.043835287309951676
2011-06,Optimized SIP,0.1238434971942795,-0.03753840257305163
2011-07,Equity SIP,0.19506243735009507,-0.15131347246188598
2011-07,Equal-weight SIP,0.12329126923829586,-0.04019940753496376
2011-07,60/20/20 annual rebal,0.14929474433086368,-0.05967850261898566
2011-07,Risk-parity SIP,0.12214963852925188,-0.033020661571266485
2011-07,Max-Sharpe SIP,0.12685811552389317,-0.04375694941282371
2011-07,Optimized SIP,0.12481011681964414,-0.03726910624662705
2011-08,Equity SIP,0.19996345873103474,-0.15123600995859154
2011-08,Equal-weight SIP,0.12649370323683934,-0.039728957559642786
2011-08,60/20/20 annual rebal,0.1518161014929603,-0.06100809213287728
2011-08,Risk-parity SIP,0.12549730460394232,-0.032725197976149256
2011-08,Max-Sharpe SIP,0.13135132838788935,-0.043676066667387325
2011-08,Optimized SIP,0.12874351477323803,-0.036989539898557466
2011-09,Equity SIP,0.19981655970727596,-0.15115691872870696
2011-09,Equal-weight SIP,0.12484894437597754,-0.03925538297899134
2011-09,60/20/20 annual rebal,0.151312424682364,-0.059864389885568414
2011-09,Risk-parity SIP,0.12377311339218233,-0.03242082577693561
2011-09,Max-Sharpe SIP,0.13048014286844642,-0.04359340956151847
2011-09,Optimized SIP,0.12745957988967122,-0.036702073436253646
2011-10,Equity SIP,0.19495311767264603,-0.151066495726205
2011-10,Equal-weight SIP,0.12067477928851264,-0.0386639760272679
2011-10,60/20/20 annual rebal,0.1472451774681494,-0.06391762558421199
2011-10,Risk-parity SIP,0.119747675674571,-0.03211725323560677
2011-10,Max-Sharpe SIP,0.12668506099811913,-0.04351414455300007
2011-10,Optimized SIP,0.12356036358380915,-0.03642035054078052
2011-11,Equity SIP,0.19559789588118534,-0.150975769680891
2011-11,Equal-weight SIP,0.12143682441799401,-0.038068086257029066
2011-11,60/20/20 annual rebal,0.14799652978259456,-0.06223295800608142
2011-11,Risk-parity SIP,0.1203036602944952,-0.03182135027237243
2011-11,Max-Sharpe SIP,0.1273690130730938,-0.043437382403913705
2011-11,Optimized SIP,0.12419317053781066,-0.03614630576660949
2011-12,Equity SIP,0.19985467064729356,-0.15088645919235133
2011-12,Equal-weight SIP,0.1239748757329188,-0.037499785598191115
2011-12,60/20/20 annual rebal,0.14989877037545196,-0.06190710580265302
2011-12,Risk-parity SIP,0.12226268650241881,-0.03152108376176854
2011-12,Max-Sharpe SIP,0.12979805149185172,-0.043358629033318774
2011-12,Optimized SIP,0.1264033321314085,-0.03586624486615009
2012-01,Equity SIP,0.19948417540009364,-0.1507974414837706
2012-01,Equal-weight SIP,0.12409437958389996,-0.03693564991444187
2012-01,60/20/20 annual rebal,0.149701015734948,-0.058925583565343054
2012-01,Risk-parity SIP,0.12293057780045372,-0.031225639947222716
2012-01,Max-Sharpe SIP,0.13108295910680837,-0.043282166105811704
2012-01,Optimized SIP,0.1273905265925626,-0.035591788343534936
2012-02,Equity SIP,0.19019023054410508,-0.15070894096734921
2012-02,Equal-weight SIP,0.11738128815233437,-0.036386019887837184
2012-02,60/20/20 annual rebal,0.14173243906726177,-0.05752788813112186
2012-02,Risk-parity SIP,0.11608584258745608,-0.030927785896006532
2012-02,Max-Sharpe SIP,0.12338744842449512,-0.04320422350230657
2012-02,Optimized SIP,0.1201270663660306,-0.03531310679245103
2012-03,Equity SIP,0.1831512839994111,-0.1506184618134796
2012-03,Equal-weight SIP,0.11474430352927396,-0.03583674226273581
2012-03,60/20/20 annual rebal,0.13775569497616355,-0.057122597308701506
2012-03,Risk-parity SIP,0.11382770646569952,-0.0306168511931475
2012-03,Max-Sharpe SIP,0.11964490020325773,-0.04312297751760019
2012-03,Optimized SIP,0.11703269438262294,-0.03502196885003506
2012-04,Equity SIP,0.18148699620474157,-0.1505244733610105
2012-04,Equal-weight SIP,0.11701554121643833,-0.03527394761912739
2012-04,60/20/20 annual rebal,0.13832939431417893,-0.05829448974022999
2012-04,Risk-parity SIP,0.11569603598229751,-0.03029016498805981
2012-04,Max-Sharpe SIP,0.11991934460686667,-0.043039205932098645
2012-04,Optimized SIP,0.11810104536691529,-0.03471930322616723
2012-05,Equity SIP,0.17880058673141286,-0.1504314194124693
2012-05,Equal-weight SIP,0.1126527468615081,-0.03473156376322262
2012-05,60/20/20 annual rebal,0.13753181184815852,-0.05948509072686292
2012-05,Risk-parity SIP,0.10988288728984946,-0.029943555725694182
2012-05,Max-Sharpe SIP,0.11458746003236724,-0.04295255396283615
2012-05,Optimized SIP,0.11272618200731119,-0.034410001734688
2012-06,Equity SIP,0.1634644711404407,-0.1503368816050904
2012-06,Equal-weight SIP,0.10331625781566242,-0.04340556416663133
2012-06,60/20/20 annual rebal,0.1278350993383423,-0.05747288262960493
2012-06,Risk-parity SIP,0.10255602881042201,-0.041653191589305805
2012-06,Max-Sharpe SIP,0.10586232805890983,-0.06520216458980843
2012-06,Optimized SIP,0.10449683125748709,-0.05293092531919441
2012-07,Equity SIP,0.15623279294974138,-0.1502401500083499
2012-07,Equal-weight SIP,0.09946322318965937,-0.049590413560957725
2012-07,60/20/20 annual rebal,0.12123524201087688,-0.06550089800212078
2012-07,Risk-parity SIP,0.09909555575726099,-0.04656376635849291
2012-07,Max-Sharpe SIP,0.10151787260038178,-0.07442724087282515
2012-07,Optimized SIP,0.10054269452721527,-0.060217507658578695
2012-08,Equity SIP,0.1579124997670617,-0.15014108235035784
2012-08,Equal-weight SIP,0.09955334920170136,-0.04929828966695993
2012-08,60/20/20 annual rebal,0.12113480811377583,-0.06430703506265179
2012-08,Risk-parity SIP,0.10040962899062339,-0.04638541701765253
2012-08,Max-Sharpe SIP,0.10461220753686101,-0.07407850626902313
2012-08,Optimized SIP,0.10274021139394753,-0.05984576110892004
2012-09,Equity SIP,0.1666178086559691,-0.15003980225898417
2012-09,Equal-weight SIP,0.10429869915092253,-0.049004845507017
2012-09,60/20/20 annual rebal,0.12751332210796495,-0.06281037710392534
2012-09,Risk-parity SIP,0.10391619310638534,-0.04620316009393377
2012-09,Max-Sharpe SIP,0.10975557544728914,-0.07372066019953782
2012-09,Optimized SIP,0.1072547770950787,-0.05946591983160099
2012-10,Equity SIP,0.15161866872530655,-0.14993783427038332
2012-10,Equal-weight SIP,0.09284787260009537,-0.04871315550846611
2012-10,60/20/20 annual rebal,0.11548665118368855,-0.06270053069983228
2012-10,Risk-parity SIP,0.0930985696937566,-0.04601873590364991
2012-10,Max-Sharpe SIP,0.09802939524347333,-0.07335961552096315
2012-10,Optimized SIP,0.0959153969821134,-0.05908308759652359
2012-11,Equity SIP,0.14779088935133058,-0.14983251526219343
2012-11,Equal-weight SIP,0.09116637562446896,-0.04841391838665565
2012-11,60/20/20 annual rebal,0.11308573936499568,-0.06104259382027877
2012-11,Risk-parity SIP,0.09121033088573438,-0.04583053294314787
2012-11,Max-Sharpe SIP,0.09560456862148273,-0.07299518432100027
2012-11,Optimized SIP,0.09376507559499161,-0.058695928751998805
2012-12,Equity SIP,0.15322995822781849,-0.149719789647779
2012-12,Equal-weight SIP,0.09513088210708939,-0.04809816001020284
2012-12,60/20/20 annual rebal,0.11650328358443508,-0.06066021813327094
2012-12,Risk-parity SIP,0.0942662165667182,-0.04563225632381063
2012-12,Max-Sharpe SIP,0.09945223368328489,-0.07261189481764774
2012-12,Optimized SIP,0.0973065373707999,-0.05829593816584233
2013-01,Equity SIP,0.15221682769813005,-0.14960229000678626
2013-01,Equal-weight SIP,0.09894292433238423,-0.04777435236498917
2013-01,60/20/20 annual rebal,0.11849036838351705,-0.05948669292029807
2013-01,Risk-parity SIP,0.09849819930256037,-0.04543281411544031
2013-01,Max-Sharpe SIP,0.10232325682556262,-0.07222593265043653
2013-01,Optimized SIP,0.10081232664165744,-0.05789486239919306
2013-02,Equity SIP,0.15028384655271584,-0.14948176477414388
2013-02,Equal-weight SIP,0.10053125247541185,-0.04744852861912152
2013-02,60/20/20 annual rebal,0.11848853444100918,-0.05849441680794987
2013-02,Risk-parity SIP,0.099618410921156,-0.04522758875107191
2013-02,Max-Sharpe SIP,0.1023240260295218,-0.07182662453086652
2013-02,Optimized SIP,0.10137273250825753,-0.05747383559354846
2013-03,Equity SIP,0.15525979815955646,-0.1493600141728474
2013-03,Equal-weight SIP,0.10135982944046404,-0.047125049345691394
2013-03,60/20/20 annual rebal,0.1204891701155098,-0.05976883266595723
2013-03,Risk-parity SIP,0.09984299471750774,-0.04501659367266064
2013-03,Max-Sharpe SIP,0.10455668423017557,-0.07141397952121376
2013-03,Optimized SIP,0.10265750282655753,-0.0570251726673654
2013-04,Equity SIP,0.1468655478751143,-0.14923469910752551
2013-04,Equal-weight SIP,0.09914881922345692,-0.046798395206483545
2013-04,60/20/20 annual rebal,0.11568289365467764,-0.06112676802491557
2013-04,Risk-parity SIP,0.09805170904110275,-0.04479796621555099
2013-04,Max-Sharpe SIP,0.1008153787846332,-0.0709854674766569
2013-04,Optimized SIP,0.09983465246047393,-0.056557980666134045
2013-05,Equity SIP,0.1508453430628088,-0.1491086688980443
2013-05,Equal-weight SIP,0.10371964568525793,-0.04647605423211221
2013-05,60/20/20 annual rebal,0.12299827813477514,-0.06098976849847271
2013-05,Risk-parity SIP,0.10200732012885153,-0.04457701655241253
2013-05,Max-Sharpe SIP,0.10481058733473178,-0.07055118038845709
2013-05,Optimized SIP,0.10381728414226271,-0.05608406595161264
2013-06,Equity SIP,0.15029338650256602,-0.148978650469353
2013-06,Equal-weight SIP,0.10287916213440013,-0.0461519105094601
2013-06,60/20/20 annual rebal,0.12313622628021127,-0.058832368822988146
2013-06,Risk-parity SIP,0.10096668666513246,-0.044348313826718555
2013-06,Max-Sharpe SIP,0.10422598386404876,-0.07009664283969996
2013-06,Optimized SIP,0.10300729895561535,-0.05558958323113661
2013-07,Equity SIP,0.15659071430999238,-0.1488503903905659
2013-07,Equal-weight SIP,0.1029698478664105,-0.04583898497766825
2013-07,60/20/20 annual rebal,0.12362472280831789,-0.06068258427488782
2013-07,Risk-parity SIP,0.10031633984069882,-0.044115991819486
2013-07,Max-Sharpe SIP,0.10624733632270808,-0.06963319861499007
2013-07,Optimized SIP,0.10373063191499357,-0.05508463288473342
2013-08,Equity SIP,0.16107890070318492,-0.1487230097394332
2013-08,Equal-weight SIP,0.10429472972378759,-0.04553332528741094
2013-08,60/20/20 annual rebal,0.12485942351085237,-0.05936379540552161
2013-08,Risk-parity SIP,0.10074078949835105,-0.04388431909147816
2013-08,Max-Sharpe SIP,0.10810921286485402,-0.06917621294651632
2013-08,Optimized SIP,0.1048834909310106,-0.05457893761399679
2013-09,Equity SIP,0.15838209114029755,-0.14859749751733764
2013-09,Equal-weight SIP,0.1015874397255086,-0.045237322802985314
2013-09,60/20/20 annual rebal,0.12290661689919155,-0.057792204880721565
2013-09,Risk-parity SIP,0.0979004684020896,-0.04365000517822959
2013-09,Max-Sharpe SIP,0.1054973272932569,-0.0687047850256658
2013-09,Optimized SIP,0.10215983434971418,-0.05406553370542422
2013-10,Equity SIP,0.15943318715776744,-0.148473616695335
2013-10,Equal-weight SIP,0.10132139706402817,-0.04494613071600928
2013-10,60/20/20 annual rebal,0.12305460529885695,-0.061142569465830965
2013-10,Risk-parity SIP,0.09705006666867326,-0.04342298636093345
2013-10,Max-Sharpe SIP,0.10535076832538776,-0.06825214445921723
2013-10,Optimized SIP,0.10167652667007705,-0.053568498976751755
2013-11,Equity SIP,0.1474107500264732,-0.14834806860337824
2013-11,Equal-weight SIP,0.09438361394121043,-0.04465442576840073
2013-11,60/20/20 annual rebal,0.11469478243162343,-0.05943897745103688
2013-11,Risk-parity SIP,0.09008092813336661,-0.04319350300049907
2013-11,Max-Sharpe SIP,0.09657999611787459,-0.06779431294211447
2013-11,Optimized SIP,0.09377980048588531,-0.05306436668834413
2013-12,Equity SIP,0.15371678706536251,-0.14821600275332913
2013-12,Equal-weight SIP,0.10019569566904837,-0.04444601911054347
2013-12,60/20/20 annual rebal,0.11967485755277595,-0.05905869907541117
2013-12,Risk-parity SIP,0.09568578257829577,-0.04432543195701666
2013-12,Max-Sharpe SIP,0.10244993159168436,-0.0673110415516206
2013-12,Optimized SIP,0.09944530123660197,-0.05253000228013083
2014-01,Equity SIP,0.16099638698840332,-0.14808572745694482
2014-01,Equal-weight SIP,0.10606913305988735,-0.044341703047658165
2014-01,60/20/20 annual rebal,0.1255335269975068,-0.056039835676369165
2014-01,Risk-parity SIP,0.10171550630247306,-0.044060110065952895
2014-01,Max-Sharpe SIP,0.10940687922423208,-0.06682288986578411
2014-01,Optimized SIP,0.10597539259667849,-0.05198805903805137
2014-02,Equity SIP,0.16346601675227437,-0.14795083290996236
2014-02,Equal-weight SIP,0.10673198451291367,-0.04423646199089459
2014-02,60/20/20 annual rebal,0.12651912713528393,-0.0545955751908197
2014-02,Risk-parity SIP,0.10193563441767582,-0.04378155854684085
2014-02,Max-Sharpe SIP,0.11044054545095565,-0.06630812554022447
2014-02,Optimized SIP,0.10659793368389646,-0.051414393785874646
2014-03,Equity SIP,0.16905936988767445,-0.1478125808368227
2014-03,Equal-weight SIP,0.10792183529378052,-0.044129671315191854
2014-03,60/20/20 annual rebal,0.12896685410056552,-0.05431615950975377
2014-03,Risk-parity SIP,0.10179272923562284,-0.04349905936617071
2014-03,Max-Sharpe SIP,0.11225115502188479,-0.06578671267153613
2014-03,Optimized SIP,0.10744439012992572,-0.05082921569785037
2014-04,Equity SIP,0.17306161207835838,-0.1476687112142996
2014-04,Equal-weight SIP,0.11350717054115775,-0.04401871163286608
2014-04,60/20/20 annual rebal,0.132964374947839,-0.05558687746191826
2014-04,Risk-parity SIP,0.10601953686835915,-0.04321317624152665
2014-04,Max-Sharpe SIP,0.11673096761365628,-0.06525909528454066
2014-04,Optimized SIP,0.11179949854507171,-0.05023220039935994
2014-05,Equity SIP,0.1698381688637945,-0.14752000994421366
2014-05,Equal-weight SIP,0.1160414344914436,-0.04390571829168244
2014-05,60/20/20 annual rebal,0.1363390757241668,-0.056383346515869626
2014-05,Risk-parity SIP,0.10709031239888997,-0.04291836433557106
2014-05,Max-Sharpe SIP,0.116861619405709,-0.06471597838276366
2014-05,Optimized SIP,0.11239740823066154,-0.049621434748827076
2014-06,Equity SIP,0.17220467103533027,-0.14736386187581685
2014-06,Equal-weight SIP,0.1174222114844975,-0.04378913588861333
2014-06,60/20/20 annual rebal,0.13854529145589772,-0.054382180136625324
2014-06,Risk-parity SIP,0.10810971349405142,-0.04262932051981694
2014-06,Max-Sharpe SIP,0.11848177910901644,-0.06414719656011691
2014-06,Optimized SIP,0.11371535981937655,-0.04902892169358242
2014-07,Equity SIP,0.17656735633182957,-0.14720059249057837
2014-07,Equal-weight SIP,0.1188828021739416,-0.04366923440108317
2014-07,60/20/20 annual rebal,0.13962425244677668,-0.05532415956806069
2014-07,Risk-parity SIP,0.10994928295590893,-0.04251766190755035
2014-07,Max-Sharpe SIP,0.12094240492918551,-0.0635553309376673
2014-07,Optimized SIP,0.11564756373585329,-0.0484751087759443
2014-08,Equity SIP,0.1790131745374823,-0.14703681690602033
2014-08,Equal-weight SIP,0.12186227951252526,-0.043551630202598
2014-08,60/20/20 annual rebal,0.14119628570680892,-0.056495644225702746
2014-08,Risk-parity SIP,0.11230174593604524,-0.04240464547611955
2014-08,Max-Sharpe SIP,0.12354306522217419,-0.06295574743055965
2014-08,Optimized SIP,0.11812527771972775,-0.04790702842706607
2014-09,Equity SIP,0.17567553289907575,-0.14686957483925378
2014-09,Equal-weight SIP,0.123382136243879,-0.043432911433288535
2014-09,60/20/20 annual rebal,0.1419329869881904,-0.05529540772652031
2014-09,Risk-parity SIP,0.11493310898221565,-0.0422905969645333
2014-09,Max-Sharpe SIP,0.12450008663053742,-0.062349926190936045
2014-09,Optimized SIP,0.11988705668097165,-0.04732720255689504
2014-10,Equity SIP,0.17826251854919192,-0.14669664259525705
2014-10,Equal-weight SIP,0.12706798027702051,-0.043311681618867115
2014-10,60/20/20 annual rebal,0.14495555845210215,-0.05914031880727166
2014-10,Risk-parity SIP,0.11802819531352834,-0.042174576401143304
2014-10,Max-Sharpe SIP,0.12765969522627144,-0.06173179540052365
2014-10,Optimized SIP,0.12301137098818392,-0.04673102214249336
2014-11,Equity SIP,0.18231707663329758,-0.14651944620858415
2014-11,Equal-weight SIP,0.13046642814544132,-0.04319052525648637
2014-11,60/20/20 annual rebal,0.14799904035628647,-0.05739278678508353
2014-11,Risk-parity SIP,0.11911037054298682,-0.04205413522308454
2014-11,Max-Sharpe SIP,0.12992818228667036,-0.061089516940735944
2014-11,Optimized SIP,0.12468883551332459,-0.0461073902555833
2014-12,Equity SIP,0.18531224346758546,-0.14633082691301136
2014-12,Equal-weight SIP,0.1299361759539782,-0.04306243895652495
2014-12,60/20/20 annual rebal,0.14802712756638187,-0.056944239806798524
2014-12,Risk-parity SIP,0.11761210635100865,-0.04193026995474791
2014-12,Max-Sharpe SIP,0.13000947459681322,-0.060425600411897595
2014-12,Optimized SIP,0.12400170813825201,-0.04545984786439061
2015-01,Equity SIP,0.18727091490294212,-0.14614543521339352
2015-01,Equal-weight SIP,0.13089710381386388,-0.04294052100751711
2015-01,60/20/20 annual rebal,0.14886580108449934,-0.05387432672633241
2015-01,Risk-parity SIP,0.11834644802371856,-0.04180482226139792
2015-01,Max-Sharpe SIP,0.13138003473193063,-0.05978681757017279
2015-01,Optimized SIP,0.12499216754912673,-0.044801267676539136
2015-02,Equity SIP,0.1871881121227186,-0.14595635525819528
2015-02,Equal-weight SIP,0.1327788816898852,-0.04281733184478209
2015-02,60/20/20 annual rebal,0.14977395490226741,-0.05237738780763779
2015-02,Risk-parity SIP,0.11952917956950569,-0.04167917507557051
2015-02,Max-Sharpe SIP,0.13232159794826326,-0.059107992305130974
2015-02,Optimized SIP,0.1260374899434864,-0.04419151851488867
2015-03,Equity SIP,0.18870786546706325,-0.14575482380950322
2015-03,Equal-weight SIP,0.13897322271754223,-0.04268639817136688
2015-03,60/20/20 annual rebal,0.15416589717989868,-0.05185913805760267
2015-03,Risk-parity SIP,0.12531101060881625,-0.04155065996970353
2015-03,Max-Sharpe SIP,0.1380973191029935,-0.058411305012446735
2015-03,Optimized SIP,0.1312652804608952,-0.044048252741002214
2015-04,Equity SIP,0.17435975246494748,-0.14554951539776229
2015-04,Equal-weight SIP,0.13421264170739416,-0.04255597713348236
2015-04,60/20/20 annual rebal,0.14591052237978008,-0.052896411776811925
2015-04,Risk-parity SIP,0.12194283617159933,-0.04141830939334312
2015-04,Max-Sharpe SIP,0.13214124835621877,-0.05845296085339724
2015-04,Optimized SIP,0.1263899821188036,-0.04394282433657337
2015-05,Equity SIP,0.15981203489351747,-0.1453366805830315
2015-05,Equal-weight SIP,0.13219461264236138,-0.04242335988831902
2015-05,60/20/20 annual rebal,0.14170613931268694,-0.05394716696998958
2015-05,Risk-parity SIP,0.11930039328852075,-0.04128136800677029
2015-05,Max-Sharpe SIP,0.12863089914264483,-0.057722774379745045
2015-05,Optimized SIP,0.12288767784068727,-0.04383347649941749
2015-06,Equity SIP,0.1718616387383478,-0.14511655762930198
2015-06,Equal-weight SIP,0.13761253367768625,-0.04228790223495116
2015-06,60/20/20 annual rebal,0.1495953792753924,-0.051936128852908325
2015-06,Risk-parity SIP,0.12232725062889843,-0.04114210011760511
2015-06,Max-Sharpe SIP,0.1358982277037516,-0.05732354935768469
2015-06,Optimized SIP,0.1280961433273917,-0.043721635579742846
2015-07,Equity SIP,0.17819409185266002,-0.14489234469387713
2015-07,Equal-weight SIP,0.14146717830664926,-0.04215221602837427
2015-07,60/20/20 annual rebal,0.15270518437310518,-0.052771852793080276
2015-07,Risk-parity SIP,0.12572041801128578,-0.04100017274735168
2015-07,Max-Sharpe SIP,0.1405174185942628,-0.05658075686370889
2015-07,Optimized SIP,0.13201188661175034,-0.0436069307562722
2015-08,Equity SIP,0.18488651954843402,-0.1446568767276467
2015-08,Equal-weight SIP,0.14361179915397598,-0.04201191792884584
2015-08,60/20/20 annual rebal,0.15576362887694167,-0.05382285020912725
2015-08,Risk-parity SIP,0.1275147500557169,-0.04085231181243976
2015-08,Max-Sharpe SIP,0.1439117330370092,-0.05580483990182894
2015-08,Optimized SIP,0.1344975425336314,-0.04348733522393777
2015-09,Equity SIP,0.1891267238322823,-0.14440922615682572
2015-09,Equal-weight SIP,0.14739259221978496,-0.04186719825879903
2015-09,60/20/20 annual rebal,0.15987726284998013,-0.05254920203681024
2015-09,Risk-parity SIP,0.13144522015804028,-0.04069757706961363
2015-09,Max-Sharpe SIP,0.1478932780688466,-0.05498987913062048
2015-09,Optimized SIP,0.13845734492992023,-0.0433622972419373
2015-10,Equity SIP,0.1936259195086568,-0.14414901652720347
2015-10,Equal-weight SIP,0.15627511478393363,-0.04171687384119338
2015-10,60/20/20 annual rebal,0.1663413737891298,-0.05622189915916698
2015-10,Risk-parity SIP,0.13884212347926778,-0.04056619519200999
2015-10,Max-Sharpe SIP,0.15608465658523796,-0.0541581112009103
2015-10,Optimized SIP,0.14619100306548483,-0.043235197968439554
2015-11,Equity SIP,0.19572867975685945,-0.14386715495617053
2015-11,Equal-weight SIP,0.16450254623828883,-0.04155557500044704
2015-11,60/20/20 annual rebal,0.17167066747070012,-0.05438947647672909
2015-11,Risk-parity SIP,0.1443369835262059,-0.04043117756211689
2015-11,Max-Sharpe SIP,0.1633296863156671,-0.05329601460118227
2015-11,Optimized SIP,0.1528347793884322,-0.04310358413270432
2015-12,Equity SIP,0.19468418714569274,-0.14357768766831147
2015-12,Equal-weight SIP,0.16436245102298852,-0.04139314372915437
2015-12,60/20/20 annual rebal,0.17107198789073114,-0.053827166643917734
2015-12,Risk-parity SIP,0.14412486227849106,-0.04029295797942045
2015-12,Max-Sharpe SIP,0.16313329517204483,-0.05241658354909173
2015-12,Optimized SIP,0.15365470908436543,-0.04296865177227571
2016-01,Equity SIP,0.19811772059009644,-0.14328655370310706
2016-01,Equal-weight SIP,0.1704955198283288,-0.04123405937357505
2016-01,60/20/20 annual rebal,0.17539648483327266,-0.05066448718001004
2016-01,Risk-parity SIP,0.14915178980548655,-0.040150978131731296
2016-01,Max-Sharpe SIP,0.16893946731116838,-0.0515108507273393
2016-01,Optimized SIP,0.15867392677901823,-0.04282861636828117
2016-02,Equity SIP,0.19979068915669754,-0.14297854998134996
2016-02,Equal-weight SIP,0.17936960727337897,-0.04106841871028499
2016-02,60/20/20 annual rebal,0.1807951406222278,-0.0490519681474092
2016-02,Risk-parity SIP,0.15478343656610413,-0.040004139233273284
2016-02,Max-Sharpe SIP,0.1765995323031411,-0.050570412405002374
2016-02,Optimized SIP,0.1652186280235135,-0.04268373094023947
2016-03,Equity SIP,0.19617385361811837,-0.14263534221840102
2016-03,Equal-weight SIP,0.18183498377625917,-0.04088575869982425
2016-03,60/20/20 annual rebal,0.1809857405864062,-0.048381066568353726
2016-03,Risk-parity SIP,0.15608701467312602,-0.039851704172230495
2016-03,Max-Sharpe SIP,0.17802616115092101,-0.04958776229100803
2016-03,Optimized SIP,0.16652564646030615,-0.04253307869170586
2016-04,Equity SIP,0.19145652338896832,-0.1422748171268734
2016-04,Equal-weight SIP,0.17870861153957704,-0.04069673944284047
2016-04,60/20/20 annual rebal,0.17730771483329044,-0.0492555914522973
2016-04,Risk-parity SIP,0.15428692558705534,-0.039697361935366327
2016-04,Max-Sharpe SIP,0.17460489099706156,-0.04860606255373223
2016-04,Optimized SIP,0.16393449182450162,-0.04238345397663412
2016-05,Equity SIP,0.1987361731224719,-0.14190863370807805
2016-05,Equal-weight SIP,0.17871014602497434,-0.04050935800347133
2016-05,60/20/20 annual rebal,0.18233151320119823,-0.050163444890420905
2016-05,Risk-parity SIP,0.15478853844475102,-0.039538689611893996
2016-05,Max-Sharpe SIP,0.17624378873395402,-0.04759543204710359
2016-05,Optimized SIP,0.1650542811656665,-0.04223018216209873
2016-06,Equity SIP,0.2122176478508944,-0.1415289291387063
2016-06,Equal-weight SIP,0.18269309986937043,-0.04031958475225916
2016-06,60/20/20 annual rebal,0.18996715060076208,-0.048096058431107314
2016-06,Risk-parity SIP,0.1587611208102761,-0.03937692441677487
2016-06,Max-Sharpe SIP,0.182470356668342,-0.04655368633903656
2016-06,Optimized SIP,0.17056876998360995,-0.042072544836348924
2016-07,Equity SIP,0.20970982710925637,-0.14112810739185733
2016-07,Equal-weight SIP,0.1736969023765668,-0.040123562997435136
2016-07,60/20/20 annual rebal,0.18307922426309986,-0.04870669810772155
2016-07,Risk-parity SIP,0.15259671613207532,-0.03921094147871651
2016-07,Max-Sharpe SIP,0.17384420655650432,-0.04548403324180139
2016-07,Optimized SIP,0.16377743305627593,-0.0419107676372007
2016-08,Equity SIP,0.20991245781545423,-0.14070967391413403
2016-08,Equal-weight SIP,0.1708503564361222,-0.03992368747378239
2016-08,60/20/20 annual rebal,0.1807750144485524,-0.049523971436512215
2016-08,Risk-parity SIP,0.1507040327534274,-0.03904210082234316
2016-08,Max-Sharpe SIP,0.17133396683822,-0.04447323063681652
2016-08,Optimized SIP,0.16182748885983822,-0.04174622331242106
