Month,Instalment,Total invested,Equity value,Bonds value,Gold value,Portfolio value,Monthly return (TWR),Equity target weight,Bonds target weight,Gold target weight,Equity actual weight,Bonds actual weight,Gold actual weight,Bought,Sold,Costs
1983-02,10000.000000,10000.000000,6199.555059,2009.404444,2065.486146,10274.445650,0.027445,0.600000,0.200000,0.200000,0.603396,0.195573,0.201031,10000.000000,0.000000,10.000000
1983-03,10000.000000,20000.000000,12724.652389,4113.622048,3492.290979,20330.565416,0.002768,0.600000,0.200000,0.200000,0.625888,0.202337,0.171775,10000.000000,0.000000,10.000000
1983-04,10000.000000,30000.000000,19537.830485,6216.835595,5670.193522,31424.859602,0.036079,0.600000,0.200000,0.200000,0.621732,0.197832,0.180437,10000.000000,0.000000,10.000000
1983-05,10000.000000,40000.000000,26680.152458,8301.973917,7762.408023,42744.534399,0.031857,0.600000,0.200000,0.200000,0.624177,0.194223,0.181600,10000.000000,0.000000,10.000000
1983-06,10000.000000,50000.000000,33445.255331,10159.675433,9258.357928,52863.288691,0.002251,0.600000,0.200000,0.200000,0.632675,0.192188,0.175138,10000.000000,0.000000,10.000000
1983-07,10000.000000,60000.000000,39870.034028,11935.817369,11025.983430,62831.834827,-0.000500,0.600000,0.200000,0.200000,0.634551,0.189964,0.175484,10000.000000,0.000000,10.000000
1983-08,10000.000000,70000.000000,45202.981696,13825.427666,13577.474060,72605.883422,-0.003102,0.600000,0.200000,0.200000,0.622580,0.190417,0.187002,10000.000000,0.000000,10.000000
1983-09,10000.000000,80000.000000,52961.375589,16183.824334,15445.659081,84590.859003,0.024029,0.600000,0.200000,0.200000,0.626089,0.191319,0.182593,10000.000000,0.000000,10.000000
1983-10,10000.000000,90000.000000,59502.915144,18526.378283,16728.314651,94757.608078,0.001763,0.600000,0.200000,0.200000,0.627949,0.195513,0.176538,10000.000000,0.000000,10.000000
1983-11,10000.000000,100000.000000,65694.762887,20843.849428,18421.356397,104959.968711,0.001932,0.600000,0.200000,0.200000,0.625903,0.198589,0.175508,10000.000000,0.000000,10.000000
1983-12,10000.000000,110000.000000,72363.110404,23125.470531,20962.329790,116450.910725,0.012969,0.600000,0.200000,0.200000,0.621404,0.198586,0.180010,10000.000000,0.000000,10.000000
1984-01,10000.000000,120000.000000,78715.100660,26325.088782,24699.500317,129739.689759,0.026008,0.600000,0.200000,0.200000,0.606716,0.202907,0.190377,12492.563969,2492.563969,14.985128
1984-02,10000.000000,130000.000000,80592.349312,28397.136796,27850.887620,136840.373727,-0.020748,0.600000,0.200000,0.200000,0.588952,0.207520,0.203528,10000.000000,0.000000,10.000000
1984-03,10000.000000,140000.000000,86733.104613,29791.412788,30384.677202,146909.194603,0.000469,0.600000,0.200000,0.200000,0.590386,0.202788,0.206826,10000.000000,0.000000,10.000000
1984-04,10000.000000,150000.000000,94115.173295,31877.943651,31622.485198,157615.602144,0.004502,0.600000,0.200000,0.200000,0.597118,0.202251,0.200630,10000.000000,0.000000,10.000000
1984-05,10000.000000,160000.000000,101672.592760,33402.698203,33872.595882,168947.886845,0.007948,0.600000,0.200000,0.200000,0.601799,0.197710,0.200491,10000.000000,0.000000,10.000000
1984-06,10000.000000,170000.000000,106127.408866,35662.829938,36119.176234,177909.415038,-0.005803,0.600000,0.200000,0.200000,0.596525,0.200455,0.203020,10000.000000,0.000000,10.000000
1984-07,10000.000000,180000.000000,114191.802310,39564.034661,36067.617581,189823.454552,0.010186,0.600000,0.200000,0.200000,0.601568,0.208425,0.190006,10000.000000,0.000000,10.000000
1984-08,10000.000000,190000.000000,133382.603913,44206.817352,38683.994854,216273.416118,0.082322,0.600000,0.200000,0.200000,0.616731,0.204402,0.178866,10000.000000,0.000000,10.000000
1984-09,10000.000000,200000.000000,145034.720640,48446.291364,40786.728537,234267.740541,0.035330,0.600000,0.200000,0.200000,0.619098,0.206799,0.174103,10000.000000,0.000000,10.000000
1984-10,10000.000000,210000.000000,152541.589695,52739.184715,43520.187530,248800.961940,0.018558,0.600000,0.200000,0.200000,0.613107,0.211973,0.174920,10000.000000,0.000000,10.000000
1984-11,10000.000000,220000.000000,161263.004514,57413.340099,45847.779508,264524.124122,0.022114,0.600000,0.200000,0.200000,0.609634,0.217044,0.173322,10000.000000,0.000000,10.000000
1984-12,10000.000000,230000.000000,169017.268932,61293.876227,45561.776358,275872.921516,0.004913,0.600000,0.200000,0.200000,0.612663,0.222182,0.165155,10000.000000,0.000000,10.000000
1985-01,10000.000000,240000.000000,184228.478440,59628.393884,55538.170114,299395.042438,0.047301,0.600000,0.200000,0.200000,0.615336,0.199163,0.185501,19612.807945,9612.807945,29.225616
1985-02,10000.000000,250000.000000,206174.245285,63260.914730,58171.424978,327606.584993,0.058862,0.600000,0.200000,0.200000,0.629335,0.193100,0.177565,10000.000000,0.000000,10.000000
1985-03,10000.000000,260000.000000,210167.762028,64272.079893,62893.314823,337333.156744,-0.000810,0.600000,0.200000,0.200000,0.623027,0.190530,0.186443,10000.000000,0.000000,10.000000
1985-04,10000.000000,270000.000000,210550.847333,66132.251047,65156.314558,341839.412939,-0.015817,0.600000,0.200000,0.200000,0.615935,0.193460,0.190605,10000.000000,0.000000,10.000000
1985-05,10000.000000,280000.000000,224262.592215,71717.670656,65418.717619,361398.980489,0.027170,0.600000,0.200000,0.200000,0.620540,0.198445,0.181015,10000.000000,0.000000,10.000000
1985-06,10000.000000,290000.000000,234905.116935,77142.721389,67305.634803,379353.473127,0.021418,0.600000,0.200000,0.200000,0.619225,0.203353,0.177422,10000.000000,0.000000,10.000000
1985-07,10000.000000,300000.000000,238212.590981,76483.568586,67024.830092,381720.989659,-0.019603,0.600000,0.200000,0.200000,0.624049,0.200365,0.175586,10000.000000,0.000000,10.000000
1985-08,10000.000000,310000.000000,237036.304150,78181.308687,71055.186499,386272.799336,-0.013908,0.600000,0.200000,0.200000,0.613650,0.202399,0.183951,10000.000000,0.000000,10.000000
1985-09,10000.000000,320000.000000,243014.544255,82218.327110,72872.776993,398105.648358,0.004625,0.600000,0.200000,0.200000,0.610427,0.206524,0.183049,10000.000000,0.000000,10.000000
1985-10,10000.000000,330000.000000,250808.708834,84964.327063,74991.122942,410764.158839,0.006514,0.600000,0.200000,0.200000,0.610591,0.206845,0.182565,10000.000000,0.000000,10.000000
1985-11,10000.000000,340000.000000,274832.760031,90716.799304,76473.738197,442023.297532,0.050525,0.600000,0.200000,0.200000,0.621761,0.205231,0.173008,10000.000000,0.000000,10.000000
1985-12,10000.000000,350000.000000,296948.484788,96964.399098,78804.666931,472717.550817,0.045781,0.600000,0.200000,0.200000,0.628173,0.205121,0.166706,10000.000000,0.000000,10.000000
1986-01,10000.000000,360000.000000,293965.228231,98444.701444,104808.330787,497218.260462,0.030040,0.600000,0.200000,0.200000,0.591220,0.197991,0.210789,25738.843232,15738.843232,41.477686
1986-02,10000.000000,370000.000000,320329.719314,105518.598069,105423.637663,531271.955046,0.047423,0.600000,0.200000,0.200000,0.602949,0.198615,0.198436,10000.000000,0.000000,10.000000
1986-03,10000.000000,380000.000000,344230.624564,114292.362288,108921.867294,567444.854145,0.048354,0.600000,0.200000,0.200000,0.606633,0.201416,0.191951,10000.000000,0.000000,10.000000
1986-04,10000.000000,390000.000000,362876.715781,121960.685531,109920.674134,594758.075447,0.029982,0.600000,0.200000,0.200000,0.610125,0.205059,0.184816,10000.000000,0.000000,10.000000
1986-05,10000.000000,400000.000000,372853.334382,121943.220826,113235.744282,608032.299490,0.005414,0.600000,0.200000,0.200000,0.613213,0.200554,0.186233,10000.000000,0.000000,10.000000
1986-06,10000.000000,410000.000000,394882.935203,125298.807959,116802.950323,636984.693484,0.030666,0.600000,0.200000,0.200000,0.619925,0.196706,0.183369,10000.000000,0.000000,10.000000
1986-07,10000.000000,420000.000000,390805.083777,131604.527278,119663.253752,642072.864806,-0.007592,0.600000,0.200000,0.200000,0.608662,0.204968,0.186370,10000.000000,0.000000,10.000000
1986-08,10000.000000,430000.000000,407763.832510,136272.759028,132421.549359,676458.140897,0.037397,0.600000,0.200000,0.200000,0.602792,0.201450,0.195757,10000.000000,0.000000,10.000000
1986-09,10000.000000,440000.000000,407095.605082,137599.393257,150330.882534,695025.880873,0.012481,0.600000,0.200000,0.200000,0.585727,0.197977,0.216295,10000.000000,0.000000,10.000000
1986-10,10000.000000,450000.000000,418348.084955,142576.180491,156622.888364,717547.153810,0.017760,0.600000,0.200000,0.200000,0.583025,0.198699,0.218275,10000.000000,0.000000,10.000000
1986-11,10000.000000,460000.000000,447112.992303,149895.298550,151530.314883,748538.605736,0.028852,0.600000,0.200000,0.200000,0.597315,0.200251,0.202435,10000.000000,0.000000,10.000000
1986-12,10000.000000,470000.000000,463405.511522,155161.489955,151664.305411,770231.306888,0.015415,0.600000,0.200000,0.200000,0.601645,0.201448,0.196907,10000.000000,0.000000,10.000000
1987-01,10000.000000,480000.000000,494846.681132,155872.609699,161352.906873,812072.197703,0.040810,0.600000,0.200000,0.200000,0.609363,0.191944,0.198693,12381.955967,2381.955967,14.763912
1987-02,10000.000000,490000.000000,534538.380521,157319.797928,160950.025537,852808.203986,0.037388,0.600000,0.200000,0.200000,0.626798,0.184473,0.188729,10000.000000,0.000000,10.000000
1987-03,10000.000000,500000.000000,558205.818559,158581.011878,164436.731717,881223.562155,0.021344,0.600000,0.200000,0.200000,0.633444,0.179955,0.186600,10000.000000,0.000000,10.000000
1987-04,10000.000000,510000.000000,554645.486078,151907.722372,176731.215614,883284.424063,-0.008908,0.600000,0.200000,0.200000,0.627935,0.171981,0.200084,10000.000000,0.000000,10.000000
1987-05,10000.000000,520000.000000,555100.010363,147233.427910,185531.257279,887864.695552,-0.006067,0.600000,0.200000,0.200000,0.625208,0.165829,0.208963,10000.000000,0.000000,10.000000
1987-06,10000.000000,530000.000000,594240.919289,154438.402434,185926.289328,934605.611051,0.040920,0.600000,0.200000,0.200000,0.635820,0.165244,0.198936,10000.000000,0.000000,10.000000
1987-07,10000.000000,540000.000000,627451.324883,159163.831455,190921.252700,977536.409038,0.034862,0.600000,0.200000,0.200000,0.641870,0.162821,0.195309,10000.000000,0.000000,10.000000
1987-08,10000.000000,550000.000000,678089.727642,159918.212633,198297.090513,1036305.030788,0.049384,0.600000,0.200000,0.200000,0.654334,0.154316,0.191350,10000.000000,0.000000,10.000000
1987-09,10000.000000,560000.000000,658693.695027,155209.973213,198457.035306,1012360.703546,-0.032442,0.600000,0.200000,0.200000,0.650651,0.153315,0.196034,10000.000000,0.000000,10.000000
1987-10,10000.000000,570000.000000,588132.504002,158048.797906,203407.459104,949588.761012,-0.071180,0.600000,0.200000,0.200000,0.619355,0.166439,0.214206,10000.000000,0.000000,10.000000
1987-11,10000.000000,580000.000000,518200.225548,167279.595803,205608.330872,891088.152224,-0.071385,0.600000,0.200000,0.200000,0.581536,0.187725,0.230738,10000.000000,0.000000,10.000000
1987-12,10000.000000,590000.000000,515698.904685,168612.982216,214965.978190,899277.865090,-0.002009,0.600000,0.200000,0.200000,0.573459,0.187498,0.239043,10000.000000,0.000000,10.000000
1988-01,10000.000000,600000.000000,573300.740779,188538.891691,179920.936350,941760.568819,0.035724,0.600000,0.200000,0.200000,0.608754,0.200198,0.191047,45110.405172,35110.405172,80.220810
1988-02,10000.000000,610000.000000,599747.428176,198168.938209,168900.324647,966816.691032,0.015819,0.600000,0.200000,0.200000,0.620332,0.204971,0.174697,10000.000000,0.000000,10.000000
1988-03,10000.000000,620000.000000,621207.781234,198095.808251,170543.160734,989846.750219,0.013339,0.600000,0.200000,0.200000,0.627580,0.200128,0.172292,10000.000000,0.000000,10.000000
1988-04,10000.000000,630000.000000,630193.748606,199611.186726,178065.987484,1007870.922816,0.008025,0.600000,0.200000,0.200000,0.625272,0.198052,0.176675,10000.000000,0.000000,10.000000
1988-05,10000.000000,640000.000000,629743.084416,200648.862736,181824.688296,1012216.635448,-0.005555,0.600000,0.200000,0.200000,0.622143,0.198227,0.179630,10000.000000,0.000000,10.000000
1988-06,10000.000000,650000.000000,697665.112088,213707.543584,190313.988746,1101686.644418,0.077743,0.600000,0.200000,0.200000,0.633270,0.193982,0.172748,10000.000000,0.000000,10.000000
1988-07,10000.000000,660000.000000,716439.020199,219946.726981,190746.529330,1127132.276509,0.013894,0.600000,0.200000,0.200000,0.635630,0.195138,0.169232,10000.000000,0.000000,10.000000
1988-08,10000.000000,670000.000000,716951.779894,222936.477692,191516.695062,1131404.952647,-0.005037,0.600000,0.200000,0.200000,0.633683,0.197044,0.169273,10000.000000,0.000000,10.000000
1988-09,10000.000000,680000.000000,751001.708082,235171.508089,188987.400790,1175160.616961,0.029574,0.600000,0.200000,0.200000,0.639063,0.200119,0.160818,10000.000000,0.000000,10.000000
1988-10,10000.000000,690000.000000,798273.518592,245575.814067,191205.254891,1235054.587551,0.042099,0.600000,0.200000,0.200000,0.646347,0.198838,0.154815,10000.000000,0.000000,10.000000
1988-11,10000.000000,700000.000000,801188.211949,250946.924889,202706.773082,1254841.909920,0.007861,0.600000,0.200000,0.200000,0.638477,0.199983,0.161540,10000.000000,0.000000,10.000000
1988-12,10000.000000,710000.000000,828881.509225,253284.119145,204940.970888,1287106.599258,0.017603,0.600000,0.200000,0.200000,0.643988,0.196786,0.159226,10000.000000,0.000000,10.000000
1989-01,10000.000000,720000.000000,809467.257394,262981.000493,251334.385595,1323782.643482,0.020566,0.600000,0.200000,0.200000,0.611480,0.198659,0.189861,66617.549671,56617.549671,123.235099
1989-02,10000.000000,730000.000000,850630.596283,268229.437173,245685.358865,1364545.392321,0.023064,0.600000,0.200000,0.200000,0.623380,0.196571,0.180049,10000.000000,0.000000,10.000000
1989-03,10000.000000,740000.000000,867972.332687,273026.590052,252666.786615,1393665.709354,0.013910,0.600000,0.200000,0.200000,0.622798,0.195905,0.181297,10000.000000,0.000000,10.000000
1989-04,10000.000000,750000.000000,919785.850755,284890.259254,254809.606742,1459485.716751,0.039767,0.600000,0.200000,0.200000,0.630212,0.195199,0.174589,10000.000000,0.000000,10.000000
1989-05,10000.000000,760000.000000,987414.027867,302263.437379,254172.252908,1543849.718155,0.050605,0.600000,0.200000,0.200000,0.639579,0.195786,0.164635,10000.000000,0.000000,10.000000
1989-06,10000.000000,770000.000000,1047375.825606,324567.996870,259112.700613,1631056.523090,0.049687,0.600000,0.200000,0.200000,0.642146,0.198992,0.158862,10000.000000,0.000000,10.000000
1989-07,10000.000000,780000.000000,1082634.768665,334480.768393,266021.178568,1683136.715626,0.025642,0.600000,0.200000,0.200000,0.643224,0.198725,0.158051,10000.000000,0.000000,10.000000
1989-08,10000.000000,790000.000000,1153099.315075,340651.457800,263941.026148,1757691.799023,0.038128,0.600000,0.200000,0.200000,0.656030,0.193806,0.150163,10000.000000,0.000000,10.000000
1989-09,10000.000000,800000.000000,1173900.063605,345935.774987,265911.818774,1785747.657366,0.010214,0.600000,0.200000,0.200000,0.657372,0.193720,0.148908,10000.000000,0.000000,10.000000
1989-10,10000.000000,810000.000000,1188500.155374,356105.662051,272811.055072,1817416.872497,0.012067,0.600000,0.200000,0.200000,0.653950,0.195941,0.150109,10000.000000,0.000000,10.000000
1989-11,10000.000000,820000.000000,1180208.574077,366190.586446,296883.018377,1843282.178899,0.008682,0.600000,0.200000,0.200000,0.640276,0.198662,0.161062,10000.000000,0.000000,10.000000
1989-12,10000.000000,830000.000000,1219183.481071,371513.000391,310688.099889,1901384.581350,0.025955,0.600000,0.200000,0.200000,0.641208,0.195391,0.163401,10000.000000,0.000000,10.000000
1990-01,10000.000000,840000.000000,1123446.862711,375964.781052,383520.784747,1882932.428511,-0.014886,0.600000,0.200000,0.200000,0.596647,0.199670,0.203683,88352.732260,78352.732260,166.705465
1990-02,10000.000000,850000.000000,1102598.197125,374620.705111,392706.378930,1869925.281166,-0.012154,0.600000,0.200000,0.200000,0.589648,0.200340,0.210012,10000.000000,0.000000,10.000000
1990-03,10000.000000,860000.000000,1147108.344092,379111.333776,374765.978185,1900985.656053,0.011203,0.600000,0.200000,0.200000,0.603428,0.199429,0.197143,10000.000000,0.000000,10.000000
1990-04,10000.000000,870000.000000,1167370.532760,382798.686638,362275.546731,1912444.766129,0.000764,0.600000,0.200000,0.200000,0.610407,0.200162,0.189431,10000.000000,0.000000,10.000000
1990-05,10000.000000,880000.000000,1220677.698032,389048.180465,360031.288141,1969757.166638,0.024611,0.600000,0.200000,0.200000,0.619710,0.197511,0.182780,10000.000000,0.000000,10.000000
1990-06,10000.000000,890000.000000,1272605.798726,403380.780160,347274.250138,2023260.829024,0.021974,0.600000,0.200000,0.200000,0.628988,0.199372,0.171641,10000.000000,0.000000,10.000000
1990-07,10000.000000,900000.000000,1280100.573315,408298.441993,359999.152843,2048398.168151,0.007445,0.600000,0.200000,0.200000,0.624928,0.199326,0.175747,10000.000000,0.000000,10.000000
1990-08,10000.000000,910000.000000,1180540.641389,404155.094532,392429.468955,1977125.204877,-0.039484,0.600000,0.200000,0.200000,0.597100,0.204416,0.198485,10000.000000,0.000000,10.000000
1990-09,10000.000000,920000.000000,1168593.399863,417407.852184,399923.673249,1985924.925297,-0.000604,0.600000,0.200000,0.200000,0.588438,0.210183,0.201379,10000.000000,0.000000,10.000000
1990-10,10000.000000,930000.000000,1161141.670992,432303.090035,398375.070651,1991819.831677,-0.002057,0.600000,0.200000,0.200000,0.582955,0.217039,0.200006,10000.000000,0.000000,10.000000
1990-11,10000.000000,940000.000000,1203550.443801,447569.061166,401954.748414,2053074.253381,0.025604,0.600000,0.200000,0.200000,0.586219,0.217999,0.195782,10000.000000,0.000000,10.000000
1990-12,10000.000000,950000.000000,1267097.663397,462853.395163,399319.702336,2129270.760895,0.032086,0.600000,0.200000,0.200000,0.595085,0.217376,0.187538,10000.000000,0.000000,10.000000
1991-01,10000.000000,960000.000000,1289611.730301,435459.330535,440872.991867,2165944.052703,0.012468,0.600000,0.200000,0.200000,0.595404,0.201048,0.203548,46999.242984,36999.242984,83.998486
1991-02,10000.000000,970000.000000,1487063.362496,460263.072590,431731.162088,2379057.597174,0.093345,0.600000,0.200000,0.200000,0.625064,0.193464,0.181472,10000.000000,0.000000,10.000000
1991-03,10000.000000,980000.000000,1569750.320678,466484.470991,441319.263180,2477554.054848,0.037042,0.600000,0.200000,0.200000,0.633589,0.188284,0.178127,10000.000000,0.000000,10.000000
1991-04,10000.000000,990000.000000,1666896.647290,490199.824177,452286.330086,2609382.801553,0.048975,0.600000,0.200000,0.200000,0.638809,0.187860,0.173331,10000.000000,0.000000,10.000000
1991-05,10000.000000,1000000.000000,1721253.735596,509708.733587,466947.656210,2697910.125392,0.029979,0.600000,0.200000,0.200000,0.637995,0.188927,0.173078,10000.000000,0.000000,10.000000
1991-06,10000.000000,1010000.000000,1779143.022063,521427.749053,494848.771585,2795419.542702,0.032316,0.600000,0.200000,0.200000,0.636449,0.186529,0.177021,10000.000000,0.000000,10.000000
1991-07,10000.000000,1020000.000000,2187780.123228,641335.435813,605843.119345,3434958.678386,0.224401,0.600000,0.200000,0.200000,0.636916,0.186708,0.176376,10000.000000,0.000000,10.000000
1991-08,10000.000000,1030000.000000,2273034.998352,669963.628006,593369.691651,3536368.318009,0.026534,0.600000,0.200000,0.200000,0.642760,0.189450,0.167791,10000.000000,0.000000,10.000000
1991-09,10000.000000,1040000.000000,2271048.302723,687589.889942,583385.832681,3542024.025346,-0.001225,0.600000,0.200000,0.200000,0.641172,0.194123,0.164704,10000.000000,0.000000,10.000000
1991-10,10000.000000,1050000.000000,2277981.467954,698713.058989,601313.577125,3578008.104067,0.007315,0.600000,0.200000,0.200000,0.636662,0.195280,0.168058,10000.000000,0.000000,10.000000
1991-11,10000.000000,1060000.000000,2284760.903990,710584.426848,605104.998938,3600450.329777,0.003468,0.600000,0.200000,0.200000,0.634576,0.197360,0.168064,10000.000000,0.000000,10.000000
1991-12,10000.000000,1070000.000000,2313601.147797,733986.947898,610852.307893,3658440.403588,0.013292,0.600000,0.200000,0.200000,0.632401,0.200628,0.166971,10000.000000,0.000000,10.000000
1992-01,10000.000000,1080000.000000,2366966.244678,742366.795743,718672.431420,3828005.471840,0.043497,0.600000,0.200000,0.200000,0.618329,0.193930,0.187741,130835.772824,120835.772824,251.671546
1992-02,10000.000000,1090000.000000,2370485.301818,736329.430213,724270.713891,3831085.445923,-0.001803,0.600000,0.200000,0.200000,0.618750,0.192199,0.189051,10000.000000,0.000000,10.000000
1992-03,10000.000000,1100000.000000,2568329.374437,799904.590705,770527.964734,4138761.929875,0.077498,0.600000,0.200000,0.200000,0.620555,0.193271,0.186174,10000.000000,0.000000,10.000000
1992-04,10000.000000,1110000.000000,2628287.985172,825073.081813,775207.486690,4228568.553675,0.019236,0.600000,0.200000,0.200000,0.621555,0.195119,0.183326,10000.000000,0.000000,10.000000
1992-05,10000.000000,1120000.000000,2655763.389624,827115.453252,763136.474230,4246015.317106,0.001757,0.600000,0.200000,0.200000,0.625472,0.194798,0.179730,10000.000000,0.000000,10.000000
1992-06,10000.000000,1130000.000000,2624271.875940,841070.806007,773595.206698,4238937.888645,-0.004013,0.600000,0.200000,0.200000,0.619087,0.198415,0.182497,10000.000000,0.000000,10.000000
1992-07,10000.000000,1140000.000000,2684817.764072,874753.565410,804162.324733,4363733.654215,0.027018,0.600000,0.200000,0.200000,0.615257,0.200460,0.184283,10000.000000,0.000000,10.000000
1992-08,10000.000000,1150000.000000,2706604.442639,894368.945312,780569.747401,4381543.135352,0.001786,0.600000,0.200000,0.200000,0.617729,0.204122,0.178150,10000.000000,0.000000,10.000000
1992-09,10000.000000,1160000.000000,2724024.028038,912732.224340,787468.421659,4424224.674037,0.007442,0.600000,0.200000,0.200000,0.615707,0.206303,0.177990,10000.000000,0.000000,10.000000
1992-10,10000.000000,1170000.000000,2697842.290198,908464.461084,787205.979850,4393512.731132,-0.009181,0.600000,0.200000,0.200000,0.614051,0.206774,0.179175,10000.000000,0.000000,10.000000
1992-11,10000.000000,1180000.000000,2778085.599675,897251.602376,768475.439745,4443812.641797,0.009152,0.600000,0.200000,0.200000,0.625158,0.201910,0.172932,10000.000000,0.000000,10.000000
1992-12,10000.000000,1190000.000000,2926134.798001,926967.818667,784135.865216,4637238.481884,0.041184,0.600000,0.200000,0.200000,0.631008,0.199897,0.169095,10000.000000,0.000000,10.000000
1993-01,10000.000000,1200000.000000,2798372.985315,948105.908930,914777.138006,4661256.032252,0.003016,0.600000,0.200000,0.200000,0.600347,0.203401,0.196251,153791.708871,143791.708871,297.583418
1993-02,10000.000000,1210000.000000,2950836.545380,1012598.325516,948306.364919,4911741.235816,0.051482,0.600000,0.200000,0.200000,0.600772,0.206159,0.193069,10000.000000,0.000000,10.000000
1993-03,10000.000000,1220000.000000,3211129.672965,1106639.442825,1013381.993251,5331151.109041,0.083184,0.600000,0.200000,0.200000,0.602333,0.207580,0.190087,10000.000000,0.000000,10.000000
1993-04,10000.000000,1230000.000000,3141203.939003,1103476.615879,1041443.619784,5286124.174666,-0.010302,0.600000,0.200000,0.200000,0.594236,0.208750,0.197015,10000.000000,0.000000,10.000000
1993-05,10000.000000,1240000.000000,3170307.367874,1105368.579869,1119822.893068,5395498.840810,0.018764,0.600000,0.200000,0.200000,0.587584,0.204869,0.207548,10000.000000,0.000000,10.000000
1993-06,10000.000000,1250000.000000,3209427.235354,1121474.391954,1139108.009223,5470009.636531,0.011934,0.600000,0.200000,0.200000,0.586732,0.205022,0.208246,10000.000000,0.000000,10.000000
1993-07,10000.000000,1260000.000000,3210453.991942,1139162.059995,1199866.126802,5549482.178739,0.012677,0.600000,0.200000,0.200000,0.578514,0.205274,0.216212,10000.000000,0.000000,10.000000
1993-08,10000.000000,1270000.000000,3274411.047594,1158266.463740,1162458.535282,5595136.046616,0.006413,0.600000,0.200000,0.200000,0.585225,0.207013,0.207762,10000.000000,0.000000,10.000000
1993-09,10000.000000,1280000.000000,3321204.152165,1192719.378971,1089520.540705,5603444.071842,-0.000302,0.600000,0.200000,0.200000,0.592708,0.212855,0.194438,10000.000000,0.000000,10.000000
1993-10,10000.000000,1290000.000000,3360774.379670,1200021.508514,1116617.771640,5677413.659824,0.011396,0.600000,0.200000,0.200000,0.591955,0.211368,0.196677,10000.000000,0.000000,10.000000
1993-11,10000.000000,1300000.000000,3359381.096622,1169590.065698,1146738.589173,5675709.751494,-0.002058,0.600000,0.200000,0.200000,0.591887,0.206069,0.202043,10000.000000,0.000000,10.000000
1993-12,10000.000000,1310000.000000,3395934.197675,1173038.138164,1176623.217309,5745595.553149,0.010533,0.600000,0.200000,0.200000,0.591050,0.204163,0.204787,10000.000000,0.000000,10.000000
1994-01,10000.000000,1320000.000000,3513234.588056,1158353.146061,1163118.432501,5834706.166617,0.013745,0.600000,0.200000,0.200000,0.602127,0.198528,0.199345,61423.134214,51423.134214,112.846268
1994-02,10000.000000,1330000.000000,3517559.924596,1147336.789774,1150388.807996,5815285.522367,-0.005034,0.600000,0.200000,0.200000,0.604882,0.197297,0.197822,10000.000000,0.000000,10.000000
1994-03,10000.000000,1340000.000000,3469607.631784,1111446.534792,1157160.511518,5738214.678094,-0.014947,0.600000,0.200000,0.200000,0.604649,0.193692,0.201659,10000.000000,0.000000,10.000000
1994-04,10000.000000,1350000.000000,3356803.264042,1080058.184187,1137183.933258,5574045.381487,-0.030300,0.600000,0.200000,0.200000,0.602220,0.193766,0.204014,10000.000000,0.000000,10.000000
1994-05,10000.000000,1360000.000000,3396651.631436,1071869.898762,1150681.911617,5619203.441815,0.006296,0.600000,0.200000,0.200000,0.604472,0.190751,0.204777,10000.000000,0.000000,10.000000
1994-06,10000.000000,1370000.000000,3441347.890175,1086650.628376,1168145.600205,5696144.118757,0.011892,0.600000,0.200000,0.200000,0.604154,0.190770,0.205077,10000.000000,0.000000,10.000000
1994-07,10000.000000,1380000.000000,3428569.348672,1079634.045038,1166810.875387,5675014.269096,-0.005455,0.600000,0.200000,0.200000,0.604152,0.190243,0.205605,10000.000000,0.000000,10.000000
1994-08,10000.000000,1390000.000000,3540001.721800,1092619.145408,1153493.449951,5786114.317160,0.017784,0.600000,0.200000,0.200000,0.611810,0.188835,0.199355,10000.000000,0.000000,10.000000
1994-09,10000.000000,1400000.000000,3574937.310826,1084540.505949,1191965.457045,5851443.273819,0.009546,0.600000,0.200000,0.200000,0.610950,0.185346,0.203705,10000.000000,0.000000,10.000000
1994-10,10000.000000,1410000.000000,3565065.706781,1072507.320259,1187883.125527,5825456.152567,-0.006140,0.600000,0.200000,0.200000,0.611981,0.184107,0.203912,10000.000000,0.000000,10.000000
1994-11,10000.000000,1420000.000000,3560277.701233,1066159.934547,1172374.377943,5798812.013723,-0.006280,0.600000,0.200000,0.200000,0.613967,0.183858,0.202175,10000.000000,0.000000,10.000000
1994-12,10000.000000,1430000.000000,3529174.919718,1086002.947782,1158911.215694,5774089.083195,-0.005978,0.600000,0.200000,0.200000,0.611209,0.188082,0.200709,10000.000000,0.000000,10.000000
1995-01,10000.000000,1440000.000000,3553639.921063,1166097.833658,1156206.021305,5875943.776026,0.015881,0.600000,0.200000,0.200000,0.604778,0.198453,0.196769,78814.868856,68814.868856,147.629738
1995-02,10000.000000,1450000.000000,3696274.619964,1200945.647981,1152308.818088,6049529.086033,0.027793,0.600000,0.200000,0.200000,0.611002,0.198519,0.190479,10000.000000,0.000000,10.000000
1995-03,10000.000000,1460000.000000,3822026.233894,1241308.471356,1177331.584559,6240666.289810,0.029893,0.600000,0.200000,0.200000,0.612439,0.198906,0.188655,10000.000000,0.000000,10.000000
1995-04,10000.000000,1470000.000000,3928696.234706,1255865.071320,1200266.620995,6384827.927021,0.021464,0.600000,0.200000,0.200000,0.615317,0.196695,0.187987,10000.000000,0.000000,10.000000
1995-05,10000.000000,1480000.000000,4067786.482353,1304559.624263,1184215.200491,6556561.307108,0.025291,0.600000,0.200000,0.200000,0.620415,0.198970,0.180615,10000.000000,0.000000,10.000000
1995-06,10000.000000,1490000.000000,4201362.440427,1357252.031570,1194916.297713,6753530.769711,0.028473,0.600000,0.200000,0.200000,0.622099,0.200969,0.176932,10000.000000,0.000000,10.000000
1995-07,10000.000000,1500000.000000,4354058.737173,1354531.385441,1190047.183070,6898637.305685,0.019976,0.600000,0.200000,0.200000,0.631148,0.196348,0.172505,10000.000000,0.000000,10.000000
1995-08,10000.000000,1510000.000000,4411328.953507,1351891.502079,1193690.384993,6956910.840580,0.006987,0.600000,0.200000,0.200000,0.634093,0.194324,0.171583,10000.000000,0.000000,10.000000
1995-09,10000.000000,1520000.000000,4830617.255720,1465540.078521,1257408.647135,7553565.981377,0.084206,0.600000,0.200000,0.200000,0.639515,0.194020,0.166466,10000.000000,0.000000,10.000000
1995-10,10000.000000,1530000.000000,5078059.989016,1552782.703224,1310320.448772,7941163.141012,0.049923,0.600000,0.200000,0.200000,0.639460,0.195536,0.165004,10000.000000,0.000000,10.000000
1995-11,10000.000000,1540000.000000,5212003.666688,1577727.787961,1321211.884111,8110943.338759,0.020095,0.600000,0.200000,0.200000,0.642589,0.194518,0.162893,10000.000000,0.000000,10.000000
1995-12,10000.000000,1550000.000000,5434678.072825,1625486.566855,1339905.463155,8400070.102835,0.034371,0.600000,0.200000,0.200000,0.646980,0.193509,0.159511,10000.000000,0.000000,10.000000
1996-01,10000.000000,1560000.000000,5175953.305101,1738478.748136,1775928.695765,8690360.749002,0.033328,0.600000,0.200000,0.200000,0.595597,0.200047,0.204356,404636.011124,394636.011124,799.272022
1996-02,10000.000000,1570000.000000,5607868.909404,1765672.411211,1844110.114118,9217651.434734,0.059456,0.600000,0.200000,0.200000,0.608384,0.191553,0.200063,10000.000000,0.000000,10.000000
1996-03,10000.000000,1580000.000000,5279663.396398,1617892.380567,1701038.814908,8598594.591873,-0.068171,0.600000,0.200000,0.200000,0.614015,0.188158,0.197828,10000.000000,0.000000,10.000000
1996-04,10000.000000,1590000.000000,5270624.794320,1592583.972315,1682014.004924,8545222.771559,-0.007361,0.600000,0.200000,0.200000,0.616792,0.186371,0.196837,10000.000000,0.000000,10.000000
1996-05,10000.000000,1600000.000000,5511898.618797,1609434.987005,1714256.875855,8835590.481657,0.032772,0.600000,0.200000,0.200000,0.623829,0.182154,0.194017,10000.000000,0.000000,10.000000
1996-06,10000.000000,1610000.000000,5600330.686164,1604457.174408,1689192.907653,8893980.768225,0.005471,0.600000,0.200000,0.200000,0.629677,0.180398,0.189925,10000.000000,0.000000,10.000000
1996-07,10000.000000,1620000.000000,5498956.662206,1646483.225892,1709621.658629,8855061.546728,-0.005494,0.600000,0.200000,0.200000,0.620996,0.185937,0.193067,10000.000000,0.000000,10.000000
1996-08,10000.000000,1630000.000000,5695380.175765,1691413.673253,1735930.239431,9122724.088448,0.029065,0.600000,0.200000,0.200000,0.624307,0.185407,0.190286,10000.000000,0.000000,10.000000
1996-09,10000.000000,1640000.000000,5828127.733445,1683160.852185,1723328.313333,9234616.898963,0.011157,0.600000,0.200000,0.200000,0.631117,0.182266,0.186616,10000.000000,0.000000,10.000000
1996-10,10000.000000,1650000.000000,6063213.310640,1728028.329126,1713139.793455,9504381.433221,0.028099,0.600000,0.200000,0.200000,0.637939,0.181814,0.180247,10000.000000,0.000000,10.000000
1996-11,10000.000000,1660000.000000,6382167.832689,1783035.197798,1703324.926408,9868527.956894,0.037222,0.600000,0.200000,0.200000,0.646719,0.180679,0.172602,10000.000000,0.000000,10.000000
1996-12,10000.000000,1670000.000000,6472336.187957,1783341.268410,1666685.095505,9922362.551872,0.004437,0.600000,0.200000,0.200000,0.652298,0.179730,0.167973,10000.000000,0.000000,10.000000
1997-01,10000.000000,1680000.000000,6156705.590178,1957857.694505,1912085.655369,10026648.940052,0.009493,0.600000,0.200000,0.200000,0.614034,0.195265,0.190700,528918.656834,518918.656834,1047.837314
1997-02,10000.000000,1690000.000000,6429100.313664,1992611.986730,1870261.604771,10291973.905165,0.025439,0.600000,0.200000,0.200000,0.624671,0.193608,0.181720,10000.000000,0.000000,10.000000
1997-03,10000.000000,1700000.000000,6393943.699861,1966385.680093,1898935.969512,10259265.349466,-0.004146,0.600000,0.200000,0.200000,0.623236,0.191669,0.185095,10000.000000,0.000000,10.000000
1997-04,10000.000000,1710000.000000,6172235.884546,1948323.255769,1854795.748039,9975354.888354,-0.028620,0.600000,0.200000,0.200000,0.618749,0.195314,0.185938,10000.000000,0.000000,10.000000
1997-05,10000.000000,1720000.000000,6747106.939625,1986464.656965,1856622.859235,10590194.455825,0.060573,0.600000,0.200000,0.200000,0.637109,0.187576,0.175315,10000.000000,0.000000,10.000000
1997-06,10000.000000,1730000.000000,7112588.371470,2030947.461601,1842175.635994,10985711.469064,0.036369,0.600000,0.200000,0.200000,0.647440,0.184872,0.167688,10000.000000,0.000000,10.000000
1997-07,10000.000000,1740000.000000,7511600.939637,2079878.703398,1748674.479981,11340154.123016,0.031325,0.600000,0.200000,0.200000,0.662390,0.183408,0.154202,10000.000000,0.000000,10.000000
1997-08,10000.000000,1750000.000000,7598839.363697,2095718.664727,1763459.905213,11458017.933637,0.009503,0.600000,0.200000,0.200000,0.663190,0.182904,0.153906,10000.000000,0.000000,10.000000
1997-09,10000.000000,1760000.000000,7795308.240058,2150087.783761,1782840.150780,11728236.174599,0.022691,0.600000,0.200000,0.200000,0.664662,0.183326,0.152013,10000.000000,0.000000,10.000000
1997-10,10000.000000,1770000.000000,7891922.293439,2181391.249081,1787342.990872,11860656.533392,0.010429,0.600000,0.200000,0.200000,0.665387,0.183918,0.150695,10000.000000,0.000000,10.000000
1997-11,10000.000000,1780000.000000,8019166.020614,2279025.512171,1730534.721970,12028726.254755,0.013316,0.600000,0.200000,0.200000,0.666668,0.189465,0.143867,10000.000000,0.000000,10.000000
1997-12,10000.000000,1790000.000000,8702903.723615,2434555.485001,1728919.027829,12866378.236445,0.068749,0.600000,0.200000,0.200000,0.676407,0.189218,0.134375,10000.000000,0.000000,10.000000
1998-01,10000.000000,1800000.000000,7741186.813314,2639244.959837,2574292.236643,12954724.009794,0.006084,0.600000,0.200000,0.200000,0.597557,0.203728,0.198715,993076.781749,983076.781749,1976.153563
1998-02,10000.000000,1810000.000000,8162998.141285,2621713.123401,2621856.760212,13406568.024899,0.034080,0.600000,0.200000,0.200000,0.608881,0.195554,0.195565,10000.000000,0.000000,10.000000
1998-03,10000.000000,1820000.000000,8726659.813292,2657780.896926,2652608.606028,14037049.316246,0.046247,0.600000,0.200000,0.200000,0.621688,0.189340,0.188972,10000.000000,0.000000,10.000000
1998-04,10000.000000,1830000.000000,9060708.391273,2683378.291621,2771601.180533,14515687.863427,0.033362,0.600000,0.200000,0.200000,0.624201,0.184861,0.190938,10000.000000,0.000000,10.000000
1998-05,10000.000000,1840000.000000,9221079.980256,2747980.865609,2744487.212570,14713548.058435,0.012933,0.600000,0.200000,0.200000,0.626707,0.186765,0.186528,10000.000000,0.000000,10.000000
1998-06,10000.000000,1850000.000000,9671099.969583,2925188.327257,2807988.711892,15404277.008732,0.046234,0.600000,0.200000,0.200000,0.627819,0.189895,0.182286,10000.000000,0.000000,10.000000
1998-07,10000.000000,1860000.000000,10167895.077857,2966534.019477,2835915.452834,15970344.550169,0.036075,0.600000,0.200000,0.200000,0.636673,0.185753,0.177574,10000.000000,0.000000,10.000000
1998-08,10000.000000,1870000.000000,9515996.639566,3025511.058735,2765660.593394,15307168.291695,-0.042125,0.600000,0.200000,0.200000,0.621669,0.197653,0.180677,10000.000000,0.000000,10.000000
1998-09,10000.000000,1880000.000000,8999780.853680,3146854.549836,2799037.034956,14945672.438471,-0.024254,0.600000,0.200000,0.200000,0.602166,0.210553,0.187281,10000.000000,0.000000,10.000000
1998-10,10000.000000,1890000.000000,9082456.753282,3217265.924033,2856435.632088,15156158.309403,0.013405,0.600000,0.200000,0.200000,0.599259,0.212274,0.188467,10000.000000,0.000000,10.000000
1998-11,10000.000000,1900000.000000,10093964.870624,3158563.101533,2841403.656425,16093931.628581,0.061174,0.600000,0.200000,0.200000,0.627191,0.196258,0.176551,10000.000000,0.000000,10.000000
1998-12,10000.000000,1910000.000000,10554741.756667,3230396.392166,2834875.125611,16620013.274443,0.032047,0.600000,0.200000,0.200000,0.635062,0.194368,0.170570,10000.000000,0.000000,10.000000
1999-01,10000.000000,1920000.000000,10469704.322096,3316832.055376,3265319.707226,17051856.084698,0.025366,0.600000,0.200000,0.200000,0.613992,0.194514,0.191494,592733.792001,582733.792001,1175.467584
1999-02,10000.000000,1930000.000000,10465338.764325,3258869.304423,3266265.683238,16990473.751987,-0.004184,0.600000,0.200000,0.200000,0.615953,0.191806,0.192241,10000.000000,0.000000,10.000000
1999-03,10000.000000,1940000.000000,10773535.368576,3215821.666418,3255689.148646,17245046.183640,0.014386,0.600000,0.200000,0.200000,0.624732,0.186478,0.188790,10000.000000,0.000000,10.000000
1999-04,10000.000000,1950000.000000,11311854.823590,3265618.262238,3244798.025575,17822271.111403,0.032873,0.600000,0.200000,0.200000,0.634703,0.183232,0.182064,10000.000000,0.000000,10.000000
1999-05,10000.000000,1960000.000000,11323095.770841,3197528.148674,3171088.871986,17691712.791501,-0.007882,0.600000,0.200000,0.200000,0.640023,0.180736,0.179241,10000.000000,0.000000,10.000000
1999-06,10000.000000,1970000.000000,11352704.631053,3154569.092690,3025399.866354,17532673.590096,-0.009549,0.600000,0.200000,0.200000,0.647517,0.179925,0.172558,10000.000000,0.000000,10.000000
1999-07,10000.000000,1980000.000000,11911945.472136,3208663.911246,2979297.113344,18099906.496727,0.031764,0.600000,0.200000,0.200000,0.658122,0.177275,0.164603,10000.000000,0.000000,10.000000
1999-08,10000.000000,1990000.000000,11506860.099108,3201230.272525,3003054.153957,17711144.525590,-0.022019,0.600000,0.200000,0.200000,0.649696,0.180747,0.169557,10000.000000,0.000000,10.000000
1999-09,10000.000000,2000000.000000,11468969.367581,3230870.917182,3105354.377949,17805194.662712,0.004743,0.600000,0.200000,0.200000,0.644136,0.181457,0.174407,10000.000000,0.000000,10.000000
1999-10,10000.000000,2010000.000000,11317176.104498,3200305.543546,3642953.055197,18160434.703241,0.019379,0.600000,0.200000,0.200000,0.623178,0.176224,0.200598,10000.000000,0.000000,10.000000
1999-11,10000.000000,2020000.000000,12101390.390346,3230475.888574,3426514.600264,18758380.879184,0.032357,0.600000,0.200000,0.200000,0.645119,0.172215,0.182666,10000.000000,0.000000,10.000000
1999-12,10000.000000,2030000.000000,12466323.196952,3194569.463057,3316520.266626,18977412.926635,0.011137,0.600000,0.200000,0.200000,0.656903,0.168335,0.174761,10000.000000,0.000000,10.000000
2000-01,10000.000000,2040000.000000,11394746.646673,3719003.603887,3816208.960239,18929959.210799,-0.003026,0.600000,0.200000,0.200000,0.601942,0.196461,0.201596,1089875.440970,1079875.440970,2169.750882
2000-02,10000.000000,2050000.000000,11134673.220699,3784855.962307,4039285.364569,18958814.547574,0.000996,0.600000,0.200000,0.200000,0.587309,0.199636,0.213056,10000.000000,0.000000,10.000000
2000-03,10000.000000,2060000.000000,11575551.318739,3877964.574181,3851304.408649,19304820.301568,0.017714,0.600000,0.200000,0.200000,0.599620,0.200881,0.199500,10000.000000,0.000000,10.000000
2000-04,10000.000000,2070000.000000,11759033.546947,3981918.048893,3776475.115994,19517426.711834,0.010490,0.600000,0.200000,0.200000,0.602489,0.204019,0.193492,10000.000000,0.000000,10.000000
2000-05,10000.000000,2080000.000000,11533408.484041,3908589.359849,3744232.770424,19186230.614313,-0.017473,0.600000,0.200000,0.200000,0.601129,0.203718,0.195152,10000.000000,0.000000,10.000000
2000-06,10000.000000,2090000.000000,12089352.623924,4092010.144486,3956595.128326,20137957.896736,0.049058,0.600000,0.200000,0.200000,0.600327,0.203199,0.196474,10000.000000,0.000000,10.000000
2000-07,10000.000000,2100000.000000,12220000.174350,4137299.832838,3910204.429139,20267504.436327,0.005933,0.600000,0.200000,0.200000,0.602936,0.204135,0.192930,10000.000000,0.000000,10.000000
2000-08,10000.000000,2110000.000000,12596339.925071,4315540.812879,3886558.677495,20798439.415445,0.025690,0.600000,0.200000,0.200000,0.605639,0.207493,0.186868,10000.000000,0.000000,10.000000
2000-09,10000.000000,2120000.000000,12520557.072190,4367113.538102,3898801.833835,20786472.444128,-0.001056,0.600000,0.200000,0.200000,0.602342,0.210094,0.187564,10000.000000,0.000000,10.000000
2000-10,10000.000000,2130000.000000,11991481.174454,4453703.595082,3882085.129180,20327269.898717,-0.022562,0.600000,0.200000,0.200000,0.589921,0.219100,0.190979,10000.000000,0.000000,10.000000
2000-11,10000.000000,2140000.000000,12006384.480360,4521952.827342,3859197.548591,20387534.856293,0.002472,0.600000,0.200000,0.200000,0.588908,0.221800,0.189292,10000.000000,0.000000,10.000000
2000-12,10000.000000,2150000.000000,11604406.141216,4708090.328292,3930674.319141,20243170.788649,-0.007568,0.600000,0.200000,0.200000,0.573250,0.232577,0.194173,10000.000000,0.000000,10.000000
2001-01,10000.000000,2160000.000000,12161856.788133,4078027.611830,3946241.181041,20186125.581004,-0.003310,0.600000,0.200000,0.200000,0.602486,0.202021,0.195493,669456.170562,659456.170562,1328.912341
2001-02,10000.000000,2170000.000000,11894579.086919,4111829.391113,3899170.824848,19905579.302880,-0.014386,0.600000,0.200000,0.200000,0.597550,0.206567,0.195883,10000.000000,0.000000,10.000000
2001-03,10000.000000,2180000.000000,10841298.695548,4206820.063066,3923762.836587,18971881.595201,-0.047385,0.600000,0.200000,0.200000,0.571440,0.221740,0.206820,10000.000000,0.000000,10.000000
2001-04,10000.000000,2190000.000000,10927587.030044,4157045.766697,3892243.879227,18976876.675967,-0.000264,0.600000,0.200000,0.200000,0.575837,0.219058,0.205105,10000.000000,0.000000,10.000000
2001-05,10000.000000,2200000.000000,11725375.045532,4111688.747644,4087794.409114,19924858.202290,0.049402,0.600000,0.200000,0.200000,0.588480,0.206360,0.205161,10000.000000,0.000000,10.000000
2001-06,10000.000000,2210000.000000,11474343.895521,4175191.894619,4067944.032394,19717479.822534,-0.010904,0.600000,0.200000,0.200000,0.581938,0.211751,0.206312,10000.000000,0.000000,10.000000
2001-07,10000.000000,2220000.000000,11207170.549343,4220504.227583,4051447.583210,19479122.360136,-0.012589,0.600000,0.200000,0.200000,0.575343,0.216668,0.207989,10000.000000,0.000000,10.000000
2001-08,10000.000000,2230000.000000,10981060.806522,4328290.431923,4112933.180480,19422284.418925,-0.003429,0.600000,0.200000,0.200000,0.565385,0.222852,0.211764,10000.000000,0.000000,10.000000
2001-09,10000.000000,2240000.000000,9872166.913584,4484638.641759,4334408.359170,18691213.914513,-0.038136,0.600000,0.200000,0.200000,0.528172,0.239933,0.231895,10000.000000,0.000000,10.000000
2001-10,10000.000000,2250000.000000,10256785.738704,4589735.419590,4363677.090876,19210198.249171,0.027217,0.600000,0.200000,0.200000,0.533924,0.238922,0.227154,10000.000000,0.000000,10.000000
2001-11,10000.000000,2260000.000000,10779489.019355,4579499.092592,4256945.636230,19615933.748176,0.020590,0.600000,0.200000,0.200000,0.549527,0.233458,0.217015,10000.000000,0.000000,10.000000
2001-12,10000.000000,2270000.000000,10918889.061677,4433757.965260,4249325.110835,19601972.137772,-0.001221,0.600000,0.200000,0.200000,0.557030,0.226189,0.216780,10000.000000,0.000000,10.000000
2002-01,10000.000000,2280000.000000,11833633.963802,3988394.294156,4042329.224911,19864357.482869,0.012869,0.600000,0.200000,0.200000,0.595722,0.200781,0.203497,852294.220986,842294.220986,1694.588442
2002-02,10000.000000,2290000.000000,11528693.801512,4077922.738264,4277022.367586,19883638.907362,0.000467,0.600000,0.200000,0.200000,0.579808,0.205089,0.215103,10000.000000,0.000000,10.000000
2002-03,10000.000000,2300000.000000,12117508.681621,3985307.734647,4254461.250795,20357277.667064,0.023306,0.600000,0.200000,0.200000,0.595242,0.195768,0.208990,10000.000000,0.000000,10.000000
2002-04,10000.000000,2310000.000000,11738663.229934,4040445.996591,4402222.030555,20181331.257080,-0.009130,0.600000,0.200000,0.200000,0.581660,0.200207,0.218133,10000.000000,0.000000,10.000000
2002-05,10000.000000,2320000.000000,11431652.192780,4082043.371647,4571402.096934,20085097.661360,-0.005261,0.600000,0.200000,0.200000,0.569161,0.203237,0.227602,10000.000000,0.000000,10.000000
2002-06,10000.000000,2330000.000000,10753227.799525,4171792.603440,4672226.051916,19597246.454881,-0.024775,0.600000,0.200000,0.200000,0.548711,0.212876,0.238412,10000.000000,0.000000,10.000000
2002-07,10000.000000,2340000.000000,9563213.388129,4265781.401135,4539467.295391,18368462.084655,-0.063180,0.600000,0.200000,0.200000,0.520632,0.232234,0.247134,10000.000000,0.000000,10.000000
2002-08,10000.000000,2350000.000000,9643922.357937,4402164.058910,4482014.506539,18528100.923386,0.008142,0.600000,0.200000,0.200000,0.520502,0.237594,0.241904,10000.000000,0.000000,10.000000
2002-09,10000.000000,2360000.000000,9161969.574164,4545836.782112,4599718.880845,18307525.237121,-0.012438,0.600000,0.200000,0.200000,0.500448,0.248304,0.251247,10000.000000,0.000000,10.000000
2002-10,10000.000000,2370000.000000,9028770.938591,4529621.178009,4565854.640783,18124246.757383,-0.010552,0.600000,0.200000,0.200000,0.498160,0.249921,0.251920,10000.000000,0.000000,10.000000
2002-11,10000.000000,2380000.000000,9612885.451576,4496534.887266,4586896.319582,18696316.658425,0.030995,0.600000,0.200000,0.200000,0.514159,0.240504,0.245337,10000.000000,0.000000,10.000000
2002-12,10000.000000,2390000.000000,9492546.416483,4508295.152653,4762470.107733,18763311.676869,0.003047,0.600000,0.200000,0.200000,0.505910,0.240272,0.253818,10000.000000,0.000000,10.000000
2003-01,10000.000000,2400000.000000,11191901.873188,3745452.804391,4020501.496914,18957856.174493,0.009830,0.600000,0.200000,0.200000,0.590357,0.197567,0.212076,1775440.589639,1765440.589639,3540.881179
2003-02,10000.000000,2410000.000000,10433745.725698,3789320.197426,4027346.849994,18250412.773118,-0.037824,0.600000,0.200000,0.200000,0.571699,0.207629,0.220672,10000.000000,0.000000,10.000000
2003-03,10000.000000,2420000.000000,10560620.818534,3825927.509863,3821649.092033,18208197.420429,-0.002859,0.600000,0.200000,0.200000,0.579993,0.210121,0.209886,10000.000000,0.000000,10.000000
2003-04,10000.000000,2430000.000000,11058461.149754,3770625.461218,3655830.262083,18484916.873056,0.014640,0.600000,0.200000,0.200000,0.598242,0.203984,0.197774,10000.000000,0.000000,10.000000
2003-05,10000.000000,2440000.000000,11583156.272342,3883885.291809,3946550.071435,19413591.635586,0.049672,0.600000,0.200000,0.200000,0.596652,0.200060,0.203288,10000.000000,0.000000,10.000000
2003-06,10000.000000,2450000.000000,12143472.808347,3941017.757697,3914141.772956,19998632.339000,0.029605,0.600000,0.200000,0.200000,0.607215,0.197064,0.195720,10000.000000,0.000000,10.000000
2003-07,10000.000000,2460000.000000,12096374.174067,3707183.855095,3821492.551432,19625050.580595,-0.019171,0.600000,0.200000,0.200000,0.616374,0.188901,0.194725,10000.000000,0.000000,10.000000
2003-08,10000.000000,2470000.000000,12013148.990365,3562441.126592,3899104.336690,19474694.453647,-0.008167,0.600000,0.200000,0.200000,0.616859,0.182927,0.200214,10000.000000,0.000000,10.000000
2003-09,10000.000000,2480000.000000,12369680.881874,3620480.730711,4097252.685760,20087414.298345,0.030933,0.600000,0.200000,0.200000,0.615793,0.180236,0.203971,10000.000000,0.000000,10.000000
2003-10,10000.000000,2490000.000000,12504598.191708,3594487.743773,4059632.126439,20158718.061920,0.003050,0.600000,0.200000,0.200000,0.620307,0.178309,0.201383,10000.000000,0.000000,10.000000
2003-11,10000.000000,2500000.000000,12704098.194157,3618442.795080,4193395.364061,20515936.353298,0.017216,0.600000,0.200000,0.200000,0.619231,0.176372,0.204397,10000.000000,0.000000,10.000000
2003-12,10000.000000,2510000.000000,13105169.959713,3643695.811870,4380162.805139,21129028.576722,0.029382,0.600000,0.200000,0.200000,0.620245,0.172450,0.207305,10000.000000,0.000000,10.000000
2004-01,10000.000000,2520000.000000,13274111.942296,4272413.265200,4289137.239637,21835662.447134,0.032955,0.600000,0.200000,0.200000,0.607910,0.195662,0.196428,592109.903475,582109.903475,1174.219807
2004-02,10000.000000,2530000.000000,13370252.682646,4295993.708882,4180912.788456,21847159.179984,0.000069,0.600000,0.200000,0.200000,0.611990,0.196639,0.191371,10000.000000,0.000000,10.000000
2004-03,10000.000000,2540000.000000,13078671.626113,4371088.547644,4175405.770527,21625165.944283,-0.010614,0.600000,0.200000,0.200000,0.604789,0.202130,0.193081,10000.000000,0.000000,10.000000
2004-04,10000.000000,2550000.000000,12894788.893015,4104684.973525,4037238.113658,21036711.980198,-0.027661,0.600000,0.200000,0.200000,0.612966,0.195120,0.191914,10000.000000,0.000000,10.000000
2004-05,10000.000000,2560000.000000,12937607.015752,4119394.273992,3961366.304606,21018367.594351,-0.001347,0.600000,0.200000,0.200000,0.615538,0.195990,0.188472,10000.000000,0.000000,10.000000
2004-06,10000.000000,2570000.000000,13409914.920640,4164315.337390,4075238.664016,21649468.922046,0.029536,0.600000,0.200000,0.200000,0.619411,0.192352,0.188237,10000.000000,0.000000,10.000000
2004-07,10000.000000,2580000.000000,13274951.127608,4310471.649301,4189953.052497,21775375.829406,0.005351,0.600000,0.200000,0.200000,0.609631,0.197952,0.192417,10000.000000,0.000000,10.000000
2004-08,10000.000000,2590000.000000,13172389.242842,4430125.356660,4247969.848000,21850484.447502,0.002989,0.600000,0.200000,0.200000,0.602842,0.202747,0.194411,10000.000000,0.000000,10.000000
2004-09,10000.000000,2600000.000000,13466955.806602,4475613.982580,4267601.913193,22210171.702376,0.015996,0.600000,0.200000,0.200000,0.606342,0.201512,0.192146,10000.000000,0.000000,10.000000
2004-10,10000.000000,2610000.000000,13393268.023842,4472652.340572,4397035.639263,22262956.003677,0.001925,0.600000,0.200000,0.200000,0.601594,0.200901,0.197505,10000.000000,0.000000,10.000000
2004-11,10000.000000,2620000.000000,13823136.540138,4389016.531859,4527361.174500,22739514.246497,0.020947,0.600000,0.200000,0.200000,0.607891,0.193013,0.199097,10000.000000,0.000000,10.000000
2004-12,10000.000000,2630000.000000,13832325.405277,4276612.644123,4440259.350827,22549197.400228,-0.008805,0.600000,0.200000,0.200000,0.613429,0.189657,0.196914,10000.000000,0.000000,10.000000
2005-01,10000.000000,2640000.000000,13281880.039105,4507270.015672,4305081.417432,22094231.472209,-0.020611,0.600000,0.200000,0.200000,0.601147,0.204002,0.194851,312806.965141,302806.965141,615.613930
2005-02,10000.000000,2650000.000000,13499127.040749,4539201.849272,4293059.322237,22331388.212258,0.010277,0.600000,0.200000,0.200000,0.604491,0.203266,0.192243,10000.000000,0.000000,10.000000
2005-03,10000.000000,2660000.000000,13473787.494533,4439206.648526,4407790.802155,22320784.945213,-0.000922,0.600000,0.200000,0.200000,0.603643,0.198882,0.197475,10000.000000,0.000000,10.000000
2005-04,10000.000000,2670000.000000,13171905.945571,4520411.013318,4364565.296427,22056882.255315,-0.012266,0.600000,0.200000,0.200000,0.597179,0.204943,0.197878,10000.000000,0.000000,10.000000
2005-05,10000.000000,2680000.000000,13282827.816299,4587161.584262,4272440.822690,22142430.223251,0.003424,0.600000,0.200000,0.200000,0.599881,0.207166,0.192953,10000.000000,0.000000,10.000000
2005-06,10000.000000,2690000.000000,13614583.198191,4669500.000773,4377165.200719,22661248.399683,0.022969,0.600000,0.200000,0.200000,0.600787,0.206057,0.193156,10000.000000,0.000000,10.000000
2005-07,10000.000000,2700000.000000,13837975.631476,4609770.167901,4299082.298672,22746828.098049,0.003334,0.600000,0.200000,0.200000,0.608347,0.202656,0.188997,10000.000000,0.000000,10.000000
2005-08,10000.000000,2710000.000000,13923976.339971,4610524.439725,4454963.474266,22989464.253962,0.010223,0.600000,0.200000,0.200000,0.605668,0.200549,0.193783,10000.000000,0.000000,10.000000
2005-09,10000.000000,2720000.000000,14063939.125824,4682789.831622,4671683.591818,23418412.549264,0.018216,0.600000,0.200000,0.200000,0.600550,0.199962,0.199488,10000.000000,0.000000,10.000000
2005-10,10000.000000,2730000.000000,13985462.869840,4700121.517360,4917291.968920,23602876.356121,0.007447,0.600000,0.200000,0.200000,0.592532,0.199133,0.208334,10000.000000,0.000000,10.000000
2005-11,10000.000000,2740000.000000,14829775.654758,4781406.242280,5090047.784191,24701229.681229,0.046092,0.600000,0.200000,0.200000,0.600366,0.193570,0.206065,10000.000000,0.000000,10.000000
2005-12,10000.000000,2750000.000000,15131219.256256,4820872.473321,5436188.629491,25388280.359068,0.027399,0.600000,0.200000,0.200000,0.595992,0.189886,0.214122,10000.000000,0.000000,10.000000
2006-01,10000.000000,2760000.000000,14999745.551769,4965603.241808,5314119.439851,25279468.233429,-0.004678,0.600000,0.200000,0.200000,0.593357,0.196428,0.210215,368532.557677,358532.557677,727.065115
2006-02,10000.000000,2770000.000000,15013086.278234,4930244.915904,5367965.270654,25311296.464793,0.000863,0.600000,0.200000,0.200000,0.593138,0.194784,0.212078,10000.000000,0.000000,10.000000
2006-03,10000.000000,2780000.000000,15279434.001971,4904897.823866,5402449.547494,25586781.373330,0.010485,0.600000,0.200000,0.200000,0.597161,0.191697,0.211142,10000.000000,0.000000,10.000000
2006-04,10000.000000,2790000.000000,15576585.474886,4876496.165587,5993474.000753,26446555.641226,0.033198,0.600000,0.200000,0.200000,0.588984,0.184391,0.226626,10000.000000,0.000000,10.000000
2006-05,10000.000000,2800000.000000,15588097.532266,4893893.240164,6678355.125799,27160345.898229,0.026602,0.600000,0.200000,0.200000,0.573929,0.180185,0.245886,10000.000000,0.000000,10.000000
2006-06,10000.000000,2810000.000000,15404685.642087,4992096.733137,5988908.041775,26385690.416999,-0.028879,0.600000,0.200000,0.200000,0.583827,0.189197,0.226976,10000.000000,0.000000,10.000000
2006-07,10000.000000,2820000.000000,15683628.987126,5075485.352684,6439384.498950,27198498.838760,0.030414,0.600000,0.200000,0.200000,0.576636,0.186609,0.236755,10000.000000,0.000000,10.000000
2006-08,10000.000000,2830000.000000,16076397.379573,5190846.124706,6442124.114341,27709367.618620,0.018409,0.600000,0.200000,0.200000,0.580179,0.187332,0.232489,10000.000000,0.000000,10.000000
2006-09,10000.000000,2840000.000000,16334816.453668,5229647.029049,6030716.490846,27595179.973562,-0.004480,0.600000,0.200000,0.200000,0.591945,0.189513,0.218542,10000.000000,0.000000,10.000000
2006-10,10000.000000,2850000.000000,16690532.312635,5173373.814784,5827460.310644,27691366.438063,0.003122,0.600000,0.200000,0.200000,0.602734,0.186823,0.210443,10000.000000,0.000000,10.000000
2006-11,10000.000000,2860000.000000,16794355.907836,5176014.675952,6160561.289107,28130931.872896,0.015507,0.600000,0.200000,0.200000,0.597007,0.183997,0.218996,10000.000000,0.000000,10.000000
2006-12,10000.000000,2870000.000000,17068333.831647,5186001.474126,6148707.145374,28403042.451147,0.009314,0.600000,0.200000,0.200000,0.600933,0.182586,0.216481,10000.000000,0.000000,10.000000
2007-01,10000.000000,2880000.000000,17058328.800525,5579988.686665,5655949.250269,28294266.737460,-0.004180,0.600000,0.200000,0.200000,0.602890,0.197213,0.199897,504607.016103,494607.016103,999.214032
2007-02,10000.000000,2890000.000000,17263457.957797,5597906.708098,5937629.598493,28798994.264389,0.017479,0.600000,0.200000,0.200000,0.599447,0.194379,0.206175,10000.000000,0.000000,10.000000
2007-03,10000.000000,2900000.000000,16755793.356107,5663557.369774,5820287.114787,28239637.840668,-0.019763,0.600000,0.200000,0.200000,0.593343,0.200553,0.206103,10000.000000,0.000000,10.000000
2007-04,10000.000000,2910000.000000,16754302.781714,5400922.258867,5790852.923905,27946077.964486,-0.010746,0.600000,0.200000,0.200000,0.599523,0.193262,0.207215,10000.000000,0.000000,10.000000
2007-05,10000.000000,2920000.000000,16731172.753968,5212460.090778,5494234.430150,27437867.274896,-0.018537,0.600000,0.200000,0.200000,0.609784,0.189973,0.200243,10000.000000,0.000000,10.000000
2007-06,10000.000000,2930000.000000,16803959.667138,5097172.146582,5408507.996304,27309639.810024,-0.005036,0.600000,0.200000,0.200000,0.615312,0.186644,0.198044,10000.000000,0.000000,10.000000
2007-07,10000.000000,2940000.000000,16774636.474135,5120068.464614,5441941.867385,27336646.806134,0.000623,0.600000,0.200000,0.200000,0.613632,0.187297,0.199071,10000.000000,0.000000,10.000000
2007-08,10000.000000,2950000.000000,16237437.138673,5329455.892211,5498725.564451,27065618.595335,-0.010277,0.600000,0.200000,0.200000,0.599929,0.196909,0.203163,10000.000000,0.000000,10.000000
2007-09,10000.000000,2960000.000000,16534778.030898,5348241.551911,5824464.930876,27707484.513684,0.023337,0.600000,0.200000,0.200000,0.596762,0.193025,0.210213,10000.000000,0.000000,10.000000
2007-10,10000.000000,2970000.000000,16693232.494565,5258307.952283,6045679.530724,27997219.977571,0.010092,0.600000,0.200000,0.200000,0.596246,0.187815,0.215939,10000.000000,0.000000,10.000000
2007-11,10000.000000,2980000.000000,15880699.582285,5435871.577271,6449734.220258,27766305.379814,-0.008602,0.600000,0.200000,0.200000,0.571941,0.195772,0.232286,10000.000000,0.000000,10.000000
2007-12,10000.000000,2990000.000000,16103159.439800,5485376.969298,6435612.374400,28024148.783498,0.008923,0.600000,0.200000,0.200000,0.574617,0.195738,0.229645,10000.000000,0.000000,10.000000
2008-01,10000.000000,3000000.000000,15660647.101841,5775804.149412,6196974.739480,27633425.990733,-0.014294,0.600000,0.200000,0.200000,0.566728,0.209015,0.224256,840782.617700,830782.617700,1671.565235
2008-02,10000.000000,3010000.000000,15581030.288986,5855719.475634,6488238.126138,27924987.890758,0.010185,0.600000,0.200000,0.200000,0.557960,0.209695,0.232345,10000.000000,0.000000,10.000000
2008-03,10000.000000,3020000.000000,15358065.344577,6059179.978060,6895059.588031,28312304.910668,0.013507,0.600000,0.200000,0.200000,0.542452,0.214012,0.243536,10000.000000,0.000000,10.000000
2008-04,10000.000000,3030000.000000,15944906.962639,5967304.315820,6454990.550499,28367201.828958,0.001585,0.600000,0.200000,0.200000,0.562090,0.210359,0.227551,10000.000000,0.000000,10.000000
2008-05,10000.000000,3040000.000000,17192689.857667,6190028.742009,6629181.753297,30011900.352973,0.057606,0.600000,0.200000,0.200000,0.572862,0.206252,0.220885,10000.000000,0.000000,10.000000
2008-06,10000.000000,3050000.000000,16766861.631685,6212574.672360,6751387.909503,29730824.213548,-0.009695,0.600000,0.200000,0.200000,0.563955,0.208961,0.227084,10000.000000,0.000000,10.000000
2008-07,10000.000000,3060000.000000,15730998.636523,6272299.498921,7130693.444964,29133991.580408,-0.020404,0.600000,0.200000,0.200000,0.539953,0.215291,0.244755,10000.000000,0.000000,10.000000
2008-08,10000.000000,3070000.000000,16145517.397973,6386943.382662,6396570.253719,28929031.034354,-0.007376,0.600000,0.200000,0.200000,0.558108,0.220780,0.221112,10000.000000,0.000000,10.000000
2008-09,10000.000000,3080000.000000,16308569.763717,6913450.692437,6717096.438112,29939116.894266,0.034558,0.600000,0.200000,0.200000,0.544724,0.230917,0.224359,10000.000000,0.000000,10.000000
2008-10,10000.000000,3090000.000000,13902419.437501,7334193.443734,6975627.463994,28212240.345229,-0.057994,0.600000,0.200000,0.200000,0.492780,0.259965,0.247255,10000.000000,0.000000,10.000000
2008-11,10000.000000,3100000.000000,12773306.519638,7566682.662891,6611860.331716,26951849.514245,-0.045014,0.600000,0.200000,0.200000,0.473931,0.280748,0.245321,10000.000000,0.000000,10.000000
2008-12,10000.000000,3110000.000000,12646180.176602,8269998.423720,7042722.910642,27958901.510965,0.036980,0.600000,0.200000,0.200000,0.452313,0.295791,0.251896,10000.000000,0.000000,10.000000
2009-01,10000.000000,3120000.000000,16656303.813290,5575935.921410,5909416.242122,28141655.976822,0.006177,0.600000,0.200000,0.200000,0.591874,0.198138,0.209988,4139160.729977,4129160.729977,8268.321460
2009-02,10000.000000,3130000.000000,15720722.270999,5483309.812884,6562624.213967,27766656.297850,-0.013676,0.600000,0.200000,0.200000,0.566173,0.197478,0.236349,10000.000000,0.000000,10.000000
2009-03,10000.000000,3140000.000000,15398684.979704,5732883.916180,6677993.854660,27809562.750545,0.001185,0.600000,0.200000,0.200000,0.553719,0.206148,0.240133,10000.000000,0.000000,10.000000
2009-04,10000.000000,3150000.000000,16909026.956366,5564815.309693,6287761.059302,28761603.325361,0.033863,0.600000,0.200000,0.200000,0.587903,0.193481,0.218617,10000.000000,0.000000,10.000000
2009-05,10000.000000,3160000.000000,17515979.637632,5254350.199853,6374127.434414,29144457.271899,0.012959,0.600000,0.200000,0.200000,0.601006,0.180286,0.218708,10000.000000,0.000000,10.000000
2009-06,10000.000000,3170000.000000,17713877.086266,4997071.232847,6380855.886003,29091804.205116,-0.002149,0.600000,0.200000,0.200000,0.608896,0.171769,0.219335,10000.000000,0.000000,10.000000
2009-07,10000.000000,3180000.000000,18205559.725869,5154315.318906,6392938.473895,29752813.518670,0.022370,0.600000,0.200000,0.200000,0.611894,0.173238,0.214868,10000.000000,0.000000,10.000000
2009-08,10000.000000,3190000.000000,19641691.614023,5146020.501693,6481543.203711,31269255.319427,0.050615,0.600000,0.200000,0.200000,0.628147,0.164571,0.207282,10000.000000,0.000000,10.000000
2009-09,10000.000000,3200000.000000,20385915.672719,5250589.682397,6815703.122215,32452208.477331,0.037499,0.600000,0.200000,0.200000,0.628183,0.161795,0.210023,10000.000000,0.000000,10.000000
2009-10,10000.000000,3210000.000000,20172802.402955,5092831.438772,6892883.492746,32158517.334473,-0.009355,0.600000,0.200000,0.200000,0.627293,0.158366,0.214341,10000.000000,0.000000,10.000000
2009-11,10000.000000,3220000.000000,20547575.534881,5091625.308895,7430706.917974,33069907.761750,0.028021,0.600000,0.200000,0.200000,0.621338,0.153966,0.224697,10000.000000,0.000000,10.000000
2009-12,10000.000000,3230000.000000,21009617.467140,5027559.214134,7484950.861734,33522127.543009,0.013368,0.600000,0.200000,0.200000,0.626739,0.149977,0.223284,10000.000000,0.000000,10.000000
2010-01,10000.000000,3240000.000000,20112879.362641,6558147.945183,6515463.615954,33186490.923779,-0.010308,0.600000,0.200000,0.200000,0.606056,0.197615,0.196329,1686866.294467,1676866.294467,3363.732589
2010-02,10000.000000,3250000.000000,19696975.700422,6656656.999682,6436068.202457,32789700.902561,-0.012254,0.600000,0.200000,0.200000,0.600706,0.203011,0.196283,10000.000000,0.000000,10.000000
2010-03,10000.000000,3260000.000000,20502983.163901,6538918.037124,6427608.824240,33469510.025265,0.020421,0.600000,0.200000,0.200000,0.612587,0.195369,0.192044,10000.000000,0.000000,10.000000
2010-04,10000.000000,3270000.000000,20874449.059786,6353118.729789,6490526.657639,33718094.447215,0.007126,0.600000,0.200000,0.200000,0.619087,0.188419,0.192494,10000.000000,0.000000,10.000000
2010-05,10000.000000,3280000.000000,20238058.549757,6800568.465569,7011951.707513,34050578.722839,0.009561,0.600000,0.200000,0.200000,0.594353,0.199720,0.205928,10000.000000,0.000000,10.000000
2010-06,10000.000000,3290000.000000,19837837.066140,7058980.368061,7291289.213250,34188106.647451,0.003744,0.600000,0.200000,0.200000,0.580256,0.206475,0.213270,10000.000000,0.000000,10.000000
2010-07,10000.000000,3300000.000000,19924496.040737,7234845.291121,7096658.237576,34255999.569435,0.001693,0.600000,0.200000,0.200000,0.581635,0.211199,0.207165,10000.000000,0.000000,10.000000
2010-08,10000.000000,3310000.000000,19973127.920678,7401053.881160,7188906.918733,34563088.720570,0.008670,0.600000,0.200000,0.200000,0.577875,0.214132,0.207994,10000.000000,0.000000,10.000000
2010-09,10000.000000,3320000.000000,20391448.867138,7357557.691996,7421092.318341,35170098.877475,0.017268,0.600000,0.200000,0.200000,0.579795,0.209199,0.211006,10000.000000,0.000000,10.000000
2010-10,10000.000000,3330000.000000,20624827.237283,7199824.982815,7578239.029065,35402891.249163,0.006333,0.600000,0.200000,0.200000,0.582575,0.203368,0.214057,10000.000000,0.000000,10.000000
2010-11,10000.000000,3340000.000000,21420026.870824,7172621.141484,7839149.657967,36431797.670276,0.028772,0.600000,0.200000,0.200000,0.587949,0.196878,0.215173,10000.000000,0.000000,10.000000
2010-12,10000.000000,3350000.000000,22305061.855050,6897356.947467,7991196.489071,37193615.291588,0.020631,0.600000,0.200000,0.200000,0.599701,0.185445,0.214854,10000.000000,0.000000,10.000000
2011-01,10000.000000,3360000.000000,23235132.603202,7443792.713441,7319037.923190,37997963.239833,0.021351,0.600000,0.200000,0.200000,0.611484,0.195900,0.192617,562473.430753,552473.430753,1114.946862
2011-02,10000.000000,3370000.000000,23975800.343353,7350334.153344,7402516.784920,38728651.281617,0.018962,0.600000,0.200000,0.200000,0.619071,0.189791,0.191138,10000.000000,0.000000,10.000000
2011-03,10000.000000,3380000.000000,23471895.883411,7402020.566691,7584443.844492,38458360.294593,-0.007235,0.600000,0.200000,0.200000,0.610320,0.192468,0.197212,10000.000000,0.000000,10.000000
2011-04,10000.000000,3390000.000000,23671621.344225,7293238.382342,7787843.013837,38752702.740404,0.007392,0.600000,0.200000,0.200000,0.610838,0.188199,0.200963,10000.000000,0.000000,10.000000
2011-05,10000.000000,3400000.000000,24157256.476125,7596839.231712,8066190.755134,39820286.462970,0.027284,0.600000,0.200000,0.200000,0.606657,0.190778,0.202565,10000.000000,0.000000,10.000000
2011-06,10000.000000,3410000.000000,23230811.839926,7713259.248540,8136895.084937,39080966.173404,-0.018813,0.600000,0.200000,0.200000,0.594428,0.197366,0.208206,10000.000000,0.000000,10.000000
2011-07,10000.000000,3420000.000000,23735729.396589,7662931.937119,8295579.959598,39694241.293306,0.015433,0.600000,0.200000,0.200000,0.597964,0.193049,0.208987,10000.000000,0.000000,10.000000
2011-08,10000.000000,3430000.000000,21712052.503884,8326014.583225,9470484.976658,39508552.063766,-0.004929,0.600000,0.200000,0.200000,0.549553,0.210740,0.239707,10000.000000,0.000000,10.000000
2011-09,10000.000000,3440000.000000,22676905.516231,9033083.165214,10043057.757323,41753046.438768,0.056543,0.600000,0.200000,0.200000,0.543120,0.216345,0.240535,10000.000000,0.000000,10.000000
2011-10,10000.000000,3450000.000000,24108289.216481,9195975.284806,9743488.928227,43047753.429515,0.030762,0.600000,0.200000,0.200000,0.560036,0.213623,0.226341,10000.000000,0.000000,10.000000
2011-11,10000.000000,3460000.000000,25276844.321728,9609681.877102,10477776.079100,45364302.277929,0.053569,0.600000,0.200000,0.200000,0.557197,0.211834,0.230970,10000.000000,0.000000,10.000000
2011-12,10000.000000,3470000.000000,26539193.572814,9978198.098362,10215457.316963,46732848.988139,0.029941,0.600000,0.200000,0.200000,0.567892,0.213516,0.218593,10000.000000,0.000000,10.000000
2012-01,10000.000000,3480000.000000,28610470.937250,9124717.279252,9179233.411009,46914421.627511,0.003671,0.600000,0.200000,0.200000,0.609844,0.194497,0.195659,1510515.820069,1500515.820069,3011.031640
2012-02,10000.000000,3490000.000000,28743788.075840,8815421.053847,9340648.573207,46899857.702894,-0.000523,0.600000,0.200000,0.200000,0.612876,0.187963,0.199162,10000.000000,0.000000,10.000000
2012-03,10000.000000,3500000.000000,30289945.428231,8883863.365427,9188937.249265,48362746.042922,0.030972,0.600000,0.200000,0.200000,0.626307,0.183692,0.190000,10000.000000,0.000000,10.000000
2012-04,10000.000000,3510000.000000,31082008.206370,9234149.268899,9281047.231507,49597204.706777,0.025313,0.600000,0.200000,0.200000,0.626689,0.186183,0.187128,10000.000000,0.000000,10.000000
2012-05,10000.000000,3520000.000000,31666604.681395,9944228.427832,9402386.056247,51013219.165475,0.028343,0.600000,0.200000,0.200000,0.620753,0.194934,0.184313,10000.000000,0.000000,10.000000
2012-06,10000.000000,3530000.000000,32235913.057694,10424756.442406,9744176.182100,52404845.682201,0.027078,0.600000,0.200000,0.200000,0.615132,0.198927,0.185940,10000.000000,0.000000,10.000000
2012-07,10000.000000,3540000.000000,32876692.662793,10429470.726933,9625805.171315,52931968.561041,0.009866,0.600000,0.200000,0.200000,0.621112,0.197035,0.181852,10000.000000,0.000000,10.000000
2012-08,10000.000000,3550000.000000,34038793.040977,10315156.210903,9857447.643888,54211396.895767,0.023978,0.600000,0.200000,0.200000,0.627890,0.190277,0.181833,10000.000000,0.000000,10.000000
2012-09,10000.000000,3560000.000000,34350614.486091,10082000.259037,10337553.326107,54770168.071236,0.010121,0.600000,0.200000,0.200000,0.627177,0.184078,0.188744,10000.000000,0.000000,10.000000
2012-10,10000.000000,3570000.000000,33493237.987620,9839303.944528,10113233.960189,53445775.892337,-0.024359,0.600000,0.200000,0.200000,0.626677,0.184099,0.189224,10000.000000,0.000000,10.000000
2012-11,10000.000000,3580000.000000,33581556.752839,10260935.028378,10286872.686728,54129364.467945,0.012601,0.600000,0.200000,0.200000,0.620394,0.189563,0.190042,10000.000000,0.000000,10.000000
2012-12,10000.000000,3590000.000000,34232126.544513,10186174.295352,10042528.983042,54460829.822907,0.005938,0.600000,0.200000,0.200000,0.628564,0.187037,0.184399,10000.000000,0.000000,10.000000
2013-01,10000.000000,3600000.000000,33815034.999201,10640955.449063,10726813.769558,55182804.217821,0.013071,0.600000,0.200000,0.200000,0.612782,0.192831,0.194387,1565628.650769,1555628.650769,3121.257302
2013-02,10000.000000,3610000.000000,34341326.168196,10510855.416660,10365355.515256,55217537.100113,0.000448,0.600000,0.200000,0.200000,0.621928,0.190354,0.187719,10000.000000,0.000000,10.000000
2013-03,10000.000000,3620000.000000,35685671.857598,10669636.428332,10260415.007313,56615723.293243,0.025136,0.600000,0.200000,0.200000,0.630314,0.188457,0.181229,10000.000000,0.000000,10.000000
2013-04,10000.000000,3630000.000000,36144478.220154,10862643.782680,9568492.315671,56575614.318504,-0.000885,0.600000,0.200000,0.200000,0.638870,0.192002,0.169128,10000.000000,0.000000,10.000000
2013-05,10000.000000,3640000.000000,38264016.035739,10844956.978577,9205182.795997,58314155.810313,0.030547,0.600000,0.200000,0.200000,0.656170,0.185975,0.157855,10000.000000,0.000000,10.000000
2013-06,10000.000000,3650000.000000,40181546.313653,11160064.301492,9285453.950842,60627064.565987,0.039485,0.600000,0.200000,0.200000,0.662766,0.184077,0.153157,10000.000000,0.000000,10.000000
2013-07,10000.000000,3660000.000000,42474406.005680,11168959.499087,9103084.229238,62746449.734005,0.034787,0.600000,0.200000,0.200000,0.676921,0.178001,0.145077,10000.000000,0.000000,10.000000
2013-08,10000.000000,3670000.000000,44761209.254354,11604167.347672,10060915.703032,66426292.305058,0.058478,0.600000,0.200000,0.200000,0.673848,0.174692,0.151460,10000.000000,0.000000,10.000000
2013-09,10000.000000,3680000.000000,45904777.422401,11716876.930437,10174399.202070,67796053.554908,0.020467,0.600000,0.200000,0.200000,0.677101,0.172825,0.150074,10000.000000,0.000000,10.000000
2013-10,10000.000000,3690000.000000,45378748.377256,11556584.718264,9616243.283285,66551576.378805,-0.018501,0.600000,0.200000,0.200000,0.681858,0.173649,0.144493,10000.000000,0.000000,10.000000
2013-11,10000.000000,3700000.000000,47834389.338295,11653950.422619,9456766.562264,68945106.323178,0.035809,0.600000,0.200000,0.200000,0.693804,0.169032,0.137164,10000.000000,0.000000,10.000000
2013-12,10000.000000,3710000.000000,48019181.045575,11372613.482718,8956047.049271,68347841.577563,-0.008807,0.600000,0.200000,0.200000,0.702571,0.166393,0.131036,10000.000000,0.000000,10.000000
2014-01,10000.000000,3720000.000000,41600548.657243,13814264.867706,13981187.244027,69396000.768976,0.015187,0.600000,0.200000,0.200000,0.599466,0.199064,0.201470,7020476.099037,7010476.099037,14030.952198
2014-02,10000.000000,3730000.000000,41591579.285578,14041567.439051,14626417.622820,70259564.347448,0.012298,0.600000,0.200000,0.200000,0.591970,0.199853,0.208177,10000.000000,0.000000,10.000000
2014-03,10000.000000,3740000.000000,41893713.562242,13787919.464828,14739293.079497,70420926.106568,0.002154,0.600000,0.200000,0.200000,0.594904,0.195793,0.209303,10000.000000,0.000000,10.000000
2014-04,10000.000000,3750000.000000,41570088.060361,13696643.470170,14180727.452050,69447458.982581,-0.013964,0.600000,0.200000,0.200000,0.598583,0.197223,0.204194,10000.000000,0.000000,10.000000
2014-05,10000.000000,3760000.000000,41470090.089689,13663741.742964,13836499.979435,68970331.812088,-0.007013,0.600000,0.200000,0.200000,0.601274,0.198110,0.200615,10000.000000,0.000000,10.000000
2014-06,10000.000000,3770000.000000,43128413.291535,13751523.983379,13835922.213656,70715859.488570,0.025160,0.600000,0.200000,0.200000,0.609883,0.194462,0.195655,10000.000000,0.000000,10.000000
2014-07,10000.000000,3780000.000000,44042650.446696,13938504.021936,14269357.551082,72250512.019714,0.021557,0.600000,0.200000,0.200000,0.609583,0.192919,0.197498,10000.000000,0.000000,10.000000
2014-08,10000.000000,3790000.000000,44428544.967493,14299515.746470,14279731.434682,73007792.148645,0.010341,0.600000,0.200000,0.200000,0.608545,0.195863,0.195592,10000.000000,0.000000,10.000000
2014-09,10000.000000,3800000.000000,45242281.482831,14198691.910337,13647418.174977,73088391.568144,0.000967,0.600000,0.200000,0.200000,0.619008,0.194267,0.186725,10000.000000,0.000000,10.000000
2014-10,10000.000000,3810000.000000,44390141.299369,14630632.613240,13587791.922964,72608565.835572,-0.006701,0.600000,0.200000,0.200000,0.611362,0.201500,0.187138,10000.000000,0.000000,10.000000
2014-11,10000.000000,3820000.000000,47170879.872069,14697301.557738,13134393.061290,75002574.491098,0.032829,0.600000,0.200000,0.200000,0.628923,0.195957,0.175119,10000.000000,0.000000,10.000000
2014-12,10000.000000,3830000.000000,48264303.821340,15131315.541181,13650037.872136,77045657.234657,0.027103,0.600000,0.200000,0.200000,0.626438,0.196394,0.177168,10000.000000,0.000000,10.000000
2015-01,10000.000000,3840000.000000,45297014.256297,15750522.806789,15904149.466690,76951686.529776,-0.001349,0.600000,0.200000,0.200000,0.588642,0.204681,0.206677,2046909.480546,2036909.480546,4083.818961
2015-02,10000.000000,3850000.000000,46479310.495815,15600891.248333,15565964.693285,77646166.437433,0.008894,0.600000,0.200000,0.200000,0.598604,0.200923,0.200473,10000.000000,0.000000,10.000000
2015-03,10000.000000,3860000.000000,46878684.074922,15667843.442892,15077189.047663,77623716.565477,-0.000418,0.600000,0.200000,0.200000,0.603922,0.201844,0.194234,10000.000000,0.000000,10.000000
2015-04,10000.000000,3870000.000000,47418315.690333,15878005.395783,15374474.080467,78670795.166584,0.013359,0.600000,0.200000,0.200000,0.602744,0.201828,0.195428,10000.000000,0.000000,10.000000
2015-05,10000.000000,3880000.000000,48709301.684775,15805950.634151,15640006.867952,80155259.186878,0.018740,0.600000,0.200000,0.200000,0.607687,0.197192,0.195121,10000.000000,0.000000,10.000000
2015-06,10000.000000,3890000.000000,48553307.019807,15630611.458309,15436174.120333,79620092.598450,-0.006801,0.600000,0.200000,0.200000,0.609812,0.196315,0.193873,10000.000000,0.000000,10.000000
2015-07,10000.000000,3900000.000000,48386438.551090,15674990.281127,14692128.068663,78753556.900881,-0.011008,0.600000,0.200000,0.200000,0.614403,0.199039,0.186558,10000.000000,0.000000,10.000000
2015-08,10000.000000,3910000.000000,48327295.709132,16289596.394480,14905627.724921,79522519.828533,0.009636,0.600000,0.200000,0.200000,0.607718,0.204843,0.187439,10000.000000,0.000000,10.000000
2015-09,10000.000000,3920000.000000,46913225.199267,16589223.691093,15247443.691015,78749892.581375,-0.009840,0.600000,0.200000,0.200000,0.595724,0.210657,0.193619,10000.000000,0.000000,10.000000
2015-10,10000.000000,3930000.000000,48101127.981299,16480228.137169,15439518.726562,80020874.845030,0.016010,0.600000,0.200000,0.200000,0.601107,0.205949,0.192944,10000.000000,0.000000,10.000000
2015-11,10000.000000,3940000.000000,50335554.025198,16501912.613335,14707858.061316,81545324.699849,0.018923,0.600000,0.200000,0.200000,0.617271,0.202365,0.180364,10000.000000,0.000000,10.000000
2015-12,10000.000000,3950000.000000,50089306.996256,16665012.852754,14663109.658350,81417429.507360,-0.001691,0.600000,0.200000,0.200000,0.615216,0.204686,0.180098,10000.000000,0.000000,10.000000
2016-01,10000.000000,3960000.000000,46289450.204117,16739562.267948,16825424.878687,79854437.350752,-0.019318,0.600000,0.200000,0.200000,0.579673,0.209626,0.210701,1630376.243122,1620376.243122,3250.752486
2016-02,10000.000000,3970000.000000,46660568.244223,17472665.443724,18638162.503622,82771396.191569,0.036399,0.600000,0.200000,0.200000,0.563728,0.211095,0.225176,10000.000000,0.000000,10.000000
2016-03,10000.000000,3980000.000000,48654888.573215,16985065.729630,18956971.211554,84596925.514399,0.021932,0.600000,0.200000,0.200000,0.575138,0.200776,0.224086,10000.000000,0.000000,10.000000
2016-04,10000.000000,3990000.000000,49687757.373905,17016520.989067,18780675.793088,85484954.156060,0.010378,0.600000,0.200000,0.200000,0.581246,0.199059,0.219696,10000.000000,0.000000,10.000000
2016-05,10000.000000,4000000.000000,49891272.794320,17164177.098883,19204259.157223,86259709.050427,0.008945,0.600000,0.200000,0.200000,0.578384,0.198983,0.222633,10000.000000,0.000000,10.000000
2016-06,10000.000000,4010000.000000,50712890.730840,17556286.223130,19543968.229038,87813145.183008,0.017891,0.600000,0.200000,0.200000,0.577509,0.199928,0.222563,10000.000000,0.000000,10.000000
2016-07,10000.000000,4020000.000000,52307580.484578,17779540.552928,20447642.915734,90534763.953240,0.030876,0.600000,0.200000,0.200000,0.577762,0.196384,0.225854,10000.000000,0.000000,10.000000
2016-08,10000.000000,4030000.000000,52740325.308280,17638996.085666,20417857.007727,90797178.401673,0.002788,0.600000,0.200000,0.200000,0.580859,0.194268,0.224873,10000.000000,0.000000,10.000000
2016-09,10000.000000,4040000.000000,52366034.359976,17501511.388948,20164414.423701,90031960.172625,-0.008537,0.600000,0.200000,0.200000,0.581638,0.194392,0.223970,10000.000000,0.000000,10.000000
2016-10,10000.000000,4050000.000000,52128671.438539,17328251.180824,19262587.066188,88719509.685552,-0.014687,0.600000,0.200000,0.200000,0.587567,0.195315,0.217118,10000.000000,0.000000,10.000000
2016-11,10000.000000,4060000.000000,53470779.028058,16995695.005219,19076913.547190,89543387.580467,0.009173,0.600000,0.200000,0.200000,0.597149,0.189804,0.213047,10000.000000,0.000000,10.000000
2016-12,10000.000000,4070000.000000,55723121.594182,16548527.876972,17874294.897206,90145944.368359,0.006617,0.600000,0.200000,0.200000,0.618143,0.183575,0.198282,10000.000000,0.000000,10.000000
2017-01,10000.000000,4080000.000000,55065230.490759,18227649.105928,18642321.245927,91935200.842614,0.019735,0.600000,0.200000,0.200000,0.598957,0.198266,0.202777,1645554.973166,1635554.973166,3281.109946
2017-02,10000.000000,4090000.000000,55597850.244740,17993778.458844,18996389.220119,92588017.923702,0.006991,0.600000,0.200000,0.200000,0.600486,0.194342,0.205171,10000.000000,0.000000,10.000000
2017-03,10000.000000,4100000.000000,55586680.445236,17623835.667364,18620627.037634,91831143.150234,-0.008282,0.600000,0.200000,0.200000,0.605314,0.191916,0.202770,10000.000000,0.000000,10.000000
2017-04,10000.000000,4110000.000000,54440039.230179,17597246.232184,18798780.144428,90836065.606790,-0.010944,0.600000,0.200000,0.200000,0.599322,0.193725,0.206953,10000.000000,0.000000,10.000000
2017-05,10000.000000,4120000.000000,55267514.441978,17601145.189300,18455786.429341,91324446.060620,0.005266,0.600000,0.200000,0.200000,0.605178,0.192732,0.202090,10000.000000,0.000000,10.000000
2017-06,10000.000000,4130000.000000,56280465.136743,17816576.973238,18673490.936774,92770533.046754,0.015723,0.600000,0.200000,0.200000,0.606663,0.192050,0.201287,10000.000000,0.000000,10.000000
2017-07,10000.000000,4140000.000000,56821160.168159,17640316.958788,18327702.577117,92789179.704064,0.000093,0.600000,0.200000,0.200000,0.612368,0.190112,0.197520,10000.000000,0.000000,10.000000
2017-08,10000.000000,4150000.000000,56565014.360782,17722145.121910,18876846.747309,93164006.230001,0.003931,0.600000,0.200000,0.200000,0.607155,0.190225,0.202620,10000.000000,0.000000,10.000000
2017-09,10000.000000,4160000.000000,57964037.122885,17913971.806634,19488907.980684,95366916.910202,0.023536,0.600000,0.200000,0.200000,0.607800,0.187843,0.204357,10000.000000,0.000000,10.000000
2017-10,10000.000000,4170000.000000,60070982.649121,17849886.156476,19150947.115034,97071815.920631,0.017771,0.600000,0.200000,0.200000,0.618830,0.183883,0.197286,10000.000000,0.000000,10.000000
2017-11,10000.000000,4180000.000000,60851573.549907,17849795.111604,19126180.433567,97827549.095078,0.007681,0.600000,0.200000,0.200000,0.622029,0.182462,0.195509,10000.000000,0.000000,10.000000
2017-12,10000.000000,4190000.000000,62033997.052205,17643891.302348,18685390.030244,98363278.384797,0.005373,0.600000,0.200000,0.200000,0.630662,0.179375,0.189963,10000.000000,0.000000,10.000000
2018-01,10000.000000,4200000.000000,61312515.989546,19223673.503783,20523014.394510,101059203.887839,0.027303,0.600000,0.200000,0.200000,0.606699,0.190222,0.203079,3026030.021327,3016030.021327,6042.060043
2018-02,10000.000000,4210000.000000,60282720.105691,19036931.645388,20778103.417677,100097755.168756,-0.009612,0.600000,0.200000,0.200000,0.602238,0.190183,0.207578,10000.000000,0.000000,10.000000
2018-03,10000.000000,4220000.000000,60903957.396093,19299639.327987,20884044.447821,101087641.171901,0.009788,0.600000,0.200000,0.200000,0.602487,0.190920,0.206593,10000.000000,0.000000,10.000000
2018-04,10000.000000,4230000.000000,60474161.378551,19483787.936183,21246650.764358,101204600.079092,0.001058,0.600000,0.200000,0.200000,0.597544,0.192519,0.209938,10000.000000,0.000000,10.000000
2018-05,10000.000000,4240000.000000,63391575.130374,19890802.944672,21319468.711101,104601846.786147,0.033466,0.600000,0.200000,0.200000,0.606027,0.190157,0.203815,10000.000000,0.000000,10.000000
2018-06,10000.000000,4250000.000000,65005640.167887,20144611.081174,21064842.352933,106215093.601993,0.015326,0.600000,0.200000,0.200000,0.612019,0.189659,0.198322,10000.000000,0.000000,10.000000
2018-07,10000.000000,4260000.000000,66912842.725313,20497585.882241,20612897.360130,108023325.967684,0.016929,0.600000,0.200000,0.200000,0.619430,0.189751,0.190819,10000.000000,0.000000,10.000000
2018-08,10000.000000,4270000.000000,69502128.468424,20831668.840440,20290806.412894,110624603.721758,0.023986,0.600000,0.200000,0.200000,0.628270,0.188310,0.183420,10000.000000,0.000000,10.000000
2018-09,10000.000000,4280000.000000,73361557.253599,21474745.348368,20993891.552302,115830194.154269,0.046962,0.600000,0.200000,0.200000,0.633354,0.185399,0.181247,10000.000000,0.000000,10.000000
2018-10,10000.000000,4290000.000000,71795859.505466,21635222.747057,21671813.357633,115102895.610156,-0.006365,0.600000,0.200000,0.200000,0.623754,0.187964,0.188282,10000.000000,0.000000,10.000000
2018-11,10000.000000,4300000.000000,68568800.346057,21210059.502157,21241095.345874,111019955.194088,-0.035556,0.600000,0.200000,0.200000,0.617626,0.191047,0.191327,10000.000000,0.000000,10.000000
2018-12,10000.000000,4310000.000000,63943428.808805,21520944.392518,21473314.820381,106937688.021704,-0.036857,0.600000,0.200000,0.200000,0.597950,0.201248,0.200802,10000.000000,0.000000,10.000000
2019-01,10000.000000,4320000.000000,65168619.827437,21624139.156375,22069711.943683,108862470.927495,0.017904,0.600000,0.200000,0.200000,0.598633,0.198637,0.202730,229184.004217,219184.004217,448.368008
2019-02,10000.000000,4330000.000000,69426086.858178,21873715.783460,22697986.077294,113997788.718932,0.047076,0.600000,0.200000,0.200000,0.609013,0.191878,0.199109,10000.000000,0.000000,10.000000
2019-03,10000.000000,4340000.000000,69109445.163789,21610212.919393,21843757.257460,112563415.340642,-0.012669,0.600000,0.200000,0.200000,0.613960,0.191983,0.194057,10000.000000,0.000000,10.000000
2019-04,10000.000000,4350000.000000,71603441.392797,21708032.627225,21568183.586740,114879657.606762,0.020487,0.600000,0.200000,0.200000,0.623291,0.188963,0.187746,10000.000000,0.000000,10.000000
2019-05,10000.000000,4360000.000000,70894418.530308,22122722.790682,21653275.657462,114670416.978452,-0.001908,0.600000,0.200000,0.200000,0.618245,0.192924,0.188831,10000.000000,0.000000,10.000000
2019-06,10000.000000,4370000.000000,71489730.194272,22691415.275430,22790544.999912,116971690.469614,0.019980,0.600000,0.200000,0.200000,0.611171,0.193991,0.194838,10000.000000,0.000000,10.000000
2019-07,10000.000000,4380000.000000,73537910.071333,22540041.263095,23476587.155453,119554538.489881,0.021994,0.600000,0.200000,0.200000,0.615099,0.188534,0.196367,10000.000000,0.000000,10.000000
2019-08,10000.000000,4390000.000000,73777825.750991,24301325.176693,25812536.405804,123891687.333488,0.036191,0.600000,0.200000,0.200000,0.595503,0.196150,0.208348,10000.000000,0.000000,10.000000
2019-09,10000.000000,4400000.000000,76190459.111127,24223093.570661,26048368.311569,126461920.993357,0.020663,0.600000,0.200000,0.200000,0.602477,0.191545,0.205978,10000.000000,0.000000,10.000000
2019-10,10000.000000,4410000.000000,75880773.467111,24134619.416658,25665219.662375,125680612.546144,-0.006257,0.600000,0.200000,0.200000,0.603759,0.192031,0.204210,10000.000000,0.000000,10.000000
2019-11,10000.000000,4420000.000000,79793321.840604,24116612.826391,25427878.772808,129337813.439803,0.029017,0.600000,0.200000,0.200000,0.616937,0.186462,0.196600,10000.000000,0.000000,10.000000
2019-12,10000.000000,4430000.000000,81383808.489232,23932728.344704,25447477.841733,130764014.675670,0.010949,0.600000,0.200000,0.200000,0.622372,0.183022,0.194606,10000.000000,0.000000,10.000000
2020-01,10000.000000,4440000.000000,81225872.217347,26476628.899944,27651106.597197,135353607.714488,0.035019,0.600000,0.200000,0.200000,0.600101,0.195611,0.204288,2935399.683830,2925399.683830,5860.799368
2020-02,10000.000000,4450000.000000,81616858.147718,27245037.561408,28390268.571633,137252164.280758,0.013952,0.600000,0.200000,0.200000,0.594649,0.198504,0.206848,10000.000000,0.000000,10.000000
2020-03,10000.000000,4460000.000000,68974689.296115,30128607.402052,29497837.795214,128601134.493381,-0.063098,0.600000,0.200000,0.200000,0.536346,0.234279,0.229375,10000.000000,0.000000,10.000000
2020-04,10000.000000,4470000.000000,73523442.742945,31427276.551928,31863771.484589,136814490.779461,0.063784,0.600000,0.200000,0.200000,0.537395,0.229707,0.232898,10000.000000,0.000000,10.000000
2020-05,10000.000000,4480000.000000,77336351.194582,31205810.543461,32272742.189092,140814903.927135,0.029164,0.600000,0.200000,0.200000,0.549206,0.221609,0.229186,10000.000000,0.000000,10.000000
2020-06,10000.000000,4490000.000000,82430653.767695,31067022.414151,32597284.288116,146094960.469961,0.037423,0.600000,0.200000,0.200000,0.564227,0.212650,0.223124,10000.000000,0.000000,10.000000
2020-07,10000.000000,4500000.000000,84424665.600602,31092830.342052,34406033.696296,149923529.638950,0.026136,0.600000,0.200000,0.200000,0.563118,0.207391,0.229491,10000.000000,0.000000,10.000000
2020-08,10000.000000,4510000.000000,88973563.921827,30871200.482205,36503131.960398,156347896.364430,0.042781,0.600000,0.200000,0.200000,0.569074,0.197452,0.233474,10000.000000,0.000000,10.000000
2020-09,10000.000000,4520000.000000,87185553.267806,30370658.166583,35135606.468106,152691817.902495,-0.023447,0.600000,0.200000,0.200000,0.570990,0.198902,0.230108,10000.000000,0.000000,10.000000
2020-10,10000.000000,4530000.000000,88746539.055340,30088775.109337,34755011.175081,153590325.339758,0.005819,0.600000,0.200000,0.200000,0.577813,0.195903,0.226284,10000.000000,0.000000,10.000000
2020-11,10000.000000,4540000.000000,93097557.322881,30152999.665550,34444213.558124,157694770.546555,0.026656,0.600000,0.200000,0.200000,0.590366,0.191211,0.218423,10000.000000,0.000000,10.000000
2020-12,10000.000000,4550000.000000,96270066.513402,29758619.957563,34015941.680858,160044628.151824,0.014837,0.600000,0.200000,0.200000,0.601520,0.185940,0.212540,10000.000000,0.000000,10.000000
2021-01,10000.000000,4560000.000000,98032028.610521,31366114.996811,31942733.957278,161340877.564610,0.008036,0.600000,0.200000,0.200000,0.607608,0.194409,0.197983,2260305.672802,2250305.672802,4510.611346
2021-02,10000.000000,4570000.000000,100061074.383891,30742626.918505,30806049.228219,161609750.530615,0.001604,0.600000,0.200000,0.200000,0.619152,0.190228,0.190620,10000.000000,0.000000,10.000000
2021-03,10000.000000,4580000.000000,100908792.343185,29800134.148520,29280210.942254,159989137.433960,-0.010089,0.600000,0.200000,0.200000,0.630723,0.186263,0.183014,10000.000000,0.000000,10.000000
2021-04,10000.000000,4590000.000000,109487638.390434,30454960.212473,30697976.104578,170640574.707484,0.066509,0.600000,0.200000,0.200000,0.641627,0.178474,0.179898,10000.000000,0.000000,10.000000
2021-05,10000.000000,4600000.000000,108383450.856064,30016191.112173,31701661.970217,170101303.938454,-0.003219,0.600000,0.200000,0.200000,0.637170,0.176461,0.186369,10000.000000,0.000000,10.000000
2021-06,10000.000000,4610000.000000,110912053.807854,30488095.584508,31606270.901181,173006420.293544,0.017019,0.600000,0.200000,0.200000,0.641086,0.176225,0.182688,10000.000000,0.000000,10.000000
2021-07,10000.000000,4620000.000000,115814067.617000,31499813.526090,31549862.682526,178863743.825616,0.033796,0.600000,0.200000,0.200000,0.647499,0.176111,0.176390,10000.000000,0.000000,10.000000
2021-08,10000.000000,4630000.000000,117678495.944716,31473622.683730,30973497.954446,180125616.582893,0.006999,0.600000,0.200000,0.200000,0.653313,0.174732,0.171955,10000.000000,0.000000,10.000000
2021-09,10000.000000,4640000.000000,116823839.203646,31045072.842248,30602562.101636,178471474.147531,-0.009238,0.600000,0.200000,0.200000,0.654580,0.173950,0.171470,10000.000000,0.000000,10.000000
2021-10,10000.000000,4650000.000000,119404982.978041,31017959.816517,31173428.161930,181596370.956487,0.017452,0.600000,0.200000,0.200000,0.657530,0.170807,0.171663,10000.000000,0.000000,10.000000
2021-11,10000.000000,4660000.000000,124337146.076309,30933599.165454,31775892.281239,187046637.523002,0.029956,0.600000,0.200000,0.200000,0.664739,0.165379,0.169882,10000.000000,0.000000,10.000000
2021-12,10000.000000,4670000.000000,126209531.195216,31616738.425724,31604501.513574,189430771.134515,0.012692,0.600000,0.200000,0.200000,0.666257,0.166904,0.166839,10000.000000,0.000000,10.000000
2022-01,10000.000000,4680000.000000,109859655.160967,36450210.673470,37930101.579290,184239967.413727,-0.027453,0.600000,0.200000,0.200000,0.596286,0.197841,0.205873,12561068.514508,12551068.514508,25112.137029
2022-02,10000.000000,4690000.000000,107482451.226298,36220332.550329,39060420.166478,182763203.943106,-0.008069,0.600000,0.200000,0.200000,0.588097,0.198182,0.213721,10000.000000,0.000000,10.000000
2022-03,10000.000000,4700000.000000,108262740.511138,36216020.276302,41665939.909647,186144700.697087,0.018446,0.600000,0.200000,0.200000,0.581605,0.194558,0.223836,10000.000000,0.000000,10.000000
2022-04,10000.000000,4710000.000000,108371636.548591,34336898.644600,41423021.033894,184131556.227086,-0.010868,0.600000,0.200000,0.200000,0.588555,0.186480,0.224964,10000.000000,0.000000,10.000000
2022-05,10000.000000,4720000.000000,101315271.722557,34476637.992720,40125186.616103,175917096.331381,-0.044664,0.600000,0.200000,0.200000,0.575926,0.195982,0.228091,10000.000000,0.000000,10.000000
2022-06,10000.000000,4730000.000000,98916541.486139,34210539.813121,40277685.352772,173404766.652033,-0.014337,0.600000,0.200000,0.200000,0.570437,0.197287,0.232276,10000.000000,0.000000,10.000000
2022-07,10000.000000,4740000.000000,101293117.407674,35678381.892897,38729930.684188,175701429.984759,0.013186,0.600000,0.200000,0.200000,0.576507,0.203063,0.220430,10000.000000,0.000000,10.000000
2022-08,10000.000000,4750000.000000,107715106.645581,35728410.292017,39404989.468501,182848506.406100,0.040618,0.600000,0.200000,0.200000,0.589095,0.195399,0.215506,10000.000000,0.000000,10.000000
2022-09,10000.000000,4760000.000000,100820613.073974,34295220.381358,37884294.624468,173000128.079800,-0.053913,0.600000,0.200000,0.200000,0.582778,0.198238,0.218984,10000.000000,0.000000,10.000000
2022-10,10000.000000,4770000.000000,100190802.727021,33956336.287476,38455378.265806,172602517.280302,-0.002356,0.600000,0.200000,0.200000,0.580471,0.196731,0.222797,10000.000000,0.000000,10.000000
2022-11,10000.000000,4780000.000000,104709030.417825,34065622.621194,39571164.717999,178345817.757017,0.033215,0.600000,0.200000,0.200000,0.587112,0.191009,0.221879,10000.000000,0.000000,10.000000
2022-12,10000.000000,4790000.000000,105743499.914683,35278071.551092,41648461.452860,182670032.918634,0.024189,0.600000,0.200000,0.200000,0.578877,0.193125,0.227998,10000.000000,0.000000,10.000000
2023-01,10000.000000,4800000.000000,110123254.723435,36589252.948426,38223213.431479,184935721.103340,0.012348,0.600000,0.200000,0.200000,0.595468,0.197848,0.206684,5124454.869133,5114454.869133,10238.909738
2023-02,10000.000000,4810000.000000,114788037.569080,36415809.826214,37751575.002693,188955422.397987,0.021680,0.600000,0.200000,0.200000,0.607487,0.192722,0.199791,10000.000000,0.000000,10.000000
2023-03,10000.000000,4820000.000000,111375288.453504,36653775.628563,38777045.563907,186806109.645973,-0.011427,0.600000,0.200000,0.200000,0.596208,0.196213,0.207579,10000.000000,0.000000,10.000000
2023-04,10000.000000,4830000.000000,115412736.921702,37243159.712856,40395787.958201,193051684.592759,0.033378,0.600000,0.200000,0.200000,0.597833,0.192918,0.209249,10000.000000,0.000000,10.000000
2023-05,10000.000000,4840000.000000,116737131.406438,37161566.241348,40397790.309477,194296487.957263,0.006396,0.600000,0.200000,0.200000,0.600820,0.191262,0.207918,10000.000000,0.000000,10.000000
2023-06,10000.000000,4850000.000000,122404861.113069,36692023.733628,39371303.753461,198468188.600159,0.021418,0.600000,0.200000,0.200000,0.616748,0.184876,0.198376,10000.000000,0.000000,10.000000
2023-07,10000.000000,4860000.000000,127049310.714841,36329225.330770,39502382.808490,202880918.854100,0.022182,0.600000,0.200000,0.200000,0.626226,0.179067,0.194707,10000.000000,0.000000,10.000000
2023-08,10000.000000,4870000.000000,126797294.516395,35943812.440805,39166553.617866,201907660.575065,-0.004846,0.600000,0.200000,0.200000,0.627996,0.178021,0.193983,10000.000000,0.000000,10.000000
2023-09,10000.000000,4880000.000000,129032505.260035,35579195.024159,39229062.781839,203840763.066033,0.009524,0.600000,0.200000,0.200000,0.633006,0.174544,0.192450,10000.000000,0.000000,10.000000
2023-10,10000.000000,4890000.000000,122383499.645797,34603622.765337,39300105.955207,196287228.366341,-0.037103,0.600000,0.200000,0.200000,0.623492,0.176291,0.200217,10000.000000,0.000000,10.000000
2023-11,10000.000000,4900000.000000,128092962.521646,35588487.081678,40721314.324388,204402763.927712,0.041292,0.600000,0.200000,0.200000,0.626669,0.174110,0.199221,10000.000000,0.000000,10.000000
2023-12,10000.000000,4910000.000000,134710350.907593,37104465.081518,41579405.541454,213394221.530565,0.043938,0.600000,0.200000,0.200000,0.631275,0.173878,0.194848,10000.000000,0.000000,10.000000
2024-01,10000.000000,4920000.000000,131242930.210372,42610069.511487,42773562.762895,216626562.484754,0.015100,0.600000,0.200000,0.200000,0.605849,0.196698,0.197453,6683817.989254,6673817.989254,13357.635979
2024-02,10000.000000,4930000.000000,136820007.860685,42159350.547100,42460585.085277,221439943.493062,0.022173,0.600000,0.200000,0.200000,0.617865,0.190387,0.191748,10000.000000,0.000000,10.000000
2024-03,10000.000000,4940000.000000,141460547.382336,42346448.768944,45336029.567769,229143025.719049,0.034740,0.600000,0.200000,0.200000,0.617346,0.184804,0.197850,10000.000000,0.000000,10.000000
2024-04,10000.000000,4950000.000000,140697213.620485,41578206.592553,49194073.987280,231469494.200317,0.010109,0.600000,0.200000,0.200000,0.607843,0.179627,0.212529,10000.000000,0.000000,10.000000
2024-05,10000.000000,4960000.000000,144250160.932211,41930739.644173,49612522.513832,235793423.090216,0.018636,0.600000,0.200000,0.200000,0.611765,0.177828,0.210407,10000.000000,0.000000,10.000000
2024-06,10000.000000,4970000.000000,149533893.183874,42696821.958142,49129726.511796,241360441.653811,0.023566,0.600000,0.200000,0.200000,0.619546,0.176901,0.203553,10000.000000,0.000000,10.000000
2024-07,10000.000000,4980000.000000,153367333.478711,43124551.764739,50731163.548036,247223048.791486,0.024247,0.600000,0.200000,0.200000,0.620360,0.174436,0.205204,10000.000000,0.000000,10.000000
2024-08,10000.000000,4990000.000000,152457522.868091,44776340.665841,52441471.847146,249675335.381079,0.009878,0.600000,0.200000,0.200000,0.610623,0.179338,0.210039,10000.000000,0.000000,10.000000
2024-09,10000.000000,5000000.000000,156469158.720411,45424311.636808,54526424.198077,256419894.555296,0.026972,0.600000,0.200000,0.200000,0.610207,0.177148,0.212645,10000.000000,0.000000,10.000000
2024-10,10000.000000,5010000.000000,161855337.934921,44284945.211376,57198007.110320,263338290.256617,0.026941,0.600000,0.200000,0.200000,0.614629,0.168168,0.217204,10000.000000,0.000000,10.000000
2024-11,10000.000000,5020000.000000,166566775.048638,43688897.958697,56590544.033674,266846217.041009,0.013283,0.600000,0.200000,0.200000,0.624205,0.163723,0.212072,10000.000000,0.000000,10.000000
2024-12,10000.000000,5030000.000000,170342318.893328,44075076.489532,56954812.278912,271372207.661772,0.016923,0.600000,0.200000,0.200000,0.627707,0.162416,0.209877,10000.000000,0.000000,10.000000
2025-01,10000.000000,5040000.000000,164656210.614157,54260015.538104,56390661.004816,275306887.157077,0.014462,0.600000,0.200000,0.200000,0.598082,0.197089,0.204828,10209365.042822,10199365.042822,20408.730086
2025-02,10000.000000,5050000.000000,168049842.981426,55759036.864494,60799965.749284,284608845.595204,0.033750,0.600000,0.200000,0.200000,0.590459,0.195915,0.213626,10000.000000,0.000000,10.000000
2025-03,10000.000000,5060000.000000,157419082.341846,56373984.735881,62259941.802757,276053008.880484,-0.030096,0.600000,0.200000,0.200000,0.570249,0.204214,0.225536,10000.000000,0.000000,10.000000
2025-04,10000.000000,5070000.000000,147296721.880048,55959375.456829,66433622.737631,269689720.074507,-0.023086,0.600000,0.200000,0.200000,0.546171,0.207495,0.246334,10000.000000,0.000000,10.000000
2025-05,10000.000000,5080000.000000,158989799.374522,55322854.671204,68050403.796344,282363057.842070,0.046953,0.600000,0.200000,0.200000,0.563069,0.195928,0.241003,10000.000000,0.000000,10.000000
2025-06,10000.000000,5090000.000000,166419757.311817,56116978.462092,69467160.452371,292003896.226280,0.034107,0.600000,0.200000,0.200000,0.569923,0.192179,0.237898,10000.000000,0.000000,10.000000
2025-07,10000.000000,5100000.000000,174599313.039044,56472343.705831,69437449.570892,300509106.315767,0.029092,0.600000,0.200000,0.200000,0.581012,0.187922,0.231066,10000.000000,0.000000,10.000000
2025-08,10000.000000,5110000.000000,180840914.977811,58198917.439496,71157649.304910,310197481.722218,0.032206,0.600000,0.200000,0.200000,0.582986,0.187619,0.229395,10000.000000,0.000000,10.000000
2025-09,10000.000000,5120000.000000,187622584.550965,59572531.884310,78163518.901309,325358635.336585,0.048842,0.600000,0.200000,0.200000,0.576664,0.183098,0.240238,10000.000000,0.000000,10.000000
2025-10,10000.000000,5130000.000000,192301841.919814,60100928.813640,86530202.269974,338932973.003428,0.041689,0.600000,0.200000,0.200000,0.567374,0.177324,0.255302,10000.000000,0.000000,10.000000
2025-11,10000.000000,5140000.000000,193746204.630343,60484069.752221,87612213.293572,341842487.676135,0.008555,0.600000,0.200000,0.200000,0.566770,0.176935,0.256294,10000.000000,0.000000,10.000000
2025-12,10000.000000,5150000.000000,199873803.563897,61258351.679421,93611180.038923,354743335.282241,0.037709,0.600000,0.200000,0.200000,0.563432,0.172684,0.263884,10000.000000,0.000000,10.000000
2026-01,10000.000000,5160000.000000,217544322.048552,71469182.089596,79005396.940041,368018901.078189,0.037394,0.600000,0.200000,0.200000,0.591123,0.194200,0.214678,22672512.982474,22662512.982474,45335.025965
2026-02,10000.000000,5170000.000000,216354766.199486,72058897.667916,83301793.542747,371715457.410150,0.010017,0.600000,0.200000,0.200000,0.582044,0.193855,0.224101,10000.000000,0.000000,10.000000
2026-03,10000.000000,5180000.000000,213908702.773121,73250574.998883,82422604.630392,369581882.402396,-0.005767,0.600000,0.200000,0.200000,0.578786,0.198199,0.223016,10000.000000,0.000000,10.000000
2026-04,10000.000000,5190000.000000,225521503.085570,73623563.603045,80704930.114094,379849996.802709,0.027755,0.600000,0.200000,0.200000,0.593712,0.193823,0.212465,10000.000000,0.000000,10.000000
2026-05,10000.000000,5200000.000000,245875884.724289,74557928.536281,80138317.013127,400572130.273697,0.054526,0.600000,0.200000,0.200000,0.613812,0.186129,0.200060,10000.000000,0.000000,10.000000
2026-06,10000.000000,5210000.000000,245963653.981355,74447866.833195,73424720.100723,393836240.915274,-0.016840,0.600000,0.200000,0.200000,0.624533,0.189033,0.186435,10000.000000,0.000000,10.000000
2026-07,10000.000000,5220000.000000,249664544.751609,74662311.354975,71403259.245773,395730115.352357,0.004783,0.600000,0.200000,0.200000,0.630896,0.188670,0.180434,10000.000000,0.000000,10.000000
