Month,Instalment,Total invested,Equity value,Bonds value,Gold value,Portfolio value,Monthly return (TWR),Equity target weight,Bonds target weight,Gold target weight,Equity actual weight,Bonds actual weight,Gold actual weight,Bought,Sold,Costs
1983-02,10000.000000,10000.000000,3154.800650,5030.460245,2003.347427,10188.608322,0.018861,0.305325,0.500692,0.193983,0.309640,0.493734,0.196626,10000.000000,0.000000,10.000000
1983-03,10000.000000,20000.000000,6429.394251,10370.993192,3364.088323,20164.475767,-0.001195,0.305325,0.500692,0.193983,0.318848,0.514320,0.166832,10000.000000,0.000000,10.000000
1983-04,10000.000000,30000.000000,9609.929845,15358.052498,6040.923260,31008.905603,0.027994,0.305325,0.500692,0.193983,0.309909,0.495279,0.194813,10000.000000,0.000000,10.000000
1983-05,10000.000000,40000.000000,13081.094214,20745.515994,8050.655509,41877.265717,0.021175,0.305325,0.500692,0.193983,0.312367,0.495389,0.192244,10000.000000,0.000000,10.000000
1983-06,10000.000000,50000.000000,16210.215691,25615.653934,9543.698133,51369.567758,-0.009787,0.305325,0.500692,0.193983,0.315561,0.498654,0.185785,10000.000000,0.000000,10.000000
1983-07,10000.000000,60000.000000,18939.384805,30161.429649,11658.901902,60759.716356,-0.009937,0.305325,0.500692,0.193983,0.311710,0.496405,0.191885,10000.000000,0.000000,10.000000
1983-08,10000.000000,70000.000000,21290.458198,35148.016654,14307.270198,70745.745050,-0.000197,0.305325,0.500692,0.193983,0.300943,0.496822,0.202235,10000.000000,0.000000,10.000000
1983-09,10000.000000,80000.000000,25500.288290,41344.190574,15530.728393,82375.207257,0.020180,0.305325,0.500692,0.193983,0.309563,0.501901,0.188536,10000.000000,0.000000,10.000000
1983-10,10000.000000,90000.000000,28463.454719,47122.680122,17182.371853,92768.506695,0.004258,0.305325,0.500692,0.193983,0.306822,0.507960,0.185218,10000.000000,0.000000,10.000000
1983-11,10000.000000,100000.000000,31469.657428,52251.071497,19608.579480,103329.308406,0.005457,0.305325,0.500692,0.193983,0.304557,0.505675,0.189768,10000.000000,0.000000,10.000000
1983-12,10000.000000,110000.000000,34924.816967,57442.501258,22566.314740,114933.632966,0.014156,0.305325,0.500692,0.193983,0.303869,0.499788,0.196342,10000.000000,0.000000,10.000000
1984-01,10000.000000,120000.000000,39577.063606,65115.491157,23669.891484,128362.446247,0.027445,0.305325,0.500692,0.193983,0.308323,0.507278,0.184399,10000.000000,0.000000,10.000000
1984-02,10000.000000,130000.000000,40115.958623,69234.591926,28305.480276,137656.030826,-0.005106,0.304766,0.499117,0.196118,0.291422,0.502954,0.205625,10000.000000,0.000000,10.000000
1984-03,10000.000000,140000.000000,45073.677256,72229.018783,29475.788340,146778.484379,-0.005943,0.304766,0.499117,0.196118,0.307086,0.492095,0.200818,10000.000000,0.000000,10.000000
1984-04,10000.000000,150000.000000,48492.832550,78463.711949,30023.378586,156979.923084,0.001285,0.304766,0.499117,0.196118,0.308911,0.499833,0.191256,10000.000000,0.000000,10.000000
1984-05,10000.000000,160000.000000,51681.417988,82173.277081,32991.307396,166846.002465,-0.000802,0.304766,0.499117,0.196118,0.309755,0.492510,0.197735,10000.000000,0.000000,10.000000
1984-06,10000.000000,170000.000000,53123.125193,88915.267447,34921.001398,176959.394038,0.000641,0.304766,0.499117,0.196118,0.300200,0.502461,0.197339,10000.000000,0.000000,10.000000
1984-07,10000.000000,180000.000000,58027.863841,98024.974818,34692.677768,190745.516427,0.020251,0.304766,0.499117,0.196118,0.304216,0.513904,0.181879,10000.000000,0.000000,10.000000
1984-08,10000.000000,190000.000000,67894.808184,106566.191640,40007.210536,214468.210361,0.068359,0.304766,0.499117,0.196118,0.316573,0.496886,0.186541,10000.000000,0.000000,10.000000
1984-09,10000.000000,200000.000000,71184.324219,117465.710810,44133.327189,232783.362218,0.037044,0.304766,0.499117,0.196118,0.305796,0.504614,0.189590,10000.000000,0.000000,10.000000
1984-10,10000.000000,210000.000000,74730.270088,126684.919963,48430.303176,249845.493227,0.029088,0.304766,0.499117,0.196118,0.299106,0.507053,0.193841,10000.000000,0.000000,10.000000
1984-11,10000.000000,220000.000000,80551.394320,136029.056395,51327.039957,267907.490672,0.031026,0.304766,0.499117,0.196118,0.300669,0.507746,0.191585,10000.000000,0.000000,10.000000
1984-12,10000.000000,230000.000000,85585.048145,143098.639547,51898.643171,280582.330864,0.009625,0.304766,0.499117,0.196118,0.305027,0.510006,0.184968,10000.000000,0.000000,10.000000
1985-01,10000.000000,240000.000000,95125.602636,151269.264468,55360.997655,301755.864759,0.038452,0.304766,0.499117,0.196118,0.315240,0.501297,0.183463,10000.000000,0.000000,10.000000
1985-02,10000.000000,250000.000000,107776.631787,155276.387717,61717.440379,324770.459883,0.041746,0.324861,0.471569,0.203571,0.331855,0.478111,0.190034,10000.000000,0.000000,10.000000
1985-03,10000.000000,260000.000000,107725.290912,155475.195644,71232.201884,334432.688440,-0.001009,0.324861,0.471569,0.203571,0.322114,0.464892,0.212994,10000.000000,0.000000,10.000000
1985-04,10000.000000,270000.000000,108577.750818,161384.885883,71520.874531,341483.511231,-0.008562,0.324861,0.471569,0.203571,0.317959,0.472599,0.209442,10000.000000,0.000000,10.000000
1985-05,10000.000000,280000.000000,118249.446385,174471.010282,69700.400956,362420.857623,0.031118,0.324861,0.471569,0.203571,0.326277,0.481404,0.192319,10000.000000,0.000000,10.000000
1985-06,10000.000000,290000.000000,123424.204743,183781.704149,75686.796883,382892.705775,0.028118,0.324861,0.471569,0.203571,0.322347,0.479982,0.197671,10000.000000,0.000000,10.000000
1985-07,10000.000000,300000.000000,126208.898577,179050.741749,77349.302757,382608.943083,-0.026174,0.324861,0.471569,0.203571,0.329864,0.467973,0.202163,10000.000000,0.000000,10.000000
1985-08,10000.000000,310000.000000,123795.326858,184429.038328,82274.606012,390498.971198,-0.005374,0.324861,0.471569,0.203571,0.317018,0.472291,0.210691,10000.000000,0.000000,10.000000
1985-09,10000.000000,320000.000000,129657.365322,193345.755593,82069.198644,405072.319559,0.011419,0.324861,0.471569,0.203571,0.320084,0.477312,0.202604,10000.000000,0.000000,10.000000
1985-10,10000.000000,330000.000000,135812.289741,197468.968154,84630.133733,417911.391627,0.006840,0.324861,0.471569,0.203571,0.324979,0.472514,0.202507,10000.000000,0.000000,10.000000
1985-11,10000.000000,340000.000000,148768.161035,210496.797776,86524.848454,445789.807264,0.041781,0.324861,0.471569,0.203571,0.333718,0.472188,0.194093,10000.000000,0.000000,10.000000
1985-12,10000.000000,350000.000000,157305.323195,224479.288814,92765.455818,474550.067826,0.041160,0.324861,0.471569,0.203571,0.331483,0.473036,0.195481,10000.000000,0.000000,10.000000
1986-01,10000.000000,360000.000000,159777.587489,233013.546589,107091.473552,499882.607630,0.031643,0.324861,0.471569,0.203571,0.319630,0.466137,0.214233,10000.000000,0.000000,10.000000
1986-02,10000.000000,370000.000000,177010.949600,249007.021776,105703.120575,531721.091951,0.042830,0.326443,0.465788,0.207769,0.332902,0.468304,0.198794,10000.000000,0.000000,10.000000
1986-03,10000.000000,380000.000000,186720.936104,268164.924666,114006.723269,568892.584038,0.050158,0.326443,0.465788,0.207769,0.328218,0.471381,0.200401,10000.000000,0.000000,10.000000
1986-04,10000.000000,390000.000000,195798.854241,282783.971556,119190.509663,597773.335460,0.032615,0.326443,0.465788,0.207769,0.327547,0.473062,0.199391,10000.000000,0.000000,10.000000
1986-05,10000.000000,400000.000000,200542.130517,278486.079375,127760.428759,606788.638652,-0.001620,0.326443,0.465788,0.207769,0.330498,0.458951,0.210552,10000.000000,0.000000,10.000000
1986-06,10000.000000,410000.000000,209865.360173,290434.787225,129892.601074,630192.748472,0.021732,0.326443,0.465788,0.207769,0.333018,0.460867,0.206116,10000.000000,0.000000,10.000000
1986-07,10000.000000,420000.000000,204589.492375,307631.816808,133721.698595,645943.007778,0.008982,0.326443,0.465788,0.207769,0.316730,0.476252,0.207018,10000.000000,0.000000,10.000000
1986-08,10000.000000,430000.000000,218339.403472,313775.596445,147851.619216,679966.619134,0.036625,0.326443,0.465788,0.207769,0.321103,0.461457,0.217440,10000.000000,0.000000,10.000000
1986-09,10000.000000,440000.000000,219500.113301,317465.941185,165350.467640,702316.522125,0.017899,0.326443,0.465788,0.207769,0.312537,0.452027,0.235436,10000.000000,0.000000,10.000000
1986-10,10000.000000,450000.000000,227115.493359,329583.371085,170009.332074,726708.196518,0.020204,0.326443,0.465788,0.207769,0.312526,0.453529,0.233944,10000.000000,0.000000,10.000000
1986-11,10000.000000,460000.000000,244530.887761,346929.429171,162407.659393,753867.976325,0.023293,0.326443,0.465788,0.207769,0.324368,0.460199,0.215432,10000.000000,0.000000,10.000000
1986-12,10000.000000,470000.000000,253690.040486,361004.178154,160433.769315,775127.987956,0.014741,0.326443,0.465788,0.207769,0.327288,0.465735,0.206977,10000.000000,0.000000,10.000000
1987-01,10000.000000,480000.000000,270923.290854,365298.345097,168673.956567,804895.592518,0.025178,0.326443,0.465788,0.207769,0.336594,0.453846,0.209560,10000.000000,0.000000,10.000000
1987-02,10000.000000,490000.000000,289148.130715,370002.107227,170130.039182,829280.277123,0.017652,0.322425,0.461672,0.215904,0.348674,0.446173,0.205154,10000.000000,0.000000,10.000000
1987-03,10000.000000,500000.000000,298598.808826,374378.232763,175597.218383,848574.259972,0.011074,0.322425,0.461672,0.215904,0.351883,0.441185,0.206932,10000.000000,0.000000,10.000000
1987-04,10000.000000,510000.000000,293538.998267,360707.567067,189724.076155,843970.641488,-0.017009,0.322425,0.461672,0.215904,0.347807,0.427394,0.224799,10000.000000,0.000000,10.000000
1987-05,10000.000000,520000.000000,290635.385551,354631.443318,196942.252776,842209.081646,-0.013773,0.322425,0.461672,0.215904,0.345087,0.421073,0.233840,10000.000000,0.000000,10.000000
1987-06,10000.000000,530000.000000,307801.341021,377348.860581,195256.625233,880406.826835,0.033088,0.322425,0.461672,0.215904,0.349613,0.428607,0.221780,10000.000000,0.000000,10.000000
1987-07,10000.000000,540000.000000,321754.529832,394096.897385,198368.283641,914219.710858,0.026744,0.322425,0.461672,0.215904,0.351944,0.431075,0.216981,10000.000000,0.000000,10.000000
1987-08,10000.000000,550000.000000,344427.869313,400628.269181,204253.270527,949309.409020,0.027147,0.322425,0.461672,0.215904,0.362819,0.422021,0.215160,10000.000000,0.000000,10.000000
1987-09,10000.000000,560000.000000,331641.099264,393006.978512,203005.872493,927653.950269,-0.032998,0.322425,0.461672,0.215904,0.357505,0.423657,0.218838,10000.000000,0.000000,10.000000
1987-10,10000.000000,570000.000000,293441.534418,405156.943395,205993.629287,904592.107101,-0.035260,0.322425,0.461672,0.215904,0.324391,0.447889,0.227720,10000.000000,0.000000,10.000000
1987-11,10000.000000,580000.000000,256618.879398,433097.675606,206194.968564,895911.523568,-0.020425,0.322425,0.461672,0.215904,0.286433,0.483416,0.230151,10000.000000,0.000000,10.000000
1987-12,10000.000000,590000.000000,262294.950474,431392.186654,213502.538882,907189.676009,0.001411,0.322425,0.461672,0.215904,0.289129,0.475526,0.235345,10000.000000,0.000000,10.000000
1988-01,10000.000000,600000.000000,286159.259551,447280.734234,211247.566094,944687.559879,0.029981,0.322425,0.461672,0.215904,0.302914,0.473469,0.223616,10000.000000,0.000000,10.000000
1988-02,10000.000000,610000.000000,303920.280445,467896.326410,196127.968333,967944.575188,0.013886,0.307695,0.471305,0.221000,0.313985,0.483392,0.202623,10000.000000,0.000000,10.000000
1988-03,10000.000000,620000.000000,311677.171928,463050.375754,205697.184735,980424.732417,0.002536,0.307695,0.471305,0.221000,0.317900,0.472296,0.209804,10000.000000,0.000000,10.000000
1988-04,10000.000000,630000.000000,313160.953229,464133.739313,220320.290030,997614.982572,0.007260,0.307695,0.471305,0.221000,0.313910,0.465243,0.220847,10000.000000,0.000000,10.000000
1988-05,10000.000000,640000.000000,309985.637735,470078.501868,224290.383924,1004354.523527,-0.003236,0.307695,0.471305,0.221000,0.308642,0.468040,0.223318,10000.000000,0.000000,10.000000
1988-06,10000.000000,650000.000000,342484.297121,504060.886052,232208.169430,1078753.352603,0.063487,0.307695,0.471305,0.221000,0.317482,0.467262,0.215256,10000.000000,0.000000,10.000000
1988-07,10000.000000,660000.000000,348701.482503,519259.656984,235085.488127,1103046.627614,0.013128,0.307695,0.471305,0.221000,0.316126,0.470750,0.213124,10000.000000,0.000000,10.000000
1988-08,10000.000000,670000.000000,346052.876391,524871.975256,240260.406049,1111185.257696,-0.001672,0.307695,0.471305,0.221000,0.311427,0.472353,0.216220,10000.000000,0.000000,10.000000
1988-09,10000.000000,680000.000000,359479.383579,552105.533243,241272.845123,1152857.761946,0.028249,0.307695,0.471305,0.221000,0.311816,0.478902,0.209282,10000.000000,0.000000,10.000000
1988-10,10000.000000,690000.000000,379078.174974,571669.611278,251559.424470,1202307.210722,0.033925,0.307695,0.471305,0.221000,0.315292,0.475477,0.209231,10000.000000,0.000000,10.000000
1988-11,10000.000000,700000.000000,377623.895704,579453.612699,274422.429298,1231499.937701,0.015832,0.307695,0.471305,0.221000,0.306637,0.470527,0.222836,10000.000000,0.000000,10.000000
1988-12,10000.000000,710000.000000,392246.660302,585876.464872,274736.345491,1252859.470666,0.009150,0.307695,0.471305,0.221000,0.313081,0.467631,0.219287,10000.000000,0.000000,10.000000
1989-01,10000.000000,720000.000000,408008.720967,600875.186545,269282.400017,1278166.307529,0.012121,0.307695,0.471305,0.221000,0.319214,0.470107,0.210679,10000.000000,0.000000,10.000000
1989-02,10000.000000,730000.000000,425602.139524,608241.232416,270849.842567,1304693.214507,0.012830,0.314215,0.464734,0.221051,0.326209,0.466195,0.207597,10000.000000,0.000000,10.000000
1989-03,10000.000000,740000.000000,431236.942844,615767.748356,285255.489698,1332260.180898,0.013362,0.314215,0.464734,0.221051,0.323688,0.462198,0.214114,10000.000000,0.000000,10.000000
1989-04,10000.000000,750000.000000,453842.180400,642120.065184,291298.076400,1387260.321984,0.033526,0.314215,0.464734,0.221051,0.327150,0.462869,0.209981,10000.000000,0.000000,10.000000
1989-05,10000.000000,760000.000000,484053.604150,679601.403317,295316.788352,1458971.795819,0.044166,0.314215,0.464734,0.221051,0.331777,0.465808,0.202414,10000.000000,0.000000,10.000000
1989-06,10000.000000,770000.000000,510346.985785,725964.839403,307862.082097,1544173.907286,0.051194,0.314215,0.464734,0.221051,0.330498,0.470132,0.199370,10000.000000,0.000000,10.000000
1989-07,10000.000000,780000.000000,524522.387211,743554.778544,323837.242302,1591914.408057,0.024283,0.314215,0.464734,0.221051,0.329492,0.467082,0.203426,10000.000000,0.000000,10.000000
1989-08,10000.000000,790000.000000,555582.293914,753066.284816,328467.727786,1637116.306516,0.021975,0.314215,0.464734,0.221051,0.339366,0.459996,0.200638,10000.000000,0.000000,10.000000
1989-09,10000.000000,800000.000000,562676.391566,762891.415314,335848.153755,1661415.960634,0.008682,0.314215,0.464734,0.221051,0.338673,0.459181,0.202146,10000.000000,0.000000,10.000000
1989-10,10000.000000,810000.000000,566777.409722,783794.171363,349198.008446,1699769.589530,0.016964,0.314215,0.464734,0.221051,0.333444,0.461118,0.205438,10000.000000,0.000000,10.000000
1989-11,10000.000000,820000.000000,559995.998046,804280.939826,385098.495541,1749375.433413,0.023164,0.314215,0.464734,0.221051,0.320112,0.459753,0.220135,10000.000000,0.000000,10.000000
1989-12,10000.000000,830000.000000,575562.922552,819388.139689,402616.733321,1797567.795562,0.021708,0.314215,0.464734,0.221051,0.320190,0.455832,0.223979,10000.000000,0.000000,10.000000
1990-01,10000.000000,840000.000000,563873.251126,815759.964354,403959.781906,1783592.997386,-0.013264,0.314215,0.464734,0.221051,0.316145,0.457369,0.226487,10000.000000,0.000000,10.000000
1990-02,10000.000000,850000.000000,550468.967343,808542.221261,421675.317756,1780686.506360,-0.007196,0.296677,0.427617,0.275706,0.309133,0.454062,0.236805,10000.000000,0.000000,10.000000
1990-03,10000.000000,860000.000000,569590.839900,813888.972377,409867.153071,1793346.965348,0.001486,0.296677,0.427617,0.275706,0.317613,0.453838,0.228549,10000.000000,0.000000,10.000000
1990-04,10000.000000,870000.000000,576635.628343,817492.172945,403718.922967,1797846.724255,-0.003050,0.296677,0.427617,0.275706,0.320737,0.454706,0.224557,10000.000000,0.000000,10.000000
1990-05,10000.000000,880000.000000,599883.838618,826519.810494,408898.453345,1835302.102458,0.015187,0.296677,0.427617,0.275706,0.326858,0.450345,0.222796,10000.000000,0.000000,10.000000
1990-06,10000.000000,890000.000000,622343.890202,852585.691288,401823.260846,1876752.842335,0.017044,0.296677,0.427617,0.275706,0.331607,0.454288,0.214106,10000.000000,0.000000,10.000000
1990-07,10000.000000,900000.000000,560345.684497,812520.243792,536101.208848,1908967.137137,0.011774,0.296677,0.427617,0.275706,0.293533,0.425633,0.280833,118366.660526,108366.660526,226.733321
1990-08,10000.000000,910000.000000,519187.312250,805017.518188,581166.659589,1905371.490028,-0.007085,0.296677,0.427617,0.275706,0.272486,0.422499,0.305015,10000.000000,0.000000,10.000000
1990-09,10000.000000,920000.000000,518993.013677,829605.944742,589261.908019,1937860.866438,0.011742,0.296677,0.427617,0.275706,0.267817,0.428104,0.304079,10000.000000,0.000000,10.000000
1990-10,10000.000000,930000.000000,522405.456286,855665.081006,584059.215321,1962129.752613,0.007325,0.296677,0.427617,0.275706,0.266244,0.436090,0.297666,10000.000000,0.000000,10.000000
1990-11,10000.000000,940000.000000,549013.706674,881801.665620,586363.573826,2017178.946121,0.022843,0.296677,0.427617,0.275706,0.272169,0.437146,0.290685,10000.000000,0.000000,10.000000
1990-12,10000.000000,950000.000000,585610.054024,907857.980048,579635.487845,2073103.521916,0.022654,0.296677,0.427617,0.275706,0.282480,0.437922,0.279598,10000.000000,0.000000,10.000000
1991-01,10000.000000,960000.000000,598437.716720,924027.152143,597293.348703,2119758.217566,0.017596,0.296677,0.427617,0.275706,0.282314,0.435912,0.281774,10000.000000,0.000000,10.000000
1991-02,10000.000000,970000.000000,686868.367865,972194.451300,592014.961058,2251077.780223,0.056964,0.273314,0.419819,0.306867,0.305129,0.431880,0.262992,10000.000000,0.000000,10.000000
1991-03,10000.000000,980000.000000,722147.239262,981072.323877,612547.032160,2315766.595299,0.024187,0.273314,0.419819,0.306867,0.311839,0.423649,0.264512,10000.000000,0.000000,10.000000
1991-04,10000.000000,990000.000000,763918.280426,1026547.038293,635139.181010,2425604.499729,0.042927,0.273314,0.419819,0.306867,0.314939,0.423213,0.261848,10000.000000,0.000000,10.000000
1991-05,10000.000000,1000000.000000,786000.030085,1063063.850141,663119.538874,2512183.419100,0.031441,0.273314,0.419819,0.306867,0.312875,0.423163,0.263961,10000.000000,0.000000,10.000000
1991-06,10000.000000,1010000.000000,809612.426809,1083254.600439,710297.368910,2603164.396158,0.032107,0.273314,0.419819,0.306867,0.311011,0.416130,0.272859,10000.000000,0.000000,10.000000
1991-07,10000.000000,1020000.000000,992219.384379,1328873.238750,876713.074530,3197805.697659,0.223729,0.273314,0.419819,0.306867,0.310281,0.415558,0.274161,10000.000000,0.000000,10.000000
1991-08,10000.000000,1030000.000000,1028065.155141,1385355.316782,864212.668101,3277633.140023,0.021768,0.273314,0.419819,0.306867,0.313661,0.422669,0.263670,10000.000000,0.000000,10.000000
1991-09,10000.000000,1040000.000000,1024462.155795,1417570.920074,856615.946855,3298649.022724,0.003351,0.273314,0.419819,0.306867,0.310570,0.429743,0.259687,10000.000000,0.000000,10.000000
1991-10,10000.000000,1050000.000000,1024881.782021,1436324.869653,890195.488155,3351402.139830,0.012922,0.273314,0.419819,0.306867,0.305807,0.428574,0.265619,10000.000000,0.000000,10.000000
1991-11,10000.000000,1060000.000000,1025231.342578,1456558.971485,902868.273171,3384658.587234,0.006919,0.273314,0.419819,0.306867,0.302905,0.430341,0.266753,10000.000000,0.000000,10.000000
1991-12,10000.000000,1070000.000000,1035453.324346,1500306.553723,918502.720723,3454262.598791,0.017558,0.273314,0.419819,0.306867,0.299761,0.434335,0.265904,10000.000000,0.000000,10.000000
1992-01,10000.000000,1080000.000000,1113572.288187,1518153.283854,909559.772435,3541285.344476,0.022234,0.273314,0.419819,0.306867,0.314454,0.428701,0.256845,10000.000000,0.000000,10.000000
1992-02,10000.000000,1090000.000000,1009698.305150,1396260.970672,1134244.485651,3540203.761473,-0.003120,0.284650,0.397509,0.317841,0.285209,0.394401,0.320390,219182.832670,209182.832670,428.365665
1992-03,10000.000000,1100000.000000,1091799.067982,1522946.338910,1203362.454105,3818107.860998,0.075462,0.284650,0.397509,0.317841,0.285953,0.398875,0.315172,10000.000000,0.000000,10.000000
1992-04,10000.000000,1110000.000000,1114683.234295,1566946.729262,1217570.769633,3899200.733190,0.018571,0.284650,0.397509,0.317841,0.285875,0.401864,0.312262,10000.000000,0.000000,10.000000
1992-05,10000.000000,1120000.000000,1123770.200097,1567026.693367,1205345.881028,3896142.774492,-0.003340,0.284650,0.397509,0.317841,0.288431,0.402200,0.309369,10000.000000,0.000000,10.000000
1992-06,10000.000000,1130000.000000,1107941.420331,1589621.953709,1228781.507407,3926344.881446,0.005172,0.284650,0.397509,0.317841,0.282181,0.404861,0.312958,10000.000000,0.000000,10.000000
1992-07,10000.000000,1140000.000000,1134586.281178,1649359.937344,1280681.975630,4064628.194152,0.032589,0.284650,0.397509,0.317841,0.279137,0.405784,0.315080,10000.000000,0.000000,10.000000
1992-08,10000.000000,1150000.000000,1147648.820658,1682497.931254,1243540.831683,4073687.583595,-0.000231,0.284650,0.397509,0.317841,0.281722,0.413016,0.305262,10000.000000,0.000000,10.000000
1992-09,10000.000000,1160000.000000,1154624.138270,1713211.756892,1259238.947080,4127074.842242,0.010625,0.284650,0.397509,0.317841,0.279768,0.415115,0.305117,10000.000000,0.000000,10.000000
1992-10,10000.000000,1170000.000000,1143901.098201,1701472.520511,1262687.364765,4108060.983478,-0.007013,0.284650,0.397509,0.317841,0.278453,0.414179,0.307368,10000.000000,0.000000,10.000000
1992-11,10000.000000,1180000.000000,1179214.168411,1676780.116487,1235557.345645,4091551.630544,-0.006437,0.284650,0.397509,0.317841,0.288207,0.409815,0.301978,10000.000000,0.000000,10.000000
1992-12,10000.000000,1190000.000000,1239379.618034,1728460.536662,1267640.664688,4235480.819384,0.032653,0.284650,0.397509,0.317841,0.292618,0.408091,0.299291,10000.000000,0.000000,10.000000
1993-01,10000.000000,1200000.000000,1243914.490619,1763267.302026,1257551.734826,4264733.527471,0.004535,0.284650,0.397509,0.317841,0.291675,0.413453,0.294872,10000.000000,0.000000,10.000000
1993-02,10000.000000,1210000.000000,1275379.518053,1638762.940215,1576945.141715,4491087.599983,0.050612,0.283579,0.359745,0.356677,0.283980,0.364892,0.351128,267146.979697,257146.979697,524.293959
1993-03,10000.000000,1220000.000000,1385443.885031,1787425.937057,1691903.815004,4864773.637092,0.080800,0.283579,0.359745,0.356677,0.284791,0.367422,0.347787,10000.000000,0.000000,10.000000
1993-04,10000.000000,1230000.000000,1352746.532403,1779101.748207,1745585.960674,4877434.241283,0.000546,0.283579,0.359745,0.356677,0.277348,0.364762,0.357890,10000.000000,0.000000,10.000000
1993-05,10000.000000,1240000.000000,1372750.153411,1778927.599289,1873361.219410,5025038.972110,0.028155,0.283579,0.359745,0.356677,0.273182,0.354013,0.372805,10000.000000,0.000000,10.000000
1993-06,10000.000000,1250000.000000,1393425.726330,1805338.530937,1902225.825415,5100990.082683,0.013098,0.283579,0.359745,0.356677,0.273168,0.353919,0.372913,10000.000000,0.000000,10.000000
1993-07,10000.000000,1260000.000000,1397528.338589,1834331.626884,2000175.280760,5232035.246233,0.023683,0.283579,0.359745,0.356677,0.267110,0.350596,0.382294,10000.000000,0.000000,10.000000
1993-08,10000.000000,1270000.000000,1429160.558065,1865544.133301,1934591.983299,5229296.674665,-0.002430,0.283579,0.359745,0.356677,0.273299,0.356749,0.369953,10000.000000,0.000000,10.000000
1993-09,10000.000000,1280000.000000,1454485.679974,1920334.219390,1810092.310931,5184912.210294,-0.010380,0.283579,0.359745,0.356677,0.280523,0.370370,0.349108,10000.000000,0.000000,10.000000
1993-10,10000.000000,1290000.000000,1472229.065892,1928856.329464,1858833.673095,5259919.068451,0.012514,0.283579,0.359745,0.356677,0.279896,0.366708,0.353396,10000.000000,0.000000,10.000000
1993-11,10000.000000,1300000.000000,1474145.173323,1876814.076019,1910523.500444,5261482.749786,-0.001601,0.283579,0.359745,0.356677,0.280177,0.356708,0.363115,10000.000000,0.000000,10.000000
1993-12,10000.000000,1310000.000000,1492718.925147,1883995.522818,1956899.522959,5333613.970924,0.011786,0.283579,0.359745,0.356677,0.279870,0.353231,0.366899,10000.000000,0.000000,10.000000
1994-01,10000.000000,1320000.000000,1522402.398168,1902198.363810,1977333.407237,5401934.169215,0.010914,0.283579,0.359745,0.356677,0.281825,0.352133,0.366042,10000.000000,0.000000,10.000000
1994-02,10000.000000,1330000.000000,1521677.739358,1880860.040803,1962208.933335,5364746.713497,-0.008719,0.278784,0.349675,0.371541,0.283644,0.350596,0.365760,10000.000000,0.000000,10.000000
1994-03,10000.000000,1340000.000000,1498377.791450,1818853.353135,1980374.986188,5297606.130773,-0.014352,0.278784,0.349675,0.371541,0.282841,0.343335,0.373825,10000.000000,0.000000,10.000000
1994-04,10000.000000,1350000.000000,1447159.538011,1774012.208710,1942828.683779,5164000.430500,-0.027057,0.278784,0.349675,0.371541,0.280240,0.343534,0.376226,10000.000000,0.000000,10.000000
1994-05,10000.000000,1360000.000000,1461725.745501,1767214.316285,1962437.707595,5191377.769381,0.003359,0.278784,0.349675,0.371541,0.281568,0.340413,0.378019,10000.000000,0.000000,10.000000
1994-06,10000.000000,1370000.000000,1478348.835010,1798365.680603,1988764.303265,5265478.818877,0.012324,0.278784,0.349675,0.371541,0.280762,0.341539,0.377699,10000.000000,0.000000,10.000000
1994-07,10000.000000,1380000.000000,1470295.699386,1793387.910179,1983096.364450,5246779.974015,-0.005440,0.278784,0.349675,0.371541,0.280228,0.341807,0.377964,10000.000000,0.000000,10.000000
1994-08,10000.000000,1390000.000000,1515429.747711,1821702.898452,1957107.336525,5294239.982688,0.007126,0.278784,0.349675,0.371541,0.286241,0.344091,0.369667,10000.000000,0.000000,10.000000
1994-09,10000.000000,1400000.000000,1527795.501892,1811943.746430,2021893.809066,5361633.057387,0.010820,0.278784,0.349675,0.371541,0.284950,0.337946,0.377104,10000.000000,0.000000,10.000000
1994-10,10000.000000,1410000.000000,1521023.695940,1798412.199510,2011593.509334,5331029.404784,-0.007559,0.278784,0.349675,0.371541,0.285315,0.337348,0.377337,10000.000000,0.000000,10.000000
1994-11,10000.000000,1420000.000000,1516428.521145,1794363.137461,1981993.243257,5292784.901863,-0.009033,0.278784,0.349675,0.371541,0.286509,0.339021,0.374471,10000.000000,0.000000,10.000000
1994-12,10000.000000,1430000.000000,1500651.680417,1834503.711348,1955895.721875,5291051.113640,-0.002213,0.278784,0.349675,0.371541,0.283621,0.346718,0.369661,10000.000000,0.000000,10.000000
1995-01,10000.000000,1440000.000000,1536658.494386,1855145.654288,1959070.571798,5350874.720472,0.009399,0.278784,0.349675,0.371541,0.287179,0.346700,0.366122,10000.000000,0.000000,10.000000
1995-02,10000.000000,1450000.000000,1595641.967487,1907313.467207,1959044.387625,5461999.822319,0.018864,0.283664,0.345096,0.371240,0.292135,0.349197,0.358668,10000.000000,0.000000,10.000000
1995-03,10000.000000,1460000.000000,1647253.379349,1968138.750769,2008316.753588,5623708.883706,0.027725,0.283664,0.345096,0.371240,0.292912,0.349972,0.357116,10000.000000,0.000000,10.000000
1995-04,10000.000000,1470000.000000,1690572.796481,1988015.312773,2054144.769136,5732732.878389,0.017577,0.283664,0.345096,0.371240,0.294898,0.346783,0.358319,10000.000000,0.000000,10.000000
1995-05,10000.000000,1480000.000000,1747755.744697,2061814.186652,2033152.326526,5842722.257875,0.017411,0.283664,0.345096,0.371240,0.299134,0.352886,0.347980,10000.000000,0.000000,10.000000
1995-06,10000.000000,1490000.000000,1802488.669629,2141808.855725,2058138.826076,6002436.351430,0.025580,0.283664,0.345096,0.371240,0.300293,0.356823,0.342884,10000.000000,0.000000,10.000000
1995-07,10000.000000,1500000.000000,1865334.922344,2134370.016351,2056269.376803,6055974.315499,0.007241,0.283664,0.345096,0.371240,0.308016,0.352440,0.339544,10000.000000,0.000000,10.000000
1995-08,10000.000000,1510000.000000,1887269.138415,2127069.184076,2069117.252214,6083455.574705,0.002882,0.283664,0.345096,0.371240,0.310230,0.349648,0.340122,10000.000000,0.000000,10.000000
1995-09,10000.000000,1520000.000000,2063842.898373,2302477.335060,2186435.139284,6552755.372717,0.075376,0.283664,0.345096,0.371240,0.314958,0.351375,0.333667,10000.000000,0.000000,10.000000
1995-10,10000.000000,1530000.000000,2166868.986868,2436217.117285,2285225.930181,6888312.034334,0.049607,0.283664,0.345096,0.371240,0.314572,0.353674,0.331754,10000.000000,0.000000,10.000000
1995-11,10000.000000,1540000.000000,2221399.228437,2472169.710707,2310776.454348,7004345.393492,0.015371,0.283664,0.345096,0.371240,0.317146,0.352948,0.329906,10000.000000,0.000000,10.000000
1995-12,10000.000000,1550000.000000,2313641.021289,2543778.684981,2350054.804668,7207474.510937,0.027533,0.283664,0.345096,0.371240,0.321006,0.352936,0.326058,10000.000000,0.000000,10.000000
1996-01,10000.000000,1560000.000000,2373428.394248,2629418.855424,2492061.040947,7494908.290619,0.038439,0.283664,0.345096,0.371240,0.316672,0.350827,0.332501,10000.000000,0.000000,10.000000
1996-02,10000.000000,1570000.000000,2568504.978785,2667479.557283,2595197.005357,7831181.541424,0.043475,0.287771,0.342247,0.369981,0.327984,0.340623,0.331393,10000.000000,0.000000,10.000000
1996-03,10000.000000,1580000.000000,2415595.971385,2441914.643094,2400012.619780,7257523.234259,-0.074435,0.287771,0.342247,0.369981,0.332840,0.336467,0.330693,10000.000000,0.000000,10.000000
1996-04,10000.000000,1590000.000000,2408722.677917,2402082.780230,2378918.406047,7189723.864193,-0.010705,0.287771,0.342247,0.369981,0.335023,0.334099,0.330878,10000.000000,0.000000,10.000000
1996-05,10000.000000,1600000.000000,2516122.104045,2426258.136088,2430000.217024,7372380.457157,0.023981,0.287771,0.342247,0.369981,0.341290,0.329101,0.329609,10000.000000,0.000000,10.000000
1996-06,10000.000000,1610000.000000,2155945.166021,2515393.055990,2687984.938503,7359323.160515,-0.003123,0.287771,0.342247,0.369981,0.292954,0.341797,0.365249,401684.695370,391684.695370,793.369391
1996-07,10000.000000,1620000.000000,2114653.402537,2579591.253197,2725878.881625,7420123.537359,0.006893,0.287771,0.342247,0.369981,0.284989,0.347648,0.367363,10000.000000,0.000000,10.000000
1996-08,10000.000000,1630000.000000,2193018.378889,2646769.404759,2769619.369703,7609407.153351,0.024129,0.287771,0.342247,0.369981,0.288198,0.347829,0.363973,10000.000000,0.000000,10.000000
1996-09,10000.000000,1640000.000000,2241770.950252,2630743.892281,2756264.670278,7628779.512811,0.001230,0.287771,0.342247,0.369981,0.293857,0.344845,0.361298,10000.000000,0.000000,10.000000
1996-10,10000.000000,1650000.000000,2329796.842837,2697664.696451,2746721.868304,7774183.407592,0.017726,0.287771,0.342247,0.369981,0.299684,0.347003,0.353313,10000.000000,0.000000,10.000000
1996-11,10000.000000,1660000.000000,2449930.531740,2780318.623081,2737731.346686,7967980.501507,0.023612,0.287771,0.342247,0.369981,0.307472,0.348936,0.343592,10000.000000,0.000000,10.000000
1996-12,10000.000000,1670000.000000,2482209.395549,2777679.538356,2685471.669749,7945360.603654,-0.004089,0.287771,0.342247,0.369981,0.312410,0.349598,0.337992,10000.000000,0.000000,10.000000
1997-01,10000.000000,1680000.000000,2564650.919981,2737952.918280,2594805.614210,7897409.452471,-0.007285,0.287771,0.342247,0.369981,0.324746,0.346690,0.328564,10000.000000,0.000000,10.000000
1997-02,10000.000000,1690000.000000,2675512.138162,2783710.447788,2545166.464976,8004389.050927,0.012264,0.290884,0.335536,0.373580,0.334256,0.347773,0.317971,10000.000000,0.000000,10.000000
1997-03,10000.000000,1700000.000000,2316090.421309,2650770.969050,3036340.739912,8003202.130271,-0.001396,0.290884,0.335536,0.373580,0.289395,0.331214,0.379391,448851.501118,438851.501118,887.703002
1997-04,10000.000000,1710000.000000,2236392.593794,2630871.016821,2962640.741346,7829904.351961,-0.022874,0.290884,0.335536,0.373580,0.285622,0.336003,0.378375,10000.000000,0.000000,10.000000
1997-05,10000.000000,1720000.000000,2453232.150426,2679622.900573,2962364.073931,8095219.124930,0.032566,0.290884,0.335536,0.373580,0.303047,0.331013,0.365940,10000.000000,0.000000,10.000000
1997-06,10000.000000,1730000.000000,2583821.869637,2740738.774264,2942307.219771,8266867.863671,0.019944,0.290884,0.335536,0.373580,0.312551,0.331533,0.355916,10000.000000,0.000000,10.000000
1997-07,10000.000000,1740000.000000,2726472.156115,2806011.287111,2797564.347222,8330047.790448,0.006425,0.290884,0.335536,0.373580,0.327306,0.336854,0.335840,10000.000000,0.000000,10.000000
1997-08,10000.000000,1750000.000000,2755934.708714,2824664.255543,2828067.490489,8408666.454746,0.008228,0.290884,0.335536,0.373580,0.327749,0.335923,0.336328,10000.000000,0.000000,10.000000
1997-09,10000.000000,1760000.000000,2824958.257634,2895183.801243,2866002.978878,8586145.037755,0.019894,0.290884,0.335536,0.373580,0.329014,0.337193,0.333794,10000.000000,0.000000,10.000000
1997-10,10000.000000,1770000.000000,2857769.930768,2934604.568429,2880035.034554,8672409.533751,0.008872,0.290884,0.335536,0.373580,0.329524,0.338384,0.332092,10000.000000,0.000000,10.000000
1997-11,10000.000000,1780000.000000,2901639.644320,3063141.621326,2795050.727228,8759831.992874,0.008917,0.290884,0.335536,0.373580,0.331244,0.349680,0.319076,10000.000000,0.000000,10.000000
1997-12,10000.000000,1790000.000000,2766138.430090,3140314.861695,3269046.941429,9175500.233214,0.046257,0.290884,0.335536,0.373580,0.301470,0.342250,0.356280,481185.849191,471185.849191,952.371698
1998-01,10000.000000,1800000.000000,2772060.259448,3218810.122091,3278294.339744,9269164.721282,0.009108,0.290884,0.335536,0.373580,0.299063,0.347260,0.353677,10000.000000,0.000000,10.000000
1998-02,10000.000000,1810000.000000,2926942.093207,3195006.249642,3340559.509375,9462507.852224,0.019759,0.308607,0.330918,0.360475,0.309320,0.337649,0.353031,10000.000000,0.000000,10.000000
1998-03,10000.000000,1820000.000000,3126750.621316,3236491.011471,3387273.408417,9750515.041204,0.029349,0.308607,0.330918,0.360475,0.320675,0.331930,0.347394,10000.000000,0.000000,10.000000
1998-04,10000.000000,1830000.000000,3244208.218382,3265203.918122,3546995.223390,10056407.359894,0.030315,0.308607,0.330918,0.360475,0.322601,0.324689,0.352710,10000.000000,0.000000,10.000000
1998-05,10000.000000,1840000.000000,3299443.749615,3345893.852498,3515236.811619,10160574.413731,0.009355,0.308607,0.330918,0.360475,0.324730,0.329302,0.345968,10000.000000,0.000000,10.000000
1998-06,10000.000000,1850000.000000,3458216.544452,3560296.804103,3602993.735522,10621507.084077,0.044337,0.308607,0.330918,0.360475,0.325586,0.335197,0.339217,10000.000000,0.000000,10.000000
1998-07,10000.000000,1860000.000000,3633606.434646,3608151.347148,3646328.446747,10888086.228540,0.024134,0.308607,0.330918,0.360475,0.333723,0.331385,0.334892,10000.000000,0.000000,10.000000
1998-08,10000.000000,1870000.000000,3398637.028049,3677403.912190,3563235.310835,10639276.251074,-0.023748,0.308607,0.330918,0.360475,0.319443,0.345644,0.334913,10000.000000,0.000000,10.000000
1998-09,10000.000000,1880000.000000,3212244.328411,3822364.872178,3613743.365555,10648352.566143,-0.000087,0.308607,0.330918,0.360475,0.301666,0.358963,0.339371,10000.000000,0.000000,10.000000
1998-10,10000.000000,1890000.000000,3242136.012943,3905407.741946,3692840.688555,10840384.443445,0.017079,0.308607,0.330918,0.360475,0.299079,0.360265,0.340656,10000.000000,0.000000,10.000000
1998-11,10000.000000,1900000.000000,3604468.130532,3831765.951025,3677521.217670,11113755.299227,0.024273,0.308607,0.330918,0.360475,0.324325,0.344777,0.330898,10000.000000,0.000000,10.000000
1998-12,10000.000000,1910000.000000,3766767.528256,3916428.517614,3676459.810862,11359655.856732,0.021207,0.308607,0.330918,0.360475,0.331592,0.344766,0.323642,10000.000000,0.000000,10.000000
1999-01,10000.000000,1920000.000000,3952662.240824,3905902.617917,3619452.971624,11478017.830365,0.009531,0.308607,0.330918,0.360475,0.344368,0.340294,0.315338,10000.000000,0.000000,10.000000
1999-02,10000.000000,1930000.000000,3948750.015854,3835331.922651,3628281.093152,11412363.031658,-0.006586,0.300975,0.337455,0.361570,0.346006,0.336068,0.317925,10000.000000,0.000000,10.000000
1999-03,10000.000000,1940000.000000,4062707.423995,3782710.676498,3623912.541483,11469330.641976,0.004112,0.300975,0.337455,0.361570,0.354224,0.329811,0.315965,10000.000000,0.000000,10.000000
1999-04,10000.000000,1950000.000000,3625228.160355,3930875.701970,4133716.818905,11689820.681230,0.018336,0.300975,0.337455,0.361570,0.310118,0.336265,0.353617,617710.414897,607710.414897,1225.420830
1999-05,10000.000000,1960000.000000,3626905.824917,3848042.898847,4045609.618607,11520558.342371,-0.015322,0.300975,0.337455,0.361570,0.314820,0.334015,0.351164,10000.000000,0.000000,10.000000
1999-06,10000.000000,1970000.000000,3634462.885542,3796516.205665,3864380.807639,11295359.898846,-0.020398,0.300975,0.337455,0.361570,0.321766,0.336113,0.342121,10000.000000,0.000000,10.000000
1999-07,10000.000000,1980000.000000,3811483.043498,3859950.152690,3812064.987556,11483498.183744,0.015757,0.300975,0.337455,0.361570,0.331910,0.336130,0.331960,10000.000000,0.000000,10.000000
1999-08,10000.000000,1990000.000000,3680012.491485,3849119.098502,3849439.791157,11378571.381143,-0.009999,0.300975,0.337455,0.361570,0.323416,0.338278,0.338306,10000.000000,0.000000,10.000000
1999-09,10000.000000,2000000.000000,3665981.948067,3882331.893734,3988255.744257,11536569.586058,0.012995,0.300975,0.337455,0.361570,0.317771,0.336524,0.345706,10000.000000,0.000000,10.000000
1999-10,10000.000000,2010000.000000,3615569.622015,3843919.069455,4686588.954778,12146077.646249,0.051921,0.300975,0.337455,0.361570,0.297674,0.316474,0.385852,10000.000000,0.000000,10.000000
1999-11,10000.000000,2020000.000000,3865586.958974,3886377.174226,4405725.084301,12157689.217501,0.000133,0.300975,0.337455,0.361570,0.317954,0.319664,0.362382,10000.000000,0.000000,10.000000
1999-12,10000.000000,2030000.000000,3980184.077180,3850684.233595,4261808.395628,12092676.706404,-0.006165,0.300975,0.337455,0.361570,0.329140,0.318431,0.352429,10000.000000,0.000000,10.000000
2000-01,10000.000000,2040000.000000,3981438.923647,3778111.289498,4286611.303932,12046161.517077,-0.004670,0.300975,0.337455,0.361570,0.330515,0.313636,0.355849,10000.000000,0.000000,10.000000
2000-02,10000.000000,2050000.000000,3888517.951696,3853114.053071,4534807.095163,12276439.099929,0.018271,0.309825,0.344963,0.345211,0.316746,0.313863,0.369391,10000.000000,0.000000,10.000000
2000-03,10000.000000,2060000.000000,4040305.761243,3956056.237026,4321624.427582,12317986.425851,0.002568,0.309825,0.344963,0.345211,0.328001,0.321161,0.350839,10000.000000,0.000000,10.000000
2000-04,10000.000000,2070000.000000,4102220.483092,4070270.740178,4235456.271234,12407947.494503,0.006486,0.309825,0.344963,0.345211,0.330612,0.328037,0.341350,10000.000000,0.000000,10.000000
2000-05,10000.000000,2080000.000000,4021456.501838,4001216.334810,4198993.095517,12221665.932166,-0.015806,0.309825,0.344963,0.345211,0.329043,0.327387,0.343570,10000.000000,0.000000,10.000000
2000-06,10000.000000,2090000.000000,4213109.481242,4196286.426281,4435805.253681,12845201.161204,0.050160,0.309825,0.344963,0.345211,0.327991,0.326681,0.345328,10000.000000,0.000000,10.000000
2000-07,10000.000000,2100000.000000,4256526.097242,4250679.870076,4381660.195223,12888866.162541,0.002619,0.309825,0.344963,0.345211,0.330248,0.329795,0.339957,10000.000000,0.000000,10.000000
2000-08,10000.000000,2110000.000000,4385459.981243,4439340.681077,4355553.300957,13180353.963276,0.021823,0.309825,0.344963,0.345211,0.332727,0.336815,0.330458,10000.000000,0.000000,10.000000
2000-09,10000.000000,2120000.000000,4356999.340542,4493942.051206,4373452.074428,13224393.466177,0.002581,0.309825,0.344963,0.345211,0.329467,0.339822,0.330711,10000.000000,0.000000,10.000000
2000-10,10000.000000,2130000.000000,4170887.572136,4583678.679683,4359752.024829,13114318.276648,-0.009073,0.309825,0.344963,0.345211,0.318041,0.349517,0.332442,10000.000000,0.000000,10.000000
2000-11,10000.000000,2140000.000000,4173981.651195,4651829.441002,4341751.322153,13167562.414350,0.003295,0.309825,0.344963,0.345211,0.316990,0.353279,0.329731,10000.000000,0.000000,10.000000
2000-12,10000.000000,2150000.000000,4032219.029874,4841170.576487,4430053.721766,13303443.328127,0.009553,0.309825,0.344963,0.345211,0.303096,0.363904,0.333001,10000.000000,0.000000,10.000000
2001-01,10000.000000,2160000.000000,4039369.789860,4874226.397809,4322414.530107,13236010.717776,-0.005816,0.309825,0.344963,0.345211,0.305180,0.368255,0.326565,10000.000000,0.000000,10.000000
2001-02,10000.000000,2170000.000000,3951325.747769,4912217.284127,4275863.803434,13139406.835330,-0.008048,0.310658,0.347887,0.341454,0.300723,0.373854,0.325423,10000.000000,0.000000,10.000000
2001-03,10000.000000,2180000.000000,3603115.645835,5023253.742717,4306816.495232,12933185.883784,-0.016443,0.310658,0.347887,0.341454,0.278595,0.388400,0.333005,10000.000000,0.000000,10.000000
2001-04,10000.000000,2190000.000000,3637717.918081,4961459.568421,4272149.106952,12871326.593454,-0.005552,0.310658,0.347887,0.341454,0.282622,0.385466,0.331912,10000.000000,0.000000,10.000000
2001-05,10000.000000,2200000.000000,3909115.621718,4904964.631576,4487184.144198,13301264.397493,0.032601,0.310658,0.347887,0.341454,0.293891,0.368759,0.337350,10000.000000,0.000000,10.000000
2001-06,10000.000000,2210000.000000,3831251.330264,4978296.783654,4465239.960648,13274788.074566,-0.002740,0.310658,0.347887,0.341454,0.288611,0.375019,0.336370,10000.000000,0.000000,10.000000
2001-07,10000.000000,2220000.000000,3747960.607611,5029914.350703,4446870.869930,13224745.828245,-0.004520,0.310658,0.347887,0.341454,0.283405,0.380341,0.336254,10000.000000,0.000000,10.000000
2001-08,10000.000000,2230000.000000,3678548.396055,5155927.313537,4513810.093181,13348285.802772,0.008579,0.310658,0.347887,0.341454,0.275582,0.386261,0.338157,10000.000000,0.000000,10.000000
2001-09,10000.000000,2240000.000000,3313436.659945,5339703.148653,4755521.908533,13408661.717131,0.003771,0.310658,0.347887,0.341454,0.247112,0.398228,0.354660,10000.000000,0.000000,10.000000
2001-10,10000.000000,2250000.000000,4327853.331251,4774847.687622,4610089.236284,13712790.255158,0.021919,0.310658,0.347887,0.341454,0.315607,0.348204,0.336189,855184.367664,845184.367664,1700.368735
2001-11,10000.000000,2260000.000000,4545747.999203,4762122.399703,4505020.459535,13812890.858442,0.006566,0.310658,0.347887,0.341454,0.329095,0.344759,0.326146,10000.000000,0.000000,10.000000
2001-12,10000.000000,2270000.000000,4601970.981506,4610283.068538,4503039.593374,13715293.643419,-0.007784,0.310658,0.347887,0.341454,0.335536,0.336142,0.328323,10000.000000,0.000000,10.000000
2002-01,10000.000000,2280000.000000,4628355.403016,4693067.115007,4646560.218320,13967982.736342,0.017682,0.310658,0.347887,0.341454,0.331355,0.335987,0.332658,10000.000000,0.000000,10.000000
2002-02,10000.000000,2290000.000000,4506801.568668,4804291.056234,4915905.320104,14226997.945006,0.017815,0.291945,0.368079,0.339976,0.316778,0.337688,0.345534,10000.000000,0.000000,10.000000
2002-03,10000.000000,2300000.000000,4734516.335445,4702644.824952,4887687.589178,14324848.749574,0.006171,0.291945,0.368079,0.339976,0.330511,0.328286,0.341203,10000.000000,0.000000,10.000000
2002-04,10000.000000,2310000.000000,4584224.154474,4775448.560601,5055063.413020,14414736.128095,0.005573,0.291945,0.368079,0.339976,0.318023,0.331289,0.350687,10000.000000,0.000000,10.000000
2002-05,10000.000000,2320000.000000,4462047.544992,4832322.986128,5246947.758482,14541318.289603,0.008082,0.291945,0.368079,0.339976,0.306853,0.332317,0.360830,10000.000000,0.000000,10.000000
2002-06,10000.000000,2330000.000000,4195039.663572,4946363.578634,5360324.949099,14501728.191305,-0.003408,0.291945,0.368079,0.339976,0.289279,0.341088,0.369634,10000.000000,0.000000,10.000000
2002-07,10000.000000,2340000.000000,3729557.561353,5064625.740793,5205784.908823,13999968.210968,-0.035265,0.291945,0.368079,0.339976,0.266398,0.361760,0.371843,10000.000000,0.000000,10.000000
2002-08,10000.000000,2350000.000000,3766701.106746,5226197.885738,5137634.601996,14130533.594480,0.008606,0.291945,0.368079,0.339976,0.266565,0.369851,0.363584,10000.000000,0.000000,10.000000
2002-09,10000.000000,2360000.000000,3585729.868336,5394312.808587,5270203.939535,14250246.616458,0.007759,0.291945,0.368079,0.339976,0.251626,0.378542,0.369832,10000.000000,0.000000,10.000000
2002-10,10000.000000,2370000.000000,3541134.820856,5372705.950981,5229128.940879,14142969.712717,-0.008224,0.291945,0.368079,0.339976,0.250381,0.379885,0.369733,10000.000000,0.000000,10.000000
2002-11,10000.000000,2380000.000000,3778363.302473,5331106.694730,5250926.410551,14360396.407754,0.014656,0.291945,0.368079,0.339976,0.263110,0.371237,0.365653,10000.000000,0.000000,10.000000
2002-12,10000.000000,2390000.000000,3738604.526673,5342672.491333,5449540.432597,14530817.450603,0.011163,0.291945,0.368079,0.339976,0.257288,0.367679,0.375033,10000.000000,0.000000,10.000000
2003-01,10000.000000,2400000.000000,3725132.014319,5330753.304205,5836477.876419,14892363.194943,0.024176,0.291945,0.368079,0.339976,0.250137,0.357952,0.391911,10000.000000,0.000000,10.000000
2003-02,10000.000000,2410000.000000,3827094.116975,5862256.705688,5001826.411936,14691177.234599,-0.014171,0.275651,0.389075,0.335274,0.260503,0.399032,0.340465,850105.177021,840105.177021,1690.210354
2003-03,10000.000000,2420000.000000,3881520.844136,5915766.819618,4744000.341226,14541288.004980,-0.010876,0.275651,0.389075,0.335274,0.266931,0.406826,0.326243,10000.000000,0.000000,10.000000
2003-04,10000.000000,2430000.000000,4067323.413779,5827210.115595,4540659.963602,14435193.492975,-0.007978,0.275651,0.389075,0.335274,0.281764,0.403681,0.314555,10000.000000,0.000000,10.000000
2003-05,10000.000000,2440000.000000,4257996.384358,5999061.518891,4909851.850771,15166909.754019,0.049962,0.275651,0.389075,0.335274,0.280743,0.395536,0.323721,10000.000000,0.000000,10.000000
2003-06,10000.000000,2450000.000000,4461658.350928,6084174.594507,4876978.770269,15422811.715704,0.016202,0.275651,0.389075,0.335274,0.289290,0.394492,0.316219,10000.000000,0.000000,10.000000
2003-07,10000.000000,2460000.000000,4442158.248630,5720276.162072,4768864.684906,14931299.095608,-0.032497,0.275651,0.389075,0.335274,0.297506,0.383106,0.319387,10000.000000,0.000000,10.000000
2003-08,10000.000000,2470000.000000,4409407.573600,5496647.781054,4870525.215257,14776580.569911,-0.011024,0.275651,0.389075,0.335274,0.298405,0.371984,0.329611,10000.000000,0.000000,10.000000
2003-09,10000.000000,2480000.000000,4538004.788292,5590647.934961,5118076.597146,15246729.320398,0.031119,0.275651,0.389075,0.335274,0.297638,0.366679,0.335684,10000.000000,0.000000,10.000000
2003-10,10000.000000,2490000.000000,4585276.402379,5557367.637745,5068607.985875,15211252.025999,-0.002981,0.275651,0.389075,0.335274,0.301440,0.365346,0.333214,10000.000000,0.000000,10.000000
2003-11,10000.000000,2500000.000000,4656195.601741,5600479.856608,5233933.828491,15490609.286840,0.017696,0.275651,0.389075,0.335274,0.300582,0.361540,0.337878,10000.000000,0.000000,10.000000
2003-12,10000.000000,2510000.000000,4800924.757335,5646513.391948,5464438.192281,15911876.341564,0.026532,0.275651,0.389075,0.335274,0.301720,0.354862,0.343419,10000.000000,0.000000,10.000000
2004-01,10000.000000,2520000.000000,5024790.403188,5716509.174492,5544013.651529,16285313.229209,0.022826,0.275651,0.389075,0.335274,0.308547,0.351022,0.340430,10000.000000,0.000000,10.000000
2004-02,10000.000000,2530000.000000,5058896.128660,5755419.989930,5401606.303091,16215922.421681,-0.004872,0.273798,0.396948,0.329254,0.311971,0.354924,0.333105,10000.000000,0.000000,10.000000
2004-03,10000.000000,2540000.000000,4946350.246330,5863470.027137,5391911.255988,16201731.529455,-0.001491,0.273798,0.396948,0.329254,0.305298,0.361904,0.332798,10000.000000,0.000000,10.000000
2004-04,10000.000000,2550000.000000,4874568.822011,5512977.881037,5210991.571788,15598538.274836,-0.037824,0.273798,0.396948,0.329254,0.312502,0.353429,0.334069,10000.000000,0.000000,10.000000
2004-05,10000.000000,2560000.000000,4888479.756819,5540069.384167,5110528.874010,15539078.014997,-0.004450,0.273798,0.396948,0.329254,0.314593,0.356525,0.328882,10000.000000,0.000000,10.000000
2004-06,10000.000000,2570000.000000,5064591.853344,5607725.162058,5254926.239249,15927243.254650,0.024321,0.273798,0.396948,0.329254,0.317983,0.352084,0.329933,10000.000000,0.000000,10.000000
2004-07,10000.000000,2580000.000000,5011376.308443,5812099.917926,5400196.652999,16223672.879367,0.017972,0.273798,0.396948,0.329254,0.308893,0.358248,0.332859,10000.000000,0.000000,10.000000
2004-08,10000.000000,2590000.000000,4970411.258980,5980938.664412,5472358.269957,16423708.193349,0.011706,0.273798,0.396948,0.329254,0.302636,0.364165,0.333199,10000.000000,0.000000,10.000000
2004-09,10000.000000,2600000.000000,5079247.351139,6049721.667860,5495060.889839,16624029.908838,0.011581,0.273798,0.396948,0.329254,0.305536,0.363914,0.330549,10000.000000,0.000000,10.000000
2004-10,10000.000000,2610000.000000,5049204.630987,6053005.978223,5659069.724074,16761280.333284,0.007650,0.273798,0.396948,0.329254,0.301242,0.361130,0.337628,10000.000000,0.000000,10.000000
2004-11,10000.000000,2620000.000000,5208928.922784,5946971.412867,5824151.218602,16980051.554253,0.012448,0.273798,0.396948,0.329254,0.306768,0.350233,0.343000,10000.000000,0.000000,10.000000
2004-12,10000.000000,2630000.000000,5210129.275054,5801767.149811,5709577.368464,16721473.793330,-0.015808,0.273798,0.396948,0.329254,0.311583,0.346965,0.341452,10000.000000,0.000000,10.000000
2005-01,10000.000000,2640000.000000,5112634.540865,5806036.125037,5448077.581345,16366748.247247,-0.021799,0.273798,0.396948,0.329254,0.312379,0.354746,0.332875,10000.000000,0.000000,10.000000
2005-02,10000.000000,2650000.000000,5193912.953552,5854641.142672,5430340.010201,16478894.106424,0.006237,0.279799,0.397836,0.322365,0.315186,0.355281,0.329533,10000.000000,0.000000,10.000000
2005-03,10000.000000,2660000.000000,5181859.309592,5732920.640796,5572868.067957,16487648.018345,-0.000076,0.279799,0.397836,0.322365,0.314287,0.347710,0.338003,10000.000000,0.000000,10.000000
2005-04,10000.000000,2670000.000000,5063503.610103,5845338.813823,5515713.513639,16424555.937565,-0.004430,0.279799,0.397836,0.322365,0.308289,0.355890,0.335821,10000.000000,0.000000,10.000000
2005-05,10000.000000,2680000.000000,5103818.196341,5939172.936532,5396817.480628,16439808.613501,0.000320,0.279799,0.397836,0.322365,0.310455,0.361268,0.328277,10000.000000,0.000000,10.000000
2005-06,10000.000000,2690000.000000,5228929.710657,6053318.928605,5526514.216470,16808762.855733,0.021821,0.279799,0.397836,0.322365,0.311084,0.360129,0.328788,10000.000000,0.000000,10.000000
2005-07,10000.000000,2700000.000000,5312385.656028,5983196.493823,5425448.619933,16721030.769785,-0.005811,0.279799,0.397836,0.322365,0.317707,0.357825,0.324469,10000.000000,0.000000,10.000000
2005-08,10000.000000,2710000.000000,5343083.695445,5991576.667474,5619555.714040,16954216.076958,0.013340,0.279799,0.397836,0.322365,0.315148,0.353397,0.331455,10000.000000,0.000000,10.000000
2005-09,10000.000000,2720000.000000,5394466.607789,6093001.394824,5890284.341189,17377752.343802,0.024377,0.279799,0.397836,0.322365,0.310424,0.350621,0.338955,10000.000000,0.000000,10.000000
2005-10,10000.000000,2730000.000000,5362077.304236,6122973.485198,6197305.192272,17682355.981706,0.016943,0.279799,0.397836,0.322365,0.303245,0.346276,0.350480,10000.000000,0.000000,10.000000
2005-11,10000.000000,2740000.000000,5246363.493579,7156613.328649,5900760.000128,18303736.822356,0.034556,0.279799,0.397836,0.322365,0.286628,0.390992,0.322380,915691.341470,905691.341470,1821.382683
2005-12,10000.000000,2750000.000000,5350840.221953,7222520.734035,6299793.620589,18873154.576577,0.030546,0.279799,0.397836,0.322365,0.283516,0.382688,0.333797,10000.000000,0.000000,10.000000
2006-01,10000.000000,2760000.000000,5266990.247995,7070328.580223,6590760.462198,18928079.290416,0.002379,0.279799,0.397836,0.322365,0.278263,0.373537,0.348200,10000.000000,0.000000,10.000000
2006-02,10000.000000,2770000.000000,5269566.131225,7027080.798742,6655036.437158,18951683.367125,0.000718,0.276349,0.420904,0.302747,0.278053,0.370789,0.351158,10000.000000,0.000000,10.000000
2006-03,10000.000000,2780000.000000,5360910.495136,6998062.406225,6695293.547379,19054266.448740,0.004883,0.276349,0.420904,0.302747,0.281350,0.367270,0.351380,10000.000000,0.000000,10.000000
2006-04,10000.000000,2790000.000000,5368171.756939,7973663.708412,6400002.587736,19741838.053088,0.035541,0.276349,0.420904,0.302747,0.271919,0.403897,0.324185,1026168.200700,1016168.200700,2042.336401
2006-05,10000.000000,2800000.000000,5372168.150270,8006755.941686,7128958.377214,20507882.469170,0.038277,0.276349,0.420904,0.302747,0.261956,0.390423,0.347620,10000.000000,0.000000,10.000000
2006-06,10000.000000,2810000.000000,5310089.178452,8171006.654456,6391078.057374,19872173.890282,-0.031471,0.276349,0.420904,0.302747,0.267212,0.411178,0.321609,10000.000000,0.000000,10.000000
2006-07,10000.000000,2820000.000000,5409050.397565,8309424.745773,6869510.194351,20587985.337689,0.035500,0.276349,0.420904,0.302747,0.262728,0.403606,0.333666,10000.000000,0.000000,10.000000
2006-08,10000.000000,2830000.000000,5546898.310844,8500665.905905,6870298.157806,20917862.374555,0.015530,0.276349,0.420904,0.302747,0.265175,0.406383,0.328442,10000.000000,0.000000,10.000000
2006-09,10000.000000,2840000.000000,5638370.157276,8566604.159828,6429549.588349,20634523.905453,-0.014017,0.276349,0.420904,0.302747,0.273249,0.415159,0.311592,10000.000000,0.000000,10.000000
2006-10,10000.000000,2850000.000000,5762635.052215,8477589.609647,6210790.863779,20451015.525640,-0.009373,0.276349,0.420904,0.302747,0.281777,0.414531,0.303691,10000.000000,0.000000,10.000000
2006-11,10000.000000,2860000.000000,5796397.111624,8488639.534709,6563549.770232,20848586.416565,0.018942,0.276349,0.420904,0.302747,0.278024,0.407157,0.314820,10000.000000,0.000000,10.000000
2006-12,10000.000000,2870000.000000,5888853.140398,8511747.155089,6548793.345984,20949393.641472,0.004353,0.276349,0.420904,0.302747,0.281099,0.406300,0.312601,10000.000000,0.000000,10.000000
2007-01,10000.000000,2880000.000000,5892685.738970,8368146.850942,6518296.631146,20779129.221058,-0.008601,0.276349,0.420904,0.302747,0.283587,0.402719,0.313694,10000.000000,0.000000,10.000000
2007-02,10000.000000,2890000.000000,5815224.153883,9614051.953819,5721338.661203,21150614.768904,0.017388,0.276530,0.461194,0.262276,0.274944,0.454552,0.270505,1219683.928250,1209683.928250,2429.367857
2007-03,10000.000000,2900000.000000,5644197.156965,9731416.695632,5606381.502257,20981995.354855,-0.008441,0.276530,0.461194,0.262276,0.269002,0.463798,0.267200,10000.000000,0.000000,10.000000
2007-04,10000.000000,2910000.000000,5651669.696010,9276866.366184,5576112.290838,20504648.353032,-0.023216,0.276530,0.461194,0.262276,0.275629,0.452427,0.271944,10000.000000,0.000000,10.000000
2007-05,10000.000000,2920000.000000,5642877.573734,8958490.627749,5288665.975467,19890034.176949,-0.030447,0.276530,0.461194,0.262276,0.283704,0.450401,0.265895,10000.000000,0.000000,10.000000
2007-06,10000.000000,2930000.000000,5665393.758339,8766762.715956,5204251.861707,19636408.336002,-0.013248,0.276530,0.461194,0.262276,0.288515,0.446454,0.265031,10000.000000,0.000000,10.000000
2007-07,10000.000000,2940000.000000,5653488.115048,8812728.475762,5234486.681312,19700703.272121,0.002764,0.276530,0.461194,0.262276,0.286969,0.447331,0.265700,10000.000000,0.000000,10.000000
2007-08,10000.000000,2950000.000000,5470480.516005,9179950.624308,5287161.831440,19937592.971753,0.011511,0.276530,0.461194,0.262276,0.274380,0.460434,0.265186,10000.000000,0.000000,10.000000
2007-09,10000.000000,2960000.000000,5575700.067800,9211884.182449,5598331.392110,20385915.642359,0.021974,0.276530,0.461194,0.262276,0.273507,0.451875,0.274618,10000.000000,0.000000,10.000000
2007-10,10000.000000,2970000.000000,5629598.806196,9060979.438372,5808961.955771,20499540.200339,0.005081,0.276530,0.461194,0.262276,0.274621,0.442009,0.283370,10000.000000,0.000000,10.000000
2007-11,10000.000000,2980000.000000,5354562.629572,9372739.054374,6195145.696727,20922447.380673,0.020132,0.276530,0.461194,0.262276,0.255924,0.447975,0.296100,10000.000000,0.000000,10.000000
2007-12,10000.000000,2990000.000000,5433669.482064,9458585.096296,6179664.296911,21071918.875271,0.006663,0.276530,0.461194,0.262276,0.257863,0.448872,0.293265,10000.000000,0.000000,10.000000
2008-01,10000.000000,3000000.000000,5064879.691023,9748339.862640,6830506.823085,21643726.376749,0.026649,0.276530,0.461194,0.262276,0.234011,0.450400,0.315588,10000.000000,0.000000,10.000000
2008-02,10000.000000,3010000.000000,6501057.273247,10151876.250932,5334508.043481,21987441.567660,0.015411,0.301926,0.462664,0.235410,0.295671,0.461712,0.242616,1743009.281460,1733009.281460,3476.018563
2008-03,10000.000000,3020000.000000,6413897.124227,10502612.870053,5667241.565528,22583751.559808,0.026654,0.301926,0.462664,0.235410,0.284005,0.465052,0.250943,10000.000000,0.000000,10.000000
2008-04,10000.000000,3030000.000000,6666753.265922,10339947.291318,5303997.596523,22310698.153764,-0.012528,0.301926,0.462664,0.235410,0.298814,0.463452,0.237733,10000.000000,0.000000,10.000000
2008-05,10000.000000,3040000.000000,7196539.823710,10722282.098171,5445440.944869,23364262.866750,0.046753,0.301926,0.462664,0.235410,0.308015,0.458918,0.233067,10000.000000,0.000000,10.000000
2008-06,10000.000000,3050000.000000,7015846.963873,10764054.161503,5548046.793591,23327947.918966,-0.001981,0.301926,0.462664,0.235410,0.300749,0.461423,0.237828,10000.000000,0.000000,10.000000
2008-07,10000.000000,3060000.000000,6584513.636664,10869325.832688,5858010.495481,23311849.964834,-0.001118,0.301926,0.462664,0.235410,0.282454,0.466258,0.251289,10000.000000,0.000000,10.000000
2008-08,10000.000000,3070000.000000,6765700.880510,11064464.290628,5253439.357904,23083604.529042,-0.010216,0.301926,0.462664,0.235410,0.293096,0.479321,0.227583,10000.000000,0.000000,10.000000
2008-09,10000.000000,3080000.000000,6836845.242434,11972812.566856,5519887.384025,24329545.193316,0.053519,0.301926,0.462664,0.235410,0.281010,0.492110,0.226880,10000.000000,0.000000,10.000000
2008-10,10000.000000,3090000.000000,5832043.576162,12697786.533203,5733651.698969,24263481.808334,-0.003125,0.301926,0.462664,0.235410,0.240363,0.523329,0.236308,10000.000000,0.000000,10.000000
2008-11,10000.000000,3100000.000000,6729847.184757,11581888.547116,5414010.820913,23725746.552786,-0.022565,0.301926,0.462664,0.235410,0.283652,0.488157,0.228191,1496756.550138,1486756.550138,2983.513100
2008-12,10000.000000,3110000.000000,6666820.073171,12655068.189011,5768100.904334,25089989.166517,0.057055,0.301926,0.462664,0.235410,0.265716,0.504387,0.229897,10000.000000,0.000000,10.000000
2009-01,10000.000000,3120000.000000,6627700.990536,12618423.322471,6096785.484061,25342909.797068,0.009678,0.301926,0.462664,0.235410,0.261521,0.497907,0.240572,10000.000000,0.000000,10.000000
2009-02,10000.000000,3130000.000000,7833007.556233,11045588.636092,6451383.658989,25329979.851315,-0.000904,0.327507,0.443250,0.229243,0.309239,0.436068,0.254694,1675550.297761,1665550.297761,3341.100596
2009-03,10000.000000,3140000.000000,7676616.104762,11547105.702457,6562797.432588,25786519.239807,0.017622,0.327507,0.443250,0.229243,0.297699,0.447796,0.254505,10000.000000,0.000000,10.000000
2009-04,10000.000000,3150000.000000,8437251.097699,11204674.710671,6177445.948497,25819371.756867,0.000886,0.327507,0.443250,0.229243,0.326780,0.433964,0.239256,10000.000000,0.000000,10.000000
2009-05,10000.000000,3160000.000000,8737864.627560,10584413.550852,6260305.560853,25582583.739264,-0.009555,0.327507,0.443250,0.229243,0.341555,0.413735,0.244710,10000.000000,0.000000,10.000000
2009-06,10000.000000,3170000.000000,8833559.667409,10071824.487276,6264947.821402,25170331.976087,-0.016499,0.327507,0.443250,0.229243,0.350951,0.400147,0.248902,10000.000000,0.000000,10.000000
2009-07,10000.000000,3180000.000000,9075677.485120,10394910.813631,6274843.821697,25745432.120448,0.022442,0.327507,0.443250,0.229243,0.352516,0.403757,0.243726,10000.000000,0.000000,10.000000
2009-08,10000.000000,3190000.000000,9788379.013946,10384136.394790,6359821.813255,26532337.221990,0.030165,0.327507,0.443250,0.229243,0.368923,0.391377,0.239701,10000.000000,0.000000,10.000000
2009-09,10000.000000,3200000.000000,9018479.837561,11998058.173559,6395708.756389,27412246.767509,0.032774,0.327507,0.443250,0.229243,0.328995,0.437690,0.233316,1380758.049231,1370758.049231,2751.516098
2009-10,10000.000000,3210000.000000,8921574.821993,11642830.759737,6466235.332502,27030640.914232,-0.014281,0.327507,0.443250,0.229243,0.330054,0.430727,0.239219,10000.000000,0.000000,10.000000
2009-11,10000.000000,3220000.000000,9084618.505976,11645497.055579,6968746.728863,27698862.290419,0.024342,0.327507,0.443250,0.229243,0.327978,0.420432,0.251590,10000.000000,0.000000,10.000000
2009-12,10000.000000,3230000.000000,9286187.122891,11504320.524136,7017729.119765,27808236.766792,0.003586,0.327507,0.443250,0.229243,0.333937,0.413702,0.252362,10000.000000,0.000000,10.000000
2010-01,10000.000000,3240000.000000,9284162.461101,11260867.052467,6818584.569412,27363614.082980,-0.016343,0.327507,0.443250,0.229243,0.339289,0.411527,0.249184,10000.000000,0.000000,10.000000
2010-02,10000.000000,3250000.000000,9089468.025570,11436676.714706,6733428.079820,27259572.820096,-0.004166,0.328336,0.429076,0.242588,0.333441,0.419547,0.247012,10000.000000,0.000000,10.000000
2010-03,10000.000000,3260000.000000,9458530.589910,11240836.734902,6722488.440057,27421855.764869,0.005584,0.328336,0.429076,0.242588,0.344927,0.409923,0.245151,10000.000000,0.000000,10.000000
2010-04,10000.000000,3270000.000000,9627079.041421,10927808.065143,6786180.737495,27341067.844059,-0.003310,0.328336,0.429076,0.242588,0.352111,0.399685,0.248205,10000.000000,0.000000,10.000000
2010-05,10000.000000,3280000.000000,9330899.698430,11704471.722871,7329098.643651,28364470.064952,0.037052,0.328336,0.429076,0.242588,0.328964,0.412646,0.258390,10000.000000,0.000000,10.000000
2010-06,10000.000000,3290000.000000,9143663.389055,12156029.221507,7618896.874068,28918589.484630,0.019176,0.328336,0.429076,0.242588,0.316186,0.420353,0.263460,10000.000000,0.000000,10.000000
2010-07,10000.000000,3300000.000000,9186655.236304,12459651.329944,7413486.946933,29059793.513181,0.004535,0.328336,0.429076,0.242588,0.316129,0.428759,0.255111,10000.000000,0.000000,10.000000
2010-08,10000.000000,3310000.000000,9215962.692375,12742739.448755,7507737.806349,29466439.947479,0.013645,0.328336,0.429076,0.242588,0.312761,0.432449,0.254789,10000.000000,0.000000,10.000000
2010-09,10000.000000,3320000.000000,9416363.808765,12664427.068135,7748064.772086,29828855.648985,0.011956,0.328336,0.429076,0.242588,0.315680,0.424570,0.259751,10000.000000,0.000000,10.000000
2010-10,10000.000000,3330000.000000,9528743.065291,12392168.144264,7910003.183289,29830914.392845,-0.000266,0.328336,0.429076,0.242588,0.319425,0.415414,0.265161,10000.000000,0.000000,10.000000
2010-11,10000.000000,3340000.000000,9897352.589506,12347940.074559,8180176.804655,30425469.468720,0.019589,0.328336,0.429076,0.242588,0.325298,0.405842,0.268860,10000.000000,0.000000,10.000000
2010-12,10000.000000,3350000.000000,10304640.603698,11879224.891131,8336710.746863,30520576.241692,0.002796,0.328336,0.429076,0.242588,0.337629,0.389220,0.273151,10000.000000,0.000000,10.000000
2011-01,10000.000000,3360000.000000,10726412.213056,11894482.333897,8200615.759709,30821510.306662,0.009529,0.328336,0.429076,0.242588,0.348017,0.385915,0.266068,10000.000000,0.000000,10.000000
2011-02,10000.000000,3370000.000000,11065480.596920,11751860.558794,8291883.299499,31109224.455213,0.009007,0.337580,0.425894,0.236526,0.355698,0.377761,0.266541,10000.000000,0.000000,10.000000
2011-03,10000.000000,3380000.000000,10830204.085441,11841345.406811,8493372.505186,31164921.997438,0.001468,0.337580,0.425894,0.236526,0.347513,0.379957,0.272530,10000.000000,0.000000,10.000000
2011-04,10000.000000,3390000.000000,10919567.744607,11674019.698908,8718847.599950,31312435.043465,0.004411,0.337580,0.425894,0.236526,0.348729,0.372824,0.278447,10000.000000,0.000000,10.000000
2011-05,10000.000000,3400000.000000,10786883.005946,13890080.270173,7670569.672440,32347532.948559,0.032727,0.337580,0.425894,0.236526,0.333468,0.429402,0.237130,1666024.207434,1656024.207434,3322.048415
2011-06,10000.000000,3410000.000000,10380237.584021,14099230.241340,7735887.628552,32215355.453913,-0.004394,0.337580,0.425894,0.236526,0.322214,0.437656,0.240130,10000.000000,0.000000,10.000000
2011-07,10000.000000,3420000.000000,10613325.783177,14003604.070365,7884813.628124,32501743.481666,0.008577,0.337580,0.425894,0.236526,0.326546,0.430857,0.242597,10000.000000,0.000000,10.000000
2011-08,10000.000000,3430000.000000,9715138.710643,15211381.675346,8999371.529023,33925891.915011,0.043497,0.337580,0.425894,0.236526,0.286364,0.448371,0.265266,10000.000000,0.000000,10.000000
2011-09,10000.000000,3440000.000000,11960648.277961,15675132.390110,8509327.717182,36145108.385253,0.065100,0.337580,0.425894,0.236526,0.330906,0.433672,0.235421,1740943.760957,1730943.760957,3471.887522
2011-10,10000.000000,3450000.000000,12721311.505611,15954266.502698,8255293.322218,36930871.330528,0.021457,0.337580,0.425894,0.236526,0.344463,0.432004,0.223534,10000.000000,0.000000,10.000000
2011-11,10000.000000,3460000.000000,13334608.175382,16668387.882133,8886356.545645,38889352.603160,0.052746,0.337580,0.425894,0.236526,0.342886,0.428611,0.228504,10000.000000,0.000000,10.000000
2011-12,10000.000000,3470000.000000,13997227.926513,17303992.401485,8671974.147983,39973194.475982,0.027606,0.337580,0.425894,0.236526,0.350165,0.432890,0.216945,10000.000000,0.000000,10.000000
2012-01,10000.000000,3480000.000000,14280008.951086,16890730.250576,8525259.256890,39695998.458553,-0.007183,0.337580,0.425894,0.236526,0.359734,0.425502,0.214764,10000.000000,0.000000,10.000000
2012-02,10000.000000,3490000.000000,14345217.681892,16314616.607612,8681760.083100,39341594.372604,-0.009178,0.365530,0.390377,0.244093,0.364632,0.414691,0.220676,10000.000000,0.000000,10.000000
2012-03,10000.000000,3500000.000000,15114132.312636,16437552.202835,8548359.219250,40100043.734721,0.019020,0.365530,0.390377,0.244093,0.376911,0.409914,0.213176,10000.000000,0.000000,10.000000
2012-04,10000.000000,3510000.000000,15506285.013629,17081829.637721,8642266.898490,41230381.549840,0.027932,0.365530,0.390377,0.244093,0.376089,0.414302,0.209609,10000.000000,0.000000,10.000000
2012-05,10000.000000,3520000.000000,15794880.593901,18391388.444509,8763496.326736,42949765.365146,0.041449,0.365530,0.390377,0.244093,0.367752,0.428207,0.204041,10000.000000,0.000000,10.000000
2012-06,10000.000000,3530000.000000,16075797.490388,19276225.104806,9090491.424373,44442514.019568,0.034515,0.365530,0.390377,0.244093,0.361721,0.433734,0.204545,10000.000000,0.000000,10.000000
2012-07,10000.000000,3540000.000000,16393209.805613,19281242.416715,8987211.188218,44661663.410546,0.004705,0.365530,0.390377,0.244093,0.367053,0.431718,0.201229,10000.000000,0.000000,10.000000
2012-08,10000.000000,3550000.000000,16969567.001695,19066249.210683,9211812.406806,45247628.619184,0.012893,0.365530,0.390377,0.244093,0.375038,0.421376,0.203587,10000.000000,0.000000,10.000000
2012-09,10000.000000,3560000.000000,17122002.535797,18631677.036757,9668997.440800,45422677.013353,0.003647,0.365530,0.390377,0.244093,0.376948,0.410184,0.212867,10000.000000,0.000000,10.000000
2012-10,10000.000000,3570000.000000,16691728.588384,18179563.840390,9467136.427964,44338428.856738,-0.024085,0.365530,0.390377,0.244093,0.376462,0.410018,0.213520,10000.000000,0.000000,10.000000
2012-11,10000.000000,3580000.000000,16732745.072205,18954735.804903,9637947.328522,45325428.205631,0.022030,0.365530,0.390377,0.244093,0.369169,0.418192,0.212639,10000.000000,0.000000,10.000000
2012-12,10000.000000,3590000.000000,17053858.082559,18812964.826501,9416948.790039,45283771.699099,-0.001139,0.365530,0.390377,0.244093,0.376600,0.415446,0.207954,10000.000000,0.000000,10.000000
2013-01,10000.000000,3600000.000000,17645827.708458,18376748.504555,9282665.309713,45305241.522726,0.000253,0.365530,0.390377,0.244093,0.389488,0.405621,0.204892,10000.000000,0.000000,10.000000
2013-02,10000.000000,3610000.000000,17917600.775653,18148656.156255,8977557.785724,45043814.717632,-0.005990,0.390917,0.357120,0.251963,0.397782,0.402911,0.199307,10000.000000,0.000000,10.000000
2013-03,10000.000000,3620000.000000,18296652.483211,16327852.799230,11233611.388460,45858116.670901,0.017852,0.390917,0.357120,0.251963,0.398984,0.356052,0.244965,2374329.286960,2364329.286960,4738.658574
2013-04,10000.000000,3630000.000000,18528774.231391,16621520.893776,10482038.332113,45632333.457281,-0.005140,0.390917,0.357120,0.251963,0.406045,0.364249,0.229706,10000.000000,0.000000,10.000000
2013-05,10000.000000,3640000.000000,19612058.240395,16591401.888484,10091552.604800,46295012.733679,0.014300,0.390917,0.357120,0.251963,0.423632,0.358384,0.217984,10000.000000,0.000000,10.000000
2013-06,10000.000000,3650000.000000,20591650.410746,17070327.102126,10187426.430842,47849403.943714,0.033353,0.390917,0.357120,0.251963,0.430343,0.356751,0.212906,10000.000000,0.000000,10.000000
2013-07,10000.000000,3660000.000000,21763410.847174,17080983.497738,9994882.053136,48839276.398048,0.020474,0.390917,0.357120,0.251963,0.445613,0.349739,0.204648,10000.000000,0.000000,10.000000
2013-08,10000.000000,3670000.000000,20119100.720983,18119590.148846,13598804.168438,51837495.038267,0.061172,0.390917,0.357120,0.251963,0.388119,0.349546,0.262335,2677390.705419,2667390.705419,5344.781411
2013-09,10000.000000,3680000.000000,20633143.301977,18299766.229518,13749459.948155,52682369.479650,0.016103,0.390917,0.357120,0.251963,0.391652,0.347360,0.260988,10000.000000,0.000000,10.000000
2013-10,10000.000000,3690000.000000,20394038.853031,18056197.441801,12992625.746771,51442862.041602,-0.023713,0.390917,0.357120,0.251963,0.396441,0.350995,0.252564,10000.000000,0.000000,10.000000
2013-11,10000.000000,3700000.000000,21494805.777715,18215254.302808,12774497.346221,52484557.426744,0.020051,0.390917,0.357120,0.251963,0.409545,0.347059,0.243395,10000.000000,0.000000,10.000000
2013-12,10000.000000,3710000.000000,21575136.354852,17777742.992297,12099903.129868,51452782.477017,-0.019845,0.390917,0.357120,0.251963,0.419319,0.345516,0.235165,10000.000000,0.000000,10.000000
2014-01,10000.000000,3720000.000000,21887798.546271,17971118.669034,12382508.525604,52241425.740909,0.015130,0.390917,0.357120,0.251963,0.418974,0.344001,0.237025,10000.000000,0.000000,10.000000
2014-02,10000.000000,3730000.000000,21879922.630971,18271317.701270,12955214.018746,53106454.350986,0.016364,0.393255,0.362092,0.244653,0.412001,0.344051,0.243948,10000.000000,0.000000,10.000000
2014-03,10000.000000,3740000.000000,22035685.371206,17948134.426741,13053807.974539,53037627.772485,-0.001484,0.393255,0.362092,0.244653,0.415473,0.338404,0.246124,10000.000000,0.000000,10.000000
2014-04,10000.000000,3750000.000000,21862329.377764,17836663.500160,12557411.584409,52256404.462334,-0.014915,0.393255,0.362092,0.244653,0.418367,0.341330,0.240304,10000.000000,0.000000,10.000000
2014-05,10000.000000,3760000.000000,21806590.476164,17799454.499610,12252560.507113,51858605.482887,-0.007802,0.393255,0.362092,0.244653,0.420501,0.343230,0.236269,10000.000000,0.000000,10.000000
2014-06,10000.000000,3770000.000000,22675319.672659,17918146.039325,12253358.310436,52846824.022420,0.018860,0.393255,0.362092,0.244653,0.429076,0.339058,0.231866,10000.000000,0.000000,10.000000
2014-07,10000.000000,3780000.000000,23152769.544444,18165653.160287,12639072.451698,53957495.156429,0.020824,0.393255,0.362092,0.244653,0.429093,0.336666,0.234241,10000.000000,0.000000,10.000000
2014-08,10000.000000,3790000.000000,23352447.898941,18640748.778615,12649398.390501,54642595.068056,0.012509,0.393255,0.362092,0.244653,0.427367,0.341140,0.231493,10000.000000,0.000000,10.000000
2014-09,10000.000000,3800000.000000,23776950.417921,18512823.809917,12091270.429467,54381044.657306,-0.004969,0.393255,0.362092,0.244653,0.437229,0.340428,0.222343,10000.000000,0.000000,10.000000
2014-10,10000.000000,3810000.000000,23326016.026899,19078396.411421,12041726.371248,54446138.809568,0.001013,0.393255,0.362092,0.244653,0.428424,0.350409,0.221168,10000.000000,0.000000,10.000000
2014-11,10000.000000,3820000.000000,24783880.246350,19166057.735773,11644649.235010,55594587.217133,0.020906,0.393255,0.362092,0.244653,0.445797,0.344747,0.209457,10000.000000,0.000000,10.000000
2014-12,10000.000000,3830000.000000,22368480.389921,20723539.484890,14134248.932308,57226268.807118,0.029165,0.393255,0.362092,0.244653,0.390878,0.362133,0.246989,2927079.913029,2917079.913029,5844.159826
2015-01,10000.000000,3840000.000000,21926312.881485,21181132.911972,14587188.708753,57694634.502210,0.008008,0.393255,0.362092,0.244653,0.380041,0.367125,0.252834,10000.000000,0.000000,10.000000
2015-02,10000.000000,3850000.000000,22505889.951890,20977245.410188,14275211.926332,57758347.288409,0.000931,0.390830,0.366380,0.242790,0.389656,0.363190,0.247154,10000.000000,0.000000,10.000000
2015-03,10000.000000,3860000.000000,22699125.667159,21071838.021732,13825189.329979,57596153.018870,-0.002981,0.390830,0.366380,0.242790,0.394108,0.365855,0.240037,10000.000000,0.000000,10.000000
2015-04,10000.000000,3870000.000000,22957481.314324,21353522.801462,14104340.022002,58415344.137787,0.014047,0.390830,0.366380,0.242790,0.393004,0.365546,0.241449,10000.000000,0.000000,10.000000
2015-05,10000.000000,3880000.000000,23579524.927484,21257856.246494,14352240.773567,59189621.947545,0.013081,0.390830,0.366380,0.242790,0.398373,0.359148,0.242479,10000.000000,0.000000,10.000000
2015-06,10000.000000,3890000.000000,23501114.085591,21028809.193015,14163834.301253,58693757.579860,-0.008545,0.390830,0.366380,0.242790,0.400402,0.358280,0.241318,10000.000000,0.000000,10.000000
2015-07,10000.000000,3900000.000000,23417450.360558,21094273.749650,13480859.060604,57992583.170812,-0.012115,0.390830,0.366380,0.242790,0.403801,0.363741,0.232458,10000.000000,0.000000,10.000000
2015-08,10000.000000,3910000.000000,23385926.206321,21920716.124747,13682942.546814,58989584.877882,0.017017,0.390830,0.366380,0.242790,0.396442,0.371603,0.231955,10000.000000,0.000000,10.000000
2015-09,10000.000000,3920000.000000,22698828.178522,22321179.493073,14005069.429117,59025077.100712,0.000432,0.390830,0.366380,0.242790,0.384562,0.378164,0.237273,10000.000000,0.000000,10.000000
2015-10,10000.000000,3930000.000000,23276074.286296,22171849.501886,14184365.928813,59632289.716995,0.010116,0.390830,0.366380,0.242790,0.390327,0.371809,0.237864,10000.000000,0.000000,10.000000
2015-11,10000.000000,3940000.000000,24355345.582534,22198328.058738,13518981.698896,60072655.340168,0.007216,0.390830,0.366380,0.242790,0.405431,0.369525,0.225044,10000.000000,0.000000,10.000000
2015-12,10000.000000,3950000.000000,24233306.898183,22415012.419454,13485985.568092,60134304.885729,0.000860,0.390830,0.366380,0.242790,0.402986,0.372749,0.224264,10000.000000,0.000000,10.000000
2016-01,10000.000000,3960000.000000,22960957.535155,23040909.928957,13943994.097149,59945861.561262,-0.003299,0.390830,0.366380,0.242790,0.383028,0.384362,0.232610,10000.000000,0.000000,10.000000
2016-02,10000.000000,3970000.000000,23147457.802696,24047104.298026,15449580.742613,62644142.843335,0.044838,0.392297,0.367094,0.240609,0.369507,0.383868,0.246625,10000.000000,0.000000,10.000000
2016-03,10000.000000,3980000.000000,24144125.606336,23373359.139521,15712161.626590,63229646.372447,0.009185,0.392297,0.367094,0.240609,0.381848,0.369658,0.248494,10000.000000,0.000000,10.000000
2016-04,10000.000000,3990000.000000,24663838.248085,23413887.179198,15564399.483530,63642124.910813,0.006364,0.392297,0.367094,0.240609,0.387540,0.367899,0.244561,10000.000000,0.000000,10.000000
2016-05,10000.000000,4000000.000000,24771907.188373,23614278.246890,15913746.933805,64299932.369068,0.010177,0.392297,0.367094,0.240609,0.385256,0.367252,0.247492,10000.000000,0.000000,10.000000
2016-06,10000.000000,4010000.000000,25186989.813687,24150922.424794,16193562.193590,65531474.432071,0.018995,0.392297,0.367094,0.240609,0.384350,0.368539,0.247111,10000.000000,0.000000,10.000000
2016-07,10000.000000,4020000.000000,25986245.019110,24455250.504735,16940586.445786,67382081.969631,0.028083,0.392297,0.367094,0.240609,0.385655,0.362934,0.251411,10000.000000,0.000000,10.000000
2016-08,10000.000000,4030000.000000,26204414.159548,24263035.980880,16914254.198880,67381704.339308,-0.000154,0.392297,0.367094,0.240609,0.388895,0.360083,0.251021,10000.000000,0.000000,10.000000
2016-09,10000.000000,4040000.000000,26018748.353911,24077850.095268,16702664.379817,66799262.828996,-0.008791,0.392297,0.367094,0.240609,0.389507,0.360451,0.250043,10000.000000,0.000000,10.000000
2016-10,10000.000000,4050000.000000,25900813.865939,23843706.213850,15954076.300732,65698596.380521,-0.016624,0.392297,0.367094,0.240609,0.394237,0.362926,0.242837,10000.000000,0.000000,10.000000
2016-11,10000.000000,4060000.000000,26564598.989003,23393215.442580,15798652.794956,65756467.226539,0.000729,0.392297,0.367094,0.240609,0.403985,0.355755,0.240260,10000.000000,0.000000,10.000000
2016-12,10000.000000,4070000.000000,27680468.919108,22784461.933597,14801451.522954,65266382.375659,-0.007604,0.392297,0.367094,0.240609,0.424115,0.349100,0.226785,10000.000000,0.000000,10.000000
2017-01,10000.000000,4080000.000000,28178704.738680,23039264.962944,15308163.614049,66526133.315672,0.019146,0.392297,0.367094,0.240609,0.423573,0.346319,0.230108,10000.000000,0.000000,10.000000
2017-02,10000.000000,4090000.000000,28448162.990379,22742907.242119,15605620.804907,66796691.037404,0.003916,0.395943,0.351166,0.252891,0.425892,0.340480,0.233629,10000.000000,0.000000,10.000000
2017-03,10000.000000,4100000.000000,28439377.354461,22276349.482057,15301616.616959,66017343.453477,-0.011815,0.395943,0.351166,0.252891,0.430786,0.337432,0.231782,10000.000000,0.000000,10.000000
2017-04,10000.000000,4110000.000000,27849723.031024,22244156.163513,15452465.902516,65546345.097053,-0.007285,0.395943,0.351166,0.252891,0.424886,0.339365,0.235749,10000.000000,0.000000,10.000000
2017-05,10000.000000,4120000.000000,28269915.061310,22250638.637608,15174721.586732,65695275.285650,0.002119,0.395943,0.351166,0.252891,0.430319,0.338695,0.230986,10000.000000,0.000000,10.000000
2017-06,10000.000000,4130000.000000,28784923.794706,22524096.558940,15358498.868428,66667519.222073,0.014645,0.395943,0.351166,0.252891,0.431768,0.337857,0.230375,10000.000000,0.000000,10.000000
2017-07,10000.000000,4140000.000000,29058365.850137,22302443.896451,15078644.014244,66439453.760831,-0.003570,0.395943,0.351166,0.252891,0.437366,0.335681,0.226953,10000.000000,0.000000,10.000000
2017-08,10000.000000,4150000.000000,28924317.289725,22407117.172818,15535186.807221,66866621.269764,0.006278,0.395943,0.351166,0.252891,0.432567,0.335102,0.232331,10000.000000,0.000000,10.000000
2017-09,10000.000000,4160000.000000,29636557.684595,22651534.672042,16042989.986900,68331082.343538,0.021748,0.395943,0.351166,0.252891,0.433720,0.331497,0.234783,10000.000000,0.000000,10.000000
2017-10,10000.000000,4170000.000000,30710642.203566,22573169.225836,15767875.393836,69051686.823238,0.010398,0.395943,0.351166,0.252891,0.444749,0.326903,0.228349,10000.000000,0.000000,10.000000
2017-11,10000.000000,4180000.000000,31106602.600683,22575496.662807,15750858.718066,69432957.981556,0.005376,0.395943,0.351166,0.252891,0.448009,0.325141,0.226850,10000.000000,0.000000,10.000000
2017-12,10000.000000,4190000.000000,28024044.036147,24099518.028150,17153169.802124,69276731.866420,-0.002394,0.395943,0.351166,0.252891,0.404523,0.347873,0.247604,3621150.637609,3611150.637609,7232.301275
2018-01,10000.000000,4200000.000000,29112410.193130,23552321.894098,17900307.410481,70565039.497709,0.018450,0.395943,0.351166,0.252891,0.412561,0.333768,0.253671,10000.000000,0.000000,10.000000
2018-02,10000.000000,4210000.000000,28620640.469294,23331005.389234,18121031.027491,70072676.886019,-0.007118,0.394220,0.352810,0.252970,0.408442,0.332954,0.258603,10000.000000,0.000000,10.000000
2018-03,10000.000000,4220000.000000,28912708.548737,23660622.070429,18211670.732143,70785001.351309,0.010021,0.394220,0.352810,0.252970,0.408458,0.334260,0.257281,10000.000000,0.000000,10.000000
2018-04,10000.000000,4230000.000000,28705843.894607,23893999.539342,18526102.080536,71125945.514485,0.004675,0.394220,0.352810,0.252970,0.403592,0.335939,0.260469,10000.000000,0.000000,10.000000
2018-05,10000.000000,4240000.000000,30087693.921913,24400846.715595,18587845.483679,73076386.121187,0.027278,0.394220,0.352810,0.252970,0.411729,0.333909,0.254362,10000.000000,0.000000,10.000000
2018-06,10000.000000,4250000.000000,30850860.145691,24719844.374839,18364120.406291,73934824.926822,0.011609,0.394220,0.352810,0.252970,0.417271,0.334346,0.248383,10000.000000,0.000000,10.000000
2018-07,10000.000000,4260000.000000,31753062.416247,25158630.066526,17970367.383033,74882059.865806,0.012675,0.394220,0.352810,0.252970,0.424041,0.335977,0.239982,10000.000000,0.000000,10.000000
2018-08,10000.000000,4270000.000000,32978832.912288,25571922.814441,17692137.216211,76242892.942939,0.018037,0.394220,0.352810,0.252970,0.432550,0.335401,0.232050,10000.000000,0.000000,10.000000
2018-09,10000.000000,4280000.000000,34807129.663247,26363484.358632,18309016.361326,79479630.383205,0.042316,0.394220,0.352810,0.252970,0.437938,0.331701,0.230361,10000.000000,0.000000,10.000000
2018-10,10000.000000,4290000.000000,34061481.477438,26562885.863002,18903774.991025,79528142.331465,0.000484,0.394220,0.352810,0.252970,0.428295,0.334006,0.237699,10000.000000,0.000000,10.000000
2018-11,10000.000000,4300000.000000,32527776.414934,26043889.016686,18530751.574138,77102417.005758,-0.030623,0.394220,0.352810,0.252970,0.421878,0.337783,0.240339,10000.000000,0.000000,10.000000
2018-12,10000.000000,4310000.000000,30330930.058914,26428646.224134,18736190.793300,75495767.076349,-0.020965,0.394220,0.352810,0.252970,0.401757,0.350068,0.248175,10000.000000,0.000000,10.000000
2019-01,10000.000000,4320000.000000,30803733.919607,26722326.856976,19338609.165233,76864669.941817,0.017997,0.394220,0.352810,0.252970,0.400753,0.347654,0.251593,10000.000000,0.000000,10.000000
2019-02,10000.000000,4330000.000000,32813120.054408,27028243.745629,19897615.816020,79738979.616058,0.037259,0.400139,0.338998,0.260864,0.411507,0.338959,0.249534,10000.000000,0.000000,10.000000
2019-03,10000.000000,4340000.000000,32660640.608971,26700274.326912,19156644.444159,78517559.380043,-0.015441,0.400139,0.338998,0.260864,0.415966,0.340055,0.243979,10000.000000,0.000000,10.000000
2019-04,10000.000000,4350000.000000,33836346.855421,26818651.384000,18923111.033443,79578109.272864,0.013378,0.400139,0.338998,0.260864,0.425197,0.337010,0.237793,10000.000000,0.000000,10.000000
2019-05,10000.000000,4360000.000000,33498488.414905,27329274.163595,19005233.192681,79832995.771181,0.003077,0.400139,0.338998,0.260864,0.419607,0.342331,0.238062,10000.000000,0.000000,10.000000
2019-06,10000.000000,4370000.000000,33776920.605328,28029272.569641,20012098.581805,81818291.756774,0.024740,0.400139,0.338998,0.260864,0.412828,0.342580,0.244592,10000.000000,0.000000,10.000000
2019-07,10000.000000,4380000.000000,34741711.875583,27839835.010509,20622994.278641,83204541.164733,0.016819,0.400139,0.338998,0.260864,0.417546,0.334595,0.247859,10000.000000,0.000000,10.000000
2019-08,10000.000000,4390000.000000,34852210.997727,30015322.218309,22681274.572005,87548807.788041,0.052085,0.400139,0.338998,0.260864,0.398089,0.342841,0.259070,10000.000000,0.000000,10.000000
2019-09,10000.000000,4400000.000000,35994517.825611,29916232.820206,22891419.666677,88802170.312494,0.014200,0.400139,0.338998,0.260864,0.405334,0.336886,0.257780,10000.000000,0.000000,10.000000
2019-10,10000.000000,4410000.000000,35845389.582004,29808571.904604,22558802.768893,88212764.255502,-0.006749,0.400139,0.338998,0.260864,0.406352,0.337917,0.255732,10000.000000,0.000000,10.000000
2019-11,10000.000000,4420000.000000,37690660.441826,29785643.423577,22356587.747439,89832891.612841,0.018251,0.400139,0.338998,0.260864,0.419564,0.331567,0.248869,10000.000000,0.000000,10.000000
2019-12,10000.000000,4430000.000000,38439040.786365,29559883.353220,22378232.117588,90377156.257173,0.005947,0.400139,0.338998,0.260864,0.425318,0.327073,0.247609,10000.000000,0.000000,10.000000
2020-01,10000.000000,4440000.000000,39793637.022079,29929742.435889,23665100.531214,93388479.989182,0.033205,0.400139,0.338998,0.260864,0.426109,0.320486,0.253405,10000.000000,0.000000,10.000000
2020-02,10000.000000,4450000.000000,39982231.500431,30806330.012448,24295951.530557,95084513.043437,0.018052,0.409505,0.346792,0.243703,0.420492,0.323989,0.255520,10000.000000,0.000000,10.000000
2020-03,10000.000000,4460000.000000,33786637.329295,34075377.054503,25242013.063104,93104027.446902,-0.020932,0.409505,0.346792,0.243703,0.362891,0.365993,0.271116,10000.000000,0.000000,10.000000
2020-04,10000.000000,4470000.000000,36022328.586241,35541808.111285,27264750.328337,98828887.025864,0.061375,0.409505,0.346792,0.243703,0.364492,0.359630,0.275878,10000.000000,0.000000,10.000000
2020-05,10000.000000,4480000.000000,37897862.892481,35289100.508157,27612958.748126,100799922.148764,0.019841,0.409505,0.346792,0.243703,0.375971,0.350091,0.273938,10000.000000,0.000000,10.000000
2020-06,10000.000000,4490000.000000,40401795.197897,35129899.421614,27888911.883612,103420606.503123,0.025897,0.409505,0.346792,0.243703,0.390655,0.339680,0.269665,10000.000000,0.000000,10.000000
2020-07,10000.000000,4500000.000000,41383539.190910,35159564.823945,29434597.595552,105977701.610407,0.024626,0.409505,0.346792,0.243703,0.390493,0.331764,0.277743,10000.000000,0.000000,10.000000
2020-08,10000.000000,4510000.000000,43616116.826267,34911084.336848,31226863.470375,109754064.633491,0.035536,0.409505,0.346792,0.243703,0.397399,0.318085,0.284517,10000.000000,0.000000,10.000000
2020-09,10000.000000,4520000.000000,42739635.767554,34349729.077073,30055356.532660,107144721.377287,-0.023863,0.409505,0.346792,0.243703,0.398896,0.320592,0.280512,10000.000000,0.000000,10.000000
2020-10,10000.000000,4530000.000000,43504797.427338,34035719.220899,29728098.413167,107268615.061404,0.001063,0.409505,0.346792,0.243703,0.405569,0.317294,0.277137,10000.000000,0.000000,10.000000
2020-11,10000.000000,4540000.000000,45635885.408837,34114932.451775,29460557.942606,109211375.803217,0.018016,0.409505,0.346792,0.243703,0.417868,0.312375,0.269757,10000.000000,0.000000,10.000000
2020-12,10000.000000,4550000.000000,47187988.583594,33676368.051362,29092561.682078,109956918.317034,0.006734,0.409505,0.346792,0.243703,0.429150,0.306269,0.264581,10000.000000,0.000000,10.000000
2021-01,10000.000000,4560000.000000,48171721.638629,33008735.459762,29031402.404451,110211859.502842,0.002227,0.409505,0.346792,0.243703,0.437083,0.299503,0.263415,10000.000000,0.000000,10.000000
2021-02,10000.000000,4570000.000000,42367399.097823,41156094.276144,25747908.006664,109271401.380630,-0.008623,0.376673,0.381052,0.242275,0.387726,0.376641,0.235633,8991564.925325,8981564.925325,17973.129851
2021-03,10000.000000,4580000.000000,42723772.802554,39895632.848837,24476713.181253,107096118.832645,-0.019997,0.376673,0.381052,0.242275,0.398929,0.372522,0.228549,10000.000000,0.000000,10.000000
2021-04,10000.000000,4590000.000000,46353212.787629,40773482.157153,25666595.671816,112793290.616598,0.053098,0.376673,0.381052,0.242275,0.410957,0.361489,0.227554,10000.000000,0.000000,10.000000
2021-05,10000.000000,4600000.000000,45883222.834393,40189036.911169,26508483.528054,112580743.273616,-0.001973,0.376673,0.381052,0.242275,0.407558,0.356980,0.235462,10000.000000,0.000000,10.000000
2021-06,10000.000000,4610000.000000,46951085.062788,40826067.595157,26429252.891523,114206405.549469,0.014350,0.376673,0.381052,0.242275,0.411107,0.357476,0.231417,10000.000000,0.000000,10.000000
2021-07,10000.000000,4620000.000000,49023542.982251,42185145.245318,26383562.724439,117592250.952008,0.029557,0.376673,0.381052,0.242275,0.416894,0.358741,0.224365,10000.000000,0.000000,10.000000
2021-08,10000.000000,4630000.000000,49810164.634642,42152935.642463,25904305.795254,117867406.072358,0.002255,0.376673,0.381052,0.242275,0.422595,0.357630,0.219775,10000.000000,0.000000,10.000000
2021-09,10000.000000,4640000.000000,49445888.743948,41581363.192909,25597264.278830,116624516.215687,-0.010629,0.376673,0.381052,0.242275,0.423975,0.356540,0.219484,10000.000000,0.000000,10.000000
2021-10,10000.000000,4650000.000000,50535765.251763,41547549.021092,26077962.321382,118161276.594237,0.013090,0.376673,0.381052,0.242275,0.427685,0.351617,0.220698,10000.000000,0.000000,10.000000
2021-11,10000.000000,4660000.000000,46343468.113207,44899501.675599,29178384.644345,120421354.433151,0.019041,0.376673,0.381052,0.242275,0.384844,0.372853,0.242302,6033858.165901,6023858.165901,12057.716332
2021-12,10000.000000,4670000.000000,47039080.127137,45898316.619618,29019176.798175,121956573.544929,0.012665,0.376673,0.381052,0.242275,0.385704,0.376350,0.237947,10000.000000,0.000000,10.000000
2022-01,10000.000000,4680000.000000,45470516.407403,44167234.648740,29059947.525733,118697698.581877,-0.026801,0.376673,0.381052,0.242275,0.383078,0.372098,0.244823,10000.000000,0.000000,10.000000
2022-02,10000.000000,4690000.000000,44484169.401059,43895790.332237,29924796.640154,118304756.373451,-0.003394,0.353013,0.400897,0.246090,0.376013,0.371040,0.252947,10000.000000,0.000000,10.000000
2022-03,10000.000000,4700000.000000,44804608.218124,43898137.794219,31919290.615830,120622036.628173,0.019501,0.353013,0.400897,0.246090,0.371446,0.363931,0.264622,10000.000000,0.000000,10.000000
2022-04,10000.000000,4710000.000000,44847188.144227,41627599.234324,31731672.140611,118206459.519162,-0.020107,0.353013,0.400897,0.246090,0.379397,0.352160,0.268443,10000.000000,0.000000,10.000000
2022-05,10000.000000,4720000.000000,41924746.284570,41804613.685223,30735994.718791,114465354.688584,-0.031731,0.353013,0.400897,0.246090,0.366266,0.365216,0.268518,10000.000000,0.000000,10.000000
2022-06,10000.000000,4730000.000000,40929715.035248,41489471.332984,30851270.445568,113270456.813800,-0.010525,0.353013,0.400897,0.246090,0.361345,0.366287,0.272368,10000.000000,0.000000,10.000000
2022-07,10000.000000,4740000.000000,41910551.845231,43277521.906736,29664271.675284,114852345.427251,0.013876,0.353013,0.400897,0.246090,0.364908,0.376810,0.258282,10000.000000,0.000000,10.000000
2022-08,10000.000000,4750000.000000,44565042.035958,43345788.764884,30179757.555708,118090588.356550,0.028105,0.353013,0.400897,0.246090,0.377380,0.367055,0.255564,10000.000000,0.000000,10.000000
2022-09,10000.000000,4760000.000000,41710254.052477,41614307.637680,29013604.136510,112338165.826667,-0.048792,0.353013,0.400897,0.246090,0.371292,0.370438,0.258270,10000.000000,0.000000,10.000000
2022-10,10000.000000,4770000.000000,41447228.838065,41210597.478495,29449411.671485,112107237.988045,-0.002144,0.353013,0.400897,0.246090,0.369711,0.367600,0.262690,10000.000000,0.000000,10.000000
2022-11,10000.000000,4780000.000000,43313747.458607,41350826.558197,30302312.227792,114966886.244595,0.025417,0.353013,0.400897,0.246090,0.376750,0.359676,0.263574,10000.000000,0.000000,10.000000
2022-12,10000.000000,4790000.000000,43739156.555301,42830407.330163,31891425.736101,118460989.621566,0.030303,0.353013,0.400897,0.246090,0.369228,0.361557,0.269215,10000.000000,0.000000,10.000000
2023-01,10000.000000,4800000.000000,43947220.888283,42905242.665075,33366016.430500,120218479.983858,0.014750,0.353013,0.400897,0.246090,0.365561,0.356894,0.277545,10000.000000,0.000000,10.000000
2023-02,10000.000000,4810000.000000,41304357.638758,50930521.065607,29043680.216299,121278558.920665,0.008734,0.329651,0.425714,0.244635,0.340574,0.419947,0.239479,8277690.945144,8267690.945144,16545.381890
2023-03,10000.000000,4820000.000000,40074246.955523,51265838.519469,29835873.960351,121175959.435344,-0.000928,0.329651,0.425714,0.244635,0.330711,0.423069,0.246219,10000.000000,0.000000,10.000000
2023-04,10000.000000,4830000.000000,41524734.103488,52097497.741752,31079764.485814,124701996.331054,0.029014,0.329651,0.425714,0.244635,0.332992,0.417776,0.249232,10000.000000,0.000000,10.000000
2023-05,10000.000000,4840000.000000,41999057.807532,51990545.589271,31079765.412464,125069368.809268,0.002866,0.329651,0.425714,0.244635,0.335806,0.415694,0.248500,10000.000000,0.000000,10.000000
2023-06,10000.000000,4850000.000000,44035898.553029,51340745.562045,30288544.579370,125665188.694444,0.004684,0.329651,0.425714,0.244635,0.350422,0.408552,0.241026,10000.000000,0.000000,10.000000
2023-07,10000.000000,4860000.000000,45704526.082949,50838508.713503,30389588.118060,126932622.914511,0.010005,0.329651,0.425714,0.244635,0.360069,0.400516,0.239415,10000.000000,0.000000,10.000000
2023-08,10000.000000,4870000.000000,45611710.765780,50304590.231008,30131409.666262,126047710.663050,-0.007050,0.329651,0.425714,0.244635,0.361861,0.399092,0.239048,10000.000000,0.000000,10.000000
2023-09,10000.000000,4880000.000000,46413566.432518,49799701.579375,30179697.552899,126392965.564792,0.002660,0.329651,0.425714,0.244635,0.367216,0.394007,0.238777,10000.000000,0.000000,10.000000
2023-10,10000.000000,4890000.000000,44019841.278218,48439688.525258,30234375.448731,122693905.252207,-0.029343,0.329651,0.425714,0.244635,0.358778,0.394801,0.246421,10000.000000,0.000000,10.000000
2023-11,10000.000000,4900000.000000,46071204.826364,49825748.642128,31326144.961167,127223098.429658,0.036830,0.329651,0.425714,0.244635,0.362129,0.391641,0.246230,10000.000000,0.000000,10.000000
2023-12,10000.000000,4910000.000000,48449010.534910,51955701.988178,31984686.618643,132389399.141730,0.040526,0.329651,0.425714,0.244635,0.365958,0.392446,0.241596,10000.000000,0.000000,10.000000
2024-01,10000.000000,4920000.000000,49663088.600938,51881934.552290,32057016.160630,133602039.313859,0.009083,0.329651,0.425714,0.244635,0.371724,0.388332,0.239944,10000.000000,0.000000,10.000000
2024-02,10000.000000,4930000.000000,44755525.683286,54751641.199421,35065725.893745,134572892.776453,0.007191,0.321359,0.414223,0.264418,0.332575,0.406855,0.260570,6735607.777506,6725607.777506,13461.215555
2024-03,10000.000000,4940000.000000,46271473.355096,54998608.444204,37442288.405130,138712370.204430,0.030684,0.321359,0.414223,0.264418,0.333579,0.396494,0.269928,10000.000000,0.000000,10.000000
2024-04,10000.000000,4950000.000000,46019835.123147,54008099.179193,40626791.045326,140654725.347665,0.013930,0.321359,0.414223,0.264418,0.327183,0.383976,0.288841,10000.000000,0.000000,10.000000
2024-05,10000.000000,4960000.000000,47179934.747935,54473485.708670,40970698.794090,142624119.250695,0.013930,0.321359,0.414223,0.264418,0.330799,0.381937,0.287263,10000.000000,0.000000,10.000000
2024-06,10000.000000,4970000.000000,48906050.750254,55476261.371457,40570362.647960,144952674.769672,0.016255,0.321359,0.414223,0.264418,0.337393,0.382720,0.279887,10000.000000,0.000000,10.000000
2024-07,10000.000000,4980000.000000,50157788.856069,56039487.158712,41891091.400853,148088367.415634,0.021562,0.321359,0.414223,0.264418,0.338702,0.378419,0.282879,10000.000000,0.000000,10.000000
2024-08,10000.000000,4990000.000000,49858289.319620,58193636.182762,43301664.576560,151353590.078942,0.021980,0.321359,0.414223,0.264418,0.329416,0.384488,0.286096,10000.000000,0.000000,10.000000
2024-09,10000.000000,5000000.000000,51168202.304191,59043278.519612,45021521.012965,155233001.836769,0.025564,0.321359,0.414223,0.264418,0.329622,0.380353,0.290025,10000.000000,0.000000,10.000000
2024-10,10000.000000,5010000.000000,52927547.942330,57569523.984892,47225667.189783,157722739.117005,0.015973,0.321359,0.414223,0.264418,0.335573,0.365005,0.299422,10000.000000,0.000000,10.000000
2024-11,10000.000000,5020000.000000,54466192.237810,56801973.401390,46722478.994056,157990644.633256,0.001635,0.321359,0.414223,0.264418,0.344743,0.359527,0.295729,10000.000000,0.000000,10.000000
2024-12,10000.000000,5030000.000000,51918349.099367,66015737.145438,42041026.854351,159975113.099156,0.012497,0.321359,0.414223,0.264418,0.324540,0.412663,0.262797,8645496.105902,8635496.105902,17280.992212
2025-01,10000.000000,5040000.000000,52504799.394250,66005637.640587,43687202.138131,162197639.172968,0.013830,0.321359,0.414223,0.264418,0.323709,0.406946,0.269345,10000.000000,0.000000,10.000000
2025-02,10000.000000,5050000.000000,53584990.979954,67836925.022065,47101524.898407,168523440.900426,0.038937,0.320635,0.417376,0.261989,0.317968,0.402537,0.279495,10000.000000,0.000000,10.000000
2025-03,10000.000000,5060000.000000,50194867.929086,68591176.816234,48230975.625339,167017020.370660,-0.008998,0.320635,0.417376,0.261989,0.300537,0.410684,0.288779,10000.000000,0.000000,10.000000
2025-04,10000.000000,5070000.000000,46972461.050644,68086782.576633,51462551.125433,166521794.752710,-0.003025,0.320635,0.417376,0.261989,0.282080,0.408876,0.309044,10000.000000,0.000000,10.000000
2025-05,10000.000000,5080000.000000,50708120.008420,67311698.466212,52713396.213097,170733214.687729,0.025229,0.320635,0.417376,0.261989,0.297002,0.394251,0.308747,10000.000000,0.000000,10.000000
2025-06,10000.000000,5090000.000000,53081112.045128,68280461.786753,53809265.560981,175170839.392862,0.025931,0.320635,0.417376,0.261989,0.303025,0.389794,0.307182,10000.000000,0.000000,10.000000
2025-07,10000.000000,5100000.000000,55692135.977633,68716544.255669,53784701.789569,178193382.022871,0.017197,0.320635,0.417376,0.261989,0.312538,0.385629,0.301833,10000.000000,0.000000,10.000000
2025-08,10000.000000,5110000.000000,57683150.401198,70823168.730466,55115541.441488,183621860.573152,0.030406,0.320635,0.417376,0.261989,0.314141,0.385701,0.300158,10000.000000,0.000000,10.000000
2025-09,10000.000000,5120000.000000,59846092.768432,72500740.141780,60540272.634463,192887105.544676,0.050401,0.320635,0.417376,0.261989,0.310265,0.375871,0.313864,10000.000000,0.000000,10.000000
2025-10,10000.000000,5130000.000000,63383424.767188,81213678.323095,55939142.347081,200536245.437364,0.039602,0.320635,0.417376,0.261989,0.316070,0.404983,0.278948,10013400.894449,10003400.894449,20016.801789
2025-11,10000.000000,5140000.000000,63860214.115649,81736041.697522,56637319.314911,202233575.128082,0.008414,0.320635,0.417376,0.261989,0.315775,0.404167,0.280059,10000.000000,0.000000,10.000000
2025-12,10000.000000,5150000.000000,65880653.656413,82787040.439313,60513996.404718,209181690.500444,0.034306,0.320635,0.417376,0.261989,0.314945,0.395766,0.289289,10000.000000,0.000000,10.000000
2026-01,10000.000000,5160000.000000,67343728.239173,83410682.923477,67392504.177882,218146915.340532,0.042809,0.320635,0.417376,0.261989,0.308708,0.382360,0.308932,10000.000000,0.000000,10.000000
2026-02,10000.000000,5170000.000000,68572532.480586,95008123.391074,57933970.531106,221514626.402766,0.015391,0.316100,0.432001,0.251899,0.309562,0.428902,0.261536,12448893.645576,12438893.645575,24887.787291
2026-03,10000.000000,5180000.000000,67802082.530747,96579920.141173,57321142.982593,221703145.654513,0.000806,0.316100,0.432001,0.251899,0.305824,0.435627,0.258549,10000.000000,0.000000,10.000000
2026-04,10000.000000,5190000.000000,71491497.804762,97069048.631788,56125216.198850,224685762.635400,0.013407,0.316100,0.432001,0.251899,0.318184,0.432021,0.249794,10000.000000,0.000000,10.000000
2026-05,10000.000000,5200000.000000,77941868.344046,98298290.773384,55739719.788672,231979878.906102,0.032418,0.316100,0.432001,0.251899,0.335985,0.423736,0.240278,10000.000000,0.000000,10.000000
2026-06,10000.000000,5210000.000000,77967786.889793,98154702.105159,51074194.103230,227196683.098182,-0.020661,0.316100,0.432001,0.251899,0.343173,0.432025,0.224802,10000.000000,0.000000,10.000000
2026-07,10000.000000,5220000.000000,79138996.789054,98434787.122962,49676437.705306,227250221.617322,0.000192,0.316100,0.432001,0.251899,0.348246,0.433156,0.218598,10000.000000,0.000000,10.000000
